Property,repo_path,severity,tag,subtag,description
1,2cceea6fb3e4,High,"ERC721, Input Validation",Not EIP Compliant,"The function implements an incorrect input validation requiring the index to be greater than 0, making the token at index 0 inaccessible. This violates the ERC721 specification which expects zero-based indexing."
2,2cceea6fb3e4,High,"Input Validation, Replay Attack",Invalid Validation,"The contract uses raw ecrecover without enforcing canonical (s/v) constraints, so the same message can have multiple valid-equivalent signatures due to signature malleability. While current logic tracks/cancels accepted offers to mitigate replays, the verification layer still relies on application flow, making replay risk possible if the logic changes."
3,2cceea6fb3e4,High,"ERC721, Input Validation","Asset Theft, Invalid Validation","The verify function fails to check if the address recovered by ecrecover is the zero address, allowing invalid signatures (which return address(0)) to pass verification. This enables attackers to transfer ERC721 tokens owned by the zero address, such as unminted tokens."
4,2cceea6fb3e4,High,Input Validation,Invalid Validation,"verify does not handle the case where ecrecover returns address(0) for invalid signatures, so setting signer/maker to address(0) can make arbitrary signatures pass and bypass authorization. In addition, idToOwner defaults unminted tokenIds to address(0), letting attackers target non-minted NFTs within the trade/transfer flow."
5,2cceea6fb3e4,High,Logic Error,Bad Condition,"
 The function uses an incorrect comparison operator (<) when validating the index upper bound, making the last token index equal to TOKEN_LIMIT inaccessible, resulting in an Off-by-one error.
"
6,2cceea6fb3e4,High,Logic Error,Invalid Validation,"The getPrice function incorrectly returns 0 instead of reverting after the sale ends, allowing attackers to exploit this logic error to mint the remaining NFTs for free."
7,2cceea6fb3e4,Medium,DoS,Out of Gas,"The withdraw function utilizes transfer which enforces a fixed gas stipend (2300 gas), potentially causing the transaction to fail with Out of Gas due to complex receiver logic or EVM gas model changes (e.g., EIP-2929)."
8,2cceea6fb3e4,Medium,Bad Randomness,Bad Condition,"
 The contract derives “randomness” from keccak256(nonce, msg.sender, block.difficulty, block.timestamp), where block.* values are predictable/manipulable and some inputs are user-controlled, enabling miner influence and attacker grinding to bias selection toward specific tokenIds.
"
9,2cceea6fb3e4,Medium,DoS,Out of Gas,"instead of call() , transfer() is used to withdraw the ether"
10,b30036fd8ad6,High,"DoS, Logic Error","Stale Value, State Update Inconsistency","The transferERC721 function fails to clear the corresponding timelockERC721s mapping entry when an NFT is transferred out. This results in the system referencing stale data upon re-deposit, incorrectly enforcing previous timelock conditions and permanently locking the asset."
11,b30036fd8ad6,High,Access Control,Cannot Revoke,"The contract treats nftApprovals as a one-way switch: approveTransferERC721() has no revocation path, and transferERC721() does not clear nftApprovals after a successful transfer.As a result, a stale delegate approval persists across future deposits, enabling a previously approved/compromised delegate to transfer the NFT out again (asset theft)."
12,b30036fd8ad6,High,Access Control,Asset Theft,"The transferERC721 function fails to reset NFT approvals upon transfer, resulting in stale value persistence. This allows a previous delegate to exploit the lingering approval to steal the asset if it is re-deposited."
13,b30036fd8ad6,High,DoS,Out of Gas,"The _removeNft function relies on an unbounded loop over the nfts array, which can be inflated via the permissionless onERC721Received callback. This allows attackers to cause a DoS where legitimate withdrawals fail due to Out of Gas."
14,b30036fd8ad6,Medium,ERC20,Missing Return Check,"timeLockERC20() calls transferFrom() without checking its return value (instead of using a safeTransferFrom-style wrapper), so a failed transfer can be treated as successful.This updates accounting state like timelockERC20Balances without the vault actually receiving tokens, causing later unlock/transfer failures and misleading recipients."
15,b30036fd8ad6,Medium,Logic Error,"Stale Value, State Update Inconsistency","The transferERC721 function fails to delete the corresponding timelockERC721s mapping entry after transferring an NFT. This results in stale value persistence, causing state inconsistency if the NFT is re-deposited into the contract."
16,b30036fd8ad6,Medium,DoS,Out of Gas,"The timelockERC721Keys array can grow indefinitely, causing the contract to consume excessive gas when iterating through it, potentially leading to a DoS due to exceeding the block gas limit."
17,37dd0c2e7de6,High,Arithmetic,Token Decimal,Incorrect decimal scaling leads to token inflation.
18,37dd0c2e7de6,High,Accounting Error,Bad Condition,"Returning early when totalSupply is 0 results in lastUpdated not being updated, which disrupts the reward accumulation baseline and allows the first token holder to claim all historical rewards."
19,37dd0c2e7de6,High,Arithmetic,Token Decimal,"The contract does not maintain consistency between reward token types and users’ reward bindings. If the previous period’s reward token and the current period’s reward token have different decimals, users can claim more tokens than intended (e.g., DAI → USDC)."
20,37dd0c2e7de6,High,Arithmetic,Precision Loss,"reward and timeDelta are too small while totalSupply is too large, causing the multiplication/division result to round to zero."
21,37dd0c2e7de6,High,Oracle,Hardcoded Parameter,CTokenMultiOracle defaults Compound’s exchange rate to 1e18. This results in incorrect price calculations.
22,37dd0c2e7de6,Medium,ERC20,Missing Return Check,"The contract does not properly check the return value of ERC20 token transfer functions, this can result in failed token transfers being incorrectly treated as successful, and cause transaction reverts for tokens like USDT that do not return a boolean success value."
23,37dd0c2e7de6,Medium,DoS,Duplicate Value,"txHash is calculated using only targets and data, ignoring eta. The same transaction data cannot be scheduled a second time."
24,37dd0c2e7de6,Medium,Logic Error,Price Manipulation / Arbitrage opportunity,Users can choose to claim old rewards before a token update or wait for the new token.
25,37dd0c2e7de6,Medium,ERC20,Missing Return Check, Use safeTransfer instead of transfer
26,d5aa11e316e7,High,Accounting Error,Incorrect Parameter,"When updating the vault assets, the entire strategy balance was mistakenly used as the decrement instead of just the portion exceeding the limit, leading to incorrect asset records and distorting the share allocation."
27,d5aa11e316e7,High,Accounting Error,Incorrect Parameter,"The formula for updating the vault balance is incorrect, mistakenly using the entire strategy balance as the decrement, resulting in a severe underestimation of the balance and triggering assertion failures that lock funds within the strategy."
28,d5aa11e316e7,High,Input Validation,"Duplicate Value, Invalid Validation"," Lack of checks for duplicate token additions, allowing the same token to be added multiple times to the same or different vaults."
29,d5aa11e316e7,High,MEV,Price Manipulation / Arbitrage opportunity,"When withdrawing from the Vault, if liquidity is insufficient, funds are pulled from the Controller. The Controller does not verify successful withdrawals, so if all strategies combined cannot cover the withdrawal, the function continues without reverting."
30,d5aa11e316e7,High,Flashloan,"Peg / Depeg, Price Manipulation / Arbitrage opportunity"," The contract treats all tokens as equal in value and mints shares purely based on token quantity.
"
31,d5aa11e316e7,Medium,"Accounting Error, ERC20",State Update Inconsistency,"The deposit function does not correctly handle fee-on-transfer or rebasing ERC20 tokens.
"
32,d5aa11e316e7,Medium,ERC20,Not EIP Compliant,The contract does not check the return values of ERC20 transfer and transferFrom.
33,d5aa11e316e7,Medium,Accounting Error,State Update Inconsistency,"In cases of insufficient funds for withdrawals, the share destruction calculation formula continues to use the old withdrawal amount parameter and does not recalculate with the updated actual withdrawal amount, resulting in users burning more shares than intended and causing unfair distribution."
34,d5aa11e316e7,Medium,Accounting Error,"Peg / Depeg, Price Manipulation / Arbitrage opportunity, Reward Manipulation","_addLiquidity does not check or adjust the deposit ratios of the three stablecoins when adding liquidity, leading to a situation where the value of LP tokens is lower than the assets invested in a case of imbalanced proportions, creating an arbitrage opportunity."
35,d5aa11e316e7,Medium,Accounting Error,"Peg / Depeg, Price Manipulation / Arbitrage opportunity","The vault's multi-currency deposits and withdrawals are not calculated based on actual exchange rates, but are treated as equivalent, resulting in low-cost arbitrage opportunities."
36,d5aa11e316e7,Medium,Slippage,Missing minOut / maxAmount,"The token swap operation with CRV lacks a minimum output check, allowing sandwich attacks to profit directly by manipulating transaction prices, resulting in user fund losses."
37,d5aa11e316e7,Medium,MEV,"Asset Theft, Front Run","The vault allows the specification of withdrawal tokens without checking the available balance of those tokens, which enables attackers to execute front-running transactions to deplete the assets, causing subsequent users to have their shares destroyed without receiving the corresponding funds."
38,d5aa11e316e7,Medium,Accounting Error,State Update Inconsistency," After recovering assets from a strategy contract, the Vault does not update the internal balance for that strategy, leaving it higher than the actual withdrawable amount.
"
39,d5aa11e316e7,Medium,Input Validation,Invalid Validation,The bidirectional mapping is not properly maintained. addToken() overwrites vaults but does not remove the corresponding token from the tokens array.
40,d5aa11e316e7,Medium,Flashloan,Price Manipulation / Arbitrage opportunity,"When calculating voting weights, use the real-time data from getReserves()"
41,d5aa11e316e7,Medium,Logic Error,Incorrect Parameter,"The function was intended to calculate the valuation of swapping WETH back to YAXIS, but the swap path was set incorrectly, resulting in a wrong valuation."
42,d5aa11e316e7,Medium,Slippage,Hardcoded Parameter,"minOut is not set.
"
43,d5aa11e316e7,Medium,Access Control,Centralization Risk,Allows strategists to unintentionally or maliciously add/remove strategies in unauthorized vaults.
44,d5aa11e316e7,Medium,Access Control,Role Takeover,"The stop protocol should be onlyGovernance, not onlyStrategist."
45,966f040d9bc8,High,Upgradeable,Misuse of Dependency,"Using the wrong version of the Ownable library leads to the owner not being set correctly, causing all onlyOwner functions to operate improperly."
46,966f040d9bc8,High,Accounting Error,State Update Inconsistency,"The unstake() function calculates the shares to be removed using the old exchange rate before updating it, resulting in an overburn of shares and causing users to lose a portion of their rewards."
47,966f040d9bc8,Medium,Arithmetic,Precision Loss,"Multiple reward distribution functions use integer division and round down when calculating, causing decimal portions of rewards to be discarded when the numerator is not divisible by the denominator, resulting in a loss of precision in user rewards."
48,966f040d9bc8,Medium,Accounting Error,State Update Inconsistency,"The updateGlobalExchangeRate function skips the update when totalGlobalShares is 0, leading to rewards during that period being missed and permanently locked in the contract, causing revenue loss and inconsistencies in the accounting state."
49,966f040d9bc8,Medium,Access Control,Centralization Risk,Setting the commissionRate to 1e18 - 1 (an extreme value) may result in validators being unable to receive commission rewards.
50,3a8408b6f3d4,High,"Access Control, Input Validation","Asset Theft, Invalid Validation",fillZrxQuote() allows sending custom call data to any contract and executing it. Attackers can craft a malicious transferFrom call to steal ERC20 tokens from authorized users.
51,3a8408b6f3d4,High,Accounting Error,Incorrect Parameter,"When a user tries to swap unwrapped ETH to ERC20, even if there is a certain amount of ETH refunded, ethDelta will always be 0."
52,3a8408b6f3d4,Medium,DoS,payable / receive(),"In Swap.sol, using transfer() to send ETH is limited by a fixed gas cap of 2300.If the recipient is a contract without a payable fallback or a fallback that exceeds this limit, it will cause the transaction to fail and may result in funds becoming inaccessible."
53,3a8408b6f3d4,Medium,ERC20,No Recovery Mechanism,"In the Swap.sol , if a user sells ERC20 tokens and generates a return of leftover ERC20 tokens, the contract will only refund ETH type refunds. This results in those ERC20 tokens being permanently left in the contract and unrecoverable."
54,3a8408b6f3d4,Medium,Input Validation,"Bypass Mechanism, Invalid Validation","Swap.swapByQuote() does not verify that zrxBuyTokenAddress matches the actual asset type, allowing malicious contract addresses to masquerade as ERC20 tokens. This can lead to erroneous branching logic and enable the circumvention of the ETH exchange fee mechanism."
55,50015cf871a0,High,"Arithmetic, DoS",Precision Loss,"YearnVault.pull() converts underlying to shares using integer math with decimals/pricePerShare, causing precision loss so the actual underlying received from withdraw() is less than tokenAmounts[i].The code also ignores the yToken.withdraw() return value, leaving tokenAmounts[i] overstated and making the subsequent transfer revert due to insufficient balance."
56,50015cf871a0,High,Accounting Error,Incorrect Formula,"The performanceFee calculation uses an Incorrect Formula that mints shares based on the total supply rather than the profit and fee rate, causing severe dilution of LP shares."
57,50015cf871a0,High,MEV,Front Run,"UniV3Vault.tvl() excludes uncollected LP fees (pending yields), so deposit/mint prices shares using an understated TVL and mis-mints shares.An attacker can front-run collectEarnings() to buy shares too cheaply, then withdraw right after harvesting/reinvesting realizes the fees, capturing a portion of previously pending yields from existing holders."
58,50015cf871a0,High,Accounting Error,State Update Inconsistency,"The system fails to update the cached TVL of the Rebase Token (aToken) before deposits, causing the use of a Stale Value for share calculation and allowing attackers to steal accrued interest via undervalued shares."
59,50015cf871a0,Medium,Slippage,Missing minOut / maxAmount,"The deposit function calculates shares based on instantaneous TVL ratios but lacks a minOut parameter to verify the LP tokens received, leading to Slippage during pool rebalancing or front-running."
60,50015cf871a0,Medium,Accounting Error,State Update Inconsistency,"The withdrawal process fails to update the cached TVL of the Rebase Token (aToken), causing the system to use a Stale Value for share calculation and resulting in users missing out on accrued interest."
61,50015cf871a0,Medium,Logic Error,"Bad Condition, Bypass Mechanism","The _chargeFees function contains a Bad Condition that skips fee collection if the elapsed time is less than managementFeeChargeDelay, allowing users to exploit this window to bypass fees via rapid deposits and withdrawals."
62,50015cf871a0,Medium,Logic Error,Missing Approval,"The ChiefTrader fails to pull tokens from the user and does not approve the sub-trader before the swap, causing the sub-trader's transferFrom call to revert due to insufficient allowance."
63,50015cf871a0,Medium,Logic Error,Bad Condition,"The removeFromTokenWhitelist function incorrectly checks _tokenEverAdded instead of the current _tokensAllowed status when decrementing, allowing the admin to repeatedly call the function and corrupt the _numberOfValidTokens count."
64,50015cf871a0,Medium,Uniswap,Implementation Error,"When handling swapExactOutput, the code incorrectly reverses the Uniswap V3 path bytes byte-by-byte instead of logically reversing the encoded structure (Token and Fee), resulting in corrupted path data."
65,50015cf871a0,Medium,"DoS, Input Validation",Invalid Validation,"The redirects parameter lacks Input Validation, allowing self-redirection or circular loops (e.g., 0->0 or 0->1->0), which causes the transfer logic to zero out amounts immediately after addition, resulting in a DoS where deposits and withdrawals fail."
66,d52ee365a168,High,Oracle,Incorrect Formula,"The CreditLine._borrowTokensToLiquidate function incorrectly passes borrowAsset/collateralAsset in the oracle query, when it should be a reverse query. This leads to incorrect calculation of the liquidation price ratio, potentially resulting in financial losses for the liquidator or lender during the liquidation process."
67,d52ee365a168,High,Accounting Error,Incorrect Parameter,"The SavingsAccountUtil.depositFromSavingsAccount() function incorrectly returns _amount instead of the actual number of shares obtained when calling savingsAccountTransfer(). This will result in incorrect records of the pool's collateral assets when PPS ≠ 1, leading to fund locking or liquidation failures."
68,d52ee365a168,High,DoS,Incorrect Parameter,"The SavingsAccountUtil.transferTokens() function incorrectly uses msg.value as the amount for the ETH transfer instead of _amount, resulting in ETH not being correctly withdrawn from the liquidity pool. This leads to liquidity tokens being burned without the ability to redeem funds, causing denial of service and financial losses."
69,d52ee365a168,High,Arithmetic,Token Decimal,"The YearnYield.getTokensForShares and getSharesForTokens functions in Yearn Vault calculations hardcode a division by 1e18, ignoring the actual precision of vault.decimals. This results in incorrect calculations when the underlying token does not have 18 decimals."
70,d52ee365a168,High,"Accounting Error, ERC20",Rebase Token,"When a user deposits assets into Aave via AaveYield.lockTokens, the sharesReceived is calculated based on the difference in the rebasing token balance. However, sharesReceived is cached in the balanceInShares mapping in SavingsAccount.deposit, causing these shares not to reflect the dynamic changes of the rebasing token.
"
71,d52ee365a168,High,Liquidation,"Bypass Mechanism, Does not match with Doc, Invalid Validation","When autoLiquidation is set to false, the intention of the contract is for only lenders to be able to perform liquidations. However, the code lacks the corresponding permission check logic, allowing anyone to liquidate and directly obtain collateral without needing to repay the borrowed tokens, essentially leading to the theft of the lender's collateral."
72,d52ee365a168,High,"Accounting Error, Input Validation",Bad Condition,"The contract assumes full withdrawal or strategy switch will always return the requested amount, updating user balances without verifying actual tokens received, causing assets to remain locked in the strategy."
73,d52ee365a168,High,Input Validation,Invalid Validation,"The switchStrategy function allows interaction with an unregistered _currentStrategy, enabling attackers to supply a malicious contract that returns arbitrary token amounts and steal assets from the SavingsAccount."
74,d52ee365a168,High,"Chainlink, Oracle","Invalid Validation, Price Manipulation / Arbitrage opportunity","The PriceOracle, when fetching prices from Chainlink or Uniswap, only checks that the price exists (_decimals != 0) and does not filter or validate abnormal price values."
75,d52ee365a168,High,Logic Error,Implementation Error,"The variable received is not assigned a value before calling safeTransfer, causing the passed value to always be 0.
"
76,d52ee365a168,High,Logic Error,"Missing Functionality, No Recovery Mechanism","The emergencyWithdraw function assumes all assets are ERC20 tokens and calls IERC20.balanceOf() even for ETH (address(0)), causing the function to revert and leaving ETH permanently locked."
77,d52ee365a168,Medium,Input Validation,"Invalid Validation, No Recovery Mechanism","The _createPool function ignores any attached ETH when _collateralToken is non-zero, causing sent Ether to remain stuck in the PoolFactory instead of being transferred to the new pool contract."
78,d52ee365a168,Medium,Liquidation,Does not match with Doc,ETH sent to CreditLine.liquidate by an external liquidator when autoLiquidation is enabled remain with the contract and aren't transferred to the lender
79,d52ee365a168,Medium,Input Validation,Invalid Validation, depositCollateral doesn’t check the status of the pool so collateral can be deposited in a finished loan.
80,d52ee365a168,Medium,Access Control,State Update Inconsistency,"The unlinkAddress function does not clear the corresponding pendingLinkAddresses entry, allowing the unlinked address to immediately relink without the master’s permission."
81,d52ee365a168,Medium,Governance,State Update Inconsistency,"The Extension contract correctly reduces votes from the from address and adds it to the to address during the transfer (in case both of them voted on it before), but it does not rerun the voting logic in voteOnExtension that actually grants the extension.
"
82,d52ee365a168,Medium,"Access Control, DoS, ERC20",Fee On Transfer Token,"NoYield.sol.lockTokens 
assumes that the amount received is equal to the amount specified in transfer or transferFrom. It does not account for fee on transfer tokens, leading to incorrect calculation of sharesReceived."
83,d52ee365a168,Medium,DoS,Typo,AaveYield: Misspelled external function name making functions fail
84,d52ee365a168,Medium,ERC20,safeApprove,"There are 3 instances (CreditLine.sol#L647, CreditLine.sol#L779 , AaveYield.sol#L324) where the IERC20.approve() function is called only once without setting the allowance to zero. Some tokens, like USDT, require first reducing the address' allowance to zero by calling approve(_spender, 0). "
85,8b0abbf14c91,High,Access Control,"Does not match with Doc, Implementation Error","The receiveCollateral function lacks a caller restriction to ActivePool, allowing any address to invoke it with arbitrary token and amount parameters to alter StabilityPool balances."
86,8b0abbf14c91,High,Accounting Error,Incorrect Formula,The rebase credited users using net worth (YUSD + YETI) but capped against total YETI balance instead of extra YETI not yet accounted. This let effectiveYetiTokenBalance grow beyond real holdings → potential default when users withdraw. https://github.com/code-423n4/2021-12-yetifinance/blob/main/packages/contracts/contracts/YETI/sYETIToken.sol#L282 is to always cap by yeti.balanceOf(this) - effectiveYetiTokenBalance and keep units consistent.
87,8b0abbf14c91,Medium,Input Validation,"Hardcoded Parameter, Invalid Validation","
The function hard‑codes indexes (0 and 1) of the amounts array instead of using first and last, and does not validate path endpoints. Price becomes wrong whenever the path is not exactly YUSD -> YETI with length 2.

"
88,8b0abbf14c91,Medium,"Chainlink, Oracle","Missing Return Check, Stale Value","The function_getCurrentChainlinkResponse() blindly trusts the values returned by Chainlink’s latestRoundData() without performing all the necessary validity checks — specifically, it does not verify that the round’s answer is finalized using the answeredInRound field, which may result in stale price"
89,8b0abbf14c91,Medium,Input Validation,Invalid Validation,"ActivePool.sendCollaterals function internally call _sendCollateral, which uses whitelist.getIndex(_collateral) as if it were a validated lookup, but for a non-whitelisted token, it returns 0 (the same index as the first real whitelisted token). As a result, the code silently updates poolColl.amounts[0], i.e., the balance slot of the first whitelisted asset—while actually transferring some other (unsupported) token."
90,8b0abbf14c91,Medium,DoS,Out of Gas,"There is no upper limit on poolColl.tokens[], it increments each time when a new collateral is added. Eventually, as the count of collateral increases, gas cost of smart contract calls will raise and that there is no implemented function to reduce the array size."
91,8b0abbf14c91,Medium,Reentrancy,Violating CEI / Missing nonReentrant,"addColl(), withdrawColl(), withdrawYUSD(), repayYUSD(), adjustTrove(), openTrove(), closeTrove()  is potentially re-entrant."
92,8b0abbf14c91,Medium,Input Validation,Invalid Validation,"It's possible to repeatedly add the first collateral token in validCollateral through the Whitelist.addCollateral function. The validCollateral[0] != _collateral check will return false and skip further checks.
> note that the source code has already been fixed
"
93,8b0abbf14c91,Medium,"Arithmetic, DoS",Implementation Error,"The implementation computes and stores the later segments’ y‑intercepts ($b_2, b_3$) as uint256, but for realistic “kinked” curves used in lending platform (flat first, then steep), these intercepts are often negative.
"
94,8b0abbf14c91,Medium,Input Validation,"Does not match with Doc, Implementation Error, Invalid Validation","The getFee function’s implementation checks only the new collateral input against dollarCap while the comment specifies checking total plus input, creating a mismatch that could mislead integrators and cause cap enforcement to fail."
95,8b0abbf14c91,Medium,Logic Error,Implementation Error,"The calculateDecayedFee function treats decay >= decayTime the same as decay == 0, incorrectly preserving lastFeePercent instead of resetting it to zero, thus breaking the intended fee decay logic."
96,4dd1b2af57b2,High,Input Validation,"Incorrect Parameter, Reward Manipulation","The borrow() function allows users to directly input zIncrease, which should instead be a calculated value rather than user-provided. An attacker can exploit this by borrowing a minimal amount (e.g., 1 wei) while specifying an arbitrarily large zIncrease, artificially inflating pool.state.z and potentially enabling cash-out exploits."
97,4dd1b2af57b2,High,Input Validation,Incorrect Parameter,The borrowGivenDebt() function allows an attacker to manipulate state.y using a minimal asset outflow. This can break the interest rate mechanism and enable the attacker to steal funds.
98,4dd1b2af57b2,High,Input Validation,"Incorrect Parameter, Price Manipulation / Arbitrage opportunity","Allowing users to arbitrarily specify the interest (interest) they want to pay directly affects yIncrease, which can be manipulated to exploit the protocol."
99,4dd1b2af57b2,High,Reentrancy,Violating CEI / Missing nonReentrant,The lock modifier guards against reentrancy but not against cross function reentrancy.
100,4dd1b2af57b2,High,Reentrancy,Violating CEI / Missing nonReentrant,The lock modifier guards against reentrancy but not against cross function reentrancy.
101,4dd1b2af57b2,High,Reentrancy,Violating CEI / Missing nonReentrant,The lock modifier guards against reentrancy but not against cross function reentrancy.
102,4dd1b2af57b2,High,Reentrancy,Violating CEI / Missing nonReentrant,The lock modifier guards against reentrancy but not against cross function reentrancy.
103,4dd1b2af57b2,Medium,Logic Error,Missing Functionality,"In CollateralizedDebt.sol, the burn() function does not call the ERC721 _burn() method, which results in the ERC721 token not being properly destroyed. As a result, users may still hold the ERC721 token that should have been burned, even after receiving the corresponding funds."
104,4dd1b2af57b2,Medium,DoS,Bad Condition,"In safeDecimals(), when data.length >= 32, it uses abi.decode to return a uint8. However, if data.length is greater than 32, it will cause abi.decode to revert."
105,4dd1b2af57b2,Medium,"DoS, ERC20",Bad Condition,"safeName() assumes that all ERC20 tokens return a string value, but some tokens return a bytes32 instead. This mismatch can cause abi.decode() to revert."
106,4dd1b2af57b2,Medium,"DoS, ERC20",Bad Condition,"safeSymbol() assumes that all ERC20 tokens return a string value, but some tokens return a bytes32 instead. This mismatch can cause abi.decode() to revert."
107,4dd1b2af57b2,Medium,XSS Attack,Invalid Validation,XSS via SVG generates the on-chain SVG for an ERC-721 token ID
108,4dd1b2af57b2,Medium,DoS,"Front Run, Missing minOut / maxAmount","In TimeswapPair.sol's mint() function, an attacker can initialize state.y with a very small yIncrease value (such as 1 wei). Since state.y is expected to be a large number, this causes subsequent borrow or mint operations to have minimal impact on it, effectively freezing the entire liquidity pool."
109,4dd1b2af57b2,Medium,"ERC721, Reentrancy",Violating CEI / Missing nonReentrant,no reentrancy guard
110,4dd1b2af57b2,Medium,"Arithmetic, DoS",Front Run,"After a user calls pay(), an attacker can front-run the transaction and repay a minimal amount of the debt (typically 1 unit, such as 10^-18). This causes the user's repayment to result in an underflow during execution, leading to a revert."
111,4dd1b2af57b2,Medium,ERC20,Fee On Transfer Token,"When the asset or collateral is a fee-on-transfer token, the TimeswapConvenience contract cannot accurately calculate the actual amount received during transfers. This causes the Pair contract's validations to fail and the transaction to revert, as the Convenience contract does not account for the transfer fee deductions."
112,4561d049a9da,High,Input Validation,Invalid Validation,"The E303 check is performed before updating assetIn and collateralOut, allowing attackers to bypass the proportion check by using zero values on the first iteration."
113,4561d049a9da,Medium,Arithmetic,Missing Initialization,"The variable excess is incorrectly initialized to zero, causing an underflow when subtracting dueOut.collateral. As a result, ETH.transfer() is never called and the function will always revert if maxCollateral > dueOut.collateral."
114,4561d049a9da,Medium,"Arithmetic, DoS",Front Run,"An attacker can frontrun a user’s full repayment by paying a negligible amount (e.g., 1 wei), causing the user’s due.debt -= param.assetsIn[i] to underflow and revert, making full repayment impossible."
115,4561d049a9da,Medium,RCE,Misuse of Dependency,"The NPM package scope @timeswap-labs was unclaimed, allowing any attacker to publish a malicious package with a higher version. "
116,19000d572f72,High,Cross-Chain,No Recovery Mechanism,"If the contract call on the destination chain fails and the contract on the source chain lacks a mechanism to return the burned tokens or re-mint them, it may result in a loss of user assets."
117,19000d572f72,Medium,call / delegatecall,Missing Return Check,"Before calling call, the address should be checked to determine whether it is an externally owned account (EOA) or a contract address."
118,19000d572f72,Medium,"DoS, Reentrancy",Execution Order Dependency,The _execute function and its wrapper execute are both reentrant.
119,19000d572f72,Medium,"Accounting Error, ERC20",Fee On Transfer Token,"When handling fee-on-transfer tokens, the actual amount of tokens received by the contract in _burnTokenFrom will be less than the specified amount."
120,a8a9998bfe4a,Medium,Access Control,Bypass Mechanism,"AlchemicTokenV2Base.lowerHasMinted() shares the same permission level as mint(), allowing whitelisted users to arbitrarily reduce their totalMinted and bypass the minting cap enforced in mint().Whitelisted users can mint as more tokens as they want to any recipients."
121,a8a9998bfe4a,Medium,Slippage,minOut set to 0,TransmuterBuffer._alchemistDeposit() calls IAlchemistV2(alchemist).depositUnderlying() with minOut hardcoded to 0.Setting minOut to 0 means no slippage protection. Users may suffer significant losses.
122,a8a9998bfe4a,Medium,DoS,"Implementation Error, Incorrect Parameter","FuseTokenAdapterV1.wrap() and FuseTokenAdapterV1.unwrap() check if the return value of mint() and redeem() is NO_ERROR respectively. (NO_ERROR is declared as 0 in the beginning of the contract) However, the return value of mint() and redeem() is the amount minted or redeemed.Due to the wrong condition check, both FuseTokenAdapterV1.wrap() and FuseTokenAdapterV1.unwrap() revert even when the operation succeeds."
123,a8a9998bfe4a,Medium,Slippage,Invalid  Slippage Control / Missing slippage check,"YearnTokenAdapter.unwrap() hardcodes the slippage control parameter to MAXIMUM_SLIPPAGE=10_000 (which is 100%) when calling IYearnVaultV2.withdraw().Setting maxLoss in IYearnVaultV2.withdraw() to 10_000 means there’s no slippage check, resulting in the possibility of all funds lost."
124,a8a9998bfe4a,Medium,Upgradeable,Storage Gap,No Storage Gap for Upgradeable Contracts
125,a8a9998bfe4a,Medium,Arithmetic,Token Decimal,"ThreePoolAssetManager._mintMetaPoolTokens() treats every token as 18 decimal and simply add every token without considering decimal difference. (CURVE_PRECISION is set to 1e18) If actual token decimals exceed 18, minTotalAmount becomes too high for Curve to mint; If actual token decimals are below 18, slippage control fails, potentially causing fund losses."
126,a8a9998bfe4a,Medium,ERC20,safeApprove, AutoleverageBase.approve() changes allowance directly without first setting the allowance to 0.Some tokens like USDT require first set to 0 and then the actual allowance must be approved. The implementation of AutoleverageBase.approve() will fail on these tokens.
127,a8a9998bfe4a,Medium,ERC20,safeApprove,YearnTokenAdapter.wrap() calls safeApprove() without first set the allowance to 0.Some tokens like USDT require first set to 0 and then the actual allowance must be approved. The implementation of AutoleverageBase.approve() will fail on these tokens.
128,a8a9998bfe4a,Medium,Input Validation,Invalid Validation, TransmuterBuffer.setAlchemist() does not check whether the old Alchemist still has open positions or remaining funds before switching to the new one. Funds left in the old Alchemist are locked and needs manual recovery.
129,a8a9998bfe4a,Medium,Input Validation,Inflation Attack,"The new gALCX contract lacks a minimum deposit or initial liquidity requirement, allowing an attacker(first depositor) to acquire the only gALCX share with a tiny deposit. Then the attacker transfers a massive amount of ALCX to the contract and calls bumpExchangeRate() to increase the cost to get a gALCX. Due to high exchangeRate and rounding down in division, the remainder part of subsequent stakers’ staking will be lost and distributed to the attacker."
130,a8a9998bfe4a,Medium,DoS,State Update Inconsistency,"If tokens are transferred directly to the contract instead of using gALCX.stake(), it will cause balance > 0 and totalSupply = 0, and the check in gALCX.bumpExchangeRate() will pass since it checks with balance instead of totalSupply, resulting in a division by zero in (balance * exchangeRatePrecision) / totalSupply in gALCX.bumpExchangeRate(). Some functions in gALCX like stake, unstake, and migrateSource fail since they call bumpExchangeRate()."
131,a8a9998bfe4a,Medium,DoS,Missing Functionality," registeredUnderlyings array can only be increased (via TransmuterBuffer.registerAsset()) with no way to reduce or reconstruct. If an extra call to TransmuterBuffer.registerAsset() is made or the Alchemist is switched to one with fewer supported assets via TransmuterBuffer.setAlchemist(), the length check between registeredUnderlyings and supportedUnderlyingTokens in TransmuterBuffer.refreshStrategies() will fail. Strategy refresh becomes impossible since TransmuterBuffer.refreshStrategies() will always revert."
132,a8a9998bfe4a,Medium,Slippage,Invalid  Slippage Control / Missing slippage check,"TransmuterBuffer._alchemistWithdraw() hardcodes slippage to 1%, not allowing users to set their desired slippage. User may lose up to 1% funds without knowing, or can’t choose higher slippage and cause transaction reverts during volatility."
133,a8a9998bfe4a,Medium,"DoS, Flashloan",State Update Inconsistency,"AlchemistV2 sets _mintingLimiter to limit the token minted amount in a period. The mint operation decreases the _mintingLimiter, but the burn operation does not replenish it, and the debt position is updated during the burn phase, so attacker can mint again after burning.  An attacker can loop the mint-burn action using flashloan to saturate the mint limit, preventing others from minting."
134,a8a9998bfe4a,Medium,Accounting Error,Implementation Error,"WstETHAdapterV1.price() should convert WstETH to WETH, but it only converts WstETH to stETH, lacking the part of converting stETH to WETH. The returned price is wrong and can lead to incorrect balance calculation and harvestable amount."
135,a8a9998bfe4a,Medium,"DoS, Input Validation",Invalid Validation," If totalShares is 0 while pendingCredit is positive, AlchemistV2_calculateUnlockedCredit() will return a positive value since it depends on pendingCredit. This allows the non-zero check to pass, but ultimately results in a division-by-zero error because totalShares is 0. This situation can be established by first depositing and accumulating yield after some time, then calls harvest() to invoke _distributeCredit() and increases pendingCredit; lastly withdraw to remove all funds to make totalShare to 0.
_distributeCredit(), _distributeUnlockedCredit(), _calculateUnrealizedDebt(), _convertSharesToYieldTokens(), and donate() will revert, affecting actions such as deposit, withdraw, mint, burn, repay, liquidate, donate and harvest. Plus, pendingCredit amount of tokens will be stock in the contract."
136,a8a9998bfe4a,Medium,Input Validation,"Peg / Depeg, Price Manipulation / Arbitrage opportunity","AlchemistV2.repay() reduces debt (alToken) based on the amount of the underlyingToken in a fixed 1:1 ratio (AlchemistV2._normalizeUnderlyingTokensToDebt() only adjust underlyingToken to same decimal), without accounting for whether the underlyingToken has depegged.  Debt can be repaid with depegged underlyingToken and users can perform arbitrage, resulting in alToken having the same price as the most depegged underlyingToken. "
137,727004c1c07c,Medium,ERC1155,Not EIP Compliant,"In CNft.sol, the safeTransferFrom function does not execute according to the EIP-1155 specification for success or failure, but instead unconditionally reverts and requires the use of safeBatchTransferFrom. This undermines standard behavior and weakens composability with other protocols."
138,727004c1c07c,Medium,Chainlink,Deprecated Library,Chainlink pricer is using a deprecated API
139,727004c1c07c,Medium,DoS,Out of Gas,call() should be used instead of transfer() on an address payable
140,727004c1c07c,Medium,Compound,Reward Manipulation,"Due to the logic responsible for checking and updating supplier allocations being commented out in updateCompSupplyIndex() and distributeSupplierComp(), the distribution of COMP rewards cannot be accurately recorded for inflows and outflows from the supply side. This allows users to repeatedly supply and remove assets across multiple accounts to claim rewards multiple times, undermining the distribution mechanism."
141,b0b4fa38c58e,High,ERC20,Missing Return Check,"The contract does not check the return value when executing ERC20 token transfers, allowing tokens that return false instead of reverting (such as ZRX) to create vaults and defraud buyers without actually transferring assets."
142,b0b4fa38c58e,High,Logic Error,Bad Condition,"The price decline formula in getDutchAuctionStrike() causes the price to reach the reserve price before the auction duration ends, resulting in a static price for the remaining time and reducing the actual effective time and efficiency of the auction process."
143,b0b4fa38c58e,High,"ERC20, Solmate",Missing Return Check,"createVault() uses Solmate's SafeTransferLib to transfer ERC20 tokens without checking whether the target address is a contract.This leads to successful transactions and incorrect balance records when transferring to non-existent token addresses, allowing attackers to set traps and steal funds from future users."
144,b0b4fa38c58e,Medium,Access Control,"Centralization Risk, Missing Upper/Lower Bound Check","The contract owner can adjust the feeRate at any time, allowing them to set an extremely high rate temporarily before executing a high-value transaction, effectively intercepting the execution profits."
145,b0b4fa38c58e,Medium,Input Validation,Invalid Validation,"createVault() does not verify that the incoming token cannot be the Cally's own token, allowing users to create vaults that cannot be withdrawn from, permanently locking the ETH paid by buyers in the contract."
146,b0b4fa38c58e,Medium,Input Validation,Bad Condition,"buyOption() only checks if msg.value >= premium rather than strictly equal, allowing users to accidentally overpay, with the excess amount being directly collected by the vault creator."
147,b0b4fa38c58e,Medium,ERC20,Rebase Token,"When using a Rebase ERC20 token that automatically increases its balance as vault assets, the additional accumulated rewards will be locked within the vault and cannot be withdrawn by the seller or owner, resulting in funds being permanently inaccessible."
148,b0b4fa38c58e,Medium,Arithmetic,Bad Condition,"Due to insufficient temporary variable types when calculating the expiration time, an overflow occurs during intermediate calculations when the term is ≥ 195 days, resulting in a logic error that prevents the proper establishment of the call option."
149,b0b4fa38c58e,Medium,Access Control,Centralization Risk,"The contract owner can set the feeRate to exceed 100% at any time, causing the exercise operation of the option to fail due to underflow."
150,b0b4fa38c58e,Medium,Input Validation,Invalid Validation,"createVault() does not check if tokenIdOrAmount > 0, allowing malicious users to create vaults with an infinite quantity and an amount of 0."
151,b0b4fa38c58e,Medium,ERC20,Fee On Transfer Token,"Due to the contract's failure to handle the transfer discrepancies of fee-on-transfer ERC20 tokens,'the amount recorded in the vault may exceed the actual number of tokens received."
152,b0b4fa38c58e,Medium,ERC721,onERC721Received callback,The contract uses transferFrom() instead of safeTransferFrom() when transferring ERC721 tokens.
153,b0b4fa38c58e,Medium,Input Validation,Invalid Validation,"`createVault()`` does not validate the matching of tokenType with the contract type of token, allowing ERC721 tokens to potentially be treated as ERC20 tokens and permanently frozen in the vault."
154,ec394ead8172,Medium,DoS,Invalid Validation,"In the XC20Wrapper contract, the removeWrapping() function can be executed even when wrapped tokens are still in circulation, resulting in unwrapped[wrappedToken] being set to address(0)."
155,ec394ead8172,Medium,"DoS, ERC20",No Recovery Mechanism,"If _executeWithToken reverts, the tokens will be locked in the bridge and cannot be recovered."
156,ec394ead8172,Medium,Access Control,State Update Inconsistency,"After updating the access control, the old operator can still vote using their previous voting power.
"
157,ec394ead8172,Medium,Access Control,State Update Inconsistency,"The AxelarGateway contract allows old operators to call transferOperatorship multiple times within the same execute() call, because the currentOperators state is not updated immediately within each iteration of the loop."
158,ec394ead8172,Medium,Cross-Chain,"Does not match with Doc, No Recovery Mechanism","When performing cross-chain transactions, there's a risk of the transaction getting stuck. It's necessary to add options for refunding or canceling the transaction.
"
159,e5f8a519b24f,High,ERC20,Missing Return Check,Unsafe usage of ERC20 transfer and transferFrom
160,e5f8a519b24f,High,Governance,Bypass Mechanism,"In the VotingEscrow system, delegators can delegate their locked voting power to another address. However, the contract design allows accounts that are on the blocklist to immediately undelegate after calling forceUndelegate(), and this process resets locked_.end to the current account's lock expiration time. Malicious users can exploit this by controlling the relationship between the delegator and the delegatee, intentionally triggering self-blocking when they want to unlock early, thus forcing the undelegation and bypassing the original commitment restrictions that should last until the end of the locking period. This allows them to redeem tokens early and repeat the process."
161,e5f8a519b24f,Medium,ERC20,Fee On Transfer Token,The current implementation of the VotingEscrow contract doesn’t support fee on transfer tokens
162,e5f8a519b24f,Medium,Access Control,Bypass Mechanism,"Blocklist.block() checks if an address is a contract before blocking it by only using _isContract(addr), which relies on confirming that extcodesize > 0. This determination depends on the current code length of the address. Malicious actors can call selfdestruct() after interacting with the system to delete the contract, causing extcodesize to become 0 and bypassing the check. They could even use CREATE2 to redeploy the same or different logic contract at the same address to continue interaction."
163,e5f8a519b24f,Medium,Governance,Invalid Validation,"There is no check to determine if the caller's lock has expired. As a result, users with expired locks can delegate to other active locks as long as the locked amount has not been withdrawn. This can be used to influence voting power."
164,e5f8a519b24f,Medium,Governance,Incorrect Parameter,"In VotingEscrow.increaseUnlockTime(), when constructing the oldLocked struct passed to _checkpoint(), the oldLocked.end is erroneously set to the new lock's unlock_time instead of the original oldUnlockTime."
165,e5f8a519b24f,Medium,Arithmetic,Unsafe Downcast,Unsafe casting from int128 can cause wrong accounting of locked amounts
166,e5f8a519b24f,Medium,Governance,Bad Condition,_checkpoint update is missed incase locked_.delegatee |= msg.sender
167,e5f8a519b24f,Medium,Access Control,No Recovery Mechanism,"When a user is added to the Blocklist, they can avoid having their funds stuck by calling forceUndelegate() (triggered during blocking) to revoke their delegation. However, if the system administrator changes the blocklist contract address during a migration or due to an error, and the new contract returns true for isBlocked() for a specific account that has not gone through the normal blocking process (and thus has not triggered forceUndelegate()), that account will be treated as blocked.Consequently, the user's tokens become locked in the contract, as there is no mechanism for lifting the block or recovering funds."
168,e5f8a519b24f,Medium,"Flashloan, Governance",Missing Time Constraint,"An attacker can use a flashloan and the quitLock function to achieve a large amount of votes for one transaction. It can, depends on the implementation of the modules that will use this contract, be used to pass malicious proposals or exploit any feature that depends on the voting balance."
169,82a1b82850c4,High,"DoS, Governance",Bad Condition,"If an active proposal accumulates over 80% of total votes but fails to execute, the remaining votes are insufficient to activate a new proposal due to the 20% endorsement threshold, effectively locking governance indefinitely and preventing vote reclamation or further proposals."
170,82a1b82850c4,High,Input Validation,"Front Run, Invalid Validation","When all contracts have been deployed and/or initialized, the OlympusVotes contract does not mint an initial token supply. This would allow users to be able to submit proposals, then vote and execute proposals if there has been no token supply (totalSupply = 0)."
171,82a1b82850c4,High,MEV,Front Run,"An attacker can front-run a reduction in token withdrawal approval by executing a withdrawal using the higher previous allowance, and then withdraw again under the newly reduced approval, resulting in over-withdrawal beyond the intended limit."
172,82a1b82850c4,Medium,Logic Error,State Update Inconsistency,"The Operator::setReserveFactor function updates the reserveFactor but fails to trigger the necessary regeneration logic. The Range module may operate with outdated capacity thresholds, potentially leaving the bond market open or closed incorrectly."
173,82a1b82850c4,Medium,Solmate,Missing Return Check,"In getloan() and replayloan(),the safetransfer and safetransferfrom doesn't check the existence of code at the token address. If safetransfer() and safetransferfrom() are called on a token address that doesn't have contract in it, it will always return success, bypassing the return value check. "
174,82a1b82850c4,Medium,Input Validation,Stale Value,"If the asset price remains outside the defined wall price for longer than _config.regenWait, RBS may automatically redeploy funds even though the price has not returned to the safe zone. This could result in the treasury buying or selling at prices far from the market value, causing loss of funds."
175,82a1b82850c4,Medium,Reentrancy,Violating CEI / Missing nonReentrant,"The executeProposal() function resets the activeProposal state before executing the proposal instructions. An attacker can repeatedly re-enter and execute the same instructions through nested calls, potentially leading to unauthorized module installations or fund manipulation."
176,82a1b82850c4,Medium,Input Validation,Invalid Validation,The method Governance.submitProposal doesn't check if the proposalId (stored in a different contract) exists already as a valid proposal in getProposalMetadata.
177,82a1b82850c4,Medium,Governance,"Bad Condition, Does not match with Doc","When the voting tokens are transferrable, one user can first use her or his votes to call the following endorseProposal function to endorse a proposal and then transfer these votes to another user. The other user can use these votes to endorse the same proposal again afterwards. Because of the double-endorsement, the (totalEndorsementsForProposal[proposalId_] * 100) < VOTES.totalSupply() * ENDORSEMENT_THRESHOLD condition can become true so the proposal can be activated by calling the activateProposal function below. "
178,82a1b82850c4,Medium,Accounting Error,State Update Inconsistency,Endorsed votes by a user do not decrease after the user's votes are revoked
179,82a1b82850c4,Medium,TWAP,"Implementation Error, Price Manipulation / Arbitrage opportunity","A TWAP is a Time-Weighted average price, but the algorithm below does not take into account the time between observations"
180,82a1b82850c4,Medium,"Governance, Input Validation",Invalid Validation,"The activateProposal() function allows immediate replacement of the active proposal without any delay. Since the vote() function does not specify a proposal ID, users might unknowingly vote on a different proposal if activateProposal() is called right before or in the same block, creating potential for front-running and governance manipulation."
181,82a1b82850c4,Medium,Governance,Bad Condition,"Once a user votes on a proposal, they cannot vote again—even if new votes are issued or revoked during the voting period. This creates inconsistencies between the recorded vote and the evolving total supply, potentially distorting quorum and outcome calculations, and undermining the reliability of governance results."
182,82a1b82850c4,Medium,Governance,"Bypass Mechanism, Implementation Error","A user can call vote() and then immediately reclaim their voting tokens using reclaimVotes() within the same transaction. This temporarily hides their voting power from the voter_admin, preventing any revocation via revokeVotesFrom() ."
183,82a1b82850c4,Medium,"DoS, Input Validation",Invalid Validation,"The TreasuryCustodian.revokePolicyApprovals() function can be abused to revoke withdrawal approvals from EOAs. Since the function only checks isActive() and interprets a failed call as false, any EOA (which naturally returns false when isActive() is called) can have its approvals griefed."
184,82a1b82850c4,Medium,Input Validation,Invalid Validation,There are no checks to ascertain that the policy being removed is registered in the Kernel. Trying to remove a non-registered results in the policy registered at 0th index of activePolicies being removed.
185,82a1b82850c4,Medium,"DoS, Governance",Front Run,"A malicious user holding just enough voting power to meet the ENDORSEMENT_THRESHOLD (e.g., 20%) can repeatedly submit and activate dummy proposals. "
186,82a1b82850c4,Medium,DoS,Refund Failed,"If all reward tokens are withdrawn using withdrawUnspentRewards(), the internal _issueReward() function will fail on the next beat() call due to insufficient token balance."
187,82a1b82850c4,Medium,Input Validation,Invalid Validation,"In both RANGE.sol and Operator.sol, the constructor() functions accept parameters like spreads and factors, but fail to enforce the same input validation checks found in the corresponding setter functions such as setSpreads(), setThresholdFactor(), and setCushionFactor()."
188,82a1b82850c4,Medium,Governance,Missing Upper/Lower Bound Check,"The voter_admin role can mint unlimited VOTES, and since there's no cap on totalSupply, this allows the admin to arbitrarily adjust the execution threshold by inflating the supply. "
189,82a1b82850c4,Medium,Oracle,"Bad Condition, Stale Value","In getCurrentPrice(), the staleness check for OHM price data allows a freshness window of 3 * observationFrequency, whereas the reserve token price uses a stricter 1 * observationFrequency. This inconsistency can cause the entire price-fetching logic to revert if the reserve token’s oracle doesn't update as frequently as expected, even when the OHM oracle is within the acceptable window. "
190,82a1b82850c4,Medium,"ERC777, Reentrancy",Cross-Function Reentrancy,"The repayLoan() function in OlympusTreasury measures the received repayment amount by comparing token balances before and after safeTransferFrom(). However, if the token is an ERC777 with a tokensToSend() hook, an attacker can perform a reentrant call to Operator::swap() within that hook. This alters the Treasury's token balance mid-execution, tricking the contract into overestimating how much debt was repaid."
191,82a1b82850c4,Medium,DoS,Bad Condition,"If wallSpread is set to 10000 (100%), the lower wall price computed in RANGE::updatePrices() becomes zero. This causes a division by zero in Operator::_activate() when computing invWallPrice. When the market enters a state where the lower wall is active and the price falls between the cushion and wall levels, operate() will revert. "
192,82a1b82850c4,Medium,DoS,"Incorrect Parameter, State Update Inconsistency","After a loan is issued from the Treasury via getLoan(), the getReserveBalance() function still reports an inflated token balance that includes the borrowed tokens and it breaks other contract functionality like swaps."
193,82a1b82850c4,Medium,Reentrancy,Cross-Function Reentrancy,"The repayLoan() function in the Treasury module calculates the repaid amount by comparing the Treasury’s token balance before and after safeTransferFrom(). If a malicious actor can exploit a cross-contract hook (e.g., protocol revenue payout or ERC777 tokensToSend behavior) during the transfer call to send additional tokens to the Treasury, the contract mistakenly attributes those tokens as loan repayment, reducing the attacker's debt unfairly."
194,82a1b82850c4,Medium,Chainlink,Stale Value,Function OlympusPrice.getCurrentPrice retrieves price using latestRoundData but the implementation is missing essential security checks which can result in stale and incorrect prices being returned.
195,82a1b82850c4,Medium,Arithmetic,Precision Loss,"The precision is lost in moving average calculations as the difference is calculated separately and added each time, while it typically can be small enough to lose precision in the division involved."
196,82a1b82850c4,Medium,Input Validation,Invalid Validation,"If Actions.MigrateKernel is not placed as the last instruction in a proposal, subsequent instructions—such as DeactivatePolicy—will fail due to the Kernel reference having changed mid-execution. Since affected functions rely on onlyKernel checks, they will revert, rendering the proposal unexecutable."
197,82a1b82850c4,Medium,Input Validation,Invalid Validation,"In Kernel._activatePolicy, no checks are done to ensure that the policy is not already registered in the Kernel contract. The check policy_.isActive() depends on an external call, and should be less preferred over contract's storage in this case. Successfully adding duplicate policy would result in failure when trying to deactivate it."
198,82a1b82850c4,Medium,"Access Control, Accounting Error",Asset Theft,"In both withdrawReserves() and in getLoan(), _checkApproval() is used to verify user has enough approval and subtracts the withdraw / loan amount. Therefore, there is no differentiation in validation between loan approval and withdraw approval."
199,82a1b82850c4,Medium,"Logic Error, Oracle","Implementation Error, Price Manipulation / Arbitrage opportunity","If Heart::beat() has not been called for a while, a user can invoke it multiple times within a single block, collecting the reward repeatedly and triggering redundant logic executions, which can lead to unnecessary updates and excessive token payouts."
200,82a1b82850c4,Medium,Oracle,"Price Manipulation / Arbitrage opportunity, Stale Value","Even when the beat() function is no longer called and oracle data becomes stale, the protocol continues to allow swaps against the RBS walls and cushion bonds. This enables arbitrage traders to exploit outdated prices, potentially draining treasury assets through favorable zero-slippage trades."
201,82a1b82850c4,Medium,Logic Error,Implementation Error,"After deployment, the admin address in the Kernel contract can only be changed to another contract, not to an EOA. Since only contracts like INSTR can call executeAction, and INSTR restricts targets to contracts, it's impossible to later assign admin rights to an EOA, which may have been the intended governance executor."
202,70080e8fc005,High,"Arithmetic, ERC721, Governance",Incorrect Parameter,"_afterTokenTransfer incorrectly transfers voting units between ""user addresses"" instead of ""delegated addresses,"" causing an underflow in the unchecked block of _moveDelegates that grants accounts maximum voting power."
203,70080e8fc005,High,"DoS, ERC721, Governance","Incorrect Parameter, Invariant Violation","_afterTokenTransfer incorrectly attempts to subtract voting units from the ""token owner"" instead of their ""delegate,"" causing a revert when the owner’s direct voting balance is zero after delegation, thereby freezing NFT transfers and burns."
204,70080e8fc005,High,Logic Error,"Implementation Error, Incorrect Parameter","_writeCheckpoint fails to consolidate multiple updates within the same block, allowing multiple checkpoints with identical timestamps to corrupt the binary search in getPastVotes, leading to incorrect voting weight calculations."
205,70080e8fc005,High,Accounting Error,Bad Condition,"_delegate directly accesses the delegation mapping instead of using a helper function to resolve the default delegate, causing the initial prevDelegate to be address(0) and allowing users to mint ""new"" votes to themselves during their first self-delegation.
"
206,70080e8fc005,High,Accounting Error,Does not match with Doc,"The implementation failed to follow OpenZeppelin ERC721Votes’ documentation: “Tokens do not count as votes until they are delegated.” The _transferFrom() function does not move delegated votes from the source’s delegates to the destination’s delegates; instead, it directly moves votes from the source to the destination.This allows users to create new accounts and repeatedly delegate to indefinitely increase their voting power, holding more votes than they actually should."
207,70080e8fc005,Medium,Arithmetic,Precision Loss,"At the early stage of the deployed DAO, if the token supply is low, the calculation settings.token.totalSupply() * settings.quorumThresholdBps) / 10_000 inside function quorum() may return 0, causing proposal.quorumVotes to be set to 0. "
208,70080e8fc005,Medium,"Input Validation, Pause",Invalid Validation,"The unpause() function incorrectly assumes auction.tokenId == 0 always implies the first auction hasn't started, causing it to re-initialize a new auction and reset the state, which orphans the existing bid and NFT #0 if the first auction was already active."
209,70080e8fc005,Medium,"DoS, Logic Error","Bad Condition, Out of Gas","In the Token.mint() function, a while loop checks _isForFounder(tokenId), and inside _isForFounder, _tokenId is taken modulo 100 before querying tokenRecipient. If the first 100 tokenIds' tokenRecipient entries are all vesting (such as when the total founders’shares sums to 100%, filling all entries), _isForFounder will always return true, causing mint() to enter an infinite loop."
210,70080e8fc005,Medium,Arithmetic,Incorrect Parameter,"Due to the incorrect modulo operation when filling the tokenRecipient mapping, some founders may receive IDs greater than 100, resulting in those IDs never being minted.Under certain allocation settings ((100 / pct1) - (100 / pct2) == 1), founders will receive fewer tokens than their configured percentage."
211,70080e8fc005,Medium,"DAO, Governance",Bad Condition,"The cancel function uses a strict ""greater than"" check ($>$) for the proposal threshold, whereas the propose function allows equality ($\ge$), enabling anyone to cancel a proposal if the proposer's voting power exactly equals the threshold.
"
212,70080e8fc005,Medium,"DoS, Governance",Missing Upper/Lower Bound Check,"Absence of reasonable maximum and minimum bounds for critical parameters in governance, treasury, and auction.
"
213,70080e8fc005,Medium,"DoS, Input Validation",Invalid Validation,"_delegate allows users to delegate to address(0), which clears the owner’s voting checkpoints without updating their delegation status; consequently, _afterTokenTransfer later attempts to subtract votes from the now-zero balance, causing a revert that permanently bricks token transfers and burning."
214,70080e8fc005,Medium,"Accounting Error, Governance, Input Validation",Invalid Validation,"When a user delegates voting power to address(0) through _delegate() , _to's vote weight won’t change since _writeCheckpoint() (where the acutal vote weight changes) inside _moveDelegateVotes() wil be skipped (because _to is address(0)).The delegation of voting power to the address(0) will permanently burn that voting power."
215,70080e8fc005,Medium,"DoS, Input Validation","Does not match with Doc, Invalid Validation, Missing Upper/Lower Bound Check","MetadataRenderer uses a fixed-size array of 16 for tokenAttributes but allows owners to add more than 15 properties, causing an ""Index out of bounds"" revert during the onMinted callback and permanently bricking the token minting process."
216,70080e8fc005,Medium,Accounting Error,"Invariant Violation, State Update Inconsistency"," The protocol use token.totalSupply() to calculates quorumVotes, but token.totalSupply() takes into account burned tokens and tokens held in the auction contract, which don’t have any actual voting power, which means the actual quorumThresholdBps is equal or higher than the setted quorumThresholdBps.
 The worst-case scenario is that quorum becomes so high that a proposal cannot pass even if everybody voted and everybody voted for, potentially locking funds into the contract."
217,70080e8fc005,Medium,"Governance, Input Validation",Invalid Validation,"Lack of address(0) check for vetoer address in initialize() and 2 step address changing process (set pending address and claim by himself) in updateVetoer() for vetoer address, resulting in veteor address be set to address(0) or an arbitrary address.
"
218,70080e8fc005,Medium,Logic Error,Bad Condition," _createAuction() wraps the token.mint() call in a try-catch block, however, due to the Error(string memory) behind catch, this will only catch reverts that comes from the require keyword and not the reverts with custom errors or other kinds of errors (arithmetic over/underflow etc.).In case of an error at mint() the auction won’t be settled till the owner and pauses the contract."
219,70080e8fc005,Medium,Access Control,Centralization Risk,"The veto function grants the vetoer absolute, permanent, and unrestricted power to block any proposal regardless of its state or community consensus, creating a single point of failure where a compromised or malicious actor can indefinitely paralyze the DAO's governance."
220,70080e8fc005,Medium,"DoS, Governance","Front Run, Nonce","The proposalId is derived solely from proposal content without incorporating the msg.sender or a nonce. This allows an attacker to front-run a legitimate proposal, create it first, and immediately cancel it, permanently preventing the original content from being proposed again due to the PROPOSAL_EXISTS check."
221,70080e8fc005,Medium,"DoS, Pause",1/64 Gas Rule,"The _createAuction function uses a try/catch block for token.mint(), which can be manipulated via EIP-150’s 63/64 gas rule. By providing a specific amount of gas, an attacker can force the minting call to fail due to Out-of-Gas while leaving enough gas for the catch block to execute _pause(), effectively allowing any user to halt the auction."
222,70080e8fc005,Medium,Access Control,Centralization Risk,"Auction parameter setters (e.g., duration, reserve price) lack state checks or caching mechanisms, allowing owners to modify critical settings during an active auction, which can lead to immediate settlement, failed bids, or manipulated user expectations."
223,70080e8fc005,Medium,"Arithmetic, DAO",Precision Loss,"At the early stage of a DAO, inside function proposalThreshold() it is possible that proposalThreshold rounds down to 0 because the token supply is low, causing the check in propose() not revert, so anyone can create proposals. Besides this, quorum() will return 0 due to the same logic, resulting in the proposal to be executed without being votes.
Impact: Anyone can create a proposal and the proposal can pass without anyone votes."
224,70080e8fc005,Medium,Arithmetic,Scaling,"With collections of more than 20000 NFTs, proposalThreshold() and quorum() can’t return 1 since the lowest number of settings.proposalThresholdBps and settings.quorumThresholdBps are 1 and the divisor is set to 10000.High total supply NFT can have threshold set to 1."
225,70080e8fc005,Medium,Governance,Incorrect Parameter,"In the Governor contract, parameters related to proposal (e.g., quorum & threshold) are depends on the total supply in the current timestamp but not the previous timestamp, so these values can be changed if total supply cahnges later in the same block because tehy are still eligible to vote.Attckers can lower the threshold and quorum by incresaing totalSupply."
226,70080e8fc005,Medium,Input Validation,Invalid Validation,"The protocol accepts both externally owned accounts (EOAs) and contract accounts as users, without restricting users to only EOAs. Users can transfer their voting power to a smart contract that offers higher incentives, resulting in that contract having increased voting power."
227,70080e8fc005,Medium,Arithmetic,Unsafe Downcast,"The initialize function performs an unsafe cast of founderPct to uint8 when calculating the cumulative totalOwnership. If a founder's percentage is a multiple of 256 (e.g., 256, 512), the truncated value becomes 0, bypassing the ""maximum 100%"" check and allowing malicious founders to monopolize the base token distribution logic."
228,70080e8fc005,Medium,Accounting Error,"Invariant Violation, State Update Inconsistency","The burn function in the Token contract does not decrement settings.totalSupply. Since founder allocations are based on a fixed schedule relative to a continuously increasing counter, burning unsold auction tokens reduces the actual circulating supply without adjusting the founders' fixed claim, effectively granting them a higher ownership percentage than the intended fixed percentage."
229,70080e8fc005,Medium,DoS,State Update Inconsistency,"Governor.transferOwnership() and Auction.transferOwnership() can be called by Treasury.sol through a governance proposal, causing a mismatch between the contract owner and settings.treasury.settings.treasury is not able to modify any governance parameters."
230,70080e8fc005,Medium,Logic Error,Incorrect Formula,"The ""greedy"" founder minting logic processes all reserved slots consecutively in a single mint() call. If the vestExpiry (vesting expiration) occurs mid-cycle, a founder with a higher reserved index range may capture nearly their entire 100-token-cycle allocation, while other founders lose their scheduled tokens for that cycle entirely."
231,70080e8fc005,Medium,"DoS, Input Validation",Invalid Validation,It is not possible to mint a ERC721 token if its properties has different length than it's items.
232,70080e8fc005,Medium,"DoS, Input Validation",Invalid Validation,"addProperties() doesn’t check newly added property has at least one item. Minting becomes impossible if  a property without items was added, and an item is only possible through a new governance proposal to be added to a property."
233,70080e8fc005,Medium,"DoS, Input Validation",Invalid Validation,"MetadataRenderer.onMinted() allows minting tokens without verifying that properties have been set, leading to tokens with no attributes. Such tokens won’t be able to render since MetaRenderer.getAttributes will revert with TOKEN_NOT_MINTED error."
234,70080e8fc005,Medium,Governance,Bad Condition,"In Governor.state(), 
the logic for determining whether a proposal is defeated uses the < operator but not <=. When forVotes and againstVotes are equal, the proposal is not considered defeated even if forVotes does not exceed againstVotes. Proposals can passed without majority support."
235,bb9c2df58c59,Medium,Upgradeable,Diamond,"If the governor key is leaked, an attacker can frontrun the execution with a malicious _calldata after the notice period, bypassing the intended upgrade protection. Without early detection of key leakage, the system cannot prevent malicious upgrades."
236,bb9c2df58c59,Medium,Zksync,EVM Compatibility,"The BLOCK_PERIOD is incorrectly set to 13 seconds instead of Ethereum's actual 12-second PoS block time, causing priority transactions to expire 5.5 hours earlier than expected on zkSync."
237,f4d8a18e633f,High,ERC4626,"Not EIP Compliant, Rounding Error","AutoPxGlp and AutoPxGmx are not compliant with ERC4626 standard, previewWithdraw should round up."
238,f4d8a18e633f,High,ERC4626,Inflation Attack,"The Vault's first deposit lacks a minimum amount or fixed shares mechanism, allowing the first depositor to use a very small number of shares to increase the share price after additional assets are transferred in. By using the rounding down formula, subsequent depositors may receive very few shares, ultimately allowing the first depositor to siphon off the principal from other depositors."
239,e68d196f2fbd,High,Arithmetic,Precision Loss,"invariant() performs division before multiplication when executing FullMath.mulDiv(), leading to data being truncated when dealing with low-precision decimal tokens. This allows attackers to extract assets while still satisfying the invariant condition."
240,e68d196f2fbd,Medium,ERC20,Fee On Transfer Token,"mint() uses the input parameter collateral to determine the actual amount received, overlooking the fact that fee-on-transfer ERC20 tokens can lead to a shortage of collateral. This results in a failed check and prevents support for such tokens."
241,e68d196f2fbd,Medium,DoS,Missing Functionality,"When adding liquidity for the first time, the protocol requires users to manually input amount0Min, amount1Min, and liquidity simultaneously, lacking on-chain verification or automatic calculation mechanisms. This can result in imprecise values and may lead to reverts."
242,e68d196f2fbd,Medium,MEV,Price Manipulation / Arbitrage opportunity,The design of upperBound in relation to liquidity distribution can create incentives for liquidity concentration and front-running liquidations as market prices and borrowing behaviors change. This allows the fastest participants to exit early or lock in funds to capture MEV (Maximal Extractable Value) profits.
243,e68d196f2fbd,Medium,Uniswap,Incorrect Parameter,"zeroswap/UniswapV2Library.sol Wrong init code hash in UniswapV2Library.pairFor() will break UniswapV2Oracle, UniswapV2Router02, SushiRoll"
244,e68d196f2fbd,Medium,Logic Error,"Bad Condition, No Recovery Mechanism","The method checks the amount received from the user with the condition if (balanceAfter < balanceBefore + collateral) revert InsufficientInputError();. However, the user may actually pay more collateral. In this case, no funds are returned to the caller, and they do not receive additional liquidity or shares."
245,e68d196f2fbd,Medium,Arithmetic,Precision Loss,Division before multiplication incurs unnecessary precision loss
246,e269b2c934ee,High,"Logic Error, Rebalance",Incorrect Parameter,"In the rebalance() function of Timeswap V2, when a user executes TimeswapV2PoolRebalance.GivenLong1, the contract mistakenly uses pool.long0Balance as the calculation parameter, whereas it should be pool.long1Balance."
247,e269b2c934ee,High,ERC1155,Reward Manipulation,"In ERC1155, using totalSupply() + 1 as the new tokenId may lead to duplication, which can result in incorrect asset allocation."
248,e269b2c934ee,High,DoS,Missing Initialization,"The collect() function calls transferFees() before long0Fees, long1Fees, and shortFees are properly initialized. As a result, the actual transfer amount is zero. Although the fees in _feesPositions are still burned, the user does not receive any funds, leading to asset loss and state inconsistency."
249,e269b2c934ee,Medium,ERC1155,State Update Inconsistency,"The ERC1155Enumerable contract does not correctly update _currentIndex, _allTokens, and _allTokensIndex during token minting and burning. As a result, even when a token ID's supply drops to zero, its associated indices are retained, causing totalSupply() to return inaccurate results."
250,e269b2c934ee,Medium,ERC1155,State Update Inconsistency,"_removeTokenFromAllTokensEnumeration can never be called, because of wrong order of if statement and _idTotalSupply[id] -= amount;. This leads to totalSupply do not correctly minus 1 when all token amounts for a specific tokenId get burned."
251,e269b2c934ee,Medium,"Accounting Error, ERC20","Does not match with Doc, Fee On Transfer Token",whitelisting token0 and token1 ensuring no fee-on-transfer token is allowed when deploying a new Timeswap V2 Option pair contract
252,e269b2c934ee,Medium,Arithmetic,Rounding Error,"Due to the wrong calculation of short and long tokens during the leverage and deleverage process, the users can suffer financial loss while the protocol will lose fees"
253,e269b2c934ee,Medium,Input Validation,Invalid Validation,"The vulnerability in the add512 function arises from an incomplete overflow check. It only checks whether addendA1 > sum1, but fails to account for the case when addendA1 == sum1 and an overflow occurs in the lower 256 bits (sum0)."
254,e269b2c934ee,Medium,Logic Error,Implementation Error,"_ownedTokensIndex is SHARED by different owners, as a result, _removeTokenFromAllTokensEnumeration() might remove the wrong tokenId."
255,e269b2c934ee,Medium,Reentrancy,Violating CEI / Missing nonReentrant,"When an LP calls mint, the contract updates global fee growth (short, long0, long1) but fails to update the LP’s LiquidityPosition. This leads to a mismatch between the user's position and global state, potentially causing the LP to receive fewer fees."
256,5e41ded6a8cd,High,Input Validation,Bypass Mechanism,Calling MsgValueSimulator with non-zero msg.value triggers a self-call that bypasses onlySelf checks and may lead to unexpected behavior or stuck funds.
257,5e41ded6a8cd,Medium,DoS,Bad Condition,"Calling forceDeployOnAddress() without callConstructor sets the contract to constructing state permanently, making it behave like an EOA and preventing any function calls. This can silently break protocol logic and disable critical contracts."
258,5e41ded6a8cd,Medium,"Access Control, Input Validation","Bypass Mechanism, Invalid Validation","User transactions with non-zero ETH can trigger system contracts via rawCall, bypassing the intended isSystem restrictions and potentially enabling dangerous behavior."
259,5e41ded6a8cd,Medium,"DoS, Zksync","EVM Compatibility, payable / receive()","The fallback() function in DefaultAccount lacks payable, causing ETH transfers with unrecognized calldata to fail, breaking EVM compatibility and affecting protocol interoperability."
260,5e41ded6a8cd,Medium,Logic Error,Implementation Error,"Failed force deployments can trap ETH in the ContractDeployer contract, making the funds unrecoverable and unusable for future deployments."
261,9e1a7f778757,High,DoS,Bad Condition,"The moveLiquidity() function unconditionally removes the fromIndex from positionIndexes, even when only a partial LP amount was successfully moved. This causes the remaining LP to become inaccessible and frozen, leading to permanent fund lockup."
262,9e1a7f778757,High,DoS,Stale Value,"The moveLiquidity function incorrectly sets toPosition.depositTime to the source bucket's deposit time, which may be stale and not reflect the actual deposit state in the destination bucket. If the destination bucket has gone bankrupt after that time, the moved LPs will be considered defaulted and permanently inaccessible, resulting in irreversible fund loss."
263,9e1a7f778757,High,"Access Control, DoS",Out of Gas,"Anyone can attach insignificant liquidity positions to another user's Position NFT without permission, bloating the positionIndexes array. This can lead to DOS during reward calculations due to exceeding the gas limit and also prevent the NFT from being burned, locking the owner’s assets."
264,9e1a7f778757,High,Accounting Error,"Does not match with Doc, Precision Loss","In Ajna Grants, the 10% reward allocated to delegating voters is actually spent, but not accounted for when updating the treasury after a funding round. This causes the contract to double-count the 10% delegation rewards, leading to inaccurate treasury values and potential long-term precision errors or underfunded distributions."
265,9e1a7f778757,High,"Arithmetic, DoS",Bad Condition,"In Ajna’s RewardsManager, an incorrect calculation of updatedRewards_ occurs when rewardsClaimedInEpoch already exceeds the pool’s rewardsCap, causing an underflow during subtraction."
266,9e1a7f778757,High,DoS,No Recovery Mechanism,"In PositionManager.memorializePositions, if a bucket is found bankrupt after a prior deposit, the system zeroes out the lender’s previously tracked LP balance — even if there are still unclaimed rewards."
267,9e1a7f778757,High,Accounting Error,Implementation Error,"The memorializePositions function credits the full LP balance to the NFT while the Pool only deducts the approved allowance.
By repeating minimal approvals until the Pool balance is zero, a user can exponentially inflate their NFT position to claim excessive rewards and governance power."
268,9e1a7f778757,High,Accounting Error,"Implementation Error, No Recovery Mechanism","If the RewardsManager contract is underfunded, claims are capped by its current token balance, causing accumulated rewards to be lost.
Unclaimed rewards cannot be retrieved later, leading to permanent reward loss."
269,9e1a7f778757,High,Input Validation,Invalid Validation,"An attacker can call moveLiquidity to move funds into a bankrupted bucket, which is not validated by the contract.
This effectively revives the bucket and allows the attacker to redeem wiped-out LP shares, stealing value from other users."
270,9e1a7f778757,High,Input Validation,"Asset Theft, Invalid Validation","Because _claimRewards does not validate isEpochClaimed, a user can repeatedly trigger it via moveStakedLiquidity to claim the same epoch’s rewards multiple times.
This enables double-claiming and drains protocol funds."
271,9e1a7f778757,High,Input Validation,Invalid Validation,"updateBucketExchangeRatesAndClaim fails to validate pool_ as a legitimate pool, allowing an attacker to supply a malicious contract and drain all reward tokens."
272,9e1a7f778757,Medium,Input Validation,Missing Upper/Lower Bound Check,"Because no minimum voting threshold exists, an attacker can submit a self-transfer proposal with dust votes during low activity periods to capture unallocated funds."
273,9e1a7f778757,Medium,Governance,Centralization Risk,"Delegate rewards are distributed quadratically by vote count, giving whales a disproportionate share while discouraging smaller delegates.
This undermines decentralization and reduces governance participation from less powerful voters."
274,9e1a7f778757,Medium,Arithmetic,Precision Loss,"_updateBucketExchangeRateAndCalculateRewards performs division before multiplication, causing precision loss and systematically underpaying user rewards.
The error grows with the amount of interest earned, making larger rewards more inaccurate."
275,9e1a7f778757,Medium,MEV,Front Run,"The updateBucketExchangeRatesAndClaim function is vulnerable to MEV frontrunning, allowing bots to consistently capture update rewards.
This results in unfair reward distribution and discourages honest users from maintaining bucket states."
276,9e1a7f778757,Medium,Arithmetic,Precision Loss,Calculating new rewards is susceptible to precision loss due to division before multiplication.
277,9e1a7f778757,Medium,Solidity Version,Misuse of Dependency,"getPositionIndexesFiltered is compiled with Solidity 0.8.14 and hits a known optimizer bug where inline assembly memory writes may be removed.
This can corrupt the returned array length and break function correctness."
278,9e1a7f778757,Medium,Governance,Bad Condition,"Due to snapshot inconsistencies, screeningVote and voteExtraordinary grant different voting power when called at the exact start block versus later blocks.
This allows attackers to mint or dispose tokens at the distribution start block to unfairly manipulate voting power."
279,9e1a7f778757,Medium,Governance,"Bypass Mechanism, Incorrect Parameter","In the Extraordinary Funding mechanism, thresholds depend on the live total supply, allowing attackers to burn tokens and reduce the required quorum.
This lets under-supported proposals pass and siphon treasury funds, posing a severe risk to protocol reserves."
280,9e1a7f778757,Medium,"DoS, Input Validation","Front Run, Invalid Validation","Because proposeExtraordinary excludes endBlock from the proposal hash, an attacker can frontrun with the same parameters but a malicious expiry block."
281,9e1a7f778757,Medium,Arithmetic,Unsafe Downcast,"RewardsManager unsafely casts uint256 values to uint128 when storing LP balances and exchange rates, creating overflow risk.
This can lead to incorrect reward calculations, lost rewards, or transaction failures in extreme cases."
282,9e1a7f778757,Medium,"Governance, Input Validation",Invalid Validation,"StandardFunding.fundingVote lets users who skipped the screening stage vote in the funding stage, yet these users cannot claim rewards.
This locks a portion of rewards permanently, causing mismatches between the treasury balance and actual distributable rewards."
283,9e1a7f778757,Medium,Governance,"Does not match with Doc, Incorrect Parameter","The voting threshold in Extraordinary Proposals is miscalculated by treating treasury token requests as non-treasury ratios, resulting in lower-than-expected requirements. This flaw enables attackers to drain the treasury over multiple proposals without needing full non-treasury support."
284,9e1a7f778757,Medium,EIP4494,Not EIP Compliant,"PositionManager and PermitERC721 fail to comply with EIP-4494 by omitting required interfaces and functions, breaking signature tracking and compatibility. As a result, tools and contracts cannot detect ERC721 permit support, undermining usability and standard conformance."
285,9e1a7f778757,Medium,"Arithmetic, DoS",State Update Inconsistency,"PositionManager.moveLiquidity may underflow and revert if vars.lpbAmountFrom exceeds fromPosition.lps, which can happen due to accrued interest or price shifts. This stems from failing to clear outdated LP records post-liquidity move."
286,2c2d03025183,High,"ERC777, Reentrancy",Violating CEI / Missing nonReentrant,"With a very large cross chain token transfer, a malicious party can use this to steal the same amount from the express receive executor."
287,2c2d03025183,High,"ERC777, Reentrancy","ERC777 Callback, Violating CEI / Missing nonReentrant",A malicious actor can trick a TokenManager into thinking that a bigger amount of tokens were transferred.
288,2c2d03025183,Medium,DoS,Whale,"A large token holder can send back and forth tokens using the flow limit to the capacity in the start of every epoch, making the system unusable(DOS)"
289,2c2d03025183,Medium,"DoS, ERC777",ERC777 Callback,"when token is ERC777 token, the token receiver can manipulate its balance in order to increase flow in more than it should be"
290,2c2d03025183,Medium,DoS,"Case Sensitive, Implementation Error","Different EVM and non-EVM chains support different address formats (e.g., case sensitivity), which may cause validateSender to fail."
291,2c2d03025183,Medium,DoS,payable / receive(),"InterchainProposalExecutor._execute is called from a non-payable function, and thus native coins cannot be passed in the call "
292,2c2d03025183,Medium,Cross-Chain,Incorrect Parameter,"the refund address is error, using msg.sender directly"
293,2c2d03025183,Medium,Access Control,Centralization Risk,"After the ownership of the RemoteAddressValidator contract is transferred, the trusted addresses can no longer be modified. If the previous owner had added a malicious contract, it would still be considered valid and could deploy new token managers and tokens."
294,2c2d03025183,Medium,"Governance, Multisig",Nonce,"When the vote threshold is met, the onlySigners modifier resets the counter and triggers an external call. If all signers vote within the same block, it may lead to double counting."
295,2c2d03025183,Medium,Cross-Chain,Token Decimal,Insufficient support for tokens with different decimal places across chains can lead to loss of funds during cross-chain bridging.
296,2c2d03025183,Medium,"Cross-Chain, Opensea",EVM Compatibility,"Different chains use different contract address formats, which can cause issues during cross-chain operations. Contracts may fail to interpret addresses correctly, making it impossible to whitelist addresses from certain chains. Additionally, non-EVM chains may be unable to interact with EVM-based chains."
297,2c2d03025183,Medium,"Accounting Error, ERC20",Fee On Transfer Token,safeTransferFrom() does not ensure that the actual number of tokens received is the same as the input amount.
298,22ad8fd6e044,Medium,Re-org Attack,State Update Inconsistency,Identifying publications using its ID makes the protocol vulnerable to blockchain re-orgs
299,22ad8fd6e044,Medium,Input Validation,State Update Inconsistency,"tryMigrate() function does not check whether followerProfileId is already following any data. If a user calls follow() again after upgrading to V2, it may result in the same user following the same data twice, causing _followerCount to be incorrectly incremented and the state of _followDataByFollowTokenId to become inconsistent."
300,22ad8fd6e044,Medium,Access Control,Implementation Error,"The contract fails to properly check user permissions, preventing users from performing intended actions. When a user attempts to follow using a wrapped followTokenId, if the user is not the owner of the corresponding follow NFT or has not been authorized, they are unable to unfollow. This means that users cannot control their own follow actions without owning the respective follow NFT."
301,22ad8fd6e044,Medium,Pause,State Update Inconsistency,"When the system is paused, users should not be able to execute the unfollow() operation due to the whenNotPaused modifier. However, users can bypass this restriction by calling removeFollower() or burn() in the FollowNFT contract, which lack the whenNotPaused modifier, allowing them to unfollow even while the system is paused."
302,22ad8fd6e044,Medium,DoS,Duplicate Value,"There is a lack of proper operation restrictions for whitelisted profile creators, allowing them to mint handles corresponding to V1 Profiles. If someone else mints the same handle after the V2 upgrade, the corresponding V1 profile will be permanently unable to be migrated using batchMigrateProfiles()."
303,22ad8fd6e044,Medium,EIP712,Not EIP Compliant,"In MetaTxLib.validatePostSignature(), the postParams.actionModules array is not encoded before being passed into abi.encode. In MetaTxLib.validateChangeDelegatedExecutorsConfigSignature(), delegatedExecutors and approvals arrays are encoded using abi.encodePacked() without wrapping in keccak256. These encoding methods deviate from EIP-712 standards, causing calls to revert."
304,22ad8fd6e044,Medium,EIP712,Not EIP Compliant,"The signature verification of the typehash differs from the EIP-712 standard, causing calls to revert."
305,22ad8fd6e044,Medium,Access Control,"Bypass Mechanism, Implementation Error","In approve(), the token guardian check is insufficient. Even if the owner has enabled the token guardian, an already authorized operator can still call the approve() function to set token allowances, meaning the owner's tokens could be controlled by an unauthorized operator."
306,22ad8fd6e044,Medium,Input Validation,"Bypass Mechanism, Invalid Validation","Users cannot follow themselves on V2, but users who own a follow NFT from V1 can call FollowNFT::tryMigrate() on V2 to follow themselves."
307,22ad8fd6e044,Medium,Input Validation,"Bypass Mechanism, Invalid Validation","By calling FollowNFT::tryMigrate(), a user can follow themselves without the consent of others."
308,22ad8fd6e044,Medium,Input Validation,"Bypass Mechanism, Invalid Validation","Through executing batchMigrateFollows, blocked followers can continue to follow, because FollowNFT.tryMigrate does not check whether the user has been blocked."
309,2b7ce0d78309,Medium,"DoS, Liquidation",ERC777 Callback,The protocol allows ERC-777 tokens to be used as emission tokens.A liquidated user can trigger tokenReceived in ERC-777 to revert the entire liquidation.
310,2b7ce0d78309,Medium,"Chainlink, Oracle",Invalid Validation,"The contract does not use Chainlink Aggregator’s minAnswer / maxAnswer to validate returned prices (most data feeds no longer use these according to Chainlink docs).
"
311,2b7ce0d78309,Medium,"DAO, DoS","Invalid Validation, State Update Inconsistency","Improper verification logic for cross-chain governance messages (VAA). If the guardian set changes during the delay period, the same VAA may fail verification in executeProposal because Wormhole checks VAA validity against the current active guardian set.
"
312,2b7ce0d78309,Medium,"DoS, ERC20",Refund Failed,"The contract sends rewards for each emissionConfig’s emissionToken. If the emissionToken is malicious (e.g., reverts on transfer), the entire transaction fails."
313,2b7ce0d78309,Medium,"Access Control, DAO",Centralization Risk,"The guardian has pause authority, but the contract does not override transferOwnership. Only the current guardian (owner) can change the guardian, preventing normal ownership transfer."
314,2b7ce0d78309,Medium,"DAO, DoS, Pause",Invariant Violation," grantGuardiansPause lacks a whenNotPaused check, allowing it to execute while paused, setting guardianPauseAllowed = true and bypassing permissionlessUnpause and togglePause asserts.
The guardian can call renounceOwnership to remove themselves as owner, and the contract has no mechanism for governance to reclaim ownership.
impact: If the sequence pause → grantGuardianPause → renounceOwnership occurs, the contract cannot be unpaused via permissionlessUnpause. No one can control TemporalGovernor since the owner is address(0), and only the owner can call revokeGuardian. The contract becomes permanently paused, unable to process any proposals."
315,2b7ce0d78309,Medium,"Cross-Chain, Input Validation",Invalid Validation," The guardian can execute cross-chain proposals while the contract is paused and does not check whether the intendedRecipient is the contract itself.
As long as the cross-chain proposal’s calldata matches the expected format, the guardian can bypass validation and execute the proposal even if intendedRecipient points to another contract."
316,2b7ce0d78309,Medium,"Access Control, DAO, Pause",Does not match with Doc,"fastTrackProposalExecution lacks the whenPaused modifier.
The owner can bypass the normal voting process and execute any proposal even when the contract is not paused, contrary to the intended “use only when paused” design."
317,2b7ce0d78309,Medium,DoS,payable / receive()," If a proposal includes transferring native tokens to a target address, execution fails because the contract lacks a receive or payable function.
impact: The proposal reverts during execution."
318,2b7ce0d78309,Medium,DoS,"Hardcoded Parameter, Token Decimal","During deployment, each market is initialized with a hardcoded initialMintAmount of 1e18.
For tokens with units smaller than 1e18, the deployer cannot provide such a large initial amount, causing minting (and deployment) to fail."
319,2b7ce0d78309,Medium,Bridge,Incorrect Parameter,"During deployment, an incorrect address was set as the Wormhole Core contract address. This address has no corresponding contract deployed on the Base mainnet.
impact: The TemporalGovernor contract will revert when executing parseAndVerifyVM through this address. Since the contract cannot execute proposals, the initialization tokens held internally (used to prevent immediate market attacks) cannot be transferred or utilized and become locked. Additionally, the entire TemporalGovernor contract becomes non-functional, unable to accept or execute proposals."
320,2b7ce0d78309,Medium,Bridge,Incorrect Parameter,"The chainId for Base mainnet was set incorrectly.
Deployment is invalid and requires redeployment."
321,2b7ce0d78309,Medium,"DoS, Liquidation",Missing Functionality, Exception handling logic for deprecated markets was not implemented.Deprecated markets cannot be liquidated.
322,2b7ce0d78309,Medium,Access Control,State Update Inconsistency,"Accumulated but unclaimed rewards for suppliers and borrowers were not distributed before the admin replaced the reward distribution contract.
Once the replacement occurs, users' previously accumulated rewards may become permanently unclaimable."
323,2b7ce0d78309,Medium,DoS,Hardcoded Parameter,"When executing lending operations, the current borrowRateMantissa is calculated based on the utilizationRate. If this interest rate exceeds borrowRateMaxMantissa, the contract will forcibly revert.
impact: If reserves > cash, it will cause utilizationRate > 1, making borrowRateMantissa > borrowRateMaxMantissa and triggering a revert. User funds become locked and cannot be withdrawn or used to repay debts."
324,2b7ce0d78309,Medium,Arithmetic,"Hardcoded Parameter, Token Decimal","When the contract sets reward tokens for different mTokens, it restricts the reward speed to not exceed 100 * 1e18.
Different reward tokens have different decimals, making it impossible to fairly limit the reward speed (< 18 → reward distribution limit is greater than expected; > 18 → reward distribution becomes nearly impossible to execute)."
325,2b7ce0d78309,Medium,Arithmetic,"Does not match with Doc, Incorrect Parameter","The borrowRateMaxMantissa setting was not adjusted for specific chains.
On chains with shorter block times, extremely high annualized borrowing interest rates are allowed."
326,1aee004bafff,High,"EIP712, Governance, Replay Attack",Nonce,"castVoteWithReasonAndParamsBySig allows others to vote on behalf of a user via signature, but the signed data does not include a nonce. An attacker can reuse the same signature multiple times, concentrating a user’s votes on a specific candidate and manipulating election results."
327,1aee004bafff,Medium,Governance,"Centralization Risk, Invalid Validation","The relay allows the contract owner to modify fullWeightDuration or votingPeriod without checking for ongoing proposals, enabling election parameters to be changed mid-vote.The contract owner can influence voting outcomes—for example, increasing fullWeightDuration so that late voters gain disproportionately higher weight."
328,1aee004bafff,Medium,Arithmetic,Does not match with Doc,"When calculating the next election date, firstNominationStartDate.day is used directly without accounting for differences in the number of days between months.
 The election interval can be extended to more than six months."
329,1aee004bafff,Medium,Upgradeable,"Missing Initialization, Not EIP Compliant",GovernorUpgradeable & EIP712Upgradeable contracts remain uninitialized.
330,1aee004bafff,Medium,"Access Control, DAO, Governance",Centralization Risk,"Lack of a tracking mechanism for removed members, and the authority to add new members is entirely controlled by the Security Council. A member can be re-added within the same lifecycle even after being voted out by the DAO. "
331,1aee004bafff,Medium,"DAO, Input Validation","Implementation Error, Invalid Validation, State Update Inconsistency","SecurityCouncilManager, when replacing cohort members, deletes the old cohort and adds new members without checking for ongoing elections, allowing the same member to exist simultaneously in both the old and new cohort.During elections, a member might be elected to the new cohort while still part of the old cohort, causing governance confusion and disrupting the democratic process."
332,b2ae5242870b,High,"Cross-Chain, Replay Attack",State Update Inconsistency,"The lack of chain ID verification and final owner protection allows the removeOwnerAtIndex call to be replayed and executed on different chains, mistakenly removing different owners at the specified index, and even potentially removing the only owner."
333,b2ae5242870b,Medium,DoS,Bad Condition,"During the validation process of MagicSpend.validatePaymasterUserOp(), only a single withdrawAmount check against the contract’s balance is performed. However, when multiple UserOps are batched in EntryPoint, the single-balance check cannot ensure that the total requested funds do not exceed the contract balance. When EntryPoint executes multiple UserOps() in a batch, if the total requested funds exceed the MagicSpend contract balance, subsequent postOp() executions will fail due to insufficient funds, leading to transaction reverts."
334,b2ae5242870b,Medium,DoS,"Front Run, Nonce","MagicSpend.validatePaymasterUserOp() and MagicSpend.withdraw()  use the same signature. Malicious users can submit a transaction via the paymaster and then front-run with a withdraw() call, causing validatePaymasterUserOp() to revert because the nonce has already been consumed."
335,289d8258d7b3,High,"Input Validation, Liquidation",Invalid Validation,"The V3Vault does not check the token address in the permit2 signature, allowing attackers to withdraw USDC from the vault using any ERC20 approval."
336,289d8258d7b3,High,Reentrancy,Violating CEI / Missing nonReentrant,"onERC721Received calls _cleanupLoan to perform external NFT transfers before completing core state updates, violating the CEI pattern.
"
337,289d8258d7b3,High,Input Validation,Invalid Validation,"The transform() function of V3Vault does not verify the ownership of the tokenId in the data parameter, allowing attackers to manipulate and tamper with the NFT positions of other depositors."
338,289d8258d7b3,High,"Access Control, Input Validation","Asset Theft, Invalid Validation","V3Utils.execute() lacks caller verification, allowing anyone with authorization to steal the entire liquidity of another person's Uniswap V3 NFT position."
339,289d8258d7b3,High,"Arithmetic, Oracle, Uniswap",Rounding Error,"If tickCumulatives[1] - tickCumulatives[0] is negative and ((tickCumulatives[1] - tickCumulatives[0]) % twapSeconds) does not equal zero, then the returned tick will be larger than its correct value."
340,289d8258d7b3,High,DoS,onERC721Received callback,"Malicious holders can exploit the onERC721Received callback by returning an invalid value, leading to a revert."
341,289d8258d7b3,Medium,Input Validation,Bypass Mechanism,"_updateAndCheckCollateral() only checks collateral limits during borrowing, allowing attackers to bypass the checks and exceed the collateral limits set by the protocol through the process of 'deposit → borrow → immediately withdraw."
342,289d8258d7b3,Medium,"DoS, ERC721",onERC721Received callback,"Attackers can trigger a malicious onERC721Received callback to consume gas during the AutoRange::execute()process, forcing a revert and leading to continuous consumption of protocol fees and a DoS scenario for the contract."
343,289d8258d7b3,Medium,Liquidation,No Incentive to Liquidate,The protocol lacks minLoanSize check.There will be no incentive for liquidators to liquidate small underwater positions given the gas cost.
344,289d8258d7b3,Medium,DoS,Front Run,"Due to interest updates occurring only once per block, borrowers can take and repay loans within the same block without accruing interest, enabling arbitrage and low-cost DoS attacks that block other users from borrowing."
345,289d8258d7b3,Medium,Accounting Error,State Update Inconsistency,"V3Vault’s setReserveFactor updates the reserve factor without first updating global interest rates, causing the new reserve factor to retroactively affect lending rates and potentially create unexpected or unfair borrow/supply rates."
346,289d8258d7b3,Medium,Logic Error,"Implementation Error, Incorrect Parameter","Due to an off-by-one-style miscalculation in _resetDailyLendIncreaseLimit and _resetDailyDebtIncreaseLimit, users can deposit or borrow up to ~110% of allowed daily limits instead of being correctly constrained, effectively bypassing the protocol’s daily asset limits."
347,289d8258d7b3,Medium,Arithmetic,Token Decimal,"When referenceTokenDecimals is 18 chainlinkPriceX96 is higher than some threshold between 18 and 19 (in Q96 notation), it will cause arithmetic overflow."
348,289d8258d7b3,Medium,Logic Error,State Update Inconsistency,"dailyLendIncreaseLimitLeft and dailyDebtIncreaseLimitLeft are not correctly adjusted when _withdraw or _repayare called before a deposit/borrow in the same day, causing the protocol to incorrectly enforce daily limits and allowing users to bypass intended daily restrictions."
349,289d8258d7b3,Medium,Liquidation,Incorrect Parameter,"Liquidation rewards are sent to msg.sender instead of the intended recipient specified in LiquidateParams, breaking composability and potentially redirecting incentives."
350,289d8258d7b3,Medium,Pause,No Recovery Mechanism,"When an AutoCompoundVault is deactivated, users’ tokens can become stuck because withdrawLeftoverBalances relies on the vault being active to determine ownership."
351,289d8258d7b3,Medium,Liquidation,Unfair Liquidation,"_checkLoanIsHealthy lacks a safety buffer, allowing borrowers at the maximum loan limit to be unfairly liquidated due to minor market fluctuations."
352,289d8258d7b3,Medium,Logic Error,Incorrect Parameter,"_deposit checks totalSupply() instead of converting to assets, allowing users to exceed the global lending limit."
353,289d8258d7b3,Medium,Access Control,Invalid Validation,"The execute() uses the old configuration from positionConfigs[tokenId] without verifying that the configuration was set by the current NFT owner, potentially allowing users to execute the token settings of the previous owner."
354,289d8258d7b3,Medium,ERC4626,Not EIP Compliant,V3Vault is not ERC-4626 compliant
355,289d8258d7b3,Medium,"DoS, Input Validation",Invalid Validation,"Anyone can call a repayment operation with a value of 0, leading to the incorrect removal of newly created user positions and resulting in asset loss."
356,289d8258d7b3,Medium,"DoS, Liquidation",Liquidation - Dust repay / front run evade liquidation,"Both repay and liquidate calls will fail if the amount of shares that the transaction attempts to repay exceeds the outstanding debt shares of the position, with RepayExceedsDebt and DebtChanged errors respectively."
357,289d8258d7b3,Medium,Accounting Error,Incorrect Parameter,"In onlyFees mode, feeAmount should be calculated based solely on the fees, but it actually includes liquidity assets withdrawn from a previous decreaseLiquidity() call. This results in an overestimation of reward calculations, causing holders to pay more rewards than expected."
358,289d8258d7b3,Medium,Logic Error,"Bad Condition, Price Manipulation / Arbitrage opportunity, Unfair Liquidation","The TWAP verification logic in AutoRange and AutoExit is overly strict, resulting in a scenario where users are unable to exit their positions for stop-loss purposes even if they opt not to perform a swap. This forces assets to be locked during periods of high market volatility."
359,289d8258d7b3,Medium,Chainlink,Price Manipulation / Arbitrage opportunity,"V3Oracle uses the manipulable spot price to derive the number of position tokens, meaning that even if the price is verified by the oracle, the valuation calculation can still be distorted."
360,289d8258d7b3,Medium,"DoS, Liquidation",Bad Condition,"When the admin sets the collateralFactor of a token to 0 to remove its collateral eligibility, the liquidation process will have collateralValue calculated as 0. This ultimately leads to the liquidation logic reverting due to division by 0, rendering the associated loans permanently unliquidatable."
361,289d8258d7b3,Medium,Slippage,Missing deadline,Dangerous use of deadline parameter
362,289d8258d7b3,Medium,Liquidation,"Does not match with Doc, State Update Inconsistency","liquidate() does not update dailyDebtIncreaseLimitLeft after repaying the debt (liquidation), which prevents the re-borrowing data from being released. Over time, this accumulation can lead to a decrease in vault utilization and inconsistency with the logic of repay()."
363,289d8258d7b3,Medium,MEV,"Bypass Mechanism, Front Run","Users can front-run the operator's transaction execution by altering the onlyFees , changing the fee model from being based on the entire position to being calculated solely on fees. This reduces the fee percentage that the protocol can charge, resulting in a loss of revenue for the protocol."
364,289d8258d7b3,Medium,Liquidation,Does not match with Doc,"_calculateLiquidation() calculates the liquidator's income as 10% of the fullValue instead of 10% of the debt during underwater liquidations. This leads to insufficient liquidation incentives when assets are below the debt, undermining the fair liquidation mechanism designed by the protocol."
365,289d8258d7b3,Medium,Oracle,Incorrect Parameter,"The priceX96 is obtained by calling _getReferencePoolPriceX96(pool, 0); which returns slot zero price, while the derivedPoolPriceX96 is the price to be verified.

The problem is when priceX96 < verifyPriceX96, the difference in % is obtained by dividing the difference by verifyPriceX96 which will return a lower value
Instance"
366,57feee7d5701,High,"Input Validation, Liquidation",Invalid Validation,"The same vault can be added to both the general and Kerosene lists, causing its collateral value to be double-counted, which inflates the collateral ratio and enables borrowers to take on excessive debt."
367,57feee7d5701,High,"Liquidation, Logic Error",Cannot partial liquidations,"Partial liquidations cannot be performed and prevents liquidators from liquidating DYAD minted by whales that hold huge positions in the system. Since the liquidations cannot be performed unless the liquidator can match up to the collateral deposited and DYAD minted by the whale, the system will be undercollaterized causing bad debt to accrue.

"
368,57feee7d5701,High,DoS,Front Run,Attacker can frontrun a deposit request with amount 0 to block the withdraw reqeust
369,57feee7d5701,High,"DoS, Input Validation",Invalid Validation,"An attacker can grief any token ID by depositing a dust amount in the same block, triggering the DepositedInSameBlock check and causing a denial-of-service on withdrawals."
370,57feee7d5701,High,DoS,Missing Functionality,"Users’ funds deposited into the unbounded Kerosene vault become permanently locked due to missing decimals() support, preventing withdrawals."
371,57feee7d5701,High,DoS,Bad Condition,"Withdraw checks wrongly apply to Kerosene assets, causing deposited Kerosene to become permanently locked and unwithdrawable."
372,57feee7d5701,High,"DoS, Liquidation",Bad Condition,"Liquidation reverts when non-kerosene collateral is insufficient, due to missing exogenous collateral checks in VaultManagerV2::liquidate."
373,57feee7d5701,High,DoS,Bad Condition,Kerosene deposits are stuck in the unbounded vault due to assetPrice underflow when TVL is less than total DYAD supply.
374,57feee7d5701,High,Liquidation,Implementation Error,"Kerosene collateral is not transferred to the liquidator during full liquidation, causing the liquidator to incur a loss."
375,57feee7d5701,High,"Flashloan, Liquidation",Bypass Mechanism,"Users can bypass the system's flashloan protection by self-liquidating and moving collateral within the same block, enabling repeated exploitation without immediate detection."
376,57feee7d5701,Medium,Logic Error,Does not match with Doc,"The liquidation bonus is miscalculated, causing liquidators to receive insufficient collateral, weakening liquidation incentives and increasing system risk."
377,57feee7d5701,Medium,Liquidation,No Incentive to Liquidate,"If cr drops below 1e18, no one will have incentive to liquidate others."
378,57feee7d5701,Medium,DoS,Missing Initialization,"setUnboundedKerosineVault was never called during deployment, causing the bounded vault to inevitably revert when attempting to query the value of kerosene"
379,57feee7d5701,Medium,Liquidation,No Incentive to Liquidate,"When this borrow position is at risk of liquidation due to insufficient collateral, the kerosene liquidated will be bought at two fold the normal price."
380,57feee7d5701,Medium,Liquidation,No Incentive to Liquidate,No incentive to liquidate small positions could result in protocol going underwater
381,57feee7d5701,Medium,"Access Control, DoS",Front Run,"Anyone can front-run a transaction to deposit a small amount of assets into the dNFT position, thereby preventing the dNFT owner from removing a specific vault. The reason is that both remove() and removeKerosene() check:if (Vault(vault).id2asset(id) > 0) revert VaultHasAssets();As long as there are assets in the vault, the removal will fail. Attackers can observe transactions in the mempool and deposit 'dust' assets in advance, causing the victim's removal operation to revert."
382,57feee7d5701,Medium,"Access Control, Input Validation",Invalid Validation,"VaultManagerV2.sol::burnDyad function is missing an isDNftOwner modifier, allowing a user to burn another user’s minted DYAD"
383,57feee7d5701,Medium,DoS,"Bad Condition, Implementation Error","addKerosine() is intended to add BoundedKerosineVault and UnboundedKerosineVault to the VaultManagerV2. But since the addKerosine() check if the vault isLicensed in KerosineManager it will always revert for kerosine vaults, because in KerosineManager are stored only the exogenous vaults based on which the kerosine price is determined."
384,57feee7d5701,Medium,Liquidation,"Unfair Liquidation, Whale","The price of kerosene tokens can be manipulated instantaneously, leading to forced liquidation. The getKeroseneValue()function relies on the real-time price of the kerosene vault, which can change abruptly with user actions (depositing or withdrawing collateral). Attackers can exploit this to force other users into liquidation."
385,b78ed0629056,High,DoS,"Front Run, State Update Inconsistency","Insufficient balance prevents bridging, leading to a DoS attack on the bridge."
386,b78ed0629056,High,"Access Control, Cross-Chain, DoS","Missing Initialization, State Update Inconsistency","Anyone can send a ""remote deployment request"" to the origin chain, forcibly initializing that chain's token balance in ITSHub to zero. This can cause an underflow during cross-chain transfers, effectively preventing the origin chain from bridging tokens to other chains."
387,b78ed0629056,Medium,"Accounting Error, Cross-Chain",Rebase Token,"Axelar's cross-chain bridge does not properly handle rebasing tokens. This is because the system records a static token amount at the time of locking, while the actual token balance may change due to rebasing.
• In the case of a positive rebase (balance increases), the user may receive fewer tokens than they are entitled to, resulting in a loss for the user.
• In the case of a negative rebase (balance decreases), the system may attempt to transfer more tokens than it actually holds, causing the transaction to revert and funds to become stuck (DoS)."
388,b78ed0629056,Medium,"Access Control, Cross-Chain",Bypass Mechanism,"Due to the lack of restrictions preventing tokens and token managers from being deployed only on the origin chain, it becomes possible to gain control over transfers on other chains."
389,794c62261b8d,High,Logic error,"Incorrect Parameter, Missing Upper/Lower Bound Check","The denominator in the share calculation formula uses totalTokenBalanceStakers() (which can be manipulated by external transfers) instead of the actual effective staked assets. This allows attackers to manipulate the denominator with incorrect parameters, causing other users' shares to be calculated as 0, thereby enabling them to steal all assets."
390,794c62261b8d,Medium,Logic error,Does not match with Doc,"When interacting with UMA, the escalate() function passes BOND as the bond parameter to UMA, leading to UMA burning an additional amount based on bond/2 and charging a finalFee. This is inconsistent with the documentation specification of ""full refund of the pledge,"" ultimately resulting in higher costs for the protocol agents than expected."
391,794c62261b8d,Medium,Accounting Error,State Update Inconsistency,"In arbRestake, when redeeming arbRewardShares, it only decreases the overall stakeShares of the NFT but does not synchronize the reduction of the addressShares for the nftOwner. This leads to tokenBalanceOfAddress permanently reporting an inflated balance and accumulating errors."
392,794c62261b8d,Medium,Logic error,Bad Condition,"In updateYieldStrategy(), the use of try/catch for withdrawAll() of the original strategy is incorrectly handled by unconditionally ignoring any errors. This prevents the owner from choosing to abort the switch if the withdrawal fails."
393,1be7a2863fe1,High,"TWAP,Uniswap","Price Manipulation / Arbitrage opportunity, slot0","Reallocation depends on the slot0 price, which can be manipulated."
394,1be7a2863fe1,High,Liquidation,"Bad Condition,Bypass Mechanism","The liquidation process only checks for negative margin when the position is completely closed. This enables liquidators to bypass the compensation mechanism by leaving a very small residual position, thereby shifting the loss to the protocol."
395,1be7a2863fe1,High,Input Validation,Invalid Validation,"The reallocate() function lacks verification of liquidity ownership in scenarios involving multiple trading pairs within the same range tick, leading to incorrect transfer of liquidity between other trading pairs and disrupting internal fund accounting."
396,1be7a2863fe1,High,Liquidation,Incorrect Parameter,"During complete liquidation, the transfer source address for bad debt compensation incorrectly uses msg.sender (the market address) instead of the liquidator's address, preventing the bad debt vault from being liquidated and causing the bad debt to continue to increase."
397,1be7a2863fe1,Medium,"Flashloan,TWAP,Uniswap",slot0,"The trading price calculation relies on Uniswap's spot prices and does not take the TWAP into account, making it vulnerable to flash loan manipulation that can affect the final transaction outcome."
398,1be7a2863fe1,Medium,Accounting Error,State Update Inconsistency,"updateIRMParams() and updateFeeRatio() do not settle interest rates/fees for the current cycle before updating parameters, leading to the entire period being calculated with the new parameters, which undermines the accuracy of interest rate and fee calculations."
399,1be7a2863fe1,Medium,"Arithmetic,TWAP",Rounding Error,"The callUniswapObserve function does not implement downward rounding when handling negative tickCumulative values, resulting in a TWAP tick calculation that is too high and affecting price accuracy."
400,1be7a2863fe1,Medium,"Chainlink,Oracle",Stale Value,"The PriceFeed omits checks for both staleness and round completeness in the prices returned by Chainlink, which may cause the entire protocol to use outdated or incomplete price data."
401,1be7a2863fe1,Medium,"DoS,Liquidation",Out of Gas,"DOS attack is possible when, a malicious user creates many very small positions, which could cause excessive gas consumed and even transactions reverted when other users are trying to liquidate any of the user’s positions."
402,1be7a2863fe1,Medium,"DoS,Liquidation",Refund Failed,Vaults can become immune from liquidation by setting vault.recipient to a blacklisted quote token address
403,1be7a2863fe1,Medium,Accounting Error,Incorrect Parameter,"In reallocate(), the excess quoteToken should be returned to the redistributor, but the implementation incorrectly sets the recipient to msg.sender (the market contract), resulting in misallocated funds and losses for the redistributor."
404,1be7a2863fe1,Medium,"Arithmetic,Oracle",Token Decimal,"The PriceFeed incorrectly handles the decimal differences between price pairs, leading to distorted quotes for some trading pairs and affecting asset risk calculations."
405,1150ac69e096,High,Governance,Incorrect Parameter,"LlamaRelativeQuorum calculates the required votes for approval and disapproval when creating governance proposals by setting actionApprovalSupply / actionDisapprovalSupply to the number of role holders (getRoleSupplyAsNumberOfHolders()). However, when calculating the actual number of approved votes, it uses the quantity of each holder instead of a fixed 1 vote per holder. This results in members holding multiple tokens having an overly disproportionate influence, allowing them to prematurely meet the quorum conditions."
406,1150ac69e096,High,"Access Control,Governance",Arbitrary Add/Remove/Set/Call,"LlamaRelativeQuorum.validateActionCreation() is defined as external and does not include any authorization checks, allowing anyone to re-invoke it after an action has been created to overwrite the snapshot values of actionApprovalSupply and actionDisapprovalSupply."
407,1150ac69e096,Medium,Governance,Incorrect Parameter,"LlamaCore.executeAction() supports governance actions with msg.value, but it does not pass that value down when calling LlamaExecutor.execute(), and LlamaExecutor.execute() is also not marked as payable."
408,1150ac69e096,Medium,DoS,Bad Condition,"castDisapproval() only checks if the proposal is in the ""queued"" state in _preCastAssertions() and does not simultaneously check block.timestamp < minExecutionTime. This allows a proposal to be voted against even when it has reached the executable time, causing the proposal to immediately transition to a rejected state and resulting in a failed execution."
409,1150ac69e096,Medium,DoS,Out of Gas,A user can create 24 * 3600 * 30 ~ 2.5 mils actions to DOS a system in a month
410,b7a4028d825e,Medium,Arithmetic,Missing Upper/Lower Bound Check,"The _syncVotingPower() function is missing a lower bound check when reducing voting power, failing to verify whether the subtraction exceeds the existing voting power. This can lead to integer underflow during the subtraction, causing the transaction to revert."
411,b7a4028d825e,Medium,Governance,Invalid Validation,"The voting power calculation lacks time-weighted or holding period validation, relying solely on a single block balance snapshot for verification. This allows the governance system to be manipulated by short-term borrowing or sudden positions."
412,b7a4028d825e,Medium,"Access Control,DoS",Out of Gas,"The queryVotePower() function uses the state-modifying and high-cost findAndClear() in the kick-out process, lacking a low-cost logic for merely querying. This allows attackers to exhaust gas by processing large amounts of historical records, preventing the removal of GSC members."
413,b7a4028d825e,Medium,Governance,Missing Functionality,"The NFTBoostVault lacks a mechanism to automatically synchronize the voting power of all relevant accounts after the multiplier is updated, and it does not compute the multiplier voting power based on the block at which the proposal is created during voting. This can result in votes being erroneously calculated based on outdated multipliers."
414,b7a4028d825e,Medium,"Access Control,DoS",State Update Inconsistency,Admin is allowed to update merkleRoot. But some users won't be able to claim correct amount because of inconsistent check in claiming function.
415,b7a4028d825e,Medium,ERC20,Implementation Error,gscApprove can overwrite the approved allowance of the same spender from previously approved value
416,b7a4028d825e,Medium,Arithmetic,"Block Time / Block Number,Incorrect Parameter","The day in blocks is calculated with the block time as 13.3 seconds in CoreVoting.sol.: uint256 public constant DAY_IN_BLOCKS = 6496;, but since moving to proof of stake, block times are fixed to 12 seconds per blockThis results in an incorrect calculation of the lockDuration and extraVoteTime, which is used in setting the total duration of a proposal should be active and also the max vote time."
417,b7a4028d825e,Medium,Accounting Error,State Update Inconsistency,"The gscApprove() function, when adjusting the spender allowance, only subtracts the new amount from gscAllowance, lacking logic to synchronize the return of the remaining balance when reducing the allowance. This results in inconsistencies between gscAllowance and the ERC20 allowance status, making it impossible to lower the limit."
418,dc783f2b0ddc,Medium,"Cross-Chain,DoS",Implementation Error,"The incorrect restriction of msg.sender to axelarGateway results in legitimate cross-chain messages being unable to pass, leading to a DoS."
419,dc783f2b0ddc,Medium,MEV,Front Run,"The authorization message is not bound to a specific liquidity pool, allowing signatures to be reused in other pools with the same batch tokens, enabling malicious trades to front-run and consume the authorization."
420,dc783f2b0ddc,Medium,DoS,Implementation Error,"The contract caches the DOMAIN_SEPARATOR in the constructor without initializing name, resulting in the computed domain separator being inconsistent with the standard EIP-2612 requirements, causing the permit signature to fail verification."
421,dc783f2b0ddc,Medium,"Access Control,DoS",Invalid Validation,"The deposit and mint functions do not verify the relationship between the recipient and the caller, as well as the origin of the assets. This allows an attacker to inject small amounts of funds into another user's account, disrupting subsequent transactions and causing a denial of service (DoS)."
422,dc783f2b0ddc,Medium,Arithmetic,Rounding Error,"Due to the use of average calculations and rounding errors in calculateDepositPrice across multiple requests with different prices, _trancheTokenAmount may exceed maxMint, causing some investors to prematurely overclaim their shares. This results in subsequent users experiencing transaction failures due to insufficient quantities when claiming assets."
423,dc783f2b0ddc,Medium,Access Control,Does not match with Doc,"DelayedAdmin does not store the address of PauseAdmin and lacks a method to call removePauser, resulting in the failure of the emergency removal process for pausers as designed in the documentation, undermining the expected security model."
424,dc783f2b0ddc,Medium,"Arithmetic,ERC4626",Rounding Error,"The _calculateTrancheTokenAmount function in processWithdraw and previewWithdraw consistently uses rounding down, which violates the best practices of EIP-4626 that require rounding up for withdrawals. This may result in users consuming fewer shares than they should, leading to asset losses for the vault or incorrect calculations of remaining limits."
425,dc783f2b0ddc,Medium,Access Control,Invalid Validation,"RestrictionManager.detectTransferRestriction only checks whether the recipient address is a valid member and does not verify whether the sender's address is on the blacklist. This allows restricted accounts to freely transfer tokens, circumventing the trading restriction rules designed by the contract."
426,bc50c508bb4d,High,Logic error,Bad Condition,"The final check in deltaHedgeAmount lacks validation of the sign for tokensToSwap, resulting in negative amounts being incorrectly reversed to positive numbers when close to the position. This erroneous hedging direction can be maliciously exploited to manipulate the vault's positions."
427,bc50c508bb4d,High,Logic error,Bad Condition,"The volatility model directly combines the utilization of bull and bear market options without distinguishing between directional and premium difference conditions. This allows low-priced options trades to impact the pricing of high-priced options, creating opportunities for arbitrage."
428,bc50c508bb4d,Medium,ERC4626,Inflation Attack,Malicious users can exploit the new Smilee vault by using donations to execute a classic first depositor/ERC4626 inflation attack.
429,bc50c508bb4d,Medium,DoS,Incorrect Parameter,"Incorrect strike parameters were stored, causing subsequent burns to be unable to locate the position and permanently locking it."
430,bc50c508bb4d,Medium,DoS,Bad Condition,"Whenever swapPrice > oraclePrice, minting via PositionManager will revert, due to not enough funds being obtained from user."
431,bc50c508bb4d,Medium,Accounting Error,State Update Inconsistency,"LP can transfer their shares to another LP through ERC20 transfer. Thus, when the second LP withdraws these shares, they will not be deducted from _state.liquidity.totalDeposit. This way, _state.liquidity.totalDeposit will not reflect the actual amount of deposits, leading to various issues."
432,bc50c508bb4d,Medium,Logic error,"Implementation Error, Refund Failed","The safeTransferFrom function attempts to send funds from itself, which requires the contract to first approve itself to increase its allowance. However, there is no self-approval logic in the contract. As a result, this refund functionality fails every time. Instead, safeTransfer() should be used for refunds."
433,bc50c508bb4d,Medium,Access Control,Arbitrary Add/Remove/Set/ Call,"The FeeManager.trackVaultFee and receiveFee functions lack authorization checks, allowing any contract to impersonate the vault or DVP identity and arbitrarily increase fee records. This compromises accounting data and can lead to DVP operation rollbacks."
434,bc50c508bb4d,Medium,Logic error,Invariant Violation,"The delta calculation formula for out-of-the-money options directly returns 0, ignoring their actual price sensitivity. This leads to the vault not hedging the risks associated with such positions, violating the principle that 'traders' profits should not translate into LP losses."
435,bc50c508bb4d,Medium,DoS,Bad Condition,"The deltaHedgeAmount function uses the comparison condition sideTokensAmount/10000 to determine whether small amounts of side tokens are allowed for sale. For cases where the balance is 0 or extremely low, this condition will always fail, causing almost all IG short trades to revert under such circumstances."
436,bc50c508bb4d,Medium,ERC20,safeApprove,"In multiple functions, safeApprove() is used to set another non-zero value directly from a non-zero allowance without first setting the allowance to 0, triggering the protection checks in OpenZeppelin's SafeERC20. This results in subsequent mint/burn/sell processes being reverted."
437,c9e8bb39a8ae,Medium,Arithmetic,Inflation Attack,"In PortfolioToken.sol:_fromVirtualAfterTotalChangedForMint() the integer division div(mul(virtualAmount, realTotal), totalVirtual) causes rounding down to zero when realTotal is minimal and totalVirtual is inflated through donations, combined with automatic donation processing in _subDepositRewardsPoolCheck() that treats any contract token balance as legitimate rewards."
438,c9e8bb39a8ae,Medium,Slippage,Invalid Slippage Control / Missing slippage check,"The deposit function lacks a slippage check mechanism, which results in users minting at unfavorable ratios when the liquidity pool is unbalanced, leading to potential losses."
439,c192cb02636e,Medium,Upgradeable,Misuse of Dependency,PoolOracle utilizes vulnerable OZ 4.3.1 UUPS implementation
440,c192cb02636e,Medium,Input Validation,Invalid Validation,"The swapCallback function verifies msg.sender solely based on the result of _getPool(), without confirming whether the address corresponds to a valid pool deployed by the factory. This creates an opportunity for address collisions that can bypass the check and exhaust quota resources."
441,29aba850d512,High,Input Validation,Invalid Validation,"SignatureQueue.validateOrder checks signatures using Consensus.checkSignatures.
But this doesn't check duplication of signers, so malicious attacker can bypass threshold checking."
442,29aba850d512,High,Accounting Error,State Update Inconsistency,"The RedeemQueue batches exclude shares when processing critical timestamps, while the eligibility check still allows claims for that timestamp. This leads to inconsistencies between batch records and claim eligibility, resulting in the premature consumption of shares by legitimate users."
443,29aba850d512,High,Logic error,Missing Functionality,"The balance inquiry logic between the vault and the redemption hooks lacks handling for native tokens. By uniformly using ERC20 balanceOf, the native token withdrawal functionality becomes ineffective."
444,29aba850d512,High,Accounting Error,State Update Inconsistency,"Because during batch processing of multi-asset reports only the base asset’s timestamp is updated, protocol fees are repeatedly calculated and accumulated within the same time period, resulting in excessive fees."
445,29aba850d512,High,Accounting Error,Incorrect Formula,"The performance fee calculation formula incorrectly multiplies the price difference by the total number of shares, failing to accurately convert the fee amount based on the per-share price, resulting in calculation discrepancies."
446,29aba850d512,High,Logic error,Bypass Mechanism,"The flaws in the redemption logic design result in shares not being accounted for in fees during the processing wait time, allowing users to circumvent the intended charging mechanism."
447,29aba850d512,Medium,Logic error,"Bad Condition, Does not match with Doc","The whitelist checking logic in the updateChecks function contradicts the documentation, resulting in accounts marked as transferable being blocked instead."
448,29aba850d512,Medium,DoS,payable / receive(),ETH redemptions via SignatureRedeemQueue are broken due to missing receive function
449,29aba850d512,Medium,"Arithmetic, DoS",Rounding Error,"When recording deposited stETH amounts, the contract fails to account for the downward rounding error inherent in share-based transfers, causing the internal accounting balance to exceed the actual balance. As a result, subsequent transfers fail due to insufficient funds."
450,29aba850d512,Medium,Accounting Error,Incorrect Formula,"The protocol fee calculation in ShareModule.handleReport function suffers from exponential compounding instead of linear accumulation. When handleReport is called frequently (e.g., daily), the protocol fee is applied to the current total shares which includes all previously accrued fees, leading to higher-than-intended fee extraction."
451,29aba850d512,Medium,DoS,Incorrect Parameter,"The cancelDepositRequest() function incorrectly uses the price checkpoint index as the deposit queue index for modification, leading to an out-of-bounds index and a revert, preventing users from canceling pending deposits."
452,29aba850d512,Medium,Logic error,"Bypass Mechanism, Invariant Violation","The TokenizedShareManager._update() function only mints and locks new shares after completing the first lockup check, allowing users to immediately transfer shares that should have been locked in the same transaction, thereby circumventing the targeted lockup mechanism."
453,29aba850d512,Medium,"Input Validation, DoS",Invariant Violation,"The system lacks asset allowance checks when summarizing and extracting assets from sub-treasuries, leading to a situation where the presence of a sub-treasury holding a non-zero balance of unsupported assets triggers a revert and interrupts the redemption process."
454,29aba850d512,Medium,DoS,Bad Condition,"The protocol mints fee shares to the feeRecipient during deposits, redemptions, and protocol fee collection. However, the ShareManager.mint() function applies the targetLockup to all recipients, including the feeRecipient. Since this lock resets on every mint, a malicious user can repeatedly trigger minting operation and redeeming minimal amounts to continually reset the lock timer. As a result, the feeRecipient's shares remain perpetually locked and unusable, leading to a DOS where protocol fees become inaccessible."
455,29aba850d512,Medium,ERC20,Rebase Token,"The contract does not handle stETH rebase rewards during the waiting period in the deposit queue, resulting in excess assets being stuck in the queue."
456,4bea68ae8bc5,High,Accounting Error,Implementation Error,"Design intended to add only the new shortfall to the existing shortfall, but implementation added the existing shortfall twice, causing double-counting."
457,4bea68ae8bc5,High,Oracle,Stale Value,"withdrawTo checks collateral margin using maintenanceInvariant without first syncing the oracle price, allowing margin checks to pass based on outdated price data and enabling withdrawals from undercollateralized positions."
458,4bea68ae8bc5,Medium,Input Validation,Invalid Validation,"Collateral contract does not verify that a given product address was deployed by the factory, allowing attackers to register malicious products that bypass margin requirements and steal collateral."
459,4bea68ae8bc5,Medium,Access Control,Missing Initialization,"The Collateral.initialize function lacks an initializer check, allowing multiple initializations and enabling attackers to run malicious setup before the legitimate factory configuration."
460,4bea68ae8bc5,Medium,Chainlink,Stale Value,Chainlink’s latestRoundData might return stale or incorrect results
461,ac5c6d4a2ace,High,Logic Error,Bad Condition,"When encountering a non-existent token config, it will always return the token config of the first index (index 0) which is a valid token config for a completely different token."
462,ac5c6d4a2ace,High,Logic Error,Bad Condition,Incorrectly using uint(-1) as a non-existent comparison value.
463,ac5c6d4a2ace,Medium,Flashloan,"Reward Manipulation,Whale","The rewards per market are proportional to their totalBorrows which can be changed by a large holder who deposits lots of collateral, takes out a huge borrow in the market, updates the rewards, and then unwinds the position."
464,fccd852beaa3,High,"DoS,ERC20,Opensea",Refund Failed,"The Create contract fails to validate extra ERC20 tokens (tips) added to Seaport order fulfillment. Attackers can append a malicious ERC20 token that always reverts on transfer, causing the rented asset to be permanently locked inside the rental safe."
465,fccd852beaa3,High,"Gnosis safe,Input Validation","Bypass Mechanism,Invalid Validation,Invariant Violation","The gnosis guard doesn't have any validation or checks for the address parameter of the function setFallbackHandler(address handler), which is the function used by the rental safe owner to set a fallback handler his safe."
466,fccd852beaa3,High,"ERC1155,Reentrancy",Violating CEI / Missing nonReentrant,"reNFT does not register the rental except after swapping the tokens, in addition to safeTransferFrom() being used to transfer ERC1155 tokens, which would of course, trigger the callback function onERC1155Receive() on the borrower's safe."
467,fccd852beaa3,High,Logic Error,Incorrect Parameter,"The gnosis_safe_disable_module_offset constant was incorrectly specified to point at an incorrect function parameter of the disableModule(address prevModule, address module)."
468,fccd852beaa3,High,ERC1155,"Asset Theft,Invalid Validation","Specifically, the offset constant will point at the prevModule (1st param) instead of the module (2nd param)."
469,fccd852beaa3,High,"Accounting Error,Input Validation,Opensea","Asset Theft,Invalid Validation","The EIP-712 RentalOrder hash derivation does not include the rentalWallet field, enabling attackers to reuse or spoof valid order hashes. The stopRent validation logic is insufficiently strict, allowing any user matching the lender field to stop an order without verifying whether it actually exists or was fulfilled properly."
470,fccd852beaa3,High,"DoS,Input Validation","Invalid Validation,Nonce","The attacker exploits SeaPort's skip-on-same-address logic to create fake rentals that update escrow balances without real transfers, enabling ERC20 theft upon rent termination."
471,fccd852beaa3,Medium,"DoS,ERC1155",Bad Condition,"An attacker can exploit partial fills to reuse the same order hash, causing only part of the lender’s assets to be released, while the rest remain locked and unstoppably rented."
472,fccd852beaa3,Medium,"Access Control,Input Validation",Asset Theft,"A malicious lender can indefinitely freeze a borrower’s ERC1155 tokens by preventing rental finalization, exploiting the guard's inability to distinguish rented vs. non-rented tokens of the same tokenId."
473,fccd852beaa3,Medium,DoS,Out of Gas,A malicious borrower can exploit the permit() function in ERC-721 tokens to self-authorize transfers and steal rented NFTs from the rental safe.
474,fccd852beaa3,Medium,DoS,Bad Condition,"Large rental orders can exceed the block gas limit when calling stopRent(), making them impossible to stop and permanently locking assets in the protocol."
475,fccd852beaa3,Medium,"DoS,ERC777",ERC777 Callback,"Disabling the onStop hook after rental creation causes stopRent() to revert, resulting in a DoS condition where assets and funds remain locked indefinitely."
476,fccd852beaa3,Medium,"ERC777,Reentrancy","ERC777 Callback,Violating CEI / Missing nonReentrant","If an ERC777 token is used for payment, a malicious renter can revert in the tokensReceived() hook during stopRent(), causing a DoS where the lender's assets remain permanently locked."
477,fccd852beaa3,Medium,"DoS,Upgradeable",No Recovery Mechanism,stoprent does not follow CEI pattern and subject to reentrancy nft lender reentrancy
478,fccd852beaa3,Medium,ERC721,Invalid Validation,"After a module upgrade, rentals created pre-upgrade can't be stopped, causing permanent asset lock-in due to missing state and fund migration from the old module."
479,fccd852beaa3,Medium,DoS,Bad Condition,"Guard.sol fails to block burn, burnFrom, and permit calls, allowing a renter to destroy or hijack rented NFTs and bypass protocol safeguards."
480,fccd852beaa3,Medium,"Input Validation,Upgradeable",Invalid Validation,"The Guard::checkTransaction enforces a 4-byte minimum data length, blocking native ETH transfers with empty calldata, and causing ETH to be permanently stuck in safes."
481,fccd852beaa3,Medium,EIP712,Not EIP Compliant,"After a guard policy upgrade, rental safes can continue using outdated Guard.sol, bypassing new restrictions and compromising security enforcement."
482,fccd852beaa3,Medium,"DoS,ERC1155,ERC721",State Update Inconsistency,"It fails to hash dynamic types like bytes using keccak256, mistakenly uses abi.encode instead of abi.encodePacked, and omits required fields in struct hashing."
483,fccd852beaa3,Medium,"Input Validation,Replay Attack","Invalid Validation,Nonce",Guard.sol does not account for burnable & pausable tokens (which are quite common as well). This means lenders could lose such assets if the renter acts maliciously.
484,fccd852beaa3,Medium,"DoS,ERC721",onERC721Received callback,In the function validateOrder there is no way to verify whether the signature from backend signer is being reused / more importantly no way to verify that this signature was signed to rent out this particular order.
485,fccd852beaa3,Medium,ERC20,Refund Failed,"A malicious lender can make the NFT return fail via safeTransferFrom reverts, blocking stopRent() and griefing the renter out of their payment."
486,fccd852beaa3,Medium,"Access Control,Gnosis safe",Cannot Revoke,"If a blocklisted account receives ERC20 payment during stopRent(), the transfer reverts, leaving the NFT stuck in the Safe and the rental unclosable."
487,668a8ea1ed7c,Medium,Access Control,Bypass Mechanism,"The blacklist mechanism does not check restrictions within the transaction process, only applying to the current balance. This allows sanctioned accounts to bypass the limitations and continue trading."
488,668a8ea1ed7c,Medium,Bridge,Hardcoded Parameter,"PREDICATE_ADDRESS is hardcoded to a fixed ERC20Predicate address, preventing dynamic retrieval of the correct predicate based on tokenType or external changes. This results in an inability to bridge tokens from different predicates, lacking adaptability."
489,529b81f6eb01,Medium,Oracle,Stale Value,"The protocol uses Pyth's getPriceUnsafe() to obtain prices and only checks if the value is greater than 0, lacking an expiry check. This allows outdated and potentially manipulatable prices to enter the liquidation logic, resulting in financial losses for borrowers."
490,9007dfde367e,High,Slippage,Invalid Slippage Control / Missing slippage check,"The slippage protection threshold was incorrectly based on the OP-to-USD/ETH price instead of the actual alUSD/alETH trading pair price, resulting in an inaccurate minimum trade size threshold and exposure to sandwich attacks."
491,347d893744f1,Medium,Accounting Error,State Update Inconsistency,"During initialization, there was no check to verify whether lpToken0 or lpToken1 was the same as output, which caused the trading fees accumulated during liquidity removal to be incorrectly counted toward the liquidity position and re-added. This resulted in LP rewards and fee distribution states being inconsistent with the actual assets."
492,8ce9aae8427c,Medium,Arithmetic,Precision Loss,"AutomationMaster._getExchangeRate uses 1e8 fixed‑point calculation and integer division. When the ratio between the high‑price token and the low‑price token is less than 1e‑8, the result is truncated to zero, causing the minAmountReceived check to fail and allowing a malicious keeper to steal order funds."
493,f3d2dbfd99ea,Medium,"DoS, Arithmetic",Incorrect Formula,"_calculateMaxBorrowCollateral subtracts unutilizedLeveragePercentage when calculating the maximum borrow collateral limit, causing an underflow and revert, which prevents the repay function from executing and subsequently triggers token liquidation."
494,edf1b6dd23d6,High,"Input Validation, call / delegatecall",Invalid Validation,"In ExchangeProxy.executeSwapDirect(...) function, user can pass in arbitrary _data. It's not validated to make sure this swap used exactly _amount tokenIn. In addition, fee of previous swaps is kept in ExchangeProxy. So attacker can steal these fee to do the swap."
495,edf1b6dd23d6,Medium,Reentrancy,Violating CEI / Missing nonReentrant,Lack of nonReentrant or strict Checks‑Effects‑Interactions (CEI) execution flow control allows re‑entering the original function during the swap process to reclaim fees that should have been paid.
496,6a503b3dea2b,Medium,DoS,Incorrect Parameter,"Parameter misuse caused the contract to use days instead of the withdrawal amount for validation, leading to a withdrawal DoS."
497,33f83c1b20b8,High,Access Control,Invalid Validation,Missing access control allows anyone to take ownership of another CuteBody. 
