Property,repo_path,severity,tag,subtag,description
1,40cc38c69cca,High,DoS,Front Run,"A malicious actor can snipe the mempool to bond as soon as an auction starts; because only the bonder can settle and the bond can’t be burned for 24 hours, the auction and funds remain frozen."
2,a3e15237ea08,High,Accounting Error,Rebase Token,"Root cause:
- THORChain_Router tracks does not properly handle rebasing tokens. This is because the system records a static token amount at the time of locking, while the actual token balance may change due to rebasing.
- it tracks vault allowances in fragment units, but AMPL rebases change the fragment <-> gons conversion
- since allowances don’t "
3,a3e15237ea08,High,Logic error,Invariant Violation,"Root cause:

One of the main invariant of the protocol is that all the events ThorChain_Router emits should be correct, but it breaks in the edge cases of the transferOut(), _transferOutV5(), transferOutAndCall() and _transferOutAndCallV5(), which emit the wrong to when the Native Tokens transfer fails


Deep Dive:
- transferOut(): Used by the vaul"
4,b7fc4d82013a,High,Accounting Error,State Update Inconsistency,"When totalSupply is 0, handleFees does not update lastFee, causing an inflated time difference on the next fee calculation and minting excess fee tokens, diluting existing holders’ value."
5,bb3018c8812c,High,"Cross-Chain, Replay Attack",State Update Inconsistency,"Cause: Users can upgrade their account’s owners via either directly onto the contract with a regular transaction or via an ERC-4337 EntryPoint transaction calling executeWithoutChainIdValidation. If a user chooses to use a combination of these methods, it’s very likely that the addresses at a particular ownership index differ across chains. Therefo"
6,d562802cb53a,High,Accounting Error,Implementation Error,"paymaster's _maxRefundedGas = gasLeft + reservedGas, without subtracting spentOnPubdata.
This way _maxRefundedGas will be much larger than the correct value.
paymaster will refund the used spentOnPubdata to the user"
7,e169bbefc6e2,High,DoS,"Duplicate Value, Invalid Validation",當兩個用戶同時對同一 NFT index 提交提案並 finalize 時，後提交的用戶的提案將覆蓋前一用戶的鎖定計劃，導致前用戶無法提取其鎖定的 JPEG，造成資金損失
8,e169bbefc6e2,High,DoS,Incorrect Parameter,策略在遷移時因為將 JPEG 資產列入黑名單，導致合約嘗試執行 withdraw() 時失敗並 revert，造成策略遷移無法成功
9,e169bbefc6e2,High,DoS,Incorrect Parameter,沒傳入參數給 earned()，導致整個呼叫被 revert
10,e169bbefc6e2,High,ERC4626,Inflation Attack,"通過大量捐贈操縱 asset amount，用戶可能不會收到存款對應的 share
屬於 logic error 還是 arithmetic"
11,e169bbefc6e2,High,Reentrancy,Violating CEI / Missing nonReentrant,如果 token 會將控制權交給 sender  則會導致 reentrancy
12,198fa93fabdd,Medium,Pause,State Update Inconsistency,System state can still be changed in the paused status.
13,198fa93fabdd,Medium,TWAP,Price Manipulation / Arbitrage opportunity,"The current implementation of TWAV is based on a short observation period, making it susceptible to price manipulation."
14,40cc38c69cca,Medium,Accounting Error,Fee On Transfer Token,Fee on transfer tokens transfer less tokens in than what would be expect.This means that the protocol request incorrect amounts when dealing with these tokens.
15,40cc38c69cca,Medium,Input Validation,"Asset Theft, Invalid Validation","The newRatio decreases over time without a lower bound. A malicious actor can wait until newRatio < ibRatio or near zero, bond and settle the auction, and effectively steal most of the basket’s assets with minimal required collateral."
16,40cc38c69cca,Medium,DoS,Implementation Error,"The mint() function redundantly includes a nonReentrant modifier, despite calling mintTo() which already has it, causing malfunction due to double reentrancy guard and blocking minting functionality."
17,40cc38c69cca,Medium,"DoS, Input Validation",Invalid Validation,"function setBondPercentDiv should validate that newBondPercentDiv is not 0, or bondForRebalance will experience division by zero error otherwise."
18,40cc38c69cca,Medium,"Arithmetic, DoS, Input Validation","Invalid Validation, Precision Loss","If all users burn their shares, the totalSupply becomes zero. Subsequent calls to handleFees() will attempt to divide by zero, causing the contract to revert and rendering the Basket permanently unusable."
19,40cc38c69cca,Medium,"DoS, Input Validation",Invalid Validation,The function Factory.setBondPercentDiv() allows the owner to set the state variable Factory.bondPercentDiv to zero.If Factory.bondPercentDiv equals zero then the function Auction.bondForRebalance() will always revert due to a division by zero.
20,40cc38c69cca,Medium,"DoS, Input Validation",Invalid Validation,The function Factory.setAuctionDecrement() allows the owner to set the state variable Factory.auctionDecrement to zero.If Factory.auctionDecrement equals zero then the function Auction.settleAuction() will always revert due to a division by zero.
21,40cc38c69cca,Medium,Reentrancy,Violating CEI / Missing nonReentrant,function createBasket in Factory should also be nonReentrant as it interacts with various tokens inside the loop and these tokens may contain callback hooks.
22,804fe35b0164,Medium,Upgradeable,Missing Initialization,no constructor and no initializers
23,804fe35b0164,Medium,Access Control,Centralization Risk,Hacked owner or malicious owner can immediately steal all assets on the platform
24,9cc1dc4ae06a,Medium,Input Validation,Missing Time Constraint,"cause: 由於未檢查 block.timestamp <= endTime，可以在 endTime 之後繼續贊助合約，但此時獎勵解鎖期間已經結束
impact: 資金仍可被投入，但永遠無法轉換為任何有效的獎勵分配"
25,9cc1dc4ae06a,Medium,Input Validation,Duplicate Value,"cause: add 未檢查是否重複加入相同的 lpToken，因此可建立多個指向同一 LP Token 的池子
impact: 因為是透過 lpToken.balanceOf(address(this))，計算 lpSupply 時會出現錯誤， 若兩個池子用同一個 lpToken，這個值會被重複引用，導致獎勵分配錯誤"
26,9cc1dc4ae06a,Medium,Accounting Error,State Update Inconsistency,"cause: add 和 set 中的 _withUpdate 變數可控制是否執行 massUpdatePools
impact: _withUpdate 為 false 時，massUpdatePools 不會被呼叫，但 totalAllocPoint 發生變動，導致其他池子的獎勵比例錯誤"
27,9cc1dc4ae06a,Medium,DAO,State Update Inconsistency,"cause: 總投票權由鎖倉總計算，而個別用戶的投票權重則只記錄被委託的部分，導致兩者數值不對等，使治理門檻失真
impact: 治理可能無法運作"
28,9cc1dc4ae06a,Medium,DAO,"Does not match with Doc, State Update Inconsistency","cause: 使用者在將 AURA 鎖倉並獲得 vlAURA 後也無法擁有投票權，因為系統僅在使用者有指定 delegate 時，才會進行投票權記帳
impact: 若未主動指定 delegate，則無法實際擁有投票權"
29,9cc1dc4ae06a,Medium,"Access Control, Logic error","Bad Condition, Centralization Risk","cause: 當使用者選擇將獎勵鎖倉時，若 AuraLocker 處於關閉狀態將會 revert 交易，使用者因此只能選擇未鎖倉路徑
impact: 用戶在 AuraLocker 被關閉時皆無法鎖倉，只能走繳交 20% 懲罰的提領路徑，導致承擔損失且無迴避手段。此懲罰與使用者無關，而是由 admin 關閉 Locker 所致"
30,9cc1dc4ae06a,Medium,"Input Validation, Logic error","Invalid Validation, No Recovery Mechanism","cause: 若使用者在未選擇 Options.LockCvx 的情況下 claimRewards ，合約仍然會根據 depositCvxMaxAmount > 0 並從使用者帳戶轉移 CVX 至合約
impact: 由於後續未執行鎖倉操作（因為 Options.LockCvx = false），這些代幣會被卡在合約中，無法被提領或退還"
31,9cc1dc4ae06a,Medium,"Accounting Error, Arithmetic",Incorrect Parameter,"cause: 當使用者的所有鎖倉都已過期時，系統在計算 kick reward 時只使用最後一筆鎖倉金額來乘上過期的 epoch 數，而非整體鎖倉總額
impact: 實際收到的獎勵比應得的少"
32,9cc1dc4ae06a,Medium,DoS,Reward Manipulation,"cause: distributeOther 允許任意用戶調用 notifyRewardAmount，進而觸發 _notifyReward 重設獎勵分配期間，並將剩餘未分發的獎勵重新平均分配至新的 7 天周期
impact: 攻擊者可用極低成本重複延後 reward 發放時間，使正常用戶需等待更久才能領取獎勵"
33,9cc1dc4ae06a,Medium,DoS,Front Run,"cause: 合約對於每種資產的 balance會與輸入參數做比較 bal == _request.maxAmountsIn[i]
impact: 攻擊者可以在交易前刻意傳送 1 wei 到合約，導致該條件永遠不成立，使流動性提供者的交易失敗"
34,9cc1dc4ae06a,Medium,DoS,"Bad Condition, Front Run","cause: 攻擊者可以 front-run「添加獎勵到過去 epoch 的交易」，以更晚的 epoch 和 dust 添加獎勵
impact: 使用者針對過去 epoch 添加獎勵的交易因觸發 require 而失敗"
35,9cc1dc4ae06a,Medium,DoS,Out of Gas,"cause: massUpdatePools 是 public，會依據 poolInfo.length 迭代呼叫 updatePool，且迴圈無上限
impact: 可能導致執行此時超出區塊 gas 上限，造成部分或全部池子無法更新獎勵資訊"
36,9cc1dc4ae06a,Medium,DoS,Out of Gas,"cause: _getReward 會從 epochIndex 遍歷至 tokenEpochs ，若使用者長時間未領取獎勵，導致 tokenEpochs - epochIndex 過大，會因為執行迴圈過久而觸及區塊 gas 上限，導致交易失敗
impact: 使用者的獎勵永遠無法提領"
37,9cc1dc4ae06a,Medium,Arithmetic,Rounding Error,"cause: 合約中的所有計算都向下取整，如果缺少必要的代幣，則計算結果不會自動調整以反映實際可用的代幣數量。safeRewardTransfer 向用戶發送的代幣數量會低於預期
impact: 用戶無法收到其應得的獎勵，由於獎勵發放與帳務邏輯並未同步考量資金短缺，造成實際轉帳失敗但帳務上仍視為成功"
38,9cc1dc4ae06a,Medium,Input Validation,Invalid Validation,"cause: 將 _lpToken 新增到池中時，沒有檢查 _lpToken 是否不是 reward token cvx
impact: 若 _lpToken 為 cvx，發放獎勵時會錯將新增鑄造的 cvx 計入流動性供應量，稀釋原本質押者應得的獎勵數量"
39,a3e15237ea08,Medium,"Accounting Error, DoS, ERC20",Fee On Transfer Token,"Root cause:

Router assumes transfer(to, A) delivers A, then instructs the aggregator to act on A. However with Fee-on-Transfer tokens, only A - f  arrived, so the aggregator either reverts (tokens get stuck) or pays the shortfall from its own funds (grief/steal).

Deep Dive:
- In the ERC‑20 path of  _transferOutAndCallV5 the Router does two things"
40,a3e15237ea08,Medium,DoS,Incorrect Parameter,"The ETH path in _transferOutAndCallV5 re‑uses the same msg.value for every item in the batch, and because the target address is fully attacker‑controlled and unvalidated, the router ends up sending msg.value once per loop iteration, hence drains its own ETH balance.

Deep Dive:
- The functions transferOutAndCallV5() and batchTransferOutAndCallV5() "
41,b7fc4d82013a,Medium,DoS,Bad Condition,"newRatio is calculated and compared with minIbRatio in settleAuction().However, if newRatio is less than minIbRatio, settleAuction() will always fail and there is no way for the bonder to cancel and get a refund."
42,b7fc4d82013a,Medium,Arithmetic,Precision Loss,"The fee calculation tries to calculate a fee such that fee/(supply+fee) = %fee using a simple interest formula (i.e. no compounding), this lead to slightly less fee collected when fee are collected more frequently (small timeDiff) vs less frequently (big timeDiff)."
43,b7fc4d82013a,Medium,Arithmetic,Precision Loss,"In fees calculation, division is being used in the midst of the calculation, not at the end of it.This leads to lost precision in fee amount (as solidity doesn't save remainder of division)."
44,b7fc4d82013a,Medium,Access Control,Centralization Risk,"The factory can change auctionMultiplier/auctionDecrement mid-auction, altering profitability; with extreme settings (multiplier=0, decrement=max), newRatio=0 and tokensNeeded=0, enabling settlement to drain all tokens."
45,b7fc4d82013a,Medium,Accounting Error,Incorrect Parameter,"The fee calculation is based on the totalSupply of the basket token. But some amount of the totalSupply represents the fees paid to the publisher/ protocol owner. Therefore the fees are ""overcharged”."
46,b7fc4d82013a,Medium,Accounting Error,Incorrect Parameter,The fee calculation is wrong. It should only get divided by BASE and not (BASE - feePct)
47,b7fc4d82013a,Medium,MEV,Asset Theft,"By bonding at a precisely chosen block that makes newRatio = 0, tokensNeeded evaluates to 0 and settleAuction() can drain the basket regardless of balances."
48,b7fc4d82013a,Medium,Accounting Error,"Implementation Error, Incorrect Parameter","When handleFees is called, totalSupply and ibRatio changes accordingly, but for newIbRatio calculation tokens minted in handleFees is not included. Therefore, ibRatio is calculated higher than it should be."
49,b7fc4d82013a,Medium,"DoS, Input Validation",Invalid Validation,"A malicious publisher can set minIbRatio to an extreme value during an auction proposal, making the auction impossible to settle and locking all user funds in the basket."
50,b7fc4d82013a,Medium,"ERC20, Reentrancy",Invalid Validation,"Basket.initialize() calls approveUnderlying(auction) without guarding against an untrusted ERC-20 approve() hook, allowing reentrancy into initialize() to overwrite critical addresses (factory, auction) and hide the malicious token."
51,bb3018c8812c,Medium,DoS,Bad Condition,"Cause: During the validation process of MagicSpend.validatePaymasterUserOp(), only a single withdrawAmount check against the contract’s balance is performed. However, when multiple UserOps are batched in EntryPoint, the single-balance check cannot ensure that the total requested funds do not exceed the contract balance.
Impact: When EntryPoint exec"
52,bb3018c8812c,Medium,DoS,"Front Run, Nonce","Cause: MagicSpend.validatePaymasterUserOp() and MagicSpend.withdraw()  use the same signature.
Impact: Malicious users can submit a transaction via the paymaster and then front-run with a withdraw() call, causing validatePaymasterUserOp() to revert because the nonce has already been consumed."
53,c20104cb90d7,Medium,ERC20,Missing Return Check,"The contract does not properly check the return value of ERC20 token transfer functions, this can result in failed token transfers being incorrectly treated as successful, and cause transaction reverts for tokens like USDT that do not return a boolean success value."
54,c20104cb90d7,Medium,Access Control,Centralization Risk,The owner can mint all of the NFTs.
55,c20104cb90d7,Medium,Access Control,Centralization Risk,changing the Start Price or the Lowest price in the middle of the auction could allow the owner to manipulate the price.
56,c20104cb90d7,Medium,DoS,Out of Gas,Use of .send() May Revert if The Recipient's Fallback Function Consumes More Than 2300 Gas
57,d562802cb53a,Medium,Upgradeable,Bad Condition,"During certain upgrade migration timing conditions, a user could finalize a withdrawal on the old L1ERC20Bridge and then withdraw again on the new L1SharedBridge, enabling a potential double withdrawal."
58,d562802cb53a,Medium,DoS,Missing Initialization,"The l1LegacyBridge is not assigned during L2SharedBridge.initialize(), causing deposits sent via the old L1ERC20Bridge to fail before the upgrade is completed."
59,d562802cb53a,Medium,Logic error,"Does not match with Doc, Implementation Error",In StateTransitionManager::unfreezeChain function call unfreezeDiamond instead of freezeDiamond on IZkSyncStateTransition(stateTransition[_chainId]) instance.
60,d562802cb53a,Medium,"Logic error, Upgradeable",Does not match with Doc,"The StateTransitionManager contract lacks a way to invoke executeUpgrade() or upgradeChainFromVersion(), preventing forced upgrades of deployed STs in urgent high-risk situations and undermining the documented safeguard mechanism."
61,d9b35c0c87a4,Medium,DoS,Bad Condition,submitExchangeRateData 與 submitSDPrice 這兩個函數都依賴於多個 trusted nodes 提交數據。當 trustedNodesCount 改變時，計算出來的門檻數會變，但已有的 submissionCount 並不會隨之調整。如果在提交過程中信任節點數被減少，就有可能再也無法達到共識，造成永久卡死
62,d9b35c0c87a4,Medium,DoS,Duplicate Value,updatePollAddress 內部呼叫了 verifyNewPool，導致 poolId 如果存在 verifyNewPool 會 revert，所以更新不了 pool address
63,d9b35c0c87a4,Medium,Input Validation,Duplicate Value,如果將已經是 admin 的地址傳給 updateAdmin，會導致該 admin 失去 admin 身分
64,d9b35c0c87a4,Medium,Logic error,State Update Inconsistency,"結算懲罰時只考慮驗證者在 ValidatorWithdrawalVault 合約中的餘額來支付懲罰金額，但沒有考慮驗證者在另一個合約的餘額，導致操作員本來有足夠的總收益抵扣懲罰，卻被錯誤地判定為懲罰
subtag += bad condition"
65,d9b35c0c87a4,Medium,Access Control,Centralization Risk,OPERATOR 擁有太多權限，SPOF
66,d9b35c0c87a4,Medium,Logic error,Reward Manipulation,"資金分配時，沒有正確考慮當前資金不足時不應該前進 index 的情況，導致惡意用戶可以透過微小轉帳，將下一輪的 Validator 資金分配導向自己想要的 Pool
不一定是 logic error"
67,d9b35c0c87a4,Medium,Pause,Front Run,MEV bot 在合約 pause 前迅叫 addBid，一次性對多個正在進行的拍賣出價，導致無人能夠再出價和接近結束的拍賣無法被反超
68,d9b35c0c87a4,Medium,Access Control,Front Run,distributeRewards 沒有限制呼叫權限，攻擊者可以在呼叫 settleFunds 之前呼叫 distributeRewards 讓 operatorShare < penaltyAmount 導致 validator 面臨損失
69,d9b35c0c87a4,Medium,"Logic error, MEV",Front Run,因為競標的 endBlock 為固定，所以除了 MEV 之外其他人沒有動機參與
70,d9b35c0c87a4,Medium,"Chainlink, Oracle",Stale Value,沒有足夠的保護防止 oracle 的價格過時
71,d9b35c0c87a4,Medium,Logic error,Bypass Mechanism,"實際扣除的金額是 min(operatorSD, poolThreshold.minThreshold)當 penaltyAmount 遠小於 operatorShare 時，很大比例的罰金無法被收回
看和罰金 slash 相關的"
72,d9b35c0c87a4,Medium,Pause,Does not match with Doc,一些合約繼承了 PausableUpgradeable 但卻沒有實作 pause 和 unpause
73,e169bbefc6e2,Medium,Arithmetic,Precision Loss,先除後乘導致除完變成 0，傳給乘法還是 0
74,e169bbefc6e2,Medium,Arithmetic,Token Decimal,yVault.getPricePerFullShare() 以 1e18 計算 price per share，缺少非 1e18 token 的考量
75,e169bbefc6e2,Medium,Input Validation,Reward Manipulation,當 _lpToken 與獎勵代幣 jpeg 相同時，合約使用 lpToken.balanceOf(address(this)) 作為流動性池供應量（lpSupply）的依據。當獎勵被鑄造進來時，也會累加到 lpSupply，導致分母變大大，reward 被稀釋
76,e169bbefc6e2,Medium,Input Validation,"Bypass Mechanism, Invalid Validation",noContract modifier 無法防止在 constructor 的呼叫（額外標籤，create2）
77,e169bbefc6e2,Medium,Slippage,Invalid  Slippage Control / Missing slippage check,rewrad token 是直接 swap 到 weth，但不一定是最佳路徑，可能會因為 low liquidity 而只會換到很小數量的 weth
78,099243e83259,High,ERC4626,Inflation Attack,An attacker can withdraw all ETH staked by users in a Giant pool. Both `GiantSavETHVaultPool` and `GiantMevAndFeesPool` are affected.
79,099243e83259,High,ERC4626,Inflation Attack,The SyndicateRewardsProcessor's internal `_distributeETHRewardsToUserForToken()` function is called from external `claimRewards()` function in the `StakingFundsVault` contract. This function is called by LP Token holders to claim their accumulated rewards based on their LP Token holdings and already claimed rewards.<br> The accumulated rewards `due
80,099243e83259,High,ERC4626,Inflation Attack,"The root of the problem is in the `_distributeETHRewardsToUserForToken` which makes a call to distribute the ether rewards. With this call, the recipient can execute an reentrancy attack calling several times the different function to steal founds or take advantage of other users/protocol."
81,099243e83259,High,ERC4626,Inflation Attack,A malicious user can steal all claimable ETH belonging to free floating SLOT holders...
82,099243e83259,High,ERC4626,Inflation Attack,Stakers to the MEV+fees vault can steal funds from the new stakers who staked after a validator was registered and the derivatives were minted. A single staker who staked 4 ETH can steal all funds deposited by new stakers.
83,099243e83259,High,ERC4626,Inflation Attack,"The code below violates the check effect pattern, the code banned the public key to mark the public key invalid to not let the msg.sender withdraw again after sending the ETH. Note the section: If the \_recipient is a smart contract, it can re-enter the withdraw function to withdraw another 4 ETH multiple times before the public key is banned. As s"
84,099243e83259,High,ERC4626,Inflation Attack,"* Permanent freeze of funds - users who deposited ETH for staking will not be able to receive their funds, rewards or rotate to another token. The protocol becomes insolvent, it cannot pay anything to the users. * Protocol's LifecycleStatus state machine is broken Other impacts: * Users deposit funds to an unstakable validator (node runner has alre"
85,099243e83259,High,ERC4626,Inflation Attack,Any malicious user could make the rewards in GiantMevAndFeesPool inaccessible to all other users...
86,fa1836e0615e,High,DoS,payable / receive(),"Due to wrong order between `previewDeposit` and `updateFunding` inside `PerpetualAtlanticVaultLP.deposit`. In some case, user can get immediate profit when call `deposit` and `redeem` in the same block."
87,099243e83259,High,ERC4626,Inflation Attack,"Any user being the first to claim rewards from GiantMevAndFeesPool, can get all the previously generated rewards whatever the amount and even if he did not participate to generate those rewards..."
88,099243e83259,High,ERC4626,Inflation Attack,The contract GiantMevAndFeesPool override the function totalRewardsReceived: return address(this).balance + totalClaimed - idleETH; The function totalRewardsReceived is used as the current rewards balance to caculate the unprocessed rewards in the function `SyndicateRewardsProcessor._updateAccumulatedETHPerLP` uint256 received = totalRewardsReceive
89,e0d2d83ea351,High,"Accounting Error, ERC20","Does not match with Doc, Fee On Transfer Token",Modifier VaultController._verifyCreatorOrOwner does not work as intented. whitelisting token0 and token1 ensuring no fee-on-transfer token is allowed when deploying a new Timeswap V2 Option pair contract
90,099243e83259,High,ERC4626,Inflation Attack,"The GiantLP with a transferHookProcessor will call `transferHookProcessor.beforeTokenTransfer(_from, _to, _amount)` when it's transferred / minted / burned. But the `to` address is address(0x00) in the erc20 `_burn` function. The GiantMevAndFeesPool.beforeTokenTransfer will call the function `SyndicateRewardsProcessor._distributeETHRewardsToUserFor"
91,e0d2d83ea351,High,"Accounting Error, ERC20","Does not match with Doc, Fee On Transfer Token","If ERC777 tokens are used for rewards, the entire balance of rewards in the staking contract can get drained by an attacker."
92,099243e83259,High,ERC4626,Inflation Attack,"When a user transfers away GiantMevAndFeesPool tokens, the pool's claimed\[] computed is left unchanged and still corresponds to what they had claimed with their old (higher) number of tokens. (See GiantMevAndFeesPool afterTokenTransfer() - no adjustment is made to claimed\[] on the from side.) As a result, their claimed\[] may be higher than the m"
93,e0d2d83ea351,High,"Accounting Error, ERC20","Does not match with Doc, Fee On Transfer Token","The first depositor can be front run by an attacker and as a result will lose a considerable part of the assets provided. The vault calculates the amount of shares to be minted upon deposit to every user via the `convertToShares()` function: When the pool has no share supply, the amount of shares to be minted is equal to the assets provided. An att"
94,099243e83259,High,ERC4626,Inflation Attack,real `LPTokens` can be transferred out of `GiantMevAndFeesPool` through fake `_stakingFundsVaults` provided by an attacker.
95,e0d2d83ea351,High,ERC1155,State Update Inconsistency,Malicious vault owner can use Malicious `\_beefyBooster` to steal the adapter's token.
96,099243e83259,High,"DAO, Governance",Bad Condition,The contract GiantMevAndFeesPool override the function totalRewardsReceived: return address(this).balance + totalClaimed - idleETH; The function totalRewardsReceived is used as the current rewards balance to caculate the unprocessed rewards in the function `SyndicateRewardsProcessor._updateAccumulatedETHPerLP` uint256 received = totalRewardsReceive
97,e0d2d83ea351,High,"Access Control, DAO",Centralization Risk,"Anyone who uses same adapter has the ability to pause it. The guardian has pause authority, but the contract does not override transferOwnership. Only the current guardian (owner) can change the guardian, preventing normal ownership transfer."
98,a1ee58021528,High,"Access Control, Upgradeable",Unauthorized Upgrade,"`FabricateMIRClaim` and `FabricateANCClaim` should only be issued by the Hub contract (the central hub for all minted bLuna managed by Lido). However, `execute_fabricate_anchor_claim` and `execute_fabricate_mir_claim` do not restrict the caller, allowing anyone to submit these msgs."
99,0315ba9d8121,High,"Arithmetic,Oracle",Token Decimal,"Revert due to underflow error, leading to lock of the liquidated NFT. The PriceFeed incorrectly handles the decimal differences between price pairs, leading to distorted quotes for some trading pairs and affecting asset risk calculations."
100,0315ba9d8121,High,"Liquidation, Logic Error",Cannot partial liquidations,"Bad debt is never handled, which may happen whenever the collateral asset price crashes or the debt value spikes. Whenever this happens `ERC20` positions will be partially liquidated and `ERC721` positions will not be profitable for liquidation, which means the debt will not be repaid. When this happens, the protocol will not have enough liquidity "
101,099243e83259,High,ERC4626,Inflation Attack,"`withdrawUnusedETHToGiantPool` will withdraw any eth from the vault if staking has not commenced(knot status is `INITIALS_REGISTERED`), the eth will be drawn successful to the giant pool. However, idleETH variable is not updated. idleETH is the available ETH for withdrawing and depositing eth for staking. Since there is no other places that updates"
102,099243e83259,High,Liquidation,Does not match with Doc,"GiantMevAndFeesPool.withdrawETH calls lpTokenETH.burn, then GiantMevAndFeesPool.beforeTokenTransfer, followed by a call to \_distributeETHRewardsToUserForToken sends ETH to the user, which allows the user to call any function in the fallback. While GiantMevAndFeesPool.withdrawETH has the nonReentrant modifier, GiantMevAndFeesPool.claimRewards does "
103,fa1836e0615e,High,DoS,payable / receive(),"In a scenario where extreme market conditions necessitate the execution of the `lowerDepeg` function to restore the dpxETH/ETH peg, an attacker can exploit the flawed interaction between the `addToDelegate`, `withdraw`, and `sync` functions to force a revert on the admin's attempt to restore the peg. As a result, the protocol will not be able to ef"
104,099243e83259,High,ERC4626,Inflation Attack,"Variable `idleETH` in giant pools is storing total amount of ETH sat idle ready for either withdrawal or depositing into a liquid staking network and whenever a deposit or withdraw happens contract adjust the value of `idleETH` of contract, but in function `bringUnusedETHBackIntoGiantPool()` which brings unused ETH from savETH vault to giant pool t"
105,fa1836e0615e,High,"Arithmetic,ERC4626",Rounding Error,"The `RdpxEthPriceOracle`, available in the audit repo [here](https://github.com/dopex-io/rdpx-eth-oracle/blob/5762c2339b1c45b87ff4db172e43cef4a0ff603a/src/RdpxEthOracle.sol), provides the `RdpxV2Core`, the `UniV2LiquidityAmo` and the `PerpetualAtlanticVault` contracts the necessary values for `rdpx` related price calculations. The issue is that the"
106,e0d2d83ea351,High,"DAO, Governance",Bad Condition,"When the reward speed is changed in `MultiRewardStaking`, the new end time is calculated based off of the balance of the reward token owned by the contract. This, however, is not the same as the number of reward tokens that are left to be distributed since some of those tokens may be owed to users who have not collected their rewards yet. As a resu"
107,ba93b3b8d7cf,High,Input Validation,Bad Condition,"The check for value transfer success is made after the return statement in `_withdrawFromYieldPool` of `LidoVault`. buyOption() only checks if msg.value >= premium rather than strictly equal, allowing users to accidentally overpay, with the excess amount being directly collected by the vault creator."
108,fa1836e0615e,High,"Arithmetic,ERC4626",Rounding Error,"`UniV3LiquidityAMO::recoverERC721` is a function created in order to be able to recover `ERC721` tokens from the `UniV3LiquidityAMO` contract. It can only be called by admin and will transfer all `ERC721` tokens to the `RdpxV2Core` contract. The problem is, that it won't be possible to do anything with these tokens after they are transferred to `rd"
109,0315ba9d8121,High,"Arithmetic,Oracle",Token Decimal,"In IsolateLogic.sol, liquidation of an isolate loan can only be placed after the auction period is passed with bidding. The problem is that there is a missing check on `msg.sender` in isolate liquidation flow, which allows anyone to take the collateral NFT token. Flows: `IsolateLiquidation::isolateLiquidate -> IsolateLogic.executeIsolateLiquidate()"
110,099243e83259,High,ERC4626,Inflation Attack,"If a user stakes some sETH, and after some time decides to unstake some amount of sETH, later s/he will not be qualified or be less qualified to claim ETH on the remaining staked sETH."
111,e0d2d83ea351,High,"DAO, Governance",Bad Condition,"Any user can drain the entire reward fund in MultiRewardStaking due to incorrect calculation of `supplierDelta`. The cancel function uses a strict ""greater than"" check ($>$) for the proposal threshold, whereas the propose function allows equality ($\ge$), enabling anyone to cancel a proposal if the proposer's voting power exactly equals the threshold.
"
112,fa1836e0615e,High,DoS,payable / receive(),`RdpxV2Core.settle` reverts and the protocol stops.
113,099243e83259,High,ERC4626,Inflation Attack,Function `_distributeETHRewardsToUserForToken()` is used to distribute remaining reward of user and it's called in `_onWithdraw()` of `GiantMevAndFeesPool`. but function `withdrawETH()` in `GiantPoolBase` don't call either of them and burn user giant LP token balance so if user withdraw his funds and has some remaining ETH rewards he would lose tho
114,4ef0b4d678ab,High,ERC4626,Inflation Attack,"Liquidity providers may lose a portion of provided liquidity in either of the pair tokens. While the `minLpTokenAmount` protects from slippage when adding liquidity, it doesn't protect from providing liquidity at different K."
115,e7921851ec01,High,Governance,Incorrect Parameter,"A malicious user could listen to the mempool for calls to `withdrawReserves`, at which point they can perform a sandwich attack by calling `userDeposit` before the withdraw reserves transaction and then `userWithdraw` after the withdraw reserves transaction. They can accomplish this using a tool like flashbots and make an instantaneous profit due t"
116,e0d2d83ea351,High,ERC20,Fee On Transfer Token,"Protocol loses fees because highWaterMark is updated every time someone deposit, withdraw, mint. mint() uses the input parameter collateral to determine the actual amount received, overlooking the fact that fee-on-transfer ERC20 tokens can lead to a shortage of collateral. This results in a failed check and prevents support for such tokens."
117,dd17040a53bc,High,"Arithmetic, DoS",Precision Loss,"_Submitted by Czar102, also found by csanuragjain_ #### Impact When enough basket token owners exit, it will be impossible to exit pool with the last `MIN_AMOUNT` tokens because of [this](https://github.com/code-423n4/2021-12-amun/blob/main/contracts/basket/contracts/facets/Basket/BasketFacet.sol#L228-L231) check. This will result in locking some t"
118,fa1836e0615e,High,DoS,payable / receive(),"Due to a lack of adequate precision, the calculated strike price for a PUT option for rDPX is not guaranteed to be 25% OTM, which breaks core assumptions around (1) protecting downside price movement of the rDPX which makes up part of the collateral for dpxETH & (2) not overpaying for PUT option protection. More specifically, the price of rDPX as u"
119,a8884f87db1a,High,ERC4626,Not EIP Compliant,`userTotalStaked` invariant will be broken due to vulnerable implementations in `release()`. Users might lose funds due to underflow errors in withdraw methods.
120,e0d2d83ea351,High,"Accounting Error, ERC20","Does not match with Doc, Fee On Transfer Token",Attacker can steal 99% of total balance from any reward token in any Staking contract. whitelisting token0 and token1 ensuring no fee-on-transfer token is allowed when deploying a new Timeswap V2 Option pair contract
121,0315ba9d8121,High,"DoS, Input Validation",Invalid Validation,"The bot won't be able to unstake or repay risky positions in the yield contract. Anyone can call a repayment operation with a value of 0, leading to the incorrect removal of newly created user positions and resulting in asset loss."
122,7bbe3d81960c,High,Governance,Incorrect Parameter,"Pre-defined limit is different from the spec. LlamaRelativeQuorum calculates the required votes for approval and disapproval when creating governance proposals by setting actionApprovalSupply / actionDisapprovalSupply to the number of role holders (getRoleSupplyAsNumberOfHolders()). However, when calculating the actual number of approved votes,"
123,e99e64a8abf1,High,DoS,payable / receive(),"Lack of Balance Validation.  If a proposal includes transferring native tokens to a target address, execution fails because the contract lacks a receive or payable function.
impact: The proposal reverts during execution."
124,099243e83259,High,DoS,Incorrect Parameter,When `depositETH()` is called in giant pool it calls `_onDepositETH()` which calls `_setClaimedToMax()` to make sure new ETH stakers are not entitled to ETH earned by but this can cause users to lose their remaining rewards when they deposits. code should first transfer user remaining rewards when deposit happens.
125,0315ba9d8121,High,"Access Control,DoS",Invalid Validation,"Mismatch between the return amount in all yield Etherfi and Lido assets and the `getAccountYieldBalance()` call causes the yield amount of each staked nft to the same `YieldAccount` to be incorrect, leading to the possibility of withdrawing the excess for some nfts while being closer to liquidation on others"
126,0315ba9d8121,High,"Access Control,DoS",Invalid Validation,"In `YiedlETHStakingEtherfi::stake`, users `yieldBorrow` WETH, convert it to ETH, and stake in Ether.fi's LiquidityPool. Ether.fi's LiquidityPool will mint eETH (protocol token) to the user's `yieldAccount`. Users will `unstake()` by requesting withdrawal of staked ETH from ether.fi's `WithdrawRequestNFT::requestWithdraw`. The problem is `WithdrawRe"
127,4ef0b4d678ab,High,ERC4626,Inflation Attack,"The attack vector and impact is the same as [TOB-YEARN-003](https://github.com/yearn/yearn-security/blob/master/audits/20210719\_ToB_yearn_vaultsv2/ToB\_-\_Yearn_Vault_v\_2\_Smart_Contracts_Audit_Report.pdf), where users may not receive shares in exchange for their deposits if the total asset amount has been manipulated through a large “donation”."
128,dd17040a53bc,High,Logic Error,Missing Approval,"_Submitted by WatchPug_ Under certain circumstances, e.g. `annualizedFee` being minted to `feeBeneficiary` between the time user sent the transaction and the transaction being packed into the block and causing amounts of underlying tokens for each basketToken to decrease. It's possible or even most certainly that there will be some leftover basket "
129,1167ec3a176e,High,Logic Error,Incorrect Parameter,"When users add liquidity, they send tokens to the `ArrakisPublicVaultRouter` contract. The `ValantisHOTModulePublic` contract then takes the required tokens from the `ArrakisPublicVaultRouter` contract. However, due to a calculation mismatch, the required amount is often greater than the user-sent amount, causing the transaction to be reverted. Let"
130,4ef0b4d678ab,High,ERC4626,Inflation Attack,"Current implementation of functions `add`, `remove`, `buy` and `sell` first transfer fractional tokens, and then base tokens. If this base token is ERC777 (extension of ERC20), we can call this function without updating the base token balance, but updating the fractional token balance."
131,ba93b3b8d7cf,High,Slippage,Missing minOut / maxAmount,"_Submitted by jonah1005, also found by berndartmueller, Picodes, IllIllI, sorrynotsorry, and WatchPug_ GeneralVault set a hardcoded slippage control of 99%. However, the underlying yield tokens price may go down.<br> If Luna/UST things happen again, users' funds may get locked.<br> Moreover, the withdrawal of the lidoVault takes a swap from the cur"
132,b2a8c124d062,High,Slippage,Invalid  Slippage Control / Missing slippage check,"_Submitted by scaraven, also found by Franfran_ As defined in the docs for Euler, ERC4626, Compound and Aave, when withdrawing and depositing funds the `amount` specified corresponds excactly to how many of the underlying assets are deposited or withdrawn. However, as specified by [Yearn](https://docs.yearn.finance/vaults/smart-contracts/vault#with"
133,0315ba9d8121,High,"Chainlink,Oracle",Stale Value,"When `isolateLiquidate(supplyAsCollateral=false)` is executed, finally `erc721DecreaseIsolateSupplyOnLiquidate()` will be executed and the NFT will be transferred to the user. We know from the above code that this method does not clear the `tokenData.lockerAddr`, so now `tokenData` is: - erc721TokenData\[NFT\_1].owner = 0 - erc721TokenData\[NFT\_1]"
134,ee25ec7abd40,High,Slippage,Missing deadline,"Large preimage proposals (LPP) allow submitters to prove that certain data is a fixed part of the large preimage that produces a specific Keccak-256 hash value. Since the preimage is large, the process of LPP finalization involves multiple transactions. Because the intermediate steps are not verified on-chain, LPP flow requires a challenge period d"
135,ee25ec7abd40,High,DoS,Bad Condition,"When certain precompiles are invoked in an L2 transaction, the OP fault proof program substitutes their logic with ""type 6"" preimage oracle queries. Reviewing the [op-program code](https://github.com/code-423n4/2024-07-optimism/blob/70556044e5e080930f686c4e5acde420104bb2c4/op-program/client/l2/engineapi/precompiles.go#L52-L66) shows that the `ecrec"
136,9befb133ee74,High,"Access Control, Upgradeable",Unauthorized Upgrade,"_Submitted by 0xRajeev, also found by pauliax and gpersoon_ The `distributeStrategyGainLoss()` function distributes any gains or losses generated from a harvest and is expected to be called only by valid protocol vault adaptors. It is an externally visible function and the access control is indirectly enforced on `msg.sender` by checking that `vaul"
137,e6e43dfea59f,High,"Access Control, Upgradeable",Unauthorized Upgrade,"_Submitted by 0xRajeev, also found by pauliax and gpersoon_ The `distributeStrategyGainLoss()` function distributes any gains or losses generated from a harvest and is expected to be called only by valid protocol vault adaptors. It is an externally visible function and the access control is indirectly enforced on `msg.sender` by checking that `vaul"
138,a1ee58021528,High,MEV,Front Run,"The implementation only takes two attributes: `asset` and `price`. And the `last_updated_time` of the record will always be set to the current `block.time`. This makes it possible for the price feeds to be disrupted when the network is congested, or the endpoint is down for a while, or the `feeder` bot handled the message queue inappropriately, as "
139,e0d2d83ea351,High,ERC1155,Reward Manipulation,"Attacker can deploy vaults with a malicious Staking contract. In ERC1155, using totalSupply() + 1 as the new tokenId may lead to duplication, which can result in incorrect asset allocation."
140,97843b77b287,High,Solidity Version,Misuse of Dependency,"_Submitted by hrkrshnn, also found by jonah1005 and walker_ The above function is designed to expect the token at the end of `calldata`, but a malicious user can inject extra values at the end of `calldata` and fake return values. The following contract demonstrates an example: This example can be used to exploit the protocol: State token `Token1`."
141,fa1836e0615e,High,Input Validation,Invalid Validation,"when `putOptionsRequired` is `true`, there is period of time where bond operations will always revert when try to purchase options from perp atlantic vault."
142,ee25ec7abd40,High,"Input Validation, Liquidation",Invalid Validation,"LPP metadata can be altered after the challenge period is over, allowing incorrect states to be proven. The same vault can be added to both the general and Kerosene lists, causing its collateral value to be double-counted, which inflates the collateral ratio and enables borrowers to take on excessive debt."
143,54405135ebf3,High,Liquidation,Incorrect Parameter,"_Submitted by 0xA5DF, also found by cccz and Lambda_ When there's bad debt which wasn't marked off yet, the `totalAssets.amount` is higher than the actual (solvent) amount the pair has, meaning that lenders who redeem their tokens earlier will get more in return, at the expense of lenders who leave later. Therefore bad debt should be marked off as "
144,1167ec3a176e,High,Slippage,Missing minOut / maxAmount,"An attacker can front-run a deposit transaction for an `ArrakisMetaVaultPrivate`, forcing the depositor to deposit in an unbalanced way. This increases liquidity around an unfavorable price, leading to a loss of one side of the provided liquidity. The owner of a private vault has full ownership of the shares of liquidity, so they are not even calcu"
145,9befb133ee74,High,"Accounting Error, Cross-Chain",Rebase Token,"_Submitted by gpersoon, also found by cmichel_ There are a few underflows that are converted via a typecast afterwards to the expected value. If solidity 0.8.x would be used, then the code would revert. * `int256(a-b)` where a and b are uint: For example, if `a=1` and `b=2`, then the intermediate result would be `uint(-1) == 2**256-1` * `int256(-x)"
146,e6e43dfea59f,High,"Accounting Error, Cross-Chain",Rebase Token,"_Submitted by gpersoon, also found by cmichel_ There are a few underflows that are converted via a typecast afterwards to the expected value. If solidity 0.8.x would be used, then the code would revert. * `int256(a-b)` where a and b are uint: For example, if `a=1` and `b=2`, then the intermediate result would be `uint(-1) == 2**256-1` * `int256(-x)"
147,e0d2d83ea351,High,"Arithmetic, ERC721, Governance",Incorrect Parameter,"Affected contract: `MultiRewardStaking` When assets are withdrawn for user `Alice` by an approved user `Bob` to a receiver that is not `Alice`, the rewards are never accrued and the resulting **staking rewards are lost forever**. This is because `accrueRewards` is called on `caller` and `receiver` but never `owner`. Third-party withdrawals are allo"
148,fee749ecd513,High,ERC20,Missing Return Check,"_Submitted by antonttc, also found by 0x52_ Might lead to systematic debt. Cause errors for liquidators to run normally."
149,97843b77b287,High,"Arithmetic, DoS",Front Run,"_Submitted by cmichel, also found by walker and gpersoon_ The `SherXERC20.payOffDebtAll` function iterates over all protocols of the token. If _a single project_ does not have enough funds to cover the premium payments, the transactions come to a halt, see `_payOffDebt`: Many core functions require paying off debt first and can therefore revert whe"
150,fa1836e0615e,High,Arithmetic,Does not match with Doc,Possible full DoS for `ReLPContract`
151,9befb133ee74,High,"Accounting Error, Cross-Chain",Rebase Token,"_Submitted by cmichel, also found by shw_ The `safetyCheck` function has several issues that impact how precise the checks are: 1. Only checks if the `a/b` and `a/c` ratios are within `BASIS_POINTS`. By transitivity, `b/c` is only within `2 * BASIS_POINTS` if `a/b` and `a/c` are in range. For a more precise check whether both USDC and USDT are with"
152,e6e43dfea59f,High,"Accounting Error, Cross-Chain",Rebase Token,"_Submitted by cmichel, also found by shw_ The `safetyCheck` function has several issues that impact how precise the checks are: 1. Only checks if the `a/b` and `a/c` ratios are within `BASIS_POINTS`. By transitivity, `b/c` is only within `2 * BASIS_POINTS` if `a/b` and `a/c` are in range. For a more precise check whether both USDC and USDT are with"
153,fa1836e0615e,High,ERC20,Fee On Transfer Token,"The liquidity providers deposit `WETH` into the `PerpetualAtlanticVaultLP` which in turn provides the required collateral for put options writing. Writing puts locks collateral and to write more puts excess collateral is needed. Once a put is *in the money* it can be exercised by the `RdpxCoreV2` contract, which forces the liquidity providers to ta"
154,7b5e1803022e,High,Arithmetic,Token Decimal,"_Submitted by xiaoming90, also found by berndartmueller, GreyArt, jonah1005, kenzo, and minhquanym_"
155,1167ec3a176e,High,"Accounting Error, ERC20","Does not match with Doc, Fee On Transfer Token","A malicious executor, after a new module is whitelisted by an admin, can drain the vault by calling `ArrakisStandardManager.setModule()` with a malicious `payloads_`. The `setModule()` function of the `ArrakisStandardManager` contract allows an executor to set a new module for a vault: [ArrakisStandardManager.sol#L438](https://github.com/sherlock-a"
156,54405135ebf3,High,"Arithmetic, DoS",Front Run,"_Submitted by panprog, also found by 0xA5DF and Lambda_ Leftover shares in `liquidateClean` are only subtracted from pair totals, but not from user's borrowed shares. This means that after `liquidateClean`, borrower's shares will be greater than `0` (leftover shares after liquidations), but the user is still insolvent and can be liquidated again an"
157,7100a75d6ebd,High,Chainlink,Deprecated Library,"_Submitted by 0xNineDec, also found by 0x1f8b, 0x29A, 0x52, 0xdanial, 0xDjango, 0xf15ers, bardamu, cccz, Cheeezzyyyy, Chom, codexploder, defsec, Franfran, Alex the Entreprenerd, Green, hake, hansfriese, horsefacts, hubble, hyh, IllIllI, jonatascm, kebabsec, Meera, oyc&#95;109, pashov, rbserver, Ruhum, simon135, tabish, tintin, and zzzitron_"
158,e7921851ec01,High,Governance,Incorrect Parameter,"The vault token balance (`assetInfo[debt].balance`) is not updated during liquidation (`D3VaultLiquidation.liquidate()`). Thus, a user who calls `D3VaultFunding.userDeposit()` can get more dTokens than they should get. When `D3VaultLiquidation.liquidate()` is called, the debt is transferred to the vault: But `assetInfo[debt].balance` is not updated"
159,1167ec3a176e,High,"DoS, Upgradeable",No Recovery Mechanism,"See detail. The following logic is implemented in `ValantisHOTModulePublic.deposit()` : This code assumes that the reserves of the pool (`_amt0`, `_amt1`) will be dust amounts. **The case that the protocol did not consider:** This module could be a new module that was set via `ArrakisMetaVault.setModule()` . When `setModule()` is called, it withdra"
160,98b7c1691811,High,"DoS, Input Validation",Invalid Validation,"_Submitted by cccz, also found by cmichel, Fitraldys, kenzo, onewayfunction, and tqts_ There is a reentrancy vulnerability in the \_safeMint function The lock function changes the totalDepositedXDEFI variable after calling the \_safeMint function Since the updateDistribution function does not use the noReenter modifier, the attacker can re-enter th"
161,e7921851ec01,High,Governance,Incorrect Parameter,"When a D3MM pool repays all of the borrowed funds to vault using [D3Funding.sol repayAll](https://github.com/sherlock-audit/2023-06-dodo/blob/main/new-dodo-v3/contracts/DODOV3MM/D3Pool/D3Funding.sol#L40-L46), an attacker can steal double the amount of those funds from vault. This is because the balance of vault is not updated correctly in [D3VaultF"
162,0315ba9d8121,High,Arithmetic,Incorrect Parameter,"When calling `isolateRepay()` we can specify `nftTokenIds` and `onBehalf`. The current implementation just restricts `onBehalf!=address(0)` and does not restrict `onBehalf == nftOwner`. This way, we can maliciously specify `onBehalf!=nftOwner` and when the method is executed `userScaledIsolateBorrow[onBehalf]` will be maliciously reduced. When the "
163,9ddd6b83c27e,High,ERC20,safeApprove,"If users want to withdraw/redeem tokens by WithdrawPeriphery, they should approve token approval to WithdrawPeriphery, then call `withdrawToken()` or `redeemToken()`. But if users approve `dnGmxJuniorVault` to WithdrawPeriphery, anyone can withdraw/redeem his/her token. Users should approve `dnGmxJuniorVault` before calling `withdrawToken()` or `re"
164,ee25ec7abd40,High,"Access Control,DoS",State Update Inconsistency,"The span of the game tree at split depth is far larger than the length between the starting block and the claimed block. When `starting block + trace index + 1 > claimed block`, honest party should continue to commit to the root of the claimed block. However, the `DISPUTED_L2_BLOCK_NUMBER` passed to the VM is always `starting block + trace index + "
165,1167ec3a176e,High,Chainlink,Price Manipulation / Arbitrage opportunity,"The contest README states the following: > Executor of ArrakisStandardManager is RESTRICTED during rebalance action on vaults. This is a complex attack performed by a malicious executor to drain a vault during rebalance. It requires at least one of the tokens to be a rebase token, since it requires the pool reserves to be increased without calling "
166,fee749ecd513,High,"Arithmetic, DoS",Front Run,"_Submitted by csanuragjain_ It was observed that the debt and collateral which moves for Auction is calculated incorrectly. In case where `line.proportion` is set to small value, chances are art will become lower than min debt. This causes whole collateral to go for auction, which was not expected."
167,099243e83259,High,ERC4626,Inflation Attack,Function `withdrawDETH()` in `GiantSavETHVaultPool` allows a user to burn their giant LP in exchange for dETH that is ready to withdraw from a set of savETH vaults. This function make external calls to user provided addresses without checking those addresses and send increased dETH balance of contract during the call to user. User can provide malic
168,98b7c1691811,High,Accounting Error,Incorrect Formula,"_Submitted by WatchPug_ In the current implementation, `_pointsPerUnit` can be changed in `updateDistribution()` which can be called by anyone. A malicious early user can `lock()` with only `1 wei` of XDEFI and makes `_pointsPerUnit` to be very large, causing future users not to be able to `lock()` and/or `unlock()` anymore due to overflow in arith"
169,9befb133ee74,High,ERC20,Missing Return Check,"_Submitted by gpersoon, also found by shw_ The function `sortVaultsByDelta` doesn't always work as expected. Suppose all the delta's are positive, and delta1 >= delta2 >= delta3 > 0. Then `maxIndex = 0`. And `(delta < minDelta (==0) )` is never true, so `minIndex = 0`. Then (assuming `bigFirst==true`): This is clearly not what is wanted, all `vault"
170,e6e43dfea59f,High,ERC20,Missing Return Check,"_Submitted by gpersoon, also found by shw_ The function `sortVaultsByDelta` doesn't always work as expected. Suppose all the delta's are positive, and delta1 >= delta2 >= delta3 > 0. Then `maxIndex = 0`. And `(delta < minDelta (==0) )` is never true, so `minIndex = 0`. Then (assuming `bigFirst==true`): This is clearly not what is wanted, all `vault"
171,e7921851ec01,High,"Accounting Error, DoS, ERC20",Fee On Transfer Token,"Anyone can sell other users' tokens as `fromToken`, and get the `toToken`'s themselves due to `decodeData.payer` is never checked. Let's examine the token-selling process and the transaction flow. The user will initiate the transaction with the `sellTokens()` method in the `D3Proxy.sol` contract, and provide multiple inputs like `pool`, `fromToken`"
172,1167ec3a176e,High,Pause,No Recovery Mechanism,"The contest README states that the `executor` of `ArrakisStandardManager` is a RESTRICTED role during rebalance action on vaults. This report shows a way for the `executor` to call `ArrakisStandardManager::rebalance()` with a malicious payload, which ends up stealing the accrued manager fees and re-depositing them into the pool’s liquidity. On call"
173,e7921851ec01,High,Governance,Incorrect Parameter,"In D3Liquidation's finishLiquidation() function, update pool's token balance is missing. After finishLiquidation, there will be unequally of pool's token balance record and IERC20(token).balanceOf(pool), which will causing serious problems."
174,e7921851ec01,High,Oracle,Hardcoded Parameter,"When a pool is liquidated, the `totalBorrows` storage slot for the token in question should be decremented by `debtToCover` in order to keep the exchange rate of the corresponding `pToken` correct. When users call `liquidate` to liquidate a pool, they specify the amount of debt they want to cover. In the end this is used to write down the borrow am"
175,7100a75d6ebd,High,"DoS, Governance",Missing Upper/Lower Bound Check,"_Submitted by philogy, also found by berndartmueller and Lambda_"
176,a1ee58021528,High,Accounting Error,"Invariant Violation, State Update Inconsistency",It seems that the owner is only allowed to spend amount uptil config.spend\_limit. However it was observed that this `config.spend_limit` is never decreased even if owner has spend an amount. This makes `config.spend_limit` useless as owner can simply send 2-multiple transactions each of `config.spend_limit` which will all pass and hence bypassing 
177,e0d2d83ea351,High,"Accounting Error, ERC20",Fee On Transfer Token,A malicious strategy has access to the adapter's storage and can therefore freely change any values.
178,9ddd6b83c27e,High,"Input Validation, Liquidation",Invalid Validation,"DnGmxJuniorVaultManager#_rebalanceBorrow fails to rebalance correctly if only one of the two assets needs a rebalance. In the case where one assets increases rapidly in price while the other stays constant, the vault may be liquidated. // If both eth and btc swap amounts are not beyond the threshold then no flashloan needs to be executed | case 1 i"
179,e7921851ec01,High,Accounting Error,Incorrect Parameter,"This is a critical bug, will cause wrong exchange rate calculation, which will impact almost all the funding related functions."
180,73f6a793d916,High,"Access Control,Input Validation",Asset Theft,"The clone-with-immutable-args pattern is unsafe to use when one of the immutable arguments controls an address being delegated to. As was seen in the Astaria beacon proxy [issue](https://x.com/apoorvlathey/status/1671308196743647232?s=20), an attacker is able to forge the calldata that the proxy normally would forward, and can cause the implementat"
181,ee25ec7abd40,High,"DoS,ERC721",onERC721Received callback,"In some cases, the honest challenger must pass an LPP in order to counter a `MAX_GAME_DEPTH` claim through `step()`. For instance, ""in the event that the preimage is too large to be submitted through calldata in a single block, challengers must resort to the streaming option"" as described in the Optimism [specs](https://specs.optimism.io/fault-proo"
182,1d8f1f43cde9,High,Arithmetic,Token Decimal,_Submitted by cmichel_ The oracle does not correctly compound the monthly APRs - it resets on `fulfill`.<br> Note that the [`oraclePrice` storage variable](https://github.com/code-423n4/2022-03-volt/blob/f1210bf3151095e4d371c9e9d7682d9031860bbd/contracts/oracle/ScalingPriceOracle.sol#L198) is only set in `_updateCPIData` as part of the oracle `fulf
183,dd17040a53bc,Medium,ERC20,Not EIP Compliant,"_Submitted by cmichel, also found by defsec, JMukesh, p4st13r4, and WatchPug_ The `ERC20.transfer()` and `ERC20.transferFrom()` functions return a boolean value indicating success. This parameter needs to be checked for success. Some tokens do **not** revert if the transfer failed but return `false` instead. See: - `SingleNativeTokenExitV2.exit`'s "
184,9befb133ee74,Medium,Chainlink,Stale Value,"_Submitted by cmichel, also found by 0xRajeev and a_delamo_ The Chainlink API (`latestAnswer`) used in the `Buoy3Pool` oracle wrappers is deprecated: > This API is deprecated. Please see API Reference for the latest Price Feed API. [Chainlink Docs](https://docs.chain.link/docs/deprecated-aggregatorinterface-api-reference/#latestanswer) It seems lik"
185,e6e43dfea59f,Medium,Chainlink,Stale Value,"_Submitted by cmichel, also found by 0xRajeev and a_delamo_ The Chainlink API (`latestAnswer`) used in the `Buoy3Pool` oracle wrappers is deprecated: > This API is deprecated. Please see API Reference for the latest Price Feed API. [Chainlink Docs](https://docs.chain.link/docs/deprecated-aggregatorinterface-api-reference/#latestanswer) It seems lik"
186,9befb133ee74,Medium,Chainlink,Deprecated Library,"_Submitted by shw_ According to Chainlink's documentation ([Deprecated API Reference](https://docs.chain.link/docs/deprecated-aggregatorinterface-api-reference/), [Migration Instructions](https://docs.chain.link/docs/migrating-to-flux-aggregator/#3-use-the-new-functions), and [API Reference](https://docs.chain.link/docs/price-feeds-api-reference/))"
187,e6e43dfea59f,Medium,Chainlink,Deprecated Library,"_Submitted by shw_ According to Chainlink's documentation ([Deprecated API Reference](https://docs.chain.link/docs/deprecated-aggregatorinterface-api-reference/), [Migration Instructions](https://docs.chain.link/docs/migrating-to-flux-aggregator/#3-use-the-new-functions), and [API Reference](https://docs.chain.link/docs/price-feeds-api-reference/))"
188,7100a75d6ebd,Medium,Access Control,Centralization Risk,"_Submitted by cccz_ The owner of the JBToken contract can mint arbitrary amount of tokens. In general, the owner of the JBToken contract is the JBTokenStore contract, and the minting of the tokens is controlled by the JBController contract, but when the changeTokenOf function of the JBController contract is called, the owner will be transferred to "
189,e7921851ec01,Medium,"Chainlink, Oracle","Missing Return Check, Stale Value","When utilizing Chainlink in L2 chains like Arbitrum, it's important to ensure that the prices provided are not falsely perceived as fresh, even when the sequencer is down. This vulnerability could potentially be exploited by malicious actors to gain an unfair advantage. There is no check in D3Oracle.getPrice() no check in D3Oracle.getOriginalPrice("
190,0315ba9d8121,Medium,Chainlink,Stale Value,"There are two checks on price staleness in `PriceOracle::getAssetPriceFromChainlink`, but both checks are invalid. 1. `updatedAt != 0` - In chainlink aggregator, the price is updated at a set heartbeat and a threshold of deviation. `updatedAt` should be used to check if the answer is within the heartbeat or acceptable time limits. See [doc](https:/"
191,b2a8c124d062,Medium,Input Validation,Invalid Validation,"_Submitted by oyc&#95;109_ The comparison should be 'a >= vlt.notional' instead of a > vlt.notional. Otherwise dust amounts will always be left in vlt.notional when calling `removeNotional()` or `transferNotionalFrom()`. **[JTraversa (Swivel) confirmed, but disagreed with severity and commented](https://github.com/code-423n4/2022-07-swivel-findings"
192,e7921851ec01,Medium,"Chainlink, Oracle","Missing Return Check, Stale Value",Chainlink oracles have a min and max price that they return. If the price goes below the minimum price the oracle will not return the correct price but only the min price. Same goes for the other extremity. Both [`getPrice()`](https://github.com/sherlock-audit/2023-06-dodo/blob/main/new-dodo-v3/contracts/DODOV3MM/periphery/D3Oracle.sol#L48-L56) and
193,9befb133ee74,Medium,Arithmetic,Token Decimal,"_Submitted by cmichel_ The two `BaseVaultAdaptor.calculateShare` functions compute `share = amount.mul(uint256(10)**decimals).div(sharePrice)` This assumes that the `sharePrice` is always in _token_ decimals and that _token_ decimals is the same as _vault_ decimals. Both these assumptions happen to be correct for Yearn vaults, but that will not nec"
194,e6e43dfea59f,Medium,Arithmetic,Token Decimal,"_Submitted by cmichel_ The two `BaseVaultAdaptor.calculateShare` functions compute `share = amount.mul(uint256(10)**decimals).div(sharePrice)` This assumes that the `sharePrice` is always in _token_ decimals and that _token_ decimals is the same as _vault_ decimals. Both these assumptions happen to be correct for Yearn vaults, but that will not nec"
195,7100a75d6ebd,Medium,Logic Error,Implementation Error,"_Submitted by berndartmueller_ The check if the newly provided project splits contain the currently locked splits does not check the `JBSplit` struct properties `preferClaimed` and `preferAddToBalance`. According to the docs in `JBSplit.sol`, *""...if the split should be unchangeable until the specified time, with the exception of extending the lock"
196,a4d91fb1550f,Medium,"Accounting Error, Cross-Chain",Rebase Token,The `DInterest.deposit` function takes a `depositAmount` parameter but this parameter is not the actual transferred amount for fee-on-transfer / deflationary (or other rebasing) tokens. The actual deposited amount might be lower than the specified `depositAmount` of the function parameter. This would lead to wrong interest rate calculations on the 
197,e0d2d83ea351,Medium,Slippage,Invalid  Slippage Control / Missing slippage check,"Users can fail to withdraw deposited assets from a vault that uses `YearnAdapter` contract as its adapter because `maxLoss` input for calling corresponding Yearn vault's `withdraw` function cannot be specified. YearnTokenAdapter.unwrap() hardcodes the slippage control parameter to MAXIMUM_SLIPPAGE=10_000 (which is 100%) when calling IYearnVaultV2.withdraw().Setting maxLoss in IYearnVaultV2.withdraw() to 10_000 means there’s no slippage check, resulting in the possibility of all funds lost."
198,0315ba9d8121,Medium,Accounting Error,Fee On Transfer Token,"The protocol is designed to ensure it is compatible with fee-on-transfer tokens (Fee-on-transfer is in scope). For example, the `erc20TransferInLiquidity()` function checks the balance before and after, and calculates the difference between these values to measure the tokens received But at the end of the logic, it has a required check if the contr"
199,e0d2d83ea351,Medium,"Accounting Error, ERC20","Does not match with Doc, Fee On Transfer Token","If you are making a Lock fund for escrow using a fee on transfer token then contract will receive less amount (X-fees) but will record full amount (X). This becomes a problem as when claim is made then call will fail due to lack of funds. Worse, one user will unknowingly take the missing fees part from another user deposited escrow fund."
200,fa1836e0615e,Medium,"Accounting Error, ERC20",Fee On Transfer Token,"_Note: this finding was reported via the winning [Automated Findings report](https://gist.github.com/code423n4/3c6507b76ca940e11c287862cb4a1fd3). It was declared out of scope for the audit, but is being included here for completeness._ Some tokens do not implement the ERC20 standard properly but are still accepted by most code that accepts ERC20 to"
201,485f7b9ccb0a,Medium,Logic Error,Implementation Error,"Thruster have introduced ability [to change yield cut](https://github.com/code-423n4/2024-02-thruster/blob/main/thruster-protocol/thruster-cfmm/contracts/ThrusterFactory.sol#L75-L80) for their uniswap v2 like pools. The yield is charged only, when some LP [manages their position](https://github.com/code-423n4/2024-02-thruster/blob/main/thruster-pro"
202,0315ba9d8121,Medium,"Arithmetic,Oracle",Token Decimal,"Whenever the price of a nft suffers a significant drop or the debt asset increases in price, there is a threshold after which liquidations are not profitable at all for the liquidator. Moreover, it does not offer the possibility of partial liquidation to at least partially mitigate this issue."
203,e0d2d83ea351,Medium,Logic Error,Incorrect Parameter,"Users lose their entire investment when making a deposit and resulting shares are zero. _deposit checks totalSupply() instead of converting to assets, allowing users to exceed the global lending limit."
204,e7921851ec01,Medium,Arithmetic,Precision Loss,finishLiquidation() divides before multiplying when calculating realDebt. There will be precision loss when calculating the realDebt because solidity truncates values when dividing and dividing before multiplying causes precision loss. Values that suffered from precision loss will be updated here Values that suffered from precision loss will be upd
205,7b5e1803022e,Medium,"ERC721, Reentrancy",Violating CEI / Missing nonReentrant,DOS set token through erc777 hook. no reentrancy guard
206,7100a75d6ebd,Medium,ERC20,Not EIP Compliant,"_Submitted by horsefacts, also found by 0x1f8b, 0x29A, 0x52, 0xf15ers, AlleyCat, apostle0x01, berndartmueller, cccz, Ch&#95;301, Chom, cloudjunky, codexploder, cryptphi, delfin454000, durianSausage, fatherOfBlocks, Franfran, hake, hansfriese, hyh, IllIllI, jonatascm, Kaiziron, Limbooo, m&#95;Rassska, Meera, oyc&#95;109, peritoflores, rajatbeladiya,"
207,dd17040a53bc,Medium,call / delegatecall,Missing Return Check,"_Submitted by JMukesh, also found by certora_ #### Impact The return value of the low-level call is not checked, so if the call fails, the Ether will be locked in the contract. If the low level is used to prevent blocking operations, consider logging failed calls. #### Proof of Concept #### Recommended Mitigation Steps add condition to check return"
208,7b5e1803022e,Medium,Logic Error,Implementation Error,"_Submitted by 0xDjango_ Control is transferred to the receiver when receiving the ERC777. They are able to transfer the ERC777 to another account, at which time the before and after balance calculation will be incorrect. uint256 balanceBefore = IERC20(asset()).balanceOf(receiver); if (msg.sender != owner) { _spendAllowance(owner, msg.sender, shares"
209,9ddd6b83c27e,Medium,Slippage,Missing minOut / maxAmount,"WithdrawPeriphery allows the user to redeem junior share vaults to any token available on GMX, applying a fixed slippage threshold to all redeems. The slippage calculation always returns the number of tokens to 6 decimals. This works fine for USDC but for other tokens like WETH or WBTC that are 18 decimals the slippage protection is completely inef"
210,0315ba9d8121,Medium,"Arithmetic,Oracle",Token Decimal,"Updating fee factor may create issues for the protocol. The PriceFeed incorrectly handles the decimal differences between price pairs, leading to distorted quotes for some trading pairs and affecting asset risk calculations."
211,fa1836e0615e,Medium,"Accounting Error, ERC20",Fee On Transfer Token,"_Note: this finding was reported via the winning [Automated Findings report](https://gist.github.com/code423n4/3c6507b76ca940e11c287862cb4a1fd3). It was declared out of scope for the audit, but is being included here for completeness._ Passing `block.timestamp` as the expiry/deadline of an operation does not mean ""require immediate execution"" - it "
212,a4d91fb1550f,Medium,"Accounting Error, Cross-Chain",Rebase Token,"In contract `MPHMinter`, the function `distributeFundingRewards` does not check whether the contract itself is the owner of `mph`. If the contract is not the owner of `mph`, `mph.ownerMint` could revert, causing functions such as `withdraw`, `rolloverDeposit`, `payInterestToFunders` in the contract `DInterest` to revert as well. Recommend adding a "
213,0315ba9d8121,Medium,Chainlink,Stale Value,"Chainlink recommends that all Optimistic L2 oracles consult the Sequencer Uptime Feed to ensure that the sequencer is live before trusting the data returned by the oracle. If the Arbitrum Sequencer goes down, oracle data will not be kept up to date, and thus could become stale. However, users are able to continue to interact with the protocol direc"
214,0315ba9d8121,Medium,"Arithmetic,Oracle",Token Decimal,"Protocol should update interest rate after changing rate model in the configurator module. The PriceFeed incorrectly handles the decimal differences between price pairs, leading to distorted quotes for some trading pairs and affecting asset risk calculations."
215,fa1836e0615e,Medium,"Arithmetic,ERC4626",Rounding Error,"The function `sync` is used in `RdpxV2Core.sol` to synchronize the balances of the reserve assets stored in the contract, but it is not called in all of the situations where swaps/providing/removing liquidity is made."
216,fa1836e0615e,Medium,"Accounting Error, ERC20",Fee On Transfer Token,"_Note: this finding was reported via the winning [Automated Findings report](https://gist.github.com/code423n4/3c6507b76ca940e11c287862cb4a1fd3). It was declared out of scope for the audit, but is being included here for completeness._ Not all `IERC20` implementations `revert()` when there's a failure in `approve()`. The function signature has a `b"
217,0315ba9d8121,Medium,"Arithmetic,Oracle",Token Decimal,"Current pausing features allow a pool to be globally paused (all assets borrow, repay, liquidation pausing) and asset pausing (specific asset borrow, repay, liquidation pausing). See [`validatePoolBasic()`](https://github.com/code-423n4/2024-07-benddao/blob/117ef61967d4b318fc65170061c9577e674fffa1/src/libraries/logic/ValidateLogic.sol#L29) and [`va"
218,af8e4af75dc2,Medium,ERC20,Not EIP Compliant,ERC20 implementations are not always consistent. Some implementations of transfer and transferFrom could return ‘false’ on failure instead of reverting. It is safer to wrap such calls into `require()` statements to these failures.
219,7100a75d6ebd,Medium,DoS,Out of Gas,"_Submitted by dirk&#95;y, also found by IllIllI, and ylv_"
220,54405135ebf3,Medium,Access Control,"Arbitrary Add/Remove/Set/Call, Centralization Risk","_Submitted by carlitox477, also found by 0xA5DF, 0xDjango, brgltd, IllIllI, and reassor_"
221,54405135ebf3,Medium,Input Validation,Invalid Validation,_Submitted by 0x1f8b_ The method `globalPause` is not tested and it doesn't work as expected.
222,af8e4af75dc2,Medium,"Arithmetic, DoS",Front Run,"In `repay()` users can repay their debt. function repay(address user, uint amount) public { uint debt = debts[user]; require(debt >= amount, ""Insufficient debt""); debts[user] -= amount; totalDebt -= amount; dbr.onRepay(user, amount); dola.transferFrom(msg.sender, address(this), amount); emit Repay(user, msg.sender, amount); } There is a `require` c"
223,fa1836e0615e,Medium,"Access Control, DoS",Out of Gas,"The return value of [PerpetualAtlanticVault.nextFundingPaymentTimestamp()](https://github.com/code-423n4/2023-08-dopex/blob/eb4d4a201b3a75dd4bddc74a34e9c42c71d0d12f/contracts/perp-vault/PerpetualAtlanticVault.sol#L562-L569), which marks the beginning of the next funding epoch, scales linearly with the current `fundingDuration`. (Note that `latestFu"
224,fa1836e0615e,Medium,DoS,payable / receive(),"When user execute bond operations and `putOptionsRequired` is `true`, the premium that they will pay is depend on time when the bond operations will be executed. This will cause the premium paid by user will be less despite bond the same amount at the same price if they time it correctly."
225,2c5e13b4e147,Medium,ERC20,safeApprove,_Submitted by sorrynotsorry_ Calls to external contracts inside a loop are dangerous (especially if the loop index can be user-controlled) because it could lead to DoS if one of the calls reverts or execution runs out of gas. [Reference](https://swcregistry.io/docs/SWC-113)
226,54405135ebf3,Medium,"Logic Error, Oracle","Implementation Error, Price Manipulation / Arbitrage opportunity","After confirming with the sponsor, `dirtyLiquidationFee` is 90% of `cleanLiquidationFee` like the [comment](https://github.com/code-423n4/2022-08-frax/blob/c4189a3a98b38c8c962c5ea72f1a322fbc2ae45f/src/contracts/FraxlendPairCore.sol#L194). But it uses `9% (9000 / 1e5 = 0.09)` and the fee calculation will be wrong [here](https://github.com/code-423n4"
227,af8e4af75dc2,Medium,Liquidation,Unfair Liquidation,"For a lending pool, borrower's debt healthness can be decided by the health factor, i.e. the collateral value divided by debt. ($C/D$) The less the health factor is, the borrower's collateral is more risky of being liquidated. Liquidation is supposed to make the borrower healthier (by paying debts and claiming some collateral), or else continuous l"
228,2c5e13b4e147,Medium,Input Validation,Invalid Validation,"_Submitted by wuwe1, also found by cccz, defsec, dipp, Dravee, GermanKuber, GimelSec, jah, reassor, and WatchPug_ Since the `_tokenContract` can be any token, it is possible that loans will be created with tokens that support fee on transfer. If a fee on transfer asset token is chosen, other user's funds might be drained."
229,7100a75d6ebd,Medium,"Chainlink, Oracle","Invalid Validation, Price Manipulation / Arbitrage opportunity","_Submitted by bardamu, also found by berndartmueller, codexploder, Alex the Entreprenerd, and horsefacts_ Call to `latestRoundData` could potentially revert and make it impossible to query any prices. Feeds cannot be changed after they are configured (<https://github.com/jbx-protocol/juice-contracts-v2-code4rena/blob/828bf2f3e719873daa08081cfa0d0a6"
230,ee25ec7abd40,Medium,Input Validation,Invalid Validation,The [`readMem()`](https://github.com/code-423n4/2024-07-optimism/blob/main/packages/contracts-bedrock/src/cannon/MIPS.sol#L538C4-L584C6) and [`writeMem()`](https://github.com/code-423n4/2024-07-optimism/blob/main/packages/contracts-bedrock/src/cannon/MIPS.sol#L592C3-L632C6) functions do not properly validate the memory address being accessed. This 
231,af8e4af75dc2,Medium,"DoS,ERC777",ERC777 Callback,"Markets can be deployed with arbitrary tokens for the collateral, including ERC777 tokens (that are downwards-compatible with ERC20). However, when the system is used with those tokens, an attacker can drain his escrow contract completely while still having a loan. This happens because with ERC777 tokens, there is a `tokensToSend` hook that is exec"
232,7100a75d6ebd,Medium,"Chainlink, DoS, Liquidation",Price Manipulation / Arbitrage opportunity,"_Submitted by 0x52, also found by DimitarDimitrov_ Potentially inconsistent currency conversions."
233,ba93b3b8d7cf,Medium,Logic Error,"Missing Functionality, No Recovery Mechanism","_Submitted by hyh_ Now there are no checks for the amounts to be transferred via \_transferYield and \_processTreasury. As reward token list is external and an arbitrary token can end up there, in the case when such token doesn't allow for zero amount transfers, the reward retrieval can become unavailable. I.e. processYield() can be fully blocked f"
234,97843b77b287,Medium,Logic error,"Incorrect Parameter, Missing Upper/Lower Bound Check","_Submitted by walker, also found by cmichel and shw_ The sherlock smart contract system uses internal bookkeeping of arbitrary ERC20 token balances. It doesn't assert that the ERC20 doesn't implement some non-standard behavior. For example, deflationary tokens, or tokens with a transfer fee, will result in incorrect internal balances. In summary, a"
235,af8e4af75dc2,Medium,Liquidation,Unfair Liquidation,Users able to invoke `forceReplenish()` when they are on liquidation position.
236,dd17040a53bc,Medium,Access Control,"Does not match with Doc, Implementation Error","_Submitted by Czar102_ #### Impact The APY of the annualized fee is dependent on the frequency of the execution of the [`BasketFacet::chargeOutstandingAnnualizedFee()`](https://github.com/code-423n4/2021-12-amun/blob/main/contracts/basket/contracts/facets/Basket/BasketFacet.sol#L265-L279). If it is called more frequently, the compounding is more fr"
237,dd17040a53bc,Medium,"DoS, Input Validation",Invalid Validation,"_Submitted by certora_ after that fee is calculated, it is minted to the feeBeneficiary. simply minting the exact amount results lower fee than it should be. #### Impact feeBeneficiary will get less fees than it should. #### Proof of Concept let's assume that the basket assets are worth 1M dollars, and totalSupply = 1M. the result of `calcOutStandi"
238,b2a8c124d062,Medium,DoS,Invalid Validation,"_Submitted by itsmeSTYJ, also found by GimelSec_"
239,4ef0b4d678ab,Medium,ERC4626,Inflation Attack,"In order to guarantee the contract does not become insolvent, incoming assets should be rounded up, while outgoing assets should be rounded down. The function `buyQuote()` calculates the amount of base tokens required to buy a given amount of fractional tokens. However, this function rounds down the required amount, which is in favor of the buyer ("
240,dd17040a53bc,Medium,DoS,Incorrect Parameter,"_Submitted by pmerkleplant, also found by certora, hyh, p4st13r4, pauliax, robee, and WatchPug_ #### Impact There's a griefing attack vulnerability in the function `joinTokenSingle` in `SingleTokenJoin.sol` as well as `SingleTokenJoinV2.sol` which makes any user transaction fail with ""FAILED_OUTPUT_AMOUNT"". ##### Proof of Concept The `JoinTokenStru"
241,54405135ebf3,Medium,EIP712,Not EIP Compliant,"_Submitted by berndartmueller, also found by IllIllI_"
242,7bbe3d81960c,Medium,Governance,Incorrect Parameter,"Potential risk of using `swappedAmount` in case of swap error. LlamaRelativeQuorum calculates the required votes for approval and disapproval when creating governance proposals by setting actionApprovalSupply / actionDisapprovalSupply to the number of role holders (getRoleSupplyAsNumberOfHolders()). However, when calculating the actual number of approved votes,"
243,ba93b3b8d7cf,Medium,Logic Error,"Missing Functionality, No Recovery Mechanism","_Submitted by berndartmueller, also found by WatchPug_ Withdrawing ETH collateral via the `withdrawCollateral` function using `type(uint256).max` for the `_amount` parameter reverts the transaction due to `_asset` being the zero-address and `IERC20Detailed(_asset).decimals()` not working for native ETH. #### Proof of Concept"
244,54405135ebf3,Medium,Access Control,No Recovery Mechanism,_Submitted by CertoraInc_ Decimals limitation limits the tokens that can be used.
245,54405135ebf3,Medium,Logic Error,State Update Inconsistency,_Submitted by auditor0517_ This function is changing the protocol fee that is used during interest calculation [here](https://github.com/code-423n4/2022-08-frax/blob/c4189a3a98b38c8c962c5ea72f1a322fbc2ae45f/src/contracts/FraxlendPairCore.sol#L477-L488). But it doesn't update interest before changing the fee so the `_feesAmount` will be calculated w
246,b155c4de6012,Medium,"Access Control,DoS",Invalid Validation,"There is no way to revoke the approval which given via `DelegateToken.approve(address,delegateTokenId)`. They can able call the `DelegateToken.transferFrom` even the tokenHolder revoke the permission using the `DelegateToken.setApprovalForAll`. If the spender address is approved by the PT token, we can call the `DelegateToken.withdraw`."
247,7100a75d6ebd,Medium,Input Validation,Invalid Validation,"_Submitted by IllIllI, also found by cccz, hake, Meera, rbserver, and robee_ Some ERC20 tokens, such as USDT, allow for charging a fee any time `transfer()` or `transferFrom()` is called. If a contract does not allow for amounts to change after transfers, subsequent transfer operations based on the original amount will `revert()` due to the contrac"
248,4ef0b4d678ab,Medium,Slippage,Missing deadline,The `Pair` contract does not allow users to submit a deadline for their action. This missing feature enables pending transactions to be maliciously executed at a later point.
249,7b5e1803022e,Medium,"DoS, Pause",1/64 Gas Rule,"_Submitted by jonah1005_ In the `_isWrappedFCash` check, the `notionalTradeModule` check whether the component is a wrappedCash with the following logic. The above logic is dangerous when `_fCashPosition` do not revert on `getDecodedID` but instead give a wrong format of return value. The contract would try to decode the return value into `returns("
250,b2a8c124d062,Medium,Oracle,Hardcoded Parameter,VaultTracker miscalculates compounding interest. CTokenMultiOracle defaults Compound’s exchange rate to 1e18. This results in incorrect price calculations.
251,b2a8c124d062,Medium,Slippage,Invalid  Slippage Control / Missing slippage check,"Yearn vault integration is broken. YearnTokenAdapter.unwrap() hardcodes the slippage control parameter to MAXIMUM_SLIPPAGE=10_000 (which is 100%) when calling IYearnVaultV2.withdraw().Setting maxLoss in IYearnVaultV2.withdraw() to 10_000 means there’s no slippage check, resulting in the possibility of all funds lost."
252,485f7b9ccb0a,Medium,ERC20,Refund Failed,"`claimPrizesForRound()` transfers the entire amount of a prize to a winner without considering the total number of winners for that prize. The prize for a given round and prize index can be set by calling the `setPrize()` function, which pulls the amounts from the caller (the owner) and stores the prize data in the `prizes` array: However, the `cla"
253,a1ee58021528,Medium,Logic error,"Incorrect Parameter, Missing Upper/Lower Bound Check","Polls are created by targeting the `receive_cw20` function which is queried whenever the contract receives tokens. By setting the hook message to `Cw20HookMsg::CreatePoll`, the sender is able to create a poll, assuming the amount sent satisfies the minimum deposit amount for poll creation. Users can also choose to call `ExecuteMsg::SnapshotPoll` or"
254,1d8f1f43cde9,Medium,"DoS, Governance",Missing Upper/Lower Bound Check,"_Submitted by rayn_ `vcon` address is allowed to be updated by `GOVERNOR` in `Core`, however, this change will not be reflected in `CoreRef._vcon`. Moreover, since `CoreRef._vcon` cannot be updated due to contract design, it is also impossible to fix this manually. We are not yet sure how `vcon` will be used throughout the volt protocol, since deta"
255,7100a75d6ebd,Medium,Arithmetic,Precision Loss,"_Submitted by berndartmueller, also found by 0x52, hyh, and Ruhum_ The `JBPayoutRedemptionPaymentTerminal._feeAmount` function is used to calculate the fee based on a given `_amount`, a fee rate `_fee` and an optional discount `_feeDiscount`. However, the current implementation calculates the fee in a way that leads to inaccuracy and to fewer fees "
256,97843b77b287,Medium,Access Control,"Does not match with Doc, Implementation Error","_Submitted by gpersoon_ When a large payout occurs, it will lower `unallocatedSherX`. This could mean some parties might not be able to get their Yield. The first couple of users (for which harvest is called or which transfer tokens) will be able to get their full Yield, until the moment `unallocatedSherX` is depleted. The next users don't get any "
257,dd17040a53bc,Medium,Access Control,Missing Initialization,"_Submitted by Czar102_ #### Impact The initialization status is defined by the [name and symbol](https://github.com/code-423n4/2021-12-amun/blob/main/contracts/basket/contracts/facets/ERC20/ERC20Facet.sol#L25-L28). It is possible it set them back to an empty string, uninitializing the contract and letting the `initialize(..)` function be called aga"
258,af8e4af75dc2,Medium,Liquidation,Does not match with Doc,User can free from liquidation fee if its escrow balance less than the calculated liquidation fee.
259,ba93b3b8d7cf,Medium,Input Validation,Bad Condition,"_Submitted by rotcivegaf, also found by AuditsAreUS, berndartmueller, cccz, MaratCerby, dipp, and StErMi_ Possible lost value in `depositCollateral` function call"
260,b2a8c124d062,Medium,DoS,Invalid Validation,"_Submitted by hansfriese, also found by jonatascm_ `Swivel.setFee()` is implemented wrongly. Swivel.feenominators won't be set as expected."
261,8f18f7d5c396,Medium,DoS,payable / receive(),"_Submitted by WatchPug, also found by daejunpark, gpersoon, hickuphh3, kenzo, and pmerkleplant_. When users swap to native token (ETH), the `initialBalance` should use the balance of `wrappedNativeToken` instead of native token balance, because `finalBalance` is the balance of `wrappedNativeToken`. In the current implementation, when the `toToken` "
262,dd17040a53bc,Medium,DoS,Incorrect Parameter,"_Submitted by Czar102, also found by gpersoon, gzeon, kenzo, and WatchPug_ #### Impact Total supply of the token may exceed the `maxCap` introduced. This can happen when a user wants to join the pool. The [check in `BasketFacet::joinPool(...)`](https://github.com/code-423n4/2021-12-amun/blob/main/contracts/basket/contracts/facets/Basket/BasketFacet"
263,e7921851ec01,Medium,"DAO, Governance",Bad Condition,"POC The last pool's repay() / finishLiquidation() will be blocked, since the record.amount will be larger than the info.borrowAmount, which will cause a underflow in `info.totalBorrows = info.totalBorrows - realDebt;`"
264,dd17040a53bc,Medium,Input Validation,"Hardcoded Parameter, Invalid Validation","_Submitted by gpersoon, also found by kenzo and robee_ #### Impact Some functions, like rebalance() in RebalanceManagerV3 use \_deadline as a time limit for swapExactTokensForTokens() Other functions, like \_joinTokenSingle() of SingleTokenJoinV2.sol and \_exit() of SingleNativeTokenExitV2() use block.timestamp, although a deadline field is present"
265,1d8f1f43cde9,Medium,"Arithmetic, Oracle",Implementation Error,"_Submitted by cmichel_ The `OracleRef` assumes that the backup oracle uses the same normalizer as the main oracle.<br> This generally isn't the case as it could be a completely different oracle, not even operated by Chainlink.<br> If the main oracle fails, the backup oracle could be scaled by a wrong amount and return a wrong price which could lead"
266,b155c4de6012,Medium,"DoS,Input Validation","Invalid Validation,Nonce","According to https://github.com/ProjectOpenSea/seaport/blob/main/docs/SeaportDocumentation.md#contract-orders: > ""Seaport v1.2 introduced support for a new type of order: the contract order. In brief, a smart contract that implements the ContractOffererInterface (referred to as an “Seaport app contract” or 'Seaport app' in the docs and a 'contract "
267,1d8f1f43cde9,Medium,DoS,Duplicate Value,"_Submitted by cmichel_ When the `bufferCap` is updated for an address in `_updateAddress`, the address's allowed buffer (`bufferStored`) is replenished to the entire `bufferCap`. The address could frontrun the `updateAddress` call and spend their entire buffer, then the buffer is replenished and they can spend their entire buffer a second time."
268,8f18f7d5c396,Medium,Input Validation,"Invalid Validation, No Recovery Mechanism","_Submitted by kenzo_. Slingshot's `executeTrades` checks that the trade result amount (to be sent to the user) is bigger than `finalAmountMin`, and *after that* sends the user the amount. But if the token charges fee on transfer, the final transfer to the user will decrease the amount the user is getting, maybe below `finalAmountMin`. #### Proof of"
269,a1ee58021528,Medium,"Chainlink, Oracle",Stale Value,"The collector contract allows anyone to `sweep`, swapping an asset token to ANC through astro port.<br> Note that `belief_price` is not set and `config.max_spread` might not be set as well or misconfigured. This allows an attacker to create a contract to perform a sandwich attack to make a profit on this trade. > A common attack in DeFi is the sand"
270,8a20eb1e521f,Medium,"Flashloan,TWAP,Uniswap",slot0,"The `_doCheckValueType` function, which is crucial for post-operation validation, contains reversed comparison logic for the `gte` (greater than or equal to) and `lte` (less than or equal to) operators. This reversal causes the function to perform the opposite checks than intended, potentially allowing operations to pass validation when they should"
271,2c5e13b4e147,Medium,Input Validation,Invalid Validation,"No checks for non-Cudos tokens mean that non-Cudos ERC20 tokens will be lost to the contract, with the user not having any chance of retrieving them. However, the admin can retrieve them through withdrawERC20. Impact is that users lose their funds, but admins gain them. The mistakes could be mitigated on the contract, by checking against a list of "
272,54405135ebf3,Medium,Oracle,Hardcoded Parameter,No incentives to write off bad debt when remaining collateral is very small. CTokenMultiOracle defaults Compound’s exchange rate to 1e18. This results in incorrect price calculations.
273,e7921851ec01,Medium,Cross-Chain,Token Decimal,"`parseAllPrice` not support the token decimal is greater than 18, such as NEAR with 24 decimal. Since `buyToken / sellToken` is dependent on `parseAllPrice`, so users can't trade tokens larger than 18 decimal, but DODOv3 is intended to be compatible with all standard ERC20, which is not expected. If `tokenDecimal > 18`, `18 - tokenDecimal` will rev"
274,af8e4af75dc2,Medium,Arithmetic,Token Decimal,The `Oracle` contract normalizes prices in both `viewPrices` and `getPrices` functions to adjust for potential decimal differences between feed and token decimals and the expected return value. However these functions assume that `feedDecimals` and `tokenDecimals` won't exceed 18 since the normalization calculation is `36 - feedDecimals - tokenDeci
275,b2a8c124d062,Medium,Oracle,Hardcoded Parameter,_Submitted by 0x52_ Loss of all user funds.
276,e7921851ec01,Medium,Arithmetic,"Hardcoded Parameter, Token Decimal",Here is the poc: It may cause unexpected loss
277,e7921851ec01,Medium,Logic Error,Does not match with Doc,D3VaultFunding#checkBadDebtAfterAccrue makes the incorrect assumption that a collateral ratio of less than 1e18 means that the pool has bad debt. Due to how collateral and debt weight affect the collateral ratio calculation a pool can have a collateral ratio less than 1e18 will still maintaining debt that is profitable to liquidate. The result of t
278,a1ee58021528,Medium,Access Control,"Does not match with Doc, Implementation Error","During the code review, It has been observed that reward calculation has been done with execute\_epoch\_operations function. However, the config are stored in the storage. When the anc\_purchase\_factor is updated by the owner, the execute\_epoch\_operations is not called."
279,af8e4af75dc2,Medium,"Arithmetic, DoS",Front Run,A user can borrow DOLA interest-free. This requires the user to precisely manage their collateral. This issue might become especially troublesome if a Market is opened with some stablecoin as the collateral (because price fluctuations would become negligible and carefully managing collateral level would be easy). This issue is harder to exploit (bu
280,7b5e1803022e,Medium,DoS,"Implementation Error, Incorrect Parameter","_Submitted by 0x52, also found by jonah1005 and unforgiven_ Minting becomes impossible"
281,4ef0b4d678ab,Medium,ERC20,Fee On Transfer Token,"An attacker may manipulate the price of a pair by transferring tokens directly to the pair. Since the `Pair` contract exposes the `price` function, it maybe be used as a price oracle in third-party integrations. Manipulating the price of a pair may allow an attacker to steal funds from such integrations."
282,a1ee58021528,Medium,"DoS, Input Validation",Invalid Validation,"In the current implementation of `CrossAnchorBridge`, all `require` that ""Check that `token` is a whitelisted token"" is commented out. As a result, users may send transcations with the non-whitelisted tokens and as they can not be processd properly on the Terra side, the funds can be frozen on the brige contract or on the Terra side."
283,4ef0b4d678ab,Medium,Slippage,Invalid  Slippage Control / Missing slippage check,Users can `wrap()` their NFT tokens (which id is whitelisted) and receive `1e18` fractional token or they can pay `1e18` fractional token and unwrap NFT token. there is two issue here: 1. anyone can swap their NFT token id with another NFT token id without paying any fee(both ids should be whitelisted). it's swap without fee. 2. attacker can swap h
284,af8e4af75dc2,Medium,Zksync,EVM Compatibility,The two-day feature of the oracle can be gamed where you only have to manipulate the oracle for \~2 blocks.
285,97843b77b287,Medium,Logic error,"Incorrect Parameter, Missing Upper/Lower Bound Check","_Submitted by cmichel_ The `_doSherX` function does not attempt to pay off the accrued premiums (""pay off debt"") for most tokens, only for the ones that would otherwise revert the tx: The `amounts = LibSherX.calcUnderlying(totalSherX)` array is an optimistic view assuming all outstanding, accrued premiums would indeed be paid until now. However, it"
286,ee25ec7abd40,Medium,DoS,Front Run,"When creating a dispute game, the output root should be one of the safe l2 block's. However, attacker can continuously create games for not yet safe l2 blocks. Honest party can no longer propose the root after it becomes safe, since UUID must be unique. As a result, no root can be successfully defended, the anchor state can no longer be updated and"
287,e7921851ec01,Medium,Governance,Incorrect Parameter,USDT will revert if the current allowance is greater than 0 and an non-zero approval is made. There are multiple instances throughout the contracts where this causes issues. In some places this can create scenarios where it becomes impossible to liquidate and/or borrow it. See summary. USDT may become impossible to liquidate or borrow
288,4ef0b4d678ab,Medium,Arithmetic,Token Decimal,"The `price()` function is expected to return the price of one fractional tokens, represented in base tokens, to 18 decimals of precision. This is laid out clearly in the comments: `/// @notice The current price of one fractional token in base tokens with 18 decimals of precision.`<br> `/// @dev Calculated by dividing the base token reserves by the "
289,485f7b9ccb0a,Medium,ERC20,Refund Failed,"The `ThrusterTreasure` contract is designed to manage rounds of a lottery game, where participants can enter tickets and claim prizes based on random draws. The contract includes a variable `maxPrizeCount` which dictates the maximum number of prizes that can be set for any given round. This variable can be modified by the contract owner at any time"
290,8a20eb1e521f,Medium,Accounting Error,Implementation Error,"When `EbtcLeverageZapRouter::openCdpWithEth` and `EbtcLeverageZapRouter::adjustCdpWithEth` stake ETH with Lido, the underlying function performing the call assumes that any exceptions (from Lido) will be bubbled up, but with call being a low level rather than a Solidity function, it is not the case. Lido stETH has two cases where a revert on deposi"
291,ba93b3b8d7cf,Medium,"DoS, Flashloan",State Update Inconsistency,"_Submitted by mtz, also found by 0x52, hyh, jonah1005, leastwood, and sorrynotsorry_ An attacker can use MEV (via gas auction or Flashbots or control of miners) to cause an unfair division of yield. By providing a very large (relative to the size of all other stablecoin deposits combined) stablecoin deposit Just-in-Time before an admin's call to [d"
292,7100a75d6ebd,Medium,Accounting Error,Incorrect Parameter,"_Submitted by oyc&#95;109, also found by 0x52, IllIllI, and pashov_"
293,54405135ebf3,Medium,"ERC20, Solmate",Missing Return Check,"Impossible to `setCreationCode. createVault() uses Solmate's SafeTransferLib to transfer ERC20 tokens without checking whether the target address is a contract.This leads to successful transactions and incorrect balance records when transferring to non-existent token addresses, allowing attackers to set traps and steal funds from "
294,b2a8c124d062,Medium,Cross-Chain,"Does not match with Doc, No Recovery Mechanism","ZcToken.withdraw will send user 0 tokens if called after maturity deadline but before market is set mature. When performing cross-chain transactions, there's a risk of the transaction getting stuck. It's necessary to add options for refunding or canceling the transaction.
"
295,af8e4af75dc2,Medium,"Chainlink, DoS, Liquidation",Price Manipulation / Arbitrage opportunity,"Based on the current implementation, when the protocol wants to use Chainlink oracle data feed for getting a collateral token's price, the fixed price for the token should not be set. When the fixed price is not set for the token, calling the `Oracle` contract's `viewPrice` or `getPrice` function will execute `uint price = feeds[token].feed.latestA"
296,b2a8c124d062,Medium,Accounting Error,State Update Inconsistency,"_Submitted by hansfriese, also found by panprog_"
297,a1ee58021528,Medium,Cross-Chain,No Recovery Mechanism,"The hub contract allows config updates to the `token_contract` config values in `anchor-bAsset-contracts/contracts/anchor_basset_hub/src/config.rs`.<br> Such updates can cause wrong amounts of tokens to be calculated during processing of undelegations, since the amount of unbonded bLuna tokens is stored for batched unbonding as `requested_with_fee`"
298,485f7b9ccb0a,Medium,Logic Error,Incorrect Parameter,"From the audit documentation: > All contracts that use gas should comply with the Blast gas claim logic. However, the `ThrusterPoolDeployer` contains a flaw in the implementation of `claimGas()` which will prevent it from ever claiming the gas it induces. The function attempts to claim gas for the zero address (`address(0)`) instead of the deployer"
299,dd17040a53bc,Medium,Uniswap,Implementation Error,"_Submitted by kenzo, also found by cmichel and hyh_ SingleNativeTokenExitV2 allows the user to exit and execute trades via multiple exchanges. When finishing the trades and sending a single output token back to the user, the contract takes that token from the last swap in the first exchange's trades. There is nothing in the struct that signifies th"
300,2c5e13b4e147,Medium,Pause,Does not match with Doc,"_Submitted by defsec_ In case a hack is occuring or an exploit is discovered, the team (or validators in this case) should be able to pause functionality until the necessary changes are made to the system. Additionally, the gravity.sol contract should be manged by proxy so that upgrades can be made by the validators. Because an attack would probabl"
301,485f7b9ccb0a,Medium,ERC20,Refund Failed,"The `ThrusterTreasure` contract is designed to facilitate a lottery game where users can enter tickets to win prizes based on entropy. The contract includes mechanisms for entering tickets into rounds (`enterTickets()`), setting prizes for rounds (`setPrize()`), and claiming prizes (`claimPrizesForRound()`). A critical aspect of the game's integrit"
302,b2a8c124d062,Medium,DoS,Invalid Validation,"_Submitted by bin2chen, also found by 0x52, 0xDjango, 0xSky, auditor0517, Picodes, rokinot, ronnyx2017, and scaraven_"
303,dd17040a53bc,Medium,call / delegatecall,Missing Return Check,"_Submitted by harleythedog_ #### Impact The `CallFacet.sol` contract has the function `_call` : function _call( address _target, bytes memory _calldata, uint256 _value ) internal { require(address(this).balance >= _value, ""ETH_BALANCE_TOO_LOW""); (bool success, ) = _target.call{value: _value}(_calldata); require(success, ""CALL_FAILED""); emit Call(ms"
304,af8e4af75dc2,Medium,ERC20,Missing Return Check,"If a user wants to completely `forceReplenish` a borrower with deficit, the borrower or any other malicious party can front run this with a dust amount to prevent the replenish."
305,af8e4af75dc2,Medium,"Arithmetic, DoS",Front Run,"When a user incurs a DBR deficit, a replenisher can call the `forceReplenish` function to force the user to replenish DBR. However, there is no guarantee that the `forceReplenish` function will always be called. When the `forceReplenish` function is not called, such as because that the replenisher does not notice the user's DBR deficit promptly, th"
306,af8e4af75dc2,Medium,ERC4626,Inflation Attack,"Calling the `Oracle` contract's `viewPrice` or `getPrice` function executes `uint price = feeds[token].feed.latestAnswer()` and `require(price > 0, ""Invalid feed price"")`. Besides that Chainlink's `latestAnswer` function is deprecated, only verifying that `price > 0` is true is also not enough to guarantee that the returned `price` is not stale. Us"
307,b2a8c124d062,Medium,DoS,Invalid Validation,"_Submitted by csanuragjain, also found by cccz_ Due to missing modifier, User will be able to redeem zcTokens and withdraw underlying even in paused Market. This happens due to missing unpaused(p) modifier"
308,7b5e1803022e,Medium,"Chainlink, Oracle",Stale Value,_Submitted by unforgiven_ For some `fcash` the asset token is underlying token (`asset.tokenType == TokenType.NonMintable`) and `NotionalV2` will not handle minting or burning when it is called with `useUnderlying==True` for those `fcash`s (according to what I asked from sponsor). In summery most of the logics in ` NotionalTradeModule ` will not wo
309,7100a75d6ebd,Medium,DoS,Invalid Validation,_Submitted by zzzitron_ The function of the protocol could be impacted. This [proof of concept](https://gist.github.com/zzzitron/a8c6067923a87af8e001c05442258370#file-2022-07-juiceboxv2-t-sol-L117-L163) demonstrates the discarding of one of the duplicated locked splits. In the beginning it launches a project with two identical locked splits. As the
310,ee25ec7abd40,Medium,Input Validation,Invalid Validation,"Missing address check for instructions LH and LHU. Root cause:

https://github.com/code-423n4/2021-12-yetifinance/blob/main/packages/contracts/contracts/ActivePool.sol#L159https://github.com/code-423n4/2021-12-yetifinance/blob/main/packages/contracts/contracts/ActivePool.sol#L159 internally call _sendCollateral, https://github.com/code-423n4/2021-12"
311,af8e4af75dc2,Medium,Oracle,"Price Manipulation / Arbitrage opportunity, Stale Value","Usage of the 2 day low exchange rate when trying to liquidate is highly risky as it incentives even more malicious agents to control the price feed for a short period of time. By controlling shortly the feed, it puts at risk any debt opened for a 2 day period + the collateral released will be overshoot during the liquidation."
312,7b5e1803022e,Medium,Arithmetic,Token Decimal,"deposit. The YearnYield.getTokensForShares and getSharesForTokens functions in Yearn Vault calculations hardcode a division by 1e18, ignoring the actual precision of vault.decimals. This results in incorrect calculations when the underlying token does not have 18 decimals."
313,ba93b3b8d7cf,Medium,Access Control,Bypass Mechanism,"_Submitted by IllIllI, also found by leastwood and StErMi_ Yields will not be able to be distributed to lenders because attempts to do so will revert."
314,afa60bc8003d,Medium,MEV,Price Manipulation / Arbitrage opportunity,"_Submitted by VAD37_ Solmate `convertToShares` [function](https://github.com/Rari-Capital/solmate/blob/12421e3edee21cfb99bf5a6edd6169e6497511de/src/mixins/ERC4626.sol#L133) follow the formula: `assetDepositAmount * totalShareSupply / assetBalanceBeforeDeposit`. The share price always return 1:1 with asset token. If everything work normally, share p"
315,a1ee58021528,Medium,Cross-Chain,No Recovery Mechanism,"For yield farming aggregators, if the pending yield on an underlying strategy can be harvested and cause a surge of rewards to all existing investors, especially if the harvest can be triggered permissionlessly. Then the attacker can amplify the attack using a flash loan. This is a well-known attack vector on Ethereum. The root cause for this attac"
316,1d8f1f43cde9,Medium,Arithmetic,"Does not match with Doc, Incorrect Parameter","_Submitted by robee, also found by georgypetrov, cmichel, and IllIllI_ Division by 0 can lead to accidentally revert,<br> (An example of a similar issue - <https://github.com/code-423n4/2021-10-defiprotocol-findings/issues/84>) It's internal function but since it is used in another internal functions that are used in public and neither of them has "
317,54405135ebf3,Medium,EIP4494,Not EIP Compliant,"_Submitted by 0x52, also found by berndartmueller, cryptphi, and Lambda_"
318,a1ee58021528,Medium,Accounting Error,State Update Inconsistency,"When unbonding, the `pick_validator` function is supposed to choose a random validator to unstake from.<br> However, this randomness can be predicted knowing the block height which is very easy to predict. As validators are paid rewards proportional to their stake, choosing where to bond and unbond from directly impacts validator rewards.<br> Combi"
319,af8e4af75dc2,Medium,Zksync,EVM Compatibility,"The FiRM `Marketplace` contract contains multiple governance functions for setting important values for a given debt market. Many of these are numeric values that affect ratios/levels for debt positions, fees, incentives, etc. In particular, `Market.setCollateralFactorBps()` sets the ratio for how much collateral is required for loans vs the debt t"
320,ba93b3b8d7cf,Medium,Input Validation,"Hardcoded Parameter, Invalid Validation","_Submitted by Picodes, also found by hickuphh3_ In [`YieldManager`](https://github.com/code-423n4/2022-05-sturdy/blob/78f51a7a74ebe8adfd055bdbaedfddc05632566f/smart-contracts/YieldManager.sol#L48), `UNISWAP_FEE` is hardcoded, which reduce significantly the possibilities and will lead to non optimal routes. In particular, all swaps using ETH path wi"
321,afa60bc8003d,Medium,"Access Control,DoS",State Update Inconsistency,"_Submitted by WatchPug_ `storedTotalAssets` is a cached value of total assets which will only include the `unlockedRewards` when the whole cycle ends. This makes it possible for `storedTotalAssets -= amount` to revert when the withdrawal amount exceeds `storedTotalAssets`, as the withdrawal amount may include part of the `unlockedRewards` in the cu"
322,ee25ec7abd40,Medium,Input Validation,Invalid Validation,"Multiplication overflow leading to memory corruption and incorrect register write-back. Root cause:

https://github.com/code-423n4/2021-12-yetifinance/blob/main/packages/contracts/contracts/ActivePool.sol#L159https://github.com/code-423n4/2021-12-yetifinance/blob/main/packages/contracts/contracts/ActivePool.sol#L159 internally call _sendCollateral, https://github.com/code-423n4/2021-12"
323,9ddd6b83c27e,Medium,Input Validation,Bypass Mechanism,DnGmxJuniorVaultManager#harvestFees grants fees to the senior vault by converting the WETH to USDC and staking it directly. The result is that the senior vault gains value indirectly by increasing the debt of the junior vault. If the junior vault is already at it's borrow cap this will push it's total borrow over the borrow cap causing DnGmxSeniorV
324,ee25ec7abd40,Medium,Liquidation,No Incentive to Liquidate,"In some cases, a team will not be granted enough `CLOCK_EXTENSION` time to generate the initial instruction trace and perform a counter claim."
325,7100a75d6ebd,Medium,DoS,Invalid Validation,"_Submitted by cccz_ When the owner calls the changeTokenOf function of the JBController contract, the token corresponding to the current project will be changed, which will make the oldToken holder unable to redeem the overflowing assets."
326,a1ee58021528,Medium,DoS,Invalid Validation,"While `claim_rewards` from the `money-market`, it calls the `distributor_contract#spend()` to send the rewards. However, the `distributor_contract#spend()` function have a `spend_limit` config and it will revert if the amount is larger than the `spend_limit`. As a result, users won't be able to claim their rewards anymore once the amount of the rew"
327,b2a8c124d062,Medium,ERC20,Missing Return Check,"_Submitted by devtooligan_ When creating ERC20.sol from Solmate, a `require()` in `permit()` was converted to a custom error incorrectly. It now reads: So if the `recoveredAddress` is non-zero and the `recoveredAddress` is not `owner` it will error. But if the `recoveredAddress == 0x0` then it will pass this check. Anyone can permit themselves as a"
328,103f39b0f29b,Medium,Arithmetic,Precision Loss,"If the pair has set the max fee by the fee controller admin which is ""1_000"" then depending on the amount to be swapped, the tx can revert due to rounding error. When the fee amount is calculated inside the RubiconFeeController, the fee amount is rounded down. then, ProtocolFees abstract contract will do a double check on the fee taken as follows: "
329,7100a75d6ebd,Medium,DoS,Invalid Validation,"_Submitted by hake, also found by cccz_ Payouts won't be able to be distributed if one of multiple beneficiaries decides to revert the transaction on receival."
330,afa60bc8003d,Medium,ERC20,Rebase Token,_Submitted by IllIllI_ A malicious authorized user can steal all unclaimed rewards and break the reward accounting Even if the authorized user is benevolent the fact that there is a rug vector available may [negatively impact the protocol's reputation](https://twitter.com/RugDocIO/status/1411732108029181960). Furthermore since this contract is mean
331,9befb133ee74,Medium,DoS,Out of Gas,"_Submitted by 0xRajeev, also found by pauliax_ The `addSafeAddress()` takes an address and adds it to a “safe list"". This is used in `eoaOnly()` to give exemption to safe addresses that are trusted smart contracts, when all other smart contacts are prevented from protocol interaction. The stated purpose is to allow only such partner/trusted smart c"
332,e6e43dfea59f,Medium,DoS,Out of Gas,"_Submitted by 0xRajeev, also found by pauliax_ The `addSafeAddress()` takes an address and adds it to a “safe list"". This is used in `eoaOnly()` to give exemption to safe addresses that are trusted smart contracts, when all other smart contacts are prevented from protocol interaction. The stated purpose is to allow only such partner/trusted smart c"
333,b2a8c124d062,Medium,ERC20,Missing Return Check,"_Submitted by 0xDjango, also found by 0x1f8b, 8olidity, arcoun, Bahurum, caventa, csanuragjain, hansfriese, joestakey, jonatascm, Lambda, oyc&#95;109, and ronnyx2017_"
334,ee25ec7abd40,Medium,Liquidation,"Does not match with Doc, State Update Inconsistency",Incorrect dispute game resolution - it will make `True` root claim to be `False`.
335,9ddd6b83c27e,Medium,"DAO, Governance",Bad Condition,"WithdrawPeriphery accidentally uses an incorrect value for MAX_BPS which will allow for much higher slippage than intended. uint256 internal constant MAX_BPS = 1000; BPS is typically 10,000 and using 1000 is inconsistent with the rest of the ecosystem contracts and tests. The result is that slippage values will be 10x higher than intended. Unexpect"
336,9befb133ee74,Medium,"Accounting Error, Cross-Chain",Rebase Token,_Submitted by 0xRajeev_ The `switchEoaOnly()` allows the owner to disable `preventSmartContracts` (the project’s plan apparently is to do so after the beta-period) which will allow any smart contract to interact with the protocol and potentially exploit any underlying flash loan vulnerabilities which are specified as an area of critical concern. Th
337,e6e43dfea59f,Medium,"Accounting Error, Cross-Chain",Rebase Token,_Submitted by 0xRajeev_ The `switchEoaOnly()` allows the owner to disable `preventSmartContracts` (the project’s plan apparently is to do so after the beta-period) which will allow any smart contract to interact with the protocol and potentially exploit any underlying flash loan vulnerabilities which are specified as an area of critical concern. Th
338,2c5e13b4e147,Medium,Input Validation,Invalid Validation,"Ability for admin to drain all ERC20 funds stored in contract at will, meaning all ERC20 based Cudos tokens (and any other ERC20 tokens stored in the contract) could be extracted by anyone with admin role and later sold, leaving users funds bridged on Cudos Cosmos chain with no ERC20 representation stored across the bridge - similar in impact as th"
339,afa60bc8003d,Medium,Input Validation,Invalid Validation,"_Submitted by hyh, also found by rayn_ FlywheelCore.setFlywheelRewards can remove current reward funds from the current users' reach as it doesn't check that newFlywheelRewards' FlywheelCore is this contract. If it's not, by mistake or with a malicious intent, the users will lose the access to reward funds as this FlywheelCore will not be approved "
340,592eed5791df,Medium,Arithmetic,Token Decimal,USDC's lower precision of 6 decimals and frequent reward updates will cause stakers to receive 0 of the allotted [10K USDC weekly rewards](https://gov.kwenta.eth.limo/kips/kip-127#specification). > distributions should be done at the pace of 10k per week until fully distributed Using the same [reward-per-token calculation](https://github.com/sherlo
341,9470d2cf198f,Medium,Oracle,Hardcoded Parameter,"Due to the incorrect comparison in the function `updateParticipation`, an attacker can bypass the `maxTokenAmountPerUser` limit, allowing them to allocate more tokens than allowed. The `updateParticipation` function in the `Launch.sol` contract contains a critical vulnerability due to the incorrect comparison of `userTokenAmount` and `additionalCur"
342,2c5e13b4e147,Medium,ERC20,Fee On Transfer Token,"The `updateValset` function don't check that the sum of the powers of the new validators in the new valset is greater than the threshold, which can lead to unwanted behavior. There are 2 main problems that can occur in that situation: 1. The sum of the new validators' powers will be lower than the `state_powerThreshold` 2. The sum of the new valida"
343,7b5e1803022e,Medium,"Chainlink,Oracle",Stale Value,"_Submitted by GreyArt, also found by Meera_"
344,97843b77b287,Medium,DoS,Incorrect Parameter,"_Submitted by gpersoon_ `GovDev.so`l has a function `updateSolution` to upgrade parts of the contract via the Diamond construction. Via `updateSolution`, any functionality can be changed and all the funds can be accessed/rugged. Even if this is well intended the project could still be called out resulting in a reputation risk, see for [example(http"
345,ee25ec7abd40,Medium,ERC20,Refund Failed,"Panic in MIPS VM could lead to unchallengeable L2 output root claim. A malicious lender can make the NFT return fail via safeTransferFrom reverts, blocking stopRent() and griefing the renter out of their payment."
346,1d8f1f43cde9,Medium,Liquidation,Unfair Liquidation,"_Submitted by cmichel, also found by rayn and catchup_ The `RateLimited.setBufferCap` function first updates the buffer and then sets the new cap, but does not apply the new cap to the updated buffer.<br> Meaning, the updated buffer value can be larger than the new buffer cap which should never be the case.<br> Actions consuming more than the new b"
347,1d8f1f43cde9,Medium,Reentrancy,Violating CEI / Missing nonReentrant,"_Submitted by hyh_ NonCustodialPSM mints and redeems VOLT to a chosen stablecoin at the current market rate minus a fixed fee. It is assumed that the difference to be covered with pcvDeposit funds. That assumption is similar to one used in FEI protocol, but there no rate growth takes place as FEI to USD rate supposed to be stable, while VOLT to USD"
348,9ddd6b83c27e,Medium,Logic Error,Incorrect Parameter,To calculate the exchange rate for shares in DnGmxSeniorVault it divides the total supply of shares by the totalAssets of the vault. The first deposit can mint a very small number of shares then donate aUSDC to the vault to grossly manipulate the share price. When later depositor deposit into the vault they will lose value due to precision loss and
349,7100a75d6ebd,Medium,DoS,Incorrect Parameter,"_Submitted by 0x29A, also found by AlleyCat and hubble_"
350,9befb133ee74,Medium,Arithmetic,Unsafe Downcast,"_Submitted by cmichel_ The protocol computes a `factor` when minting (and burning) tokens, which is the exchange rate of rebase to base tokens (base supply / total assets value), see `GToken.factor()`. The first user can manipulate this factor such that it always returns `0`. **Example:** - Attacker deposits 100.0 DAI and mints 100 * 1e18 PWRD: `De"
351,e6e43dfea59f,Medium,Arithmetic,Unsafe Downcast,"_Submitted by cmichel_ The protocol computes a `factor` when minting (and burning) tokens, which is the exchange rate of rebase to base tokens (base supply / total assets value), see `GToken.factor()`. The first user can manipulate this factor such that it always returns `0`. **Example:** - Attacker deposits 100.0 DAI and mints 100 * 1e18 PWRD: `De"
352,ee25ec7abd40,Medium,"DoS,Liquidation",Refund Failed,"The `MIPS` doesn't implement `ADD`, `ADDI`, and `SUB` instructions correctly. Vaults can become immune from liquidation by setting vault.recipient to a blacklisted quote token address"
353,afa60bc8003d,Medium,"DoS, Liquidation",Missing Functionality,"_Submitted by gzeon_ In `_decrementWeightUntilFree`, the free weight is calculated by `balanceOf[user] - getUserWeight[user]` plus weight freed from non-deprecated gauges. The non-deprecated criteria is unnecessary and lead to incorrect accounting of free weight."
354,a1ee58021528,Medium,Arithmetic,Precision Loss,"The borrow rate uses a simple interest formula to compute the accrued debt, instead of a compounding formula. This means the actual borrow rate and interest for suppliers depend on how often updates are made.<br> This difference should be negligible in highly active markets, but it could lead to a lower borrow rate in low-activity markets, leading "
355,a1ee58021528,Medium,Logic error,"Incorrect Parameter, Missing Upper/Lower Bound Check",The staking contract keeps track of *shares* of each user.<br> When withdrawing from the staking contract the `amount` parameter is converted to `shares` and this value is decreased (`shares = amount / total_balance * total_share`).<br> This shares calculation rounds down which allows stealing tokens.<br> The current code seems to try to protect ag
356,1167ec3a176e,Medium,DoS,payable / receive(),"When approving USDT, the allowance value needs to be set to 0 first before it can be used correctly. However, the 4.9.5 version of OpenZeppelin does not internally call `forceApprove`. Users can perform swap operations using `RouterSwapExecutor`, but the actual amount used in `params_.swapData.amountInSwap` and `params_.swapData.swapPayload` can di"
357,9ddd6b83c27e,Medium,Logic Error,Incorrect Parameter,in `DnGmxJuniorVaultManager.sol` at line:647: `usdcPrice` should be on denominator and `MAX_PRECISION` on numerator (cf pricing in Vault: uint256 redemptionAmount = _usdgAmount.mul(PRICE_PRECISION).div(price);) In the case usdcPrice is higher than 1$ (which already happened in reasonable market circumstances). Min amount expected will be higher tha
358,ee25ec7abd40,Medium,"Access Control,DoS",State Update Inconsistency,Honest party's move could become invalid when re-org takes place. Admin is allowed to update merkleRoot. But some users won't be able to claim correct amount because of inconsistent check in claiming function.
359,54405135ebf3,Medium,Governance,Invalid Validation,_Submitted by berndartmueller_ The ownership of a deployed Fraxlend pair is transferred to `COMPTROLLER_ADDRESS` on deployment via `FraxlendPairDeployer_deploySecond`. This very owner is able to change the currently used time lock contract address with the `FraxlendPair.setTimeLock` function. A time lock is enforced on the `FraxlendPair.changeFee` 
360,7b5e1803022e,Medium,"DoS, Flashloan",State Update Inconsistency,"Residual Allowance Might Allow Tokens In SetToken To Be Stolen. AlchemistV2 sets _mintingLimiter to limit the token minted amount in a period. The mint operation decreases the _mintingLimiter, but the burn operation does not replenish it, and the debt position is updated during the burn phase, so attacker can mint again after burning.  An attacker can loop the m"
361,a1ee58021528,Medium,"Logic Error, Oracle","Implementation Error, Price Manipulation / Arbitrage opportunity","The `swap_to_stable_denom` function in the custody contracts swaps all other native tokens into a specific one. The function creates swap messages for all the other native tokens and adds them as sub-messages, and handles the reply only when the last sub-message succeeds. Upon receiving the reply, the contract sends the swapped tokens (i.e., reward"
362,7b5e1803022e,Medium,Governance,"Bad Condition, Does not match with Doc","_Submitted by xiaoming90, also found by berndartmueller_"
363,98b7c1691811,Medium,Access Control,Centralization Risk,"_Submitted by leastwood, also found by cmichel, cmichel, egjlmn1, kenzo, MaCree, onewayfunction, sirhashalot, and WatchPug_ #### Impact NFTs are used to represent unique positions referenced by the generated `tokenId`. The `tokenId` value contains the position's score in the upper 128 bits and the index wrt. the token supply in the lower 128 bits. "
364,ee25ec7abd40,Medium,"Chainlink,Oracle",Stale Value,"Inside `PreimageOracle.sol`, anyone can call the `loadPrecompilePreimagePart()` to load data into the contract. The problem is that anyone is able to specify the `address _precompile` parameter. This opens up the door for malicious users to pre-populate data and use it to validate wrong data."
365,54405135ebf3,Medium,DoS,Missing Initialization,"`liquidateClean` doesn't check that the amount of shares the liquidator repays are covered by the collateral available, if the user repays more shares than (equally worth) collateral available - he'll get only the amount of collateral available."
366,a1ee58021528,Medium,Cross-Chain,No Recovery Mechanism,"Rewards are dispersed to users as a percentage of the user's balance vs total balance (of `bEth`). Rewards are accumulated each time a user calls `execute_decrease_balance()`, `execute_increase_balance()` or `execute_claim_rewards()` as these functions will in term call `update_global_index()` before any balance adjustments. There is an attack vect"
367,54405135ebf3,Medium,DoS,Hardcoded Parameter,"_Submitted by 0xA5DF, also found by sseefried_ `addInterest()` always multiplies the interest rate by the time delta, and then multiplies the total borrow amount by the results (`newTotalBorrowAmount = interestRate * timeDelta * totalBorrowAmount`). This can lead to different interest amounts, depending on how frequently it's called. This will most"
368,9470d2cf198f,Medium,MEV,Front Run,"When a user reduces their participation tokens in the launch group sale,`userTokens` in the `_userTokensByLaunchGroup` mapping is updated incorrectly which can lead to loss of user funds for any user trying to claim a refund, this vulnerability can lead to other undesireble behaviours such as users being constantly DOS'd when they try to cancel par"
369,7b5e1803022e,Medium,DoS,"Implementation Error, Incorrect Parameter","_Submitted by csanuragjain_ If maturity is reached and user has asked for redeem with opts.transferfCash as true, then if (hasMatured()) turns true at wfCashLogic.sol#L216 causing fcash to be cashed out in underlying token and then sent to receiver. So receiver obtains underlying when fcash was expected. The sender wont get an error thinking fcash "
370,afa60bc8003d,Medium,DoS,payable / receive(),"_Submitted by smiling_heretic_ The impact depends really on how gauges are used by other contracts. The most obvious consequence I can imagine is that some other contract distributes rewards based on `calculateGaugeAllocation`. However, because `_getStoredWeight(_totalWeight, currentCycle)` is now larger than the real total sum of weights, all rewa"
371,9ddd6b83c27e,Medium,Input Validation,"Incorrect Parameter, Reward Manipulation","The maximize input to DnGmxJuniorVaultManager#_totalAssets indicates whether to either maximize or minimize the NAV. Internal logic of the function doesn't accurately reflect that because under some circumstances, maximize = true actually returns a lower value than maximize = false. uint256 unhedgedGlp = (state.unhedgedGlpInUsdc + dnUsdcDepositedPo"
372,afa60bc8003d,Medium,"Accounting Error, Governance, Input Validation",Invalid Validation,"_Submitted by cccz, also found by 0x52_ The \_incrementGaugeWeight function is used to increase the user's weight on the gauge. However, in the \_incrementGaugeWeight function, it is only checked that the gauge parameter is not in \_deprecatedGauges, but not checked that the gauge parameter is in \_gauges. If the user accidentally uses the wrong ga"
373,54405135ebf3,Medium,Logic Error,"Bad Condition, Bypass Mechanism","_Submitted by 0xA5DF, also found by 0x52 and rbserver_ When `_addInterest()` is called post maturity, the penalty rate is applied since the last time `_addInterest()` was called, including the period before maturity."
374,03196f805abb,Medium,Input Validation,Invalid Validation,The bidirectional mapping is not properly maintained. addToken() overwrites vaults but does not remove the corresponding token from the tokens array.
375,03196f805abb,Medium,Accounting Error,State Update Inconsistency,"In cases of insufficient funds for withdrawals, the share destruction calculation formula continues to use the old withdrawal amount parameter and does not recalculate with the updated actual withdrawal amount, resulting in users burning more shares than intended and causing unfair distribution."
376,03196f805abb,Medium,DoS,Bad Condition,"In safeDecimals(), when data.length >= 32, it uses abi.decode to return a uint8. However, if data.length is greater than 32, it will cause abi.decode to revert."
377,27c6f2a68058,Medium,Input Validation,Invalid Validation,The bidirectional mapping is not properly maintained. addToken() overwrites vaults but does not remove the corresponding token from the tokens array.
378,27c6f2a68058,Medium,Accounting Error,State Update Inconsistency,"In cases of insufficient funds for withdrawals, the share destruction calculation formula continues to use the old withdrawal amount parameter and does not recalculate with the updated actual withdrawal amount, resulting in users burning more shares than intended and causing unfair distribution."
379,27c6f2a68058,Medium,DoS,Bad Condition,"In safeDecimals(), when data.length >= 32, it uses abi.decode to return a uint8. However, if data.length is greater than 32, it will cause abi.decode to revert."
380,348856fe60ac,Medium,Input Validation,Invalid Validation,The bidirectional mapping is not properly maintained. addToken() overwrites vaults but does not remove the corresponding token from the tokens array.
381,348856fe60ac,Medium,Accounting Error,State Update Inconsistency,"In cases of insufficient funds for withdrawals, the share destruction calculation formula continues to use the old withdrawal amount parameter and does not recalculate with the updated actual withdrawal amount, resulting in users burning more shares than intended and causing unfair distribution."
382,348856fe60ac,Medium,DoS,Bad Condition,"In safeDecimals(), when data.length >= 32, it uses abi.decode to return a uint8. However, if data.length is greater than 32, it will cause abi.decode to revert."
383,51c6dc5fd57f,Medium,Input Validation,Invalid Validation,The bidirectional mapping is not properly maintained. addToken() overwrites vaults but does not remove the corresponding token from the tokens array.
384,51c6dc5fd57f,Medium,Accounting Error,State Update Inconsistency,"In cases of insufficient funds for withdrawals, the share destruction calculation formula continues to use the old withdrawal amount parameter and does not recalculate with the updated actual withdrawal amount, resulting in users burning more shares than intended and causing unfair distribution."
385,51c6dc5fd57f,Medium,DoS,Bad Condition,"In safeDecimals(), when data.length >= 32, it uses abi.decode to return a uint8. However, if data.length is greater than 32, it will cause abi.decode to revert."
386,c2426a2ab283,Medium,Input Validation,Invalid Validation,The bidirectional mapping is not properly maintained. addToken() overwrites vaults but does not remove the corresponding token from the tokens array.
387,c2426a2ab283,Medium,Accounting Error,State Update Inconsistency,"In cases of insufficient funds for withdrawals, the share destruction calculation formula continues to use the old withdrawal amount parameter and does not recalculate with the updated actual withdrawal amount, resulting in users burning more shares than intended and causing unfair distribution."
388,c2426a2ab283,Medium,DoS,Bad Condition,"In safeDecimals(), when data.length >= 32, it uses abi.decode to return a uint8. However, if data.length is greater than 32, it will cause abi.decode to revert."
389,empty,empty,empty,empty,empty
390,empty,empty,empty,empty,empty
391,empty,empty,empty,empty,empty
392,empty,empty,empty,empty,empty
393,empty,empty,empty,empty,empty
394,empty,empty,empty,empty,empty
395,empty,empty,empty,empty,empty
396,empty,empty,empty,empty,empty
397,empty,empty,empty,empty,empty
398,empty,empty,empty,empty,empty
399,empty,empty,empty,empty,empty
400,empty,empty,empty,empty,empty
