Property,repo_path,severity,tag,subtag,description
1,fee749ecd513,High,Accounting Error,Incorrect Parameter,"In `_updateAccounting()`, when an auction is fully paid (`auction_.art == artIn`), the function reduces `limits_.sum` by `auction_.ink` (the original auctioned ink). However, for partially liquidated auctions, `auction_.ink` has already been reduced by prior partial buys. This means `limits_.sum` is decremented by less than the originally added amount. For example: auction starts with 50 ink (sum += 50). A partial buy takes 20 ink (sum -= 20, auction.ink = 30). Then the remaining is fully paid, and sum -= 30 (the current auction_.ink). Total sum reduction = 50, which is correct. But if the `inkOut` from the final purchase is less than `auction_.ink` (collateral left in vault), the remaining un-sold collateral is never subtracted from `limits_.sum`, permanently inflating the sum and potentially blocking future auctions."
2,c2426a2ab283,High,Reentrancy,Violating CEI / Missing nonReentrant,"In ChiikawaSticker.claim(), the function calls _safeMint(msg.sender, newTokenId) before setting canClaim[msg.sender] = false. The _safeMint function invokes the onERC721Received callback on the recipient if it is a contract. A malicious contract can implement onERC721Received to re-enter claim() while canClaim is still true. Since _currentTokenId is incremented but canClaim is not yet cleared, the attacker can mint multiple NFTs with a single purchase. The test file's AttackerContract demonstrates this exact exploit: buying once for stickerPrice but claiming two NFTs. This violates the checks-effects-interactions pattern — the state update (canClaim[msg.sender] = false) must occur before the external call (_safeMint). An attacker could drain up to maxSupply NFTs depending on gas limits and recursion depth."
3,e99e64a8abf1,High,Access Control,Arbitrary Add/Remove/Set/Call,"The Ocean._computeOutputAmount() and _computeInputAmount() functions call arbitrary external contracts (primitives) specified by the user in the interaction's interactionTypeAndAddress field. A malicious primitive can return an arbitrarily large outputAmount from computeOutputAmount(), causing the Ocean to mint unlimited tokens to the user while only burning a small amount from the primitive via _updateBalancesOfPrimitive(). Since anyone can deploy a malicious contract implementing IOceanPrimitive and use it as a primitive in interactions, the attacker controls the return values. The _updateBalancesOfPrimitive() tries to burn outputAmount from the primitive, but if the primitive registered the outputToken, the burn is skipped entirely, allowing free minting."
4,592eed5791df,High,Arithmetic,Unsafe Downcast,"In RewardEscrowV2._mint(), the _quantity parameter (uint256) is unsafely downcast to uint144 when stored in VestingEntryPacked: `escrowAmount: uint144(_quantity)`. A uint144 can hold at most ~2.23e43, but realistic token amounts could exceed this if the token has 18 decimals and large supply. Similarly, _duration is cast to uint40 and _endTime to uint64. If _quantity exceeds uint144 max, the value silently truncates, resulting in a much smaller escrowAmount being recorded than what was actually deposited. The user would lose the difference, as totalEscrowedBalance tracks the full amount but the entry records the truncated amount. The assert checks totalEscrowedBalance against contract balance but does not validate that the packed value matches _quantity."
5,8f18f7d5c396,High,Access Control,Asset Theft,"In Slingshot.executeTrades(), the `trades` array contains `moduleAddress` and `encodedCalldata` which are executed via delegatecall in the Executioner contract. Although moduleAddress is verified against ModuleRegistry, the `encodedCalldata` is completely unchecked. A registered module's swap function can be called with arbitrary parameters (e.g., arbitrary pool addresses, token addresses). An attacker could craft encodedCalldata that directs a registered module to approve or transfer tokens held in the Executioner to an attacker-controlled address. Since delegatecall executes in the Executioner's context, this could drain any residual tokens or tokens transferred for the current swap from the Executioner contract."
6,27c6f2a68058,High,Access Control,Asset Theft,"The `mint` function in `ChiikawaToken.sol` is declared as `public` without any access control modifier such as `onlyOwner`. This means any arbitrary address can call `mint(address to, uint256 amount)` and create an unlimited number of tokens for themselves or any other address. This completely breaks the tokenomics of the CHIIKAWA token, as an attacker can mint billions of tokens at zero cost, then dump them on exchanges or use them to manipulate any DeFi protocol that integrates this token. The function should have the `onlyOwner` modifier to restrict minting to the contract owner, similar to how OpenZeppelin's typical patterns work. The contract inherits `Ownable` but fails to use it on this critical function."
7,b155c4de6012,High,Logic error,Bypass Mechanism,"In DelegateToken.flashloan(), the function checks that msg.sender (or info.delegateHolder) is an operator via StorageHelpers.revertNotOperator(accountOperator, info.delegateHolder). This checks that msg.sender == info.delegateHolder OR accountOperator[info.delegateHolder][msg.sender] is true. However, info.delegateHolder is entirely user-supplied in the FlashInfo struct calldata and is not validated against any actual delegation. An attacker can set info.delegateHolder = msg.sender to pass the operator check, then specify any delegateHolder's token details to flashloan underlying assets that belong to other delegate token holders, as long as the registry availability checks pass for the specified delegateHolder."
8,8a20eb1e521f,High,ERC20,Missing Return Check,"In EbtcZapRouter._openCdpWithPermit(), the function uses ebtc.transfer(msg.sender, _debt) to send eBTC tokens to the caller. Similarly, in _adjustCdpWithPermit(), ebtc.transfer(msg.sender, _debtChange) is used for debt increases and ebtc.transferFrom(msg.sender, address(this), _debtChange) for debt repayments. These calls use the raw IERC20 interface without SafeERC20 wrappers. If the ebtc token returns false instead of reverting on failure (as some ERC20 implementations do), the transfer silently fails and the user either loses funds or receives nothing. The stEth.transfer calls in _transferStEthToCaller also lack safe transfer wrappers, risking silent transfer failures when returning stETH or wstETH to users."
9,9470d2cf198f,High,Logic error,Incorrect Formula,"In updateParticipation(), the min token allocation validation in the refund branch checks `userTokenAmount - refundCurrencyAmount < settings.minTokenAmountPerUser`. Here `userTokenAmount` tracks tokens but `refundCurrencyAmount` is `prevInfo.currencyAmount - newCurrencyAmount`, a currency delta. These are different units unless tokenPriceBps equals exactly 10**tokenDecimals. The same issue occurs in the additional payment branch where `userTokenAmount + additionalCurrencyAmount` is compared against `maxTokenAmountPerUser`. This unit mismatch means the function incorrectly tracks user allocations, potentially allowing users to purchase far more tokens than maxTokenAmountPerUser or blocking legitimate updates."
10,a1ee58021528,High,Accounting Error,State Update Inconsistency,"In processTokenTransferInstruction(), when `wormholeTokenBridge.isTransferCompleted(tokenTransferVM.hash)` returns true (transfer already completed externally), the function skips completeTransfer but still executes safeTransfer of `transfer.amount` to the recipient. This means the contract sends tokens from its existing balance without having received them from that specific transfer. An attacker could: (1) complete a token transfer VAA directly through Wormhole token bridge so tokens go to CrossAnchorBridge, (2) later call processTokenTransferInstruction with the same token transfer but a crafted instruction VAA pointing to their address, effectively redirecting tokens that should go to another user."
11,e0d2d83ea351,High,Logic error,Bad Condition,"In VaultController._verifyCreatorOrOwner(), the condition uses `||` (OR) instead of `&&` (AND): `if (msg.sender != metadata.creator || msg.sender != owner)`. This means if msg.sender is the creator but not the owner, or the owner but not the creator, the function always reverts. Since a single address can never equal two different addresses simultaneously, this effectively blocks ALL callers from using functions that rely on _verifyCreatorOrOwner(), including pauseAdapters(), pauseVaults(), unpauseAdapters(), unpauseVaults(), and addStakingRewardsTokens(). The condition should be `msg.sender != metadata.creator && msg.sender != owner` to allow either the creator or the owner to call these functions."
12,98b7c1691811,High,Arithmetic,Unsafe Downcast,"In `_lock()`, the computed `units` value is cast to `uint96`: `uint96 units = uint96((amount_ * uint256(bonusMultiplier)) / uint256(100))`. If `amount_` is near the maximum allowed value and the `bonusMultiplier` is large (e.g., 255), the multiplication `amount_ * bonusMultiplier` can produce a result exceeding `uint96` max (~7.9e28). The unsafe downcast silently truncates the value, resulting in the user receiving far fewer units than they should. This means the user gets a disproportionately small share of future distributions relative to their locked XDEFI, effectively losing rewards. Meanwhile, `totalUnits` is incremented by the truncated value, distorting the distribution for all participants."
13,bb3018c8812c,High,Cross-Chain,State Update Inconsistency,"The `canSkipChainIdValidation()` function in CoinbaseSmartWallet allows `removeOwnerAtIndex` to be replayed across chains without chain ID validation. When a user operation calls `executeWithoutChainIdValidation` with `removeOwnerAtIndex`, the `userOpHash` is computed without chain ID via `getUserOpHashWithoutChainId()`. An attacker can replay this signed operation on every chain where the same smart wallet address exists. Since `removeOwnerAtIndex` deletes owners by index, and owner indices may differ across chains (if owners were added in different orders), the replay could remove the wrong owner on another chain, potentially locking out the legitimate owner or removing critical security keys."
14,73f6a793d916,High,Access Control,Arbitrary Add/Remove/Set/Call,"In VestingEscrow.sol, the vote() and voteWithReason() functions use functionDelegateCall to execute code from the votingAdaptor address in the context of the VestingEscrow contract. Since the factory owner can change the votingAdaptor address at any time via updateVotingAdaptor(), a malicious or compromised owner can set the voting adaptor to a contract that executes arbitrary code in the context of VestingEscrow. This allows draining all tokens from any VestingEscrow contract when the recipient calls vote/voteWithReason/delegate, or even directly if the malicious adaptor is set and then delegate is triggered. The delegatecall pattern gives full storage and token access to the adaptor code."
15,27c6f2a68058,High,Accounting Error,Invariant Violation,"Due to the unrestricted `mint` function in `ChiikawaToken.sol`, the INITIAL_SUPPLY constant of 100 million tokens becomes meaningless. Any user can inflate the total supply arbitrarily by calling `mint()`, violating the expected invariant that the token supply is controlled. This destroys the economic model of the token — the initial allocation to the `initialOwner` in the constructor via `_mint(initialOwner, INITIAL_SUPPLY)` becomes a negligible fraction of supply if an attacker mints trillions of tokens. Any protocol relying on totalSupply for governance quorum calculations, vault share pricing, or liquidity pool ratios would be directly exploitable through this uncontrolled inflation."
16,fee749ecd513,High,Logic error,Stale Value,"In `payBase()`, the auction is loaded into a memory struct via `DataTypes.Auction memory auction_ = auctions[vaultId]`. Then `_updateAccounting()` is called, which may call `_auctionEnded()` that deletes `auctions[vaultId]` from storage and gives the vault back. After that, `_payInk()` uses the stale memory `auction_` to look up `auction_.auctioneer` and `auction_.ilkId`. While this still works because memory is intact, the real issue is that `_payInk` and the base join transfer happen after `_auctionEnded` gives the vault back to the owner. The vault owner regains control before the collateral exits the join, creating a window where the cauldron state is inconsistent with join balances."
17,103f39b0f29b,High,Access Control,Bypass Mechanism,"In BaseReactor.initialize() the visibility is 'public' rather than 'external', but more critically, neither BaseReactor nor BaseGladiusReactor use an initializer guard from OpenZeppelin (like initializer modifier). The 'initialized' boolean check in ProxyConstructor can be front-run on proxy deployment. Between the deployment of the TransparentUpgradeableProxy and the subsequent initialize() call in the deploy scripts (DeployDutch.s.sol, DeployGladiusReactor.s.sol etc.), an attacker can front-run the initialize() call to set themselves as owner and a malicious permit2 address, taking full control of the reactor proxy including setProtocolFeeController() and auth-protected functions."
18,03196f805abb,High,Access Control,Bypass Mechanism,"In FixedToken.initToken(), MintableToken.initToken(), and SushiToken.initToken(), there is no access control preventing anyone from calling these initialization functions on the implementation contract (template) itself. Since clones delegate to the implementation, if the template contract is not initialized, an attacker can call initToken() on the template directly. Although clones store their own state, the lack of access control on the init function in cloned instances means anyone who front-runs the factory's createToken/createFarm flow can initialize the clone before the legitimate data is passed, potentially setting themselves as the owner or minting tokens to themselves."
19,8a20eb1e521f,High,Access Control,Arbitrary Add/Remove/Set/Call,"In LeverageZapRouterBase, the _tradeData.exchangeData is passed as arbitrary calldata to the DEX address. The DEX address is immutable and set at deployment, but the calldata is user-controlled. If the DEX contract has any functions that could be exploited with crafted calldata (e.g., approving tokens, transferring tokens held by the DEX), an attacker could drain funds. Additionally, the approval in _getSwapOperations sets exactApproveAmount from user-supplied _tradeData.approvalAmount, which could approve more tokens than necessary to the DEX, enabling the DEX (or a compromised DEX) to drain the router's stETH or eBTC balance that accumulates during flash loan operations."
20,a1ee58021528,High,Cross-Chain,Invalid Validation,"In processTokenTransferInstruction(), the tokenTransferVM's emitter address is not validated against the Wormhole Token Bridge's expected emitter address. The comment states 'No need to check emitter address; this is checked by completeTransfer,' but when `isTransferCompleted` returns true, `completeTransfer` is skipped entirely. This means an attacker could forge a Wormhole core bridge message (signed by guardians from any valid emitter on Terra chain) that mimics a token transfer payload with a matching sequence number and the bridge's address as recipient. Combined with a valid instruction VAA, this could allow unauthorized token withdrawals from the contract's balance."
21,98b7c1691811,High,Flashloan,Reward Manipulation,"An attacker can use a flash loan to deposit a large amount of XDEFI via `lock()`, then immediately call `updateDistribution()` to distribute any pending rewards. Because the attacker holds a disproportionately large share of `totalUnits` after their massive deposit, they capture the majority of the distributed XDEFI. If duration 0 has a nonzero bonusMultiplier, the attacker can lock and unlock in the same block (since `expiry = block.timestamp + 0 = block.timestamp`, and `block.timestamp >= expiry` passes). They then call `unlock()` to retrieve their deposit plus the stolen rewards, repaying the flash loan with profit. This drains rewards meant for long-term stakers."
22,e0d2d83ea351,High,ERC4626,Inflation Attack,"The Vault contract has no minimum deposit or dead shares mechanism to prevent the classic ERC4626 inflation attack. The first depositor can deposit a tiny amount (e.g., 1 wei) to receive 1 share, then directly transfer a large amount of the asset to the adapter, inflating the share price. Subsequent depositors' deposits can round down to 0 shares due to the inflated price via convertToShares(). The attacker can then redeem their single share for all the assets. This is especially dangerous because _convertToShares and _convertToAssets in the Vault use standard mulDiv with Rounding.Down, and there are no protections like virtual offsets or minimum deposit amounts."
23,099243e83259,High,Accounting Error,State Update Inconsistency,"In Syndicate.stake(), when a user stakes sETH for a knot where they already have an existing stake, the sETHUserClaimForKnot is overwritten with only the new deposit's claim offset: `sETHUserClaimForKnot[_blsPubKey][_onBehalfOf] = (_sETHAmount * accumulatedETHPerFreeFloatingShare) / PRECISION`. This replaces any previously accumulated claim tracking. The correct calculation should use the total staked balance (existing + new), not just _sETHAmount. This means a user who stakes multiple times will have their claim tracker reset, allowing them to claim ETH rewards they already received, effectively draining ETH from the syndicate at the expense of other stakers."
24,198fa93fabdd,High,ERC20,Missing Return Check,"In Basket.sol, the functions withdrawERC20() and withdrawMultipleERC20() call IERC20(_token).transfer() without checking the return value. Many ERC20 tokens (e.g., USDT, ZRX) return false on failure instead of reverting. Since the return value is not checked, the transaction will appear successful even when the token transfer actually fails. Similarly, in NibblVault.sol, withdrawERC20() and withdrawMultipleERC20() call IERC20(_asset).transfer() without checking the boolean return value. This means for non-reverting tokens, the bidder could believe they received tokens when they did not, resulting in permanent loss of those ERC20 tokens stuck in the contract."
25,97843b77b287,High,Accounting Error,Incorrect Parameter,"In Payout.payout(), the `deduction` calculation uses integer division that can cause significant precision loss. The formula `excludeUsd.div(curTotalUsdPool.div(SherXERC20Storage.sx20().totalSupply)).div(10e17)` first divides curTotalUsdPool by totalSupply (truncating), then divides excludeUsd by that result. This double-division with truncation can drastically miscalculate the deduction amount. If the intermediate `curTotalUsdPool.div(totalSupply)` truncates to a smaller value, `deduction` becomes too large, causing `totalSherX.sub(deduction)` to underflow and revert, or burning too few SherX tokens, inflating the SherX price for remaining holders."
26,ba93b3b8d7cf,High,Logic error,Bad Condition,"In LidoVault._withdrawFromYieldPool(), when _asset == address(0) (ETH withdrawal), the function returns receivedETHAmount before the require(sent, ...) check on line ~153. The `return receivedETHAmount;` statement is placed before the `require(sent, Errors.VT_COLLATERAL_WITHDRAW_INVALID);` line, meaning the require is unreachable dead code. If the ETH transfer to the user fails (e.g., _to is a contract that reverts on receive), the function still returns successfully without reverting, and the user's collateral aTokens are already burned by the lending pool's withdrawFrom, resulting in permanent loss of user funds with no ETH actually delivered."
27,54405135ebf3,High,Accounting Error,State Update Inconsistency,"In Market.sol, ERC1155 NFTs can be transferred via safeTransferFrom/safeBatchTransferFrom (inherited from OpenZeppelin ERC1155) without updating the internal tokensByAddress mapping or tokensInCirculation counter. When a user transfers an NFT to another address, the recipient can call burnNFT to increase their tokensByAddress balance, then sell those tokens and claim holder rewards — all without the sender's tokensByAddress being decremented. This breaks the entire fee distribution accounting since tokensInCirculation and tokensByAddress diverge from actual token/NFT holdings, allowing reward theft and potential fund drainage from the contract."
28,e7921851ec01,High,Accounting Error,State Update Inconsistency,"In D3VaultFunding.userDeposit(), the deposit amount is calculated as `realBalance - info.balance`. However, if someone directly transfers tokens to the vault (not through the deposit flow), this inflates `realBalance` relative to `info.balance`, causing the next depositor to receive dTokens for tokens they didn't deposit. The attacker could front-run a legitimate deposit by transferring tokens directly, making the subsequent depositor's `amount` calculation incorrect. Conversely, a direct transfer could also be used to block deposits by pushing totalDToken * exchangeRate + amount over maxDepositAmount, causing a DoS on the userDeposit function."
29,4ef0b4d678ab,High,Reentrancy,Violating CEI / Missing nonReentrant,"The Pair.buy() function transfers fractional tokens to the buyer via _transferFrom() before processing the base token payment. When baseToken is ETH, the function sends a refund to msg.sender via safeTransferETH before the function completes. An attacker receiving fractional tokens could exploit this by re-entering through a malicious contract that calls sell() during the ETH refund, selling the just-received fractional tokens at manipulated reserves. Similarly, sell() sends ETH before state is fully settled. The remove() function also transfers fractional tokens before burning LP tokens, violating CEI pattern throughout the contract."
30,9befb133ee74,High,Logic error,Bad Condition,"In Controller.distributeStrategyGainLoss(), the access control check is flawed: require(index > 0 || index <= N_COINS + 1, '!VaultAdaptor'). Because index <= N_COINS + 1 is always true for any uint256 value (since N_COINS + 1 = 4 and 0 <= 4), the OR condition means ANY address can call this function and report fake gains or losses. The check should use AND (&&) instead of OR (||). An attacker can call this function from any address (vaultIndexes defaults to 0 for unmapped addresses), and since index=0 with index-1 would underflow, the actual exploit path depends on the index value, but the authorization is fundamentally broken."
31,9befb133ee74,High,Accounting Error,Price Manipulation / Arbitrage opportunity,"In DepositHandler.roughUsd(), the function estimates deposit value by treating all stablecoins as exactly $1.00 (only adjusting for decimals). This rough estimate determines whether a deposit is classified as sardine, tuna, or whale, which completely changes the deposit routing logic. An attacker can exploit this by depositing a depegged stablecoin in amounts that stay below the bigFishThreshold (sardine path), bypassing the insurance and lifeguard protections. The sardine path deposits directly into vaults without any rebalancing, allowing systematic overexposure to a single depegged asset while receiving full-value gTokens."
32,4ef0b4d678ab,High,Logic error,Bad Condition,"In Pair._validateTokenIds(), the merkle root zero-check uses bytes23(0) instead of bytes32(0): `if (merkleRoot == bytes23(0)) return;`. Since bytes23(0) is padded to 32 bytes differently than bytes32(0), a merkleRoot of bytes32(0) will NOT match bytes23(0), causing the validation to proceed with MerkleProofLib.verify against a zero merkle root. However, a non-zero merkleRoot that has its last 9 bytes as zero would incorrectly match bytes23(0) and skip validation entirely, allowing any arbitrary tokenId to be wrapped without a valid proof. This effectively bypasses the whitelist mechanism for pairs with specific merkle roots."
33,97843b77b287,High,Accounting Error,Incorrect Parameter,"In LibPool._payOffDebt(), when a protocol's accrued debt exceeds its protocolBalance, the subtraction `ps.protocolBalance[_protocol].sub(debt)` will revert due to SafeMath underflow. However, in payOffDebtAll(), all protocols' debts are iterated over and if any single protocol's debt exceeds its balance, the entire payOffDebtAll call reverts. This blocks debt settlement for ALL protocols in that pool, preventing stakers from unstaking (as unstake calls stakeBalance which is unaffected but payOffDebtAll is called in multiple flows) and preventing SherX accrual from properly functioning since sherXUnderlying cannot be updated."
34,0315ba9d8121,High,Accounting Error,State Update Inconsistency,"In BorrowLogic.executeCrossRepayERC20(), when the actual debt is less than the requested repay amount, `params.amounts[gidx]` is updated to `debtAmount`. However, VaultLogic.erc20DecreaseCrossBorrow() is called with this adjusted amount while VaultLogic.erc20TransferInLiquidity() transfers `totalRepayAmount` from the user. If the scaled amount calculation in erc20DecreaseCrossBorrow uses different rounding than the debt calculation, the repaid amount could differ from what's actually decremented from the user's debt, causing a mismatch between transferred tokens and reduced debt, leading to protocol insolvency over time."
35,e0d2d83ea351,High,Accounting Error,State Update Inconsistency,"In MultiRewardStaking.changeRewardSpeed(), the function uses `rewardToken.balanceOf(address(this))` as the `remainder` to calculate the new rewardsEndTimestamp. This balance includes all tokens held by the contract, not just those allocated for that specific reward. If the staking token is the same as a reward token, or if multiple reward tokens share the same ERC20 token, or if someone directly transfers tokens to the contract, the calculated rewardsEndTimestamp will be inflated. This leads to the contract promising more rewards than it actually has, causing later claimants to face failed transfers or loss of funds."
36,b7fc4d82013a,High,Logic error,Bad Condition,"In Auction.settleAuction(), the bonder can pass arbitrary inputTokens/inputWeights and outputTokens/outputWeights arrays that are not validated against the basket's pending or current weights. The function only checks that after transfers, the basket holds enough of each pendingToken. An attacker who bonds can craft these arrays to drain valuable tokens from the basket by specifying them as outputTokens while providing worthless tokens as inputTokens, as long as the final pendingWeights balance check passes. This effectively allows the auction bonder to steal basket assets beyond what the rebalance requires."
37,40cc38c69cca,High,Logic error,Bad Condition,"In Auction.settleAuction(), the newRatio calculation `a - b` where `a = factory.auctionMultiplier() * basket.ibRatio()` and `b = (bondBlock - auctionStart) * BASE / factory.auctionDecrement()` can underflow if the bonder waits long enough after the auction starts before bonding. Since bondBlock - auctionStart grows over time and BASE/auctionDecrement is a large value, b can exceed a, causing a Solidity 0.8.7 revert. This means if someone bonds late in an auction, settleAuction() becomes uncallable. The bonder loses their bond since they cannot settle, and after ONE_DAY their bond gets burned via bondBurn()."
38,fa1836e0615e,High,MEV,Front Run,"RdpxV2Core.bond() and bondWithDelegate() involve purchasing options from PerpetualAtlanticVault and interacting with Curve pool for dpxETH minting. The bond operation's cost depends on current oracle prices and option premiums. Since there's no commit-reveal scheme or minimum delay, an attacker can observe a large bond transaction in the mempool, manipulate the rdpx/weth price on the Uniswap pool (which feeds the oracle), extract value from the bonding user through worse pricing, and then reverse the manipulation. The rdpxPriceOracle reads from the AMM pair, making this a viable front-running attack vector."
39,03196f805abb,High,ERC20,safeApprove,"In MISOLauncher.createLauncher() and MISOMarket.createMarket(), the contracts call IERC20(_token).approve(newLauncher, _tokenSupply) and check the return value with require. However, _safeTransferFrom and _safeTransfer from SafeTransfer utility are used for transfers but the underlying token's transfer/transferFrom may not return a boolean (like USDT). The SafeTransfer helper uses low-level calls but many ERC20 tokens (e.g., USDT, BNB) do not return a bool on transfer/approve, which can cause the require(IERC20(_token).approve(...)) to revert, making the factory incompatible with such widely-used tokens."
40,97843b77b287,High,Accounting Error,Precision Loss,"In LibPool.stake(), when the first staker deposits, they receive a fixed 10**18 lock tokens regardless of the deposit amount. A first depositor can stake a tiny amount (e.g., 1 wei) to receive 10**18 lock tokens, then directly transfer a large amount of underlying tokens to the contract, inflating stakeBalance via strategy returns or external mechanisms. Subsequent stakers would receive disproportionately few lock tokens due to the inflated stakeBalance-to-totalLock ratio. This is a classic first-depositor inflation attack that allows the attacker to steal funds from later depositors through rounding."
41,9ddd6b83c27e,High,Access Control,Asset Theft,"In WithdrawPeriphery.sol, the functions withdrawToken() and redeemToken() are external with no access control (no onlyOwner or msg.sender checks). Any caller can specify an arbitrary `from` address, allowing them to withdraw/redeem shares on behalf of any user who has approved the WithdrawPeriphery contract. An attacker can call withdrawToken(victimAddress, token, attackerAddress, amount) to steal the victim's junior vault shares, as long as the victim has granted approval to the periphery. The `from` parameter should be restricted to msg.sender or the function should verify that msg.sender == from."
42,2c5e13b4e147,High,Access Control,Arbitrary Add/Remove/Set/Call,"The manageWhitelist() function in Gravity.sol allows any whitelisted address to add or remove other addresses from the whitelist (including admins). A single compromised or malicious whitelisted account can whitelist arbitrary addresses and then use the onlyWhitelisted modifier to access restricted operations. Worse, a whitelisted user can remove other whitelisted users, effectively performing a denial of service. The function uses onlyWhitelisted modifier which permits non-admin whitelisted users to manage the whitelist, violating the principle of least privilege and enabling privilege escalation."
43,b2a8c124d062,High,Input Validation,Invalid Validation,"In Erc20.sol permit(), when ecrecover returns address(0) (indicating an invalid signature), the function does NOT revert. The check `if (recoveredAddress != address(0) && recoveredAddress != owner)` only reverts when recoveredAddress is non-zero AND different from owner. When recoveredAddress is address(0), the condition is false, so execution continues and sets `allowance[address(0)][spender] = value`. While this doesn't directly steal funds, it means any invalid signature is silently accepted without setting any meaningful allowance, misleading callers who expect a revert on invalid signatures."
44,e7921851ec01,High,Input Validation,Invalid Validation,"In D3Trading.sellToken(), the callback pattern allows msg.sender to be any contract. The check `IERC20(fromToken).balanceOf(address(this)) - state.balances[fromToken] >= fromAmount` verifies tokens arrived, but the callback in d3MMSwapCallBack could send fewer tokens than required if there's already an excess balance from a previous direct transfer. A malicious caller could first send tokens directly to the pool to inflate the balance difference, then call sellToken with a callback that doesn't transfer the full amount, effectively getting toTokens for free by exploiting the stale balance delta."
45,ee25ec7abd40,High,Replay Attack,Invalid Validation,"In CheckpointOracle.SetCheckpoint(), the ecrecover function is used to verify signatures but there is no check for the return value being address(0). If ecrecover fails (due to invalid v, r, s values), it returns address(0). Since admins mapping is checked with `require(admins[signer])`, and address(0) is not an admin by default, this particular case is handled. However, the signature malleability issue remains: EIP-2 style checks on s-value are not enforced, allowing the same signature to be submitted with both low and high s values, potentially enabling signature replay in different contexts."
46,e6e43dfea59f,High,Accounting Error,State Update Inconsistency,"In CitadelMinter.mintAndDistribute(), when stakingAmount is sent to xCitadel via safeTransfer(), it directly transfers citadel tokens to the vault without calling deposit(). This means the tokens increase the vault's balance() but no new shares are minted, inflating the price per full share (getPricePerFullShare). However, this direct transfer is not tracked properly - it silently increases existing shareholders' value but the vault's accounting relies on balance() which now includes these untracked tokens. Any subsequent depositor gets fewer shares than expected since balance() is inflated."
47,40cc38c69cca,High,Accounting Error,Incorrect Parameter,"In Basket.pullUnderlying() and Auction.settleAuction(), tokens are transferred using safeTransferFrom without checking the actual balance received before and after the transfer. If any of the basket's underlying tokens is a fee-on-transfer token, the contract will record more tokens than it actually holds. This causes an accounting mismatch: the basket believes it has sufficient tokens to back the minted basket tokens, but the actual balance is less. Over time this discrepancy compounds, eventually causing burn() or pushUnderlying() to revert due to insufficient balance, locking user funds."
48,1167ec3a176e,High,Logic error,Bad Condition,"In _hotSwap(), the amountOut calculation for `isZeroToOne = false` uses `Math.mulDiv(amountInMinusFee, Q192, sqrtHotPriceX96) / sqrtHotPriceX96`. This divides by sqrtHotPriceX96 twice effectively computing `amountIn * Q192 / (sqrtPrice^2)`. However, for a token1-to-token0 swap (isZeroToOne=false), the correct formula should yield `amountIn * sqrtPrice^2 / Q192`. The current formula inverts the price direction, meaning solvers could receive significantly more or fewer tokens than intended. A malicious signer could exploit this by crafting HOT quotes that extract value from the pool."
49,4ef0b4d678ab,High,ERC20,Missing Return Check,"The Pair contract uses Solmate's SafeTransferLib for ERC20 transfers. Solmate's SafeTransferLib does not check if the target address contains code - it silently succeeds when calling transfer/transferFrom on an address with no code (EOA or not-yet-deployed contract). If baseToken is set to an address that has no deployed contract (e.g., wrong address, or pre-deployment address), all safeTransferFrom and safeTransfer calls will succeed without actually transferring any tokens. An attacker could exploit this to buy fractional tokens or remove liquidity without paying any base tokens."
50,099243e83259,High,Logic error,Reward Manipulation,"In Syndicate.claimAsCollateralizedSLOTOwner(), the function calls _updateCollateralizedSlotOwnersLiabilitySnapshot() which distributes ETH proportionally to collateralized SLOT owners based on their current balance. A collateralized SLOT owner can manipulate the SlotRegistry (external dependency) to temporarily increase their balance before calling claim, then decrease it after. Since the snapshot is taken at call-time and distribution uses current balances from getSlotRegistry().totalUserCollateralisedSLOTBalanceForKnot(), this allows disproportionate claiming of ETH rewards."
51,bb3018c8812c,High,Upgradeable,Unauthorized Upgrade,"The `canSkipChainIdValidation()` function includes `UUPSUpgradeable.upgradeToAndCall.selector`, allowing upgrade operations to be replayed across all chains without chain ID validation. An attacker who obtains a valid signature for an upgrade on one chain can replay it on every other chain where the wallet exists. This could upgrade all wallet instances to a malicious implementation, giving the attacker complete control over the wallet's assets on every chain. This is especially dangerous because upgrades are irreversible and affect all future interactions with the wallet."
52,c20104cb90d7,High,Arithmetic,Bad Condition,"In ForgottenRunesWarriorsMinter.refundOwed(), the calculation `daAmountPaid[minter] - totalCostOfMints - refundsPaidAlready` can underflow if the owner sets finalPrice (via setFinalPrice()) to a value higher than what the minter originally paid per NFT. Since Solidity 0.8 reverts on underflow, this would permanently prevent the minter from receiving any refund via selfRefund() or issueRefunds(). The owner could accidentally or maliciously set finalPrice too high, bricking the refund mechanism for all DA participants whose per-unit cost was below the new finalPrice."
53,d562802cb53a,High,Logic error,Implementation Error,"In StateTransitionManager.unfreezeChain(), the function calls freezeDiamond() instead of unfreezeDiamond(). The function is documented as unfreezing the specified chain but actually freezes it again: `function unfreezeChain(uint256 _chainId) external onlyOwner { IZkSyncStateTransition(stateTransition[_chainId]).freezeDiamond(); }`. This means the owner cannot unfreeze a frozen chain through the StateTransitionManager, effectively causing a permanent freeze once a chain is frozen via this contract, constituting a denial of service for the affected chain."
54,e7921851ec01,High,Logic error,Bad Condition,"In D3Trading.querySellTokens(), the receiveToAmount is capped to `state.balances[toToken]` but then swapFee and mtFee are still computed on the capped amount. The returned value is `receiveToAmount - mtFee`, but the vusdAmount and the subsequent _recordSwap still use the original vusdAmount based on the uncapped PMM calculation. This mismatch means the cumulative accounting in _recordSwap records a larger toAmount than what was actually transferred out, breaking the pool's internal accounting and potentially allowing the pool to appear safer than it is."
55,dd17040a53bc,High,Accounting Error,State Update Inconsistency,"In PolygonERC20Wrapper.deposit(), the function transfers underlying tokens to the user but emits a Transfer event via `emit Transfer(address(0), user, amount)` without actually minting wrapper tokens. This creates a discrepancy where the ERC20 event log suggests tokens were minted but the internal balances/totalSupply are unchanged. On Polygon's bridge system, this fake mint event could confuse indexers and downstream systems, and importantly the deposit function sends underlying tokens directly to users without tracking wrapper token state correctly."
56,40cc38c69cca,High,Logic error,Bypass Mechanism,"In Auction.settleAuction(), the function transfers inputTokens from msg.sender to the basket and outputTokens from the basket to msg.sender, but there is no validation that inputTokens/outputTokens match the pending weights or that the amounts are correct relative to the rebalance. The only check is that after transfers, each pending token has enough balance. An attacker who bonds can pass arbitrary tokens and weights, potentially draining basket tokens that aren't in the new index while providing worthless tokens, effectively stealing basket assets."
57,b7fc4d82013a,High,Logic error,Bypass Mechanism,"In Basket.publishNewIndex(), when pendingWeights.pending is true and the timelock has passed, if auction.auctionOngoing() is false, it starts the auction but never updates pendingWeights with the new _tokens/_weights/_minIbRatio parameters. The old pending weights remain, meaning the publisher cannot update the rebalance targets once an auction starts. Furthermore, if hasBonded() is true, the function does nothing (empty else-if block), allowing a bonder to indefinitely block the publisher from killing or updating the auction by bonding immediately."
58,a3e15237ea08,High,Access Control,Asset Theft,"In ETH_RUNE (eth_rune.sol), the transferTo() function uses tx.origin instead of msg.sender to determine the sender of tokens. Any malicious contract that tricks a user into calling it (e.g., via a phishing contract or an innocent-looking interaction) can invoke transferTo() to transfer tokens from tx.origin (the user) to any recipient. This bypasses the standard allowance/approval mechanism entirely, allowing any intermediary contract to steal RUNE tokens from the transaction originator without their explicit approval for that specific contract."
59,b2a8c124d062,High,Logic error,Bad Condition,"In Marketplace/LibFuse.sol viewExchangeRate(), the borrow rate validation check is inverted: `if(borrowRateMantissa <= 0.0005e16) { revert RATE(); }` reverts when the rate is within acceptable bounds and allows execution when the rate exceeds the maximum. This is the opposite of the intended check (which should revert when rate > max). The corresponding Tokens/LibFuse.sol has the correct check using `require(borrowRateMantissa <= 0.0005e16)`. This could lead to incorrect exchange rate calculations when borrow rates are abnormally high."
60,099243e83259,High,Access Control,Arbitrary Add/Remove/Set/Call,"OwnableSmartWallet.execute() and rawExecute() allow the owner to make arbitrary external calls with arbitrary calldata and value. While this is by design, when combined with transferOwnership() which can be called by any approved spender, an approved address can first transfer ownership to themselves and then drain all assets (ETH, ERC20, ERC721) from the smart wallet via execute(). The setApproval mechanism creates a trust assumption where approved addresses gain full control, which may not be obvious to users granting approvals."
61,e6e43dfea59f,High,Logic error,Bad Condition,"In Funding.getAmountOut(), when funding.discount is 0, the local variable citadelAmount_ is never assigned a value (it remains 0 by default). The function only computes citadelAmount_ inside the `if (funding.discount > 0)` block. This means when there is no discount, any deposit() call will compute citadelAmount_ = 0, causing users to receive zero citadel tokens for their asset deposit. The _minCitadelOut check would also fail if set > 0, effectively blocking all deposits when discount is zero. This breaks core sale functionality."
62,e6e43dfea59f,High,Accounting Error,Precision Loss,"In StakedCitadel, the first depositor vulnerability exists. When totalSupply() is 0, _mintSharesFor() mints shares equal to the deposit amount (shares = _amount). An attacker can deposit 1 wei of citadel to get 1 share, then directly transfer a large amount of citadel to the vault. This inflates getPricePerFullShare() dramatically. Subsequent depositors who deposit amounts smaller than the inflated price per share will receive 0 shares due to integer division rounding: shares = (_amount * totalSupply()) / _pool rounds down to 0."
63,804fe35b0164,High,Accounting Error,Incorrect Parameter,"In Exchange._executeFundsTransfer(), when paymentToken is address(0) and the buyer is not msg.sender, there is no check on remainingETH or msg.value. This means a seller can be matched with a buy order where the buyer pays nothing in ETH. The _transferTo function will attempt to send ETH from the contract's balance. Combined with the _returnDust selfbalance() issue, an attacker acting as a third-party matcher can use ETH from the contract balance to pay sellers while the buyer pays nothing, effectively stealing contract ETH."
64,4ef0b4d678ab,High,Accounting Error,State Update Inconsistency,"The Pair contract's _baseTokenReserves() function uses ERC20(baseToken).balanceOf(address(this)) for non-ETH base tokens. Anyone can directly transfer base tokens to the Pair contract, artificially inflating the base token reserves. This breaks the internal AMM accounting: buyQuote() returns inflated prices, sellQuote() returns inflated outputs, and addQuote() miscalculates LP token shares. An attacker could donate base tokens to manipulate the price, then exploit the skewed reserves for profit through buy/sell operations."
65,804fe35b0164,High,Replay Attack,Invalid Validation,"The _verify function in Exchange.sol does not enforce the upper bound on the ECDSA `s` parameter (s must be in the lower half of the secp256k1 curve order). Without checking `s <= secp256k1n/2`, each valid signature has a complementary valid signature with `s' = secp256k1n - s` and `v' = 37 - v`. This allows signature malleability: an attacker observing a valid signature in the mempool can compute the alternate form and front-run or replay the order execution, potentially causing unintended double-execution or griefing."
66,b2a8c124d062,High,Logic error,Bad Condition,"In ZcToken.sol, the withdraw() and redeem() functions have an inverted approval check. The condition `if (allowed >= previewAmount) { revert Approvals(allowed, previewAmount); }` reverts when the spender HAS sufficient allowance and proceeds when they do NOT have sufficient allowance. This means any caller with zero or insufficient allowance can redeem/withdraw on behalf of any holder, while legitimate approved spenders are blocked. This effectively allows unauthorized asset theft from any ZcToken holder by any address."
67,804fe35b0164,High,Logic error,Asset Theft,"In Exchange._returnDust(), the function sends selfbalance() (the entire ETH balance of the contract) back to the caller, instead of only returning the tracked remainingETH amount. If the contract holds any ETH from previous transactions or other sources, a user calling execute() or bulkExecute() can steal those extra funds. The assembly block uses `selfbalance()` rather than `_remainingETH`, meaning any accumulated ETH in the contract beyond what was sent in the current transaction is drained to msg.sender."
68,7b5e1803022e,High,Accounting Error,Does not match with Doc,"The implementation failed to follow OpenZeppelin ERC721Votes’ documentation: “Tokens do not count as votes until they are delegated.” The _transferFrom() function does not move delegated votes from the source’s delegates to the destination’s delegates; instead, it directly moves votes from the source to the destination.This allows users to create new accounts and repeatedly delegate to indefinitely increase their voting power, holding more votes than they actually should."
69,592eed5791df,High,ERC4626,Inflation Attack,"The Vault's first deposit lacks a minimum amount or fixed shares mechanism, allowing the first depositor to use a very small number of shares to increase the share price after additional assets are transferred in. By using the rounding down formula, subsequent depositors may receive very few shares, ultimately allowing the first depositor to siphon off the principal from other depositors."
70,9cc1dc4ae06a,High,ERC4626,Inflation Attack,"The Vault's first deposit lacks a minimum amount or fixed shares mechanism, allowing the first depositor to use a very small number of shares to increase the share price after additional assets are transferred in. By using the rounding down formula, subsequent depositors may receive very few shares, ultimately allowing the first depositor to siphon off the principal from other depositors."
71,7b5e1803022e,High,Accounting Error,Bad Condition,"_delegate directly accesses the delegation mapping instead of using a helper function to resolve the default delegate, causing the initial prevDelegate to be address(0) and allowing users to mint ""new"" votes to themselves during their first self-delegation.
"
72,40cc38c69cca,High,Governance,Bypass Mechanism,Governance voting power from current balance. Flash loans can inflate voting power.
73,73f6a793d916,High,Governance,Bypass Mechanism,Governance voting power from current balance. Flash loans can inflate voting power.
74,8a20eb1e521f,High,Governance,Bypass Mechanism,Governance voting power from current balance. Flash loans can inflate voting power.
75,af8e4af75dc2,High,Governance,Bypass Mechanism,Governance voting power from current balance. Flash loans can inflate voting power.
76,b7fc4d82013a,High,Governance,Bypass Mechanism,Governance voting power from current balance. Flash loans can inflate voting power.
77,e6e43dfea59f,High,Governance,Bypass Mechanism,Governance voting power from current balance. Flash loans can inflate voting power.
78,b155c4de6012,Medium,Arithmetic,Unsafe Downcast,"In DelegateTokenStorageHelpers.writeExpiry(), the expiry is validated against MAX_EXPIRY (type(uint96).max) but the approved address stored in the upper 160 bits is read via uint160 cast from a right-shifted value. Similarly, writeApproved() reads expiry as uint96(delegateTokenInfo[delegateTokenId][PACKED_INFO_POSITION]). While the packing scheme works correctly in isolation, the expiry value provided by users in DelegateToken.create() and CreateOffererHelpers.calculateExpiry() (block.timestamp + expiryLength) could silently truncate to 96 bits if exactly MAX_EXPIRY+1 is passed before the check, since revertOldExpiry only checks expiry > block.timestamp but not overflow of the addition in calculateExpiry's relative mode, allowing block.timestamp + expiryLength to overflow uint256 and wrap to a small value that passes validation."
79,afa60bc8003d,Medium,Accounting Error,State Update Inconsistency,"In xTRIBE.getPastVotes(), historical TRIBE voting power retrieved via tribe().getPriorVotes(account, blockNumber) is converted to xTRIBE shares using the CURRENT conversion rate via convertToShares(), not the historical rate at blockNumber. As the comment acknowledges, this causes TRIBE historical voting power to decay over time as the xTRIBE-to-TRIBE exchange rate monotonically increases. This creates an inconsistency where past voting snapshots return different values depending on when they are queried, breaking the assumption that historical votes are immutable. Governance proposals relying on getPastVotes for quorum or threshold calculations may yield different results at different times, potentially allowing proposals to pass or fail based on when the check occurs rather than the actual voting power at the snapshot block."
80,9470d2cf198f,Medium,Accounting Error,State Update Inconsistency,"In updateParticipation(), when calculating whether the user's new token allocation is within bounds, the code incorrectly uses currency amounts (refundCurrencyAmount/additionalCurrencyAmount) instead of token amounts to update _userTokensByLaunchGroup. For example, in the refund branch: `userTokens.set(request.userId, userTokenAmount - refundCurrencyAmount)` subtracts a currency amount from a token amount tracking variable. Similarly, the min/max checks compare `userTokenAmount - refundCurrencyAmount` against `settings.minTokenAmountPerUser` which is in token units. Since currency amounts and token amounts have different scales (related by tokenPriceBps), this leads to incorrect user token tracking, allowing users to exceed maxTokenAmountPerUser or bypass minTokenAmountPerUser constraints."
81,afa60bc8003d,Medium,Governance,Bad Condition,"The getVotes() function in xTRIBE combines xTRIBE delegation-based votes with raw TRIBE voting power (via tribe().getCurrentVotes(account)). This means a user who holds TRIBE tokens and delegates them in the TRIBE contract can simultaneously deposit those same TRIBE tokens into xTRIBE, delegate the resulting xTRIBE shares, and effectively double-count their voting power. The TRIBE getCurrentVotes() reflects delegated TRIBE votes, while super.getVotes() reflects delegated xTRIBE votes. If a user deposits TRIBE into xTRIBE and delegates both the underlying TRIBE (before deposit) and the xTRIBE shares, their voting power is counted twice. This enables governance manipulation where attackers amplify their influence beyond their actual economic stake."
82,e99e64a8abf1,Medium,Accounting Error,State Update Inconsistency,"In Ocean._erc20Wrap(), the function calculates the transferAmount based on the token's decimals and then calls SafeERC20.safeTransferFrom() to pull tokens from the user. However, the outputAmount returned to the caller is based on the pre-transfer normalized `amount` parameter, not the actual tokens received by the contract. For fee-on-transfer tokens, the actual amount received will be less than transferAmount, but the Ocean will still credit the user with the full normalized amount. This creates an accounting mismatch where the user receives more wrapped Ocean tokens than the actual underlying ERC-20 tokens held by the contract, allowing gradual draining of the contract's token balance when other users try to unwrap."
83,a8884f87db1a,Medium,Logic error,Bad Condition,"In the `slash()` function, when a stake's `slashedInRound` is from a round older than `currentSlashRound - 1`, the code resets `slashedAmount` to 0 (treating it as a stale slash). However, the old `slashedAmount` is not subtracted from `totalSlashed[oldRound]`. If the old round has already been burned, this is fine. But if `currentSlashRound` is 3 and a stake was slashed in round 1 (already burned), the `slashedAmount` is simply zeroed without issue. The real problem arises if a stake was slashed in round N where N < currentSlashRound-1 but N's totalSlashed was never properly decremented, causing `totalSlashed` accounting to become permanently inflated for burned rounds, though tokens were already sent to burnAddress."
84,348856fe60ac,Medium,DoS,Incorrect Parameter,"In BlackStar.sol, the `receive()` function resets `releaseTime = block.timestamp + 24 hours` whenever anyone sends ETH to the contract. Since `receive()` has no access control (no `onlyOwner` modifier), any external address can send a tiny amount of ETH (e.g., 1 wei) to the contract at any time, continuously pushing the `releaseTime` forward by 24 hours. This means an attacker can perpetually prevent the owner from ever satisfying the `block.timestamp >= releaseTime` condition in `withdraw()`, effectively creating a permanent denial-of-service on fund withdrawal. The owner's ETH becomes permanently locked because the attacker can always front-run or periodically send dust ETH to reset the timer before it expires."
85,485f7b9ccb0a,Medium,Accounting Error,State Update Inconsistency,"In ThrusterPair, the WETHB and USDB tokens are configured with CLAIMABLE yield mode in ThrusterYield constructor. When these rebasing tokens are used as token0/token1 in a pair, the claimable yield accumulates but is not reflected in the pair's reserves tracked via _update(). The reserves (reserve0, reserve1) only track balances at the time of swap/mint/burn operations. The claimable yield sitting in the contract is invisible to getReserves() and the k invariant calculation, meaning the yield can be claimed by the manager via claimYieldAll() without updating reserves, effectively extracting value that should belong to LPs. This creates an accounting discrepancy between actual token balances and tracked reserves."
86,a4d91fb1550f,Medium,Accounting Error,Fee On Transfer Token,"In DInterest._depositTransferFunds(), the contract transfers `depositAmount` from the sender via safeTransferFrom and then deposits the same `depositAmount` into the money market. However, if the stablecoin is a fee-on-transfer token, the actual amount received by the contract will be less than `depositAmount`. The contract then attempts to deposit the full `depositAmount` into the money market, which may revert or cause accounting mismatches. The same pattern exists in _topupDepositTransferFunds() and _fundTransferFunds(). The contract never checks its balance before and after transfers, leading to inflated totalDeposit, totalInterestOwed, and totalFundedPrincipalAmount values relative to actual funds held."
87,afa60bc8003d,Medium,ERC4626,Inflation Attack,"The xTRIBE contract inherits from xERC4626/ERC4626 without implementing a minimum deposit or dead shares mechanism to prevent the classic ERC-4626 inflation attack. The first depositor can deposit a tiny amount (e.g., 1 wei) to receive 1 share, then directly transfer a large amount of TRIBE to the contract and call syncRewards(). This inflates the exchange rate so that subsequent depositors' deposits are rounded down to 0 shares due to integer division in convertToShares(). The attacker effectively steals subsequent depositors' funds. While syncRewards() is protected by requiresAuth, the attack can still work if rewards are distributed through the normal cycle mechanism or if the authority approves the call."
88,e99e64a8abf1,Medium,Arithmetic,Unsafe Downcast,"In LibBalanceDelta, the safeCast modifier checks `uint256(type(int256).max) > amount` using strict inequality. This means when amount equals exactly type(int256).max (2^255 - 1), the modifier reverts even though this value can safely be cast to int256. While this is a minor off-by-one, the more critical issue is in increaseBalanceDelta and decreaseBalanceDelta: multiple increases to a delta can cause the int256 to overflow past type(int256).max without any check, since individual amounts pass safeCast but their cumulative sum via `self[index].delta += int256(amount)` can exceed int256 max. In Solidity 0.8.10 this would revert on overflow, but it creates unexpected DoS for legitimate multi-step interactions."
89,98b7c1691811,Medium,Accounting Error,State Update Inconsistency,"The `_updateXDEFIBalance()` function calculates `distributableXDEFI` as `IERC20(XDEFI).balanceOf(address(this)) - totalDepositedXDEFI`. This relies on the contract's actual token balance, which can be manipulated by anyone directly transferring XDEFI tokens to the contract. An attacker could donate XDEFI to inflate `distributableXDEFI` without going through `updateDistribution()`, or conversely, the balance could be manipulated in ways that affect reward calculations. If tokens are sent directly, calling `updateDistribution()` afterwards distributes them to current lockers. While this is somewhat by design, it means the `distributableXDEFI` accounting can be front-run or manipulated by third parties."
90,592eed5791df,Medium,Accounting Error,State Update Inconsistency,"In EscrowMigrator.recoverExcessFunds(), the calculation `totalRegistered - totalMigrated - totalLocked` determines how much to leave in the contract. However, totalLocked is only updated via updateTotalLocked() which requires someone to call it for each expired migrator. If updateTotalLocked() is not called for all expired migrators before recoverExcessFunds(), the leaveInContract value will be too high (since totalLocked would be understated), preventing recovery of funds that should be recoverable. Conversely, if users vest entries after registering but before migrating (the documented footgun), they pay extra via toPay(), but those payments aren't factored into the recovery calculation correctly."
91,afa60bc8003d,Medium,Governance,Bad Condition,"The emitVotingBalances() function emits DelegateVotesChanged events with oldVotes hardcoded to 0: emit DelegateVotesChanged(accounts[i], 0, getVotes(accounts[i])). This is incorrect because the old votes value is not actually 0 in most cases. Off-chain systems tracking voting power via events will interpret this as the account going from 0 votes to the current amount, rather than showing the actual delta. This creates misleading event logs that can cause incorrect governance state reconstruction by indexers, subgraphs, or frontend applications. The event signature expects (address, uint256 previousBalance, uint256 newBalance), but always reporting previousBalance as 0 corrupts the historical record."
92,afa60bc8003d,Medium,Input Validation,Invalid Validation,"The xTRIBE contract does not validate that the TRIBE token address passed as _tribe in the constructor actually implements the ITribe interface (getPriorVotes, getCurrentVotes). If an incorrect ERC20 token is passed that does not implement these functions, calls to getVotes() and getPastVotes() will revert, completely breaking governance functionality. Additionally, there is no validation on _rewardsCycleLength or _incrementFreezeWindow constructor parameters - a zero rewardsCycleLength could cause division by zero in reward calculations, and an incrementFreezeWindow equal to or greater than gaugeCycleLength would permanently prevent gauge weight increments, effectively locking the gauge system."
93,a8884f87db1a,Medium,Accounting Error,State Update Inconsistency,"In the `release()` function of IdentityStaking.sol, when slashed funds are released back to a staker, the `userTotalStaked[staker]` mapping is not incremented. During `slash()`, `userTotalStaked[staker]` is decremented by the slashed amount. However, when `release()` restores the slashed amount back to `sStake.amount` or `comStake.amount`, it never adds the released amount back to `userTotalStaked[staker]`. This means `userTotalStaked` permanently underestimates the actual staked amount for any user whose slash is released. Any external consumer relying on `userTotalStaked()` (as exposed via the IIdentityStaking interface) will see incorrect, reduced totals even after funds are fully restored."
94,592eed5791df,Medium,Accounting Error,Incorrect Parameter,"In EscrowMigrator._registerEntries(), the escrowAmount from rewardEscrowV1 is cast to uint248 via `uint248(escrowAmount)` and stored in VestingEntry.escrowAmount. Later in _migrateEntries(), this value is used for kwenta.transfer() and importEscrowEntry(). If the original escrowAmount exceeds uint248 max (unlikely but possible), silent truncation occurs. More critically, registeredVestingSchedules stores the snapshot amount at registration time, but between registration and migration, the actual V1 entry could have been partially vested or manipulated. The migrator uses the original registered amount, creating a potential mismatch between what was registered and what's actually available."
95,1167ec3a176e,Medium,Arithmetic,Precision Loss,"In HOTOracle._calculateSqrtOraclePriceX96(), the intermediate multiplication `oraclePrice0USD * oracle1Base * _token1Base` and `oraclePrice1USD * oracle0Base * _token0Base` can overflow for tokens with high decimals or large oracle prices. While Solidity 0.8.x has overflow checks, the computation `oraclePrice1USD * oracle0Base * _token0Base` in the denominator of Math.mulDiv is computed before being passed as argument, meaning it could revert unexpectedly. Additionally, the final `(Math.sqrt(oraclePriceX96) << 48).toUint160()` can lose precision since sqrt is computed on a Q96-scaled value and then shifted, potentially causing oracle price inaccuracies that propagate to deviation checks."
96,ee25ec7abd40,Medium,DoS,Out of Gas,"In OVM_GasPriceOracle.getL1GasUsed(), the function iterates over every byte of the input _data parameter using a for loop: `for (uint256 i = 0; i < _data.length; i++)`. Since _data represents an unsigned RLP-encoded transaction which can be arbitrarily large (up to the block gas limit), this unbounded loop can consume excessive gas. For very large transactions, the gas cost of simply iterating byte-by-byte could exceed the block gas limit, causing the L1 fee calculation to revert. This affects getL1Fee() as well since it depends on getL1GasUsed(). Any contract or off-chain system relying on these view functions for fee estimation could experience failures with large transaction payloads."
97,c2426a2ab283,Medium,Accounting Error,Invariant Violation,"In ChiikawaSticker, each user pays stickerPrice via buyNFT() for one NFT, but due to the reentrancy vulnerability in claim(), a single payment can yield multiple NFTs. This breaks the economic invariant that each NFT costs exactly stickerPrice. The contract collects ETH in buyNFT() but has no withdraw function, meaning all collected funds are permanently locked. Additionally, the 1:1 ratio between payments received and NFTs minted is violated — the contract's ETH balance will not match totalMinted() * stickerPrice. The combination of no fund recovery mechanism and the ability to mint multiple tokens per payment creates an accounting discrepancy that cannot be corrected after deployment."
98,e99e64a8abf1,Medium,Logic error,Bad Condition,"In Ocean._doMultipleInteractions(), Ether wrapping via msg.value is processed at the beginning, but there is no corresponding Ether wrap interaction type in the interactions array validation. A user can send msg.value > 0 with doMultipleInteractions but forget to include WRAPPED_ETHER_ID in the ids array, which would cause _findIndexOfTokenId to revert with 'Delta :: missing token ID'. However, the doInteraction() function is not marked payable, so any ETH sent with a single interaction is silently rejected. The inconsistency means ETH can only be wrapped via doMultipleInteractions, but the WrapErc20/WrapErc1155 pattern cannot be used for ETH wrapping, creating a confusing asymmetry."
99,afa60bc8003d,Medium,MEV,Front Run,"The syncRewards() function, when called, sets the reward rate for the upcoming cycle based on the current TRIBE balance minus storedTotalAssets. An attacker who monitors the mempool can front-run the syncRewards() call by depositing a large amount of TRIBE into xTRIBE, gaining shares at the pre-reward exchange rate, and then benefit disproportionately from the reward distribution. Since syncRewards() is gated by requiresAuth, the authorized caller's transaction is visible in the mempool. The attacker deposits just before syncRewards executes, capturing a larger share of the upcoming cycle's rewards, then withdraws after the cycle completes, extracting value from long-term stakers."
100,8a20eb1e521f,Medium,Accounting Error,State Update Inconsistency,"In EbtcZapRouter.adjustCdp(), when _collBalanceIncrease > 0, the function calls _transferInitialStETHFromCaller(_collBalanceIncrease) which returns the actual received amount (_collVal) accounting for stETH's 1-wei rounding. However, the original _collBalanceIncrease value (not _collVal) is passed to _adjustCdpWithPermit() and subsequently to borrowerOperations.adjustCdpWithColl(). This means the contract tells BorrowerOperations to use more collateral than was actually received, leading to a mismatch between the stETH balance held by the router and the collateral amount registered in the CDP. This discrepancy could cause the transaction to revert or result in accounting errors."
101,592eed5791df,Medium,ERC20,Missing Return Check,"In EscrowDistributor.distributeEscrowed(), kwenta.transferFrom() and kwenta.approve() return boolean values indicating success or failure, but these return values are not checked. If the KWENTA token's transferFrom or approve returns false instead of reverting on failure, the function will continue execution silently without the tokens actually being transferred or approved. This could lead to createEscrowEntry calls failing in a confusing way, or worse, if approve fails, the rewardEscrow.createEscrowEntry calls could silently fail or behave unexpectedly. The contract should use require() to check the return values or use SafeERC20's safeTransferFrom and safeApprove wrappers."
102,8a20eb1e521f,Medium,MEV,Front Run,"The _permitPositionManagerApproval function in ZapRouterBase wraps the permit call in a try-catch that silently swallows failures. While this is intended to mitigate permit front-running, if an attacker front-runs the permit and the catch block is hit, the operation continues without the required position manager approval. For EbtcZapRouter functions, this means borrowerOperations.openCdpFor() or closeCdp() will revert later (wasting gas). However, if a user has a persistent position manager approval from a previous interaction, the attacker's front-run could cause the function to proceed with stale/unintended approval state, potentially enabling unauthorized CDP operations."
103,a8884f87db1a,Medium,Arithmetic,Unsafe Downcast,"In `selfStake()` and `communityStake()`, the unlock time is computed as `duration + uint64(block.timestamp)`. The cast `uint64(block.timestamp)` is safe for current timestamps but the addition of `duration` (also uint64) could theoretically overflow a uint64 in extreme future scenarios. More critically, the `amount` parameter is typed as `uint88`, and the `userTotalStaked` mapping accumulates multiple stakes via `userTotalStaked[msg.sender] += amount`. If a user creates many self-stakes and community stakes, the cumulative `userTotalStaked` could overflow the uint88 max (~309 billion with 18 decimals), silently wrapping around and producing an incorrect total staked value."
104,e0d2d83ea351,Medium,ERC4626,Not EIP Compliant,"The Vault contract's previewWithdraw() function should round up per the ERC4626 specification (""MUST return as close to and no fewer than the exact amount of Vault shares that would be burned""), but it delegates to adapter.previewWithdraw() without ensuring correct rounding. Similarly, previewMint() should round up the assets required. The convertToShares and convertToAssets functions always round down. Additionally, maxWithdraw and maxRedeem delegate directly to the adapter without accounting for the vault's own withdrawal fees, which means these functions return incorrect values that don't reflect the actual maximum amounts users can withdraw or redeem from the vault."
105,ba93b3b8d7cf,Medium,Accounting Error,State Update Inconsistency,"In LidoVault._depositToYieldPool(), when a user deposits ETH (address(0)), the function calls LIDO with msg.value and then sets assetAmount = msg.value. However, stETH minting via Lido can produce 1-2 wei less stETH than the ETH sent due to Lido's known rounding behavior. The vault then calls safeApprove and returns assetAmount (msg.value) to the lending pool for deposit, but the actual stETH balance may be slightly less than msg.value. This creates a small but systematic accounting discrepancy between the internal asset amount recorded and the actual stETH held, which compounds over many deposits and can cause withdrawal failures when insufficient stETH is available."
106,9470d2cf198f,Medium,Replay Attack,Nonce,"The signature validation in _validateRequestSignature() does not include any nonce or unique identifier tracking to prevent signature reuse. While participation IDs prevent exact replays for participate(), the signatures for updateParticipation(), cancelParticipation(), and claimRefund() can potentially be replayed if conditions align. For example, a claimRefund signature with a future requestExpiresAt could be submitted multiple times if the participation state is recreated. The contract relies solely on state checks (e.g., currencyAmount == 0) rather than marking signatures as consumed. A dedicated nonce-per-user mechanism would provide stronger replay protection."
107,e169bbefc6e2,Medium,Chainlink,Stale Value,"In FungibleAssetVaultForDAO._collateralPriceUsd(), the oracle price is fetched via oracle.latestAnswer() without checking for staleness (roundId, updatedAt, answeredInRound). Similarly, NFTVault uses ethAggregator.latestAnswer(), jpegAggregator.latestAnswer(), floorOracle.latestAnswer(), and fallbackOracle.latestAnswer() without any staleness checks or round completeness validation. If the Chainlink oracle stops updating or returns stale data, the contract will use outdated prices, potentially allowing users to borrow more than they should or preventing proper liquidations. The contract should use latestRoundData() and validate updatedAt and answeredInRound fields."
108,bb3018c8812c,Medium,Replay Attack,Nonce,"The MagicSpend.getHash() function includes `block.chainid` in the signed message, but `_validateRequest()` does not verify the chain ID matches. If MagicSpend is deployed on multiple chains at the same address (which is common for deterministic deployments), and an owner signs a WithdrawRequest for chain A, the signature itself won't be valid on chain B due to chain ID in the hash. However, the nonce space is per-chain, so the same nonce can be used independently on different chains. If a user assumes nonce consumption on one chain prevents usage on another, they may be surprised that separate withdraw requests with the same nonce work independently across chains."
109,d9b35c0c87a4,Medium,DoS,Bad Condition,"In PermissionedNodeRegistry.allocateValidatorsAndUpdateOperatorId(), the first loop uses `continue` inside a for-loop with an unchecked increment block. When an inactive operator is encountered (`if (!operatorStructById[i].active) { continue; }`), the `unchecked { ++i; }` at the bottom is skipped, causing an infinite loop. The `continue` statement jumps back to the loop condition check without incrementing `i`, resulting in the function permanently stuck processing the same inactive operator. This will cause an out-of-gas revert, completely blocking all new validator deposits through the permissioned pool since stakeUserETHToBeaconChain() depends on this function."
110,a1ee58021528,Medium,Input Validation,Invalid Validation,"In CrossAnchorBridge.sol, the functions depositStable(), repayStable(), redeemStable(), and lockCollateral() do not validate the token parameter against the whitelist mappings. The require statements for whitelistedStableTokens, whitelistedAnchorStableTokens, and whitelistedCollateralTokens are all commented out (e.g., `// require(whitelistedStableTokens[token]);`). This allows any arbitrary ERC20 token to be deposited and bridged to Terra, bypassing the intended whitelist security mechanism. An attacker could supply a malicious or worthless token to the bridge, potentially exploiting the Terra-side Anchor protocol if it processes these unvalidated tokens."
111,b155c4de6012,Medium,Logic error,Missing Functionality,"The CreateOfferer contract stores order data in persistent storage (transientState) rather than actual EVM transient storage. Despite being named 'TransientState', it persists across transactions. While the stage-lock mechanism prevents reentrancy within a single Seaport fulfillment, the stale data from previous orders remains in storage. If a Seaport order partially fails after generateOrder sets transientState but before ratifyOrder completes (reverting back to generate stage), subsequent orders of different token types may read stale cross-type order data from previous incomplete flows, since only one order type field is updated per generateOrder call."
112,bb3018c8812c,Medium,Access Control,No Recovery Mechanism,"In MultiOwnable.removeOwnerAtIndex(), there is no check preventing removal of all owners. An owner can call removeOwnerAtIndex repeatedly to remove every owner including themselves (since the function executes before the caller loses ownership status for the current call). Once all owners are removed, the wallet becomes permanently inaccessible - no one can execute transactions, add new owners, or upgrade the contract. The `_checkOwner()` function requires `isOwnerAddress(msg.sender)` or `msg.sender == address(this)`, but without owners, no UserOperations can be validated to trigger self-calls either, effectively bricking the wallet and locking all funds."
113,348856fe60ac,Medium,Access Control,No Recovery Mechanism,"The BlackStar contract sets the `owner` in the constructor to `msg.sender` and provides no mechanism to transfer ownership or recover funds if the owner address becomes compromised or inaccessible (e.g., a contract that cannot call `withdraw()`). Since `withdraw()` and `deposit()` are both gated by `onlyOwner`, and there is no `transferOwnership` function, if the owner key is lost or the owner is a contract without the ability to interact properly, all deposited ETH is permanently locked with no recovery path. Combined with the lack of any emergency withdrawal or backup mechanism, this creates a single point of failure for all funds held in the contract."
114,103f39b0f29b,Medium,Accounting Error,State Update Inconsistency,"In BaseGladiusReactor.transferInputTokens() and BaseReactor.transferInputTokens(), the protocol uses permit2.permitWitnessTransferFrom() to transfer input tokens from the swapper. However, for fee-on-transfer tokens, the actual amount received by the filler (msg.sender) will be less than order.input.amount. The reactor does not account for this discrepancy - it records the full nominal amount as transferred. This means the filler receives fewer tokens than expected, but the order's resolved input amount remains unchanged, leading to accounting inconsistencies and potential loss for fillers or enabling arbitrage by swappers using fee-on-transfer tokens."
115,8a20eb1e521f,Medium,Input Validation,Invalid Validation,"In LeverageZapRouterBase._getPostCheckParams(), the expectedCollateral check uses _totalCollateral * _collValidationBuffer / BPS with the gte operator. There is no upper bound validation on _collValidationBuffer, meaning a user could pass an extremely small or zero value for _tradeData.collValidationBufferBPS, effectively disabling the collateral post-check. With collValidationBufferBPS = 0, the expectedCollateral becomes 0, meaning any amount of collateral (even dust) would pass the post-operation check. This allows users to open or adjust CDPs while losing most of their collateral to unfavorable DEX trades without the safety check catching the issue."
116,8a20eb1e521f,Medium,Accounting Error,Precision Loss,"stETH is a rebasing token known for 1-2 wei rounding errors on transfers. In EbtcZapRouter._closeCdpWithPermit() and EbtcLeverageZapRouter._closeCdp(), the contract calculates _stETHDiff = _zapStEthBalanceAfter - _zapStEthBalanceBefore to determine collateral to return. Due to stETH's share-based accounting, the actual balance difference may be 1-2 wei less than expected. More critically, if any stETH is donated directly to the router contract between transactions, the _stETHDiff calculation would include those extra funds, causing the router to transfer tokens belonging to other operations. This balance-based accounting is fragile for rebasing tokens."
117,ee25ec7abd40,Medium,Logic error,Bad Condition,"In CheckpointOracle.SetCheckpoint(), the function returns false instead of reverting in multiple failure conditions (future checkpoint, old announcement, stale announcement, invalid hash). When the function returns false, the caller's transaction still succeeds from the EVM perspective, consuming gas without any state change. More critically, the final `revert()` at the end of the function un-emits all NewCheckpointVote events that were emitted during the loop if threshold is never reached. This means valid votes are silently discarded with no on-chain record, and callers cannot distinguish between a successful no-op (false return) and actual failures."
118,9befb133ee74,Medium,Chainlink,Stale Value,"In Buoy3Pool, the Chainlink price feeds are queried via IChainlinkAggregator(getAggregator(i)).latestAnswer() in both getPriceFeed() and getTokenRatios(). There is no validation of the returned data - no check for stale prices (updatedAt timestamp), no check for round completeness (answeredInRound >= roundId), and no check for zero/negative prices. The latestAnswer() function is also deprecated in favor of latestRoundData(). If a Chainlink oracle goes stale or returns incorrect data, the _updateRatios() safety check that compares Curve ratios against Chainlink could pass with invalid data, allowing manipulated Curve pool states to be cached as valid."
119,198fa93fabdd,Medium,Input Validation,Invalid Validation,"In NibblVault.initialize(), there is no validation on _initialTokenSupply and _initialTokenPrice parameters beyond the secondary reserve ratio check. A curator could set _initialTokenPrice to an extremely small value (e.g., 1 wei) or _initialTokenSupply to an extremely large value, which would create degenerate bonding curve conditions. Specifically, if _initialTokenPrice is very small, the fictitiousPrimaryReserveBalance calculation could round to zero due to integer division, breaking the curve mechanics. There is also no check that _minBuyoutTime is reasonable, allowing it to be set to type(uint256).max, effectively preventing any buyout forever."
120,b155c4de6012,Medium,Accounting Error,State Update Inconsistency,"In DelegateTokenRegistryHelpers.transferERC20(), when transferring an ERC20 delegate token, calculateIncreasedAmount reads the current registry amount for the 'to' address's delegation hash (newRegistryHash) and adds underlyingAmount. However, if the 'to' address already has an existing delegation with the same rights and contract, the amounts are aggregated in the registry but remain tracked separately in delegateTokenInfo. This means multiple delegate tokens for the same (to, contract, rights) tuple share a single registry amount, and withdrawing one could reduce the registry amount below what other delegate tokens expect, breaking the invariant."
121,592eed5791df,Medium,Input Validation,Invalid Validation,"In EscrowedMultipleMerkleDistributor.claim(), anyone can call claim() on behalf of any account since there is no verification that msg.sender == account. While the merkle proof ensures only valid claims are processed, this allows a third party to claim rewards for another user, escrowing tokens on their behalf without the user's consent. This could be problematic if a user prefers to time their claims for tax purposes or other reasons. Additionally, the function calls IERC20(token).approve() instead of using safeApprove, and the approve pattern is vulnerable if there's a pre-existing non-zero allowance, potentially causing the transaction to fail."
122,c20104cb90d7,Medium,DoS,Out of Gas,"In ForgottenRunesWarriorsMinter.issueRefunds(), the owner iterates over a range of daMinters and calls _refundAddress() for each. Each _refundAddress() performs an external ETH transfer (or WETH deposit + transfer as fallback). If any single recipient consumes excessive gas or reverts in a way that causes the WETH fallback to also fail, or if the range is too large, the entire transaction reverts. This blocks refunds for all addresses in that batch. Since daMinters can contain duplicate entries and the array can grow to 8000+ entries, processing large ranges risks hitting the block gas limit, creating a denial of service for refund distribution."
123,73f6a793d916,Medium,Logic error,Bad Condition,"In VestingEscrow.revokeAll(), the function calculates revokable as locked() + unclaimed(). However, after revokeUnvested() has been called (setting disabledAt to block.timestamp), if time passes and the recipient hasn't claimed, calling revokeAll() will attempt to transfer locked() + unclaimed() tokens. But locked() returns 0 (since block.timestamp >= disabledAt), so only unclaimed() tokens are transferred. The function correctly handles this case, but the disabledAt is overwritten to the current block.timestamp which could differ from the original disabledAt, potentially affecting the unclaimed() calculation in edge cases near the boundary."
124,0315ba9d8121,Medium,Arithmetic,Token Decimal,"In PriceOracle.getAssetPriceFromBendNFTOracle(), the NFT price conversion calculation `(nftPriceInNftBase * nftBaseCurrencyPriceInBase) / NFT_BASE_CURRENCY_UNIT` assumes that the Chainlink aggregator for NFT_BASE_CURRENCY returns prices with the same decimal precision as BASE_CURRENCY_UNIT. However, Chainlink feeds can have varying decimals (e.g., ETH/USD uses 8 decimals, while some feeds use 18). The code never calls `sourceAgg.decimals()` to normalize, so if NFT_BASE_CURRENCY's aggregator uses different decimals than expected, the resulting nftPriceInBase will be scaled incorrectly, causing massive over/under-valuation of NFT collateral."
125,485f7b9ccb0a,Medium,Accounting Error,State Update Inconsistency,"ThrusterPair.mint() calculates the deposited amounts as `amount0 = balance0.sub(_reserve0)` and `amount1 = balance1.sub(_reserve1)`. For fee-on-transfer tokens, the actual amount received by the pair is less than what the router transferred, which is correctly captured here. However, the liquidity minted uses `Math.min(amount0.mul(_totalSupply) / _reserve0, amount1.mul(_totalSupply) / _reserve1)`, which can cause reserve drift over time. While the router has fee-on-transfer support for swaps, addLiquidity() does not account for fee-on-transfer tokens, leading to failed transactions or incorrect liquidity amounts when such tokens are used."
126,a8884f87db1a,Medium,Upgradeable,Storage Gap,"The IdentityStaking contract inherits from multiple OpenZeppelin upgradeable contracts (UUPSUpgradeable, AccessControlUpgradeable, PausableUpgradeable) and is designed to be upgradeable via UUPS proxy pattern. However, the contract does not declare a `__gap` storage variable. If a future upgrade adds new state variables to the IdentityStaking contract or if any inherited contract's storage layout changes, it could lead to storage slot collisions, corrupting existing state such as `selfStakes`, `communityStakes`, `userTotalStaked`, and `currentSlashRound`. This is a standard best practice for upgradeable contracts to reserve storage slots."
127,b155c4de6012,Medium,Arithmetic,Precision Loss,"In DelegateTokenRegistryHelpers, both calculateDecreasedAmount() and calculateIncreasedAmount() use unchecked arithmetic blocks. The comments acknowledge they 'will not revert an underflow/overflow value.' During transferERC20() and transferERC1155(), if a delegation's registry amount was externally manipulated or differs from the expected underlyingAmount stored in delegateTokenInfo, the unchecked subtraction can silently underflow to a massive uint256 value. This corrupted amount is then written to the delegate registry, granting the 'from' address an enormous phantom delegation amount, breaking the accounting invariant of the protocol."
128,e99e64a8abf1,Medium,Reentrancy,Violating CEI / Missing nonReentrant,"Ocean.doInteraction() has the nonReentrant modifier, but the single-interaction path in _doInteraction calls _executeInteraction which invokes external contracts (primitives, ERC20, ERC721, ERC1155) before finalizing state via _burn/_mint. During _erc721Unwrap(), the ERC721 safeTransferFrom triggers onERC721Received callback on the recipient before the interaction's accounting is complete. While the nonReentrant guard prevents re-entering doInteraction/doMultipleInteractions, a malicious ERC721 receiver could still call other Ocean functions like safeTransferFrom or balanceOf during the callback, potentially observing inconsistent state."
129,198fa93fabdd,Medium,Arithmetic,Precision Loss,"In NibblVault.initialize(), the _secondaryReserveRatio is calculated as `uint32((msg.value * SCALE * 1e18) / (_initialTokenSupply * _initialTokenPrice))`. If _initialTokenSupply and _initialTokenPrice are small enough relative to msg.value, the intermediate result could exceed uint32 max (4,294,967,295) before the check `_secondaryReserveRatio <= primaryReserveRatio` is reached. The unsafe downcast to uint32 would silently truncate the value, potentially producing a small ratio that passes the MIN_SECONDARY_RESERVE_RATIO check but does not reflect the actual reserve ratio. This corrupts the bonding curve parameters from initialization."
130,fee749ecd513,Medium,Arithmetic,Precision Loss,"In `_calcAuction()`, the proportion of ink and art to auction is calculated using `wmul` (18-decimal fixed-point multiplication). When `balances.art` is small (e.g., using 6-decimal tokens like USDC), the calculation `uint256(balances.art).wmul(line.proportion)` can lose significant precision. For instance, with art=100_000e6 and proportion=0.5e18, the result is correct, but for smaller vaults near dust limits (e.g., art=10_001e6), the rounding in wmul can cause the proportioned art to fall below the dust threshold unexpectedly, forcing full liquidation when partial was intended, or vice versa, leaving the protocol with dust positions."
131,51c6dc5fd57f,Medium,Arithmetic,Precision Loss,"In ContinuousIndexingMath.sol, the `exponent()` function uses a Padé R(4,4) approximation for e^x. For large values of x (high rates over long time periods), this approximation diverges from the true exponential value. The `getContinuousIndex()` function computes `yearlyRate * time / SECONDS_PER_YEAR` which for high rates or long durations could produce x values where the Padé approximation introduces meaningful error. The `currentIndex()` in both MToken and MinterGateway caps at `type(uint128).max` via `UIntMath.bound128()`, but precision loss before hitting the cap can cause earner and minter indices to diverge from intended values."
132,e99e64a8abf1,Medium,DoS,payable / receive(),"In Ocean._etherUnwrap(), the function uses Solidity's transfer() method to send Ether to userAddress: `payable(userAddress).transfer(transferAmount)`. The transfer() function forwards only 2300 gas, which is insufficient for smart contract wallets or multisig contracts that have receive/fallback functions requiring more gas. If userAddress is a contract with custom logic in its receive() function, the unwrap will always revert, permanently locking the user's wrapped Ether (shETH) in the Ocean with no alternative withdrawal mechanism. Users interacting through smart contract wallets or protocols would be unable to unwrap their Ether."
133,1d8f1f43cde9,Medium,Arithmetic,Precision Loss,"In NonCustodialPSM._getMintAmountOut(), the Decimal library's asUint256() method divides by 1e18 (BASE) to convert the fixed-point result back to a uint256. This integer division truncates the fractional part, causing precision loss on every mint operation. For small amountIn values or when the oracle price results in a value just below a whole unit boundary, the user receives fewer VOLT tokens than they should. Similarly, _getRedeemAmountOut() applies division via adjustedAmountIn.div(price).asUint256(), compounding precision loss from multiple sequential divisions. This systematically favors the protocol at the expense of users."
134,bb3018c8812c,Medium,DoS,Front Run,"MagicSpend.validatePaymasterUserOp() and MagicSpend.withdraw() share the same WithdrawRequest signature and nonce mechanism. A malicious actor observing a pending UserOperation in the mempool can extract the WithdrawRequest from `paymasterAndData`, then front-run by calling `withdraw()` directly with the same request. Since `_validateRequest()` marks the nonce as used, the original UserOperation will fail validation at the EntryPoint because the nonce is already consumed. This allows griefing attacks where legitimate paymaster-sponsored transactions are consistently blocked, though the funds still go to the intended withdrawer."
135,e169bbefc6e2,Medium,Accounting Error,State Update Inconsistency,"In YVaultLPFarming._computeUpdate(), the contract calculates currentBalance as vault.balanceOfJPEG() + jpeg.balanceOf(address(this)). This relies on the contract's own JPEG token balance, meaning anyone can directly transfer JPEG tokens to the contract to manipulate the reward distribution. An attacker could send JPEG tokens to inflate rewards disproportionately, or conversely, the accounting breaks if JPEG tokens are sent directly. The previousBalance tracking assumes only controlled inflows/outflows, but direct transfers bypass this, creating a discrepancy between expected and actual reward calculations in accRewardPerShare."
136,9470d2cf198f,Medium,Upgradeable,Storage Gap,"The Launch contract inherits from multiple OpenZeppelin upgradeable contracts (AccessControlEnumerableUpgradeable, PausableUpgradeable, ReentrancyGuardUpgradeable) and is deployed behind a TransparentProxy. However, the Launch contract does not declare a `__gap` storage variable to reserve space for future state variables in upgrades. If a future version of Launch adds new state variables, they may collide with storage slots used by existing mappings like launchGroupParticipations or _userTokensByLaunchGroup, corrupting contract state. This is a standard practice for upgradeable contracts to prevent storage layout conflicts."
137,a1ee58021528,Medium,Upgradeable,Storage Gap,"CrossAnchorBridge inherits from Initializable, UUPSUpgradeable, and OwnableUpgradeable but does not declare a __gap storage variable. If future upgrades add new state variables to the contract or if the inherited OpenZeppelin contracts change their storage layout, storage collisions can occur. This is a standard best practice violation for UUPS upgradeable contracts. Without a storage gap, adding new inherited contracts or state variables in future versions risks corrupting existing storage slots such as whitelistedStableTokens, whitelistedAnchorStableTokens, whitelistedCollateralTokens, and completedTokenTransfers mappings."
138,fee749ecd513,Medium,Input Validation,Invalid Validation,"In `setLine()`, when `initialOffer` is 0, it bypasses the minimum check (`initialOffer == 0 || initialOffer >= 0.01e18`). Setting `initialOffer` to 0 means at auction start, the collateral offered is zero, and it linearly increases to 100% over the duration. This means for the initial period of the auction, liquidators receive essentially no collateral for repaying debt, providing no incentive to participate early. While likely intentional for certain configurations, it could be set accidentally and effectively break liquidation incentives for that pair, allowing bad debt to accumulate before the auction becomes profitable."
139,98b7c1691811,Medium,Input Validation,Invalid Validation,"In `setLockPeriods()`, the owner sets `bonusMultiplierOf[duration]` but there is no validation that the `multipliers` array length matches `durations_` array length. If `multipliers` is shorter than `durations_`, the transaction will revert with an out-of-bounds error. If `multipliers` is longer, extra values are silently ignored. More critically, there is no upper bound check on the multiplier value itself. A multiplier of 255 (the uint8 max, representing 2.55x) combined with large deposit amounts can cause the `units` calculation in `_lock()` to overflow when cast to `uint96`, enabling the unsafe downcast vulnerability."
140,592eed5791df,Medium,ERC20,Missing Return Check,"In StakingRewardsNotifier.notifyRewardAmount(), both kwenta.transfer() and usdc.transfer() are called without checking their return values. Many ERC20 tokens (including USDC) may return false on failure rather than reverting. If the USDC transfer fails silently, stakingRewardsV2.notifyRewardAmount() would still be called with currentBalanceUsdc as a parameter, leading the staking contract to expect rewards that were never actually transferred. This creates a mismatch between expected and actual reward amounts, potentially causing users to be unable to claim rewards later when the contract lacks sufficient USDC balance."
141,a4d91fb1550f,Medium,Arithmetic,Rounding Error,"In DInterest._withdrawRecordData(), the funding.principalPerToken is shrunk when there's not enough unfunded principal. The calculation `funding.principalPerToken = (funding.principalPerToken * (totalPrincipal - totalPrincipalDecrease)) / recordedFundedPrincipalAmount` uses integer division which rounds down. Over multiple partial withdrawals, this cumulative rounding down of principalPerToken leads to a gradual loss of tracked funded principal, causing sumOfRecordedFundedPrincipalAmountDivRecordedIncomeIndex and totalFundedPrincipalAmount to become increasingly inaccurate, potentially leading to fund loss for funders."
142,fa1836e0615e,Medium,Accounting Error,State Update Inconsistency,"UniV2LiquidityAMO tracks lpTokenBalance as an internal accounting variable, but also exposes a public sync() function that sets lpTokenBalance = IERC20WithBurn(addresses.pair).balanceOf(address(this)). Anyone can call sync() to update the balance. If LP tokens are sent directly to the contract or removed outside the contract's functions, the lpTokenBalance becomes inconsistent. Additionally, _sendTokensToRdpxV2Core() sends all token balances back to rdpxV2Core but doesn't call IRdpxV2Core.sync(), unlike UniV3LiquidityAMO which does sync after transfers, creating accounting inconsistencies in the core contract reserves."
143,9470d2cf198f,Medium,ERC20,Fee On Transfer Token,"In participate(), the contract calculates currencyAmount via _calculateCurrencyAmount() and stores it in info.currencyAmount, then calls `IERC20(request.currency).safeTransferFrom(msg.sender, address(this), currencyAmount)`. If the ERC20 token charges a fee on transfer, the actual amount received by the contract will be less than currencyAmount. However, the stored currencyAmount and _withdrawableAmountByCurrency track the pre-fee amount. When refunds or withdrawals are processed, the contract will attempt to transfer more tokens than it holds, causing reverts or insolvency. No balance-before/after check is performed."
144,7100a75d6ebd,Medium,DoS,Execution Order Dependency,"In JBETHERC20SplitsPayer, the _payTo() function iterates through splits and makes external calls to allocators (allocator.allocate()), project terminals (_pay/_addToBalanceOf), or sends ETH directly (Address.sendValue). A malicious split allocator or a split beneficiary contract could reenter the SplitsPayer through pay() or addToBalanceOf() before the current split distribution completes. Although receive() has nonReentrant, the internal _payToSplits function called from pay/addToBalanceOf makes multiple external calls within a loop, and a malicious allocator could exploit the execution ordering to manipulate state."
145,b155c4de6012,Medium,Logic error,Bad Condition,"In DelegateToken.rescind(), the function allows anyone to call it when the delegate token has expired (expiry < block.timestamp). However, the condition uses strict less-than: `readExpiry(...) < block.timestamp`. This means that at the exact second when expiry == block.timestamp, the rescind self-approval path is not triggered, yet the token is effectively expired (revertOldExpiry requires expiry > block.timestamp). This off-by-one creates a single-block window where the token is expired but cannot be rescinded by arbitrary callers through the expiry path, potentially causing a brief DoS on the rescind functionality."
146,103f39b0f29b,Medium,Arithmetic,Precision Loss,"In PartialFillLib's partition function (referenced via quantity.partition()), when computing partial fill amounts for inputs and outputs, division is performed on potentially small values. For orders with low-decimal tokens or small amounts, the division of quantity relative to the full input amount can truncate to zero, allowing a filler to extract output tokens while providing zero or negligible input tokens. The rounding in mulDivUp/mulDivDown used during partition calculations can create exploitable precision loss, particularly when fillThreshold is set to a very small value relative to the order's input amount."
147,103f39b0f29b,Medium,Input Validation,Invalid Validation,"In RubiconFeeController.setFeeRecipient(), there is no zero-address validation for the recipient parameter. If the owner accidentally sets feeRecipient to address(0), all protocol fees collected via getFeeOutputs() will create OutputToken entries with recipient = address(0). When the reactor's _fill() function attempts to transfer output tokens to address(0), the fees are effectively burned or lost permanently with no recovery mechanism. The same issue applies to setGladiusReactor() which also lacks zero-address validation, potentially bricking setPairBasedFee() and setBaseFee() which call gladiusReactor.MAX_FEE()."
148,51c6dc5fd57f,Medium,Arithmetic,Unsafe Downcast,"In MToken.sol, the `principalBalanceOf()` and `_subtractEarningAmount()` functions cast `mBalance_.rawBalance` to `uint112` via `uint112(mBalance_.rawBalance)`. However, `rawBalance` is stored as `uint240`. When a non-earning account with a large `rawBalance` calls `startEarning()`, the principal is correctly computed and stored as a smaller value. But if any accounting inconsistency causes `rawBalance` for an earner to exceed `type(uint112).max`, these unchecked downcasts silently truncate the value, leading to incorrect balance reads and potential underflow in subtraction operations, breaking protocol invariants."
149,51c6dc5fd57f,Medium,Logic error,Bad Condition,"In MinterGateway.sol, `freezeMinter()` can be called on any minter address by any approved validator, including already-deactivated minters or addresses that were never minters. The function unconditionally sets `frozenUntilTimestamp` without checking `isActive` or `isDeactivated` status. While this doesn't directly steal funds, it pollutes state for addresses that may later be activated as minters, and a frozen timestamp could persist across deactivation-reactivation cycles if the `frozenUntilTimestamp` was set high enough, since `delete _minterStates[minter_]` in deactivation resets it but state can be set again."
150,bb3018c8812c,Medium,DoS,Bad Condition,"In MagicSpend.validatePaymasterUserOp(), the contract checks `address(this).balance < withdrawAmount` for each individual UserOperation. However, when the EntryPoint batches multiple UserOperations that all use MagicSpend as paymaster, each validation independently passes the balance check. If the sum of all withdrawAmounts exceeds the contract's balance, the batch will fail during execution in postOp() when attempting to transfer funds, wasting gas for all bundled operations. This single-balance check cannot ensure that the total requested funds across batched operations do not exceed the contract's available ETH."
151,51c6dc5fd57f,Medium,Logic error,Stale Value,"In MinterGateway.sol, the `_verifyValidatorSignatures()` function accepts validator timestamps that can be arbitrarily old (only checking they're not zero and not in the future). A minter could collude with validators to use very old timestamps for collateral updates, making `minTimestamp_` far in the past. This stale timestamp is then passed to `_updateCollateral()`, but the only check is `newTimestamp_ > lastUpdateTimestamp_`. If a minter's last update was long ago, validators could provide old signatures with timestamps just above the last update, making the collateral appear valid when it may no longer exist."
152,a1ee58021528,Medium,DoS,Missing Approval,"In handleToken(), SafeERC20.safeApprove() is used to approve the WORMHOLE_TOKEN_BRIDGE for `amount`. However, safeApprove() from OpenZeppelin reverts if the current allowance is non-zero and the new value is also non-zero. If a previous transferTokens call does not consume the full allowance (e.g., due to token bridge internal rounding or fee-on-transfer behavior), subsequent calls to handleToken for the same token will revert because the existing allowance is not zero. This can permanently block deposits, repayments, redemptions, and collateral locking for affected tokens until the allowance is manually cleared."
153,e99e64a8abf1,Medium,ERC20,Missing Return Check,"In Ocean._erc20Unwrap(), the function calculates transferAmount after applying fee deductions and decimal conversion, then calls SafeERC20.safeTransfer to send tokens to the user. For fee-on-transfer tokens, the user receives less than transferAmount, but the Ocean has already burned the full inputAmount from the user's Ocean balance. The discrepancy means the Ocean's internal accounting (total wrapped tokens tracked via Ocean balances) will not match the actual ERC-20 token balance held by the contract. Over time, this leads to insolvency where the last users to unwrap cannot receive their full entitled amounts."
154,485f7b9ccb0a,Medium,Accounting Error,State Update Inconsistency,"In ThrusterPair._mintYieldCut(), the yield cut liquidity calculation uses integer division: `uint256 liquidity = numerator / denominator` where `numerator = totalSupply.mul(rootK.sub(rootKLast))` and `denominator = rootK.mul(yieldCut).add(rootKLast)`. For small growth in sqrt(k) relative to totalSupply, or when yieldCut is large (up to 5), the division truncates significantly. This means the protocol systematically receives fewer LP tokens than intended as yield cut, with the rounding errors compounding over many small liquidity events. The lost value effectively benefits existing LPs at the protocol's expense."
155,54405135ebf3,Medium,DoS,Out of Gas,"In LinearBondingCurve.sol, getPriceAndFee() uses a for loop iterating from shareCount to shareCount + amount. If a user attempts to buy or sell a very large _amount of shares in a single transaction, the loop could consume excessive gas and potentially exceed the block gas limit, causing the transaction to revert. While economically unlikely for extremely large amounts due to increasing prices, there is no explicit upper bound check on _amount, and a malicious bonding curve implementation could exacerbate this. The function is called by Market.getBuyPrice and getSellPrice, affecting buy() and sell() operations."
156,a4d91fb1550f,Medium,DoS,Incorrect Parameter,"In DInterestWithDepositFee._fund(), the function calls _fundRecordData with _applyDepositFee(fundAmount) but then passes _unapplyDepositFee(fundAmount) (using the original fundAmount, not the actualFundAmount returned by _fundRecordData) to _fundTransferFunds. When _fundRecordData caps the fundAmount to surplusMagnitude, the actualFundAmount may be smaller than the original fundAmount. However, _fundTransferFunds still uses _unapplyDepositFee of the original (uncapped) fundAmount, causing it to attempt transferring more stablecoins from the sender than intended, potentially reverting or overcharging the funder."
157,e0d2d83ea351,Medium,DoS,Out of Gas,"In MultiRewardStaking, the accrueRewards modifier iterates over the entire rewardTokens array on every deposit, withdrawal, transfer, and claim operation. Since rewardTokens can only be added (never removed), this array grows unboundedly. As more reward tokens are added, the gas cost of every user interaction increases. Eventually, the gas cost may exceed the block gas limit, effectively making the contract unusable for all operations including deposits, withdrawals, and transfers. The loop uses uint8 for the index variable which also caps at 255, but before that limit, gas costs could already be prohibitive."
158,e169bbefc6e2,Medium,Access Control,Centralization Risk,"The NFTVault contract grants extensive powers to the DAO_ROLE including overrideFloor(), setCreditLimitRate(), setLiquidationLimitRate(), setDebtInterestApr(), and setBorrowAmountCap(). A compromised or malicious DAO can instantly change the floor price to zero via overrideFloor, making all positions liquidatable, or set creditLimitRate to allow unlimited borrowing. Similarly, FungibleAssetVaultForDAO allows DEFAULT_ADMIN_ROLE to change setCreditLimitRate without timelock. These changes take effect immediately without any timelock or delay mechanism, giving users no time to react to adverse parameter changes."
159,1d8f1f43cde9,Medium,Accounting Error,State Update Inconsistency,"In NonCustodialPSM.mint(), the function transfers underlying tokens directly to pcvDeposit via safeTransferFrom(msg.sender, address(pcvDeposit), amountIn) without calling pcvDeposit.deposit(). The PCV deposit's internal accounting (balance tracking) is never updated because deposit() is not invoked. This means the PCV deposit may report incorrect balance via balance(), creating a discrepancy between actual token holdings and reported reserves. If the pcvDeposit relies on its internal accounting for withdrawals or other operations, this mismatch could lead to incorrect protocol behavior or failed redemptions."
160,7100a75d6ebd,Medium,Logic error,State Update Inconsistency,"In JBController._configure(), when setting distribution limits and overflow allowances, the values are only stored if they are greater than zero (if (_constraints.distributionLimit > 0) and if (_constraints.overflowAllowance > 0)). This means a project owner cannot reset a previously non-zero distribution limit or overflow allowance back to zero in a subsequent funding cycle configuration, as the zero value will simply not be written. The stale non-zero value from a previous configuration's packed data could persist if the same terminal/token mapping is reused, breaking the intended reconfiguration behavior."
161,9befb133ee74,Medium,MEV,Front Run,"In WithdrawHandler._withdraw(), the withdrawal amount is calculated using buoy.getVirtualPrice() which reads from Curve's get_virtual_price(). An attacker can front-run a large withdrawal by manipulating the Curve pool's virtual price through large trades, causing the victim to receive fewer tokens. Similarly, in DepositHandler, the buoy.stableToUsd() and buoy.lpToUsd() calls rely on Curve pool state that can be manipulated within the same block. Combined with the zero-slippage Curve interactions in LifeGuard, this creates a profitable MEV opportunity for sandwich attacks on whale deposits and withdrawals."
162,9470d2cf198f,Medium,Input Validation,Invalid Validation,"In createLaunchGroup() and setLaunchGroupSettings(), there is no validation on the LaunchGroupSettings values. The startsAt could be greater than endsAt, minTokenAmountPerUser could exceed maxTokenAmountPerUser, maxTokenAmountPerUser could exceed maxTokenAllocation, and tokenDecimals could be set to 0 during initialization. These misconfigurations would cause unexpected behavior: if startsAt > endsAt, no participation would ever be valid; if minTokenAmountPerUser > maxTokenAmountPerUser, no valid participation amount exists. The lack of sanity checks on these critical parameters could brick launch groups."
163,e169bbefc6e2,Medium,Governance,Front Run,"In LPFarming.newEpoch(), when the owner creates a new epoch with different rewardPerBlock, existing stakers can front-run the transaction. If the new epoch has higher rewards, users can deposit just before the epoch starts to capture outsized rewards. If the new epoch has lower rewards, users can withdraw before the change takes effect. Additionally, the remainingRewards calculation uses _blockNumber() which returns epoch.endBlock if the current block exceeds it, but epoch.endBlock may already be past, making remainingRewards zero and requiring full new reward funding regardless of actual leftover tokens."
164,0315ba9d8121,Medium,Chainlink,Stale Value,"In PriceOracle.getAssetPriceFromChainlink(), there is no staleness threshold check on the `updatedAt` timestamp. The function only checks `updatedAt != 0` and `answeredInRound >= roundId`, but does not enforce a maximum age for the price data (e.g., requiring `block.timestamp - updatedAt < MAX_STALENESS`). If a Chainlink aggregator stops updating for hours or days, the oracle will continue returning the last reported price as valid, potentially leading to incorrect valuations for collateral and debt positions, enabling unfair liquidations or under-collateralized borrows based on severely outdated prices."
165,e169bbefc6e2,Medium,Logic error,Bad Condition,"In LPFarming.newEpoch(), the function calculates remainingRewards as epoch.rewardPerBlock * (epoch.endBlock - _blockNumber()). However, _blockNumber() returns epoch.startBlock if block.number < epoch.startBlock. If called before the current epoch starts (epoch not yet active), this would calculate incorrect remainingRewards since (epoch.endBlock - epoch.startBlock) represents the full epoch duration, not the remaining. This means the owner could potentially extract tokens that should be reserved for the upcoming epoch by calling newEpoch() with a smaller reward allocation before the current epoch begins."
166,e7921851ec01,Medium,Accounting Error,Incorrect Parameter,"In D3Trading.querySellTokens(), swapFee is calculated as `DecimalMath.mulFloor(receiveToAmount, swapFeeRate)` but only mtFee is subtracted from receiveToAmount in the return value. The swapFee is computed but not deducted from the user's received amount, meaning the fee accounting is inconsistent. In _recordSwap, the recorded amount is `receiveToAmount + swapFee` parsed with decimals, but receiveToAmount returned already has mtFee deducted. This creates a discrepancy between what users actually receive and what the cumulative tracking records, potentially allowing pools to exceed their configured limits."
167,a4d91fb1550f,Medium,Arithmetic,Precision Loss,"In DInterest._topupDepositRecordData(), the calculation of the new averageRecordedIncomeIndex uses division before multiplication with EXTRA_PRECISION. The formula computes sumOfRecordedDepositAmountDivRecordedIncomeIndex by dividing two terms separately with EXTRA_PRECISION, then divides the total deposit amount by this sum. For deposits with small amounts relative to EXTRA_PRECISION, significant precision loss can occur in intermediate divisions, leading to an inaccurate averageRecordedIncomeIndex. This affects surplus calculations and can result in depositors receiving more or less than they should."
168,103f39b0f29b,Medium,Logic error,Bad Condition,"In RubiconFeeController.getFeeOutputs(), when a PairBasedFee has applyFee=false, the function falls through to apply baseFee instead of skipping the fee entirely. There is no way to disable fees for a specific pair - setting applyFee to false just means the base fee is applied instead of the custom fee. The only way to have zero fee would be if baseFee is 0, but setBaseFee() explicitly reverts when bFee == 0. This means once the fee controller is set, there is no mechanism to exempt specific trading pairs from fees, contradicting the documented intent that 'both dynamic and base fee can be disabled'."
169,2c5e13b4e147,Medium,Accounting Error,Incorrect Parameter,"In Gravity.sendToCosmos(), the contract uses safeTransferFrom to pull _amount tokens from the sender, then emits SendToCosmosEvent with the original _amount parameter. For fee-on-transfer tokens, the actual amount received by the contract is less than _amount. The Cosmos side will credit more tokens than the bridge actually holds, creating an accounting mismatch. Over time, this discrepancy accumulates and eventually causes later withdrawals (submitBatch) to fail due to insufficient balance. The fix is to check the contract's balance before and after the transfer, and emit the actual received amount."
170,2c5e13b4e147,Medium,Logic error,Bad Condition,"In Gravity.checkValidatorSignatures(), when a validator's _v[i] is 0, the signature is skipped but the validator's power is not counted. However, the loop also breaks early once cumulativePower exceeds _powerThreshold. If validators with v=0 are placed at the beginning of the array, they are skipped without contributing power. Since validators must be in decreasing power order per the design, an attacker could submit signatures where high-power validators have v=0 (skipped) while only low-power validators actually sign, yet arrange a batch where the threshold is barely met with manipulated ordering."
171,103f39b0f29b,Medium,MEV,Front Run,"In BaseGladiusReactor._fill() and BaseReactor._fill(), after transferring all output tokens to recipients, any remaining ETH balance in the reactor is sent to msg.sender (the filler). Since the reactor holds ETH from multiple operations and the refund uses address(this).balance, a filler executing a batch can receive excess ETH that was accidentally sent to the reactor by other users or from previous failed operations. Additionally, fillers can front-run each other on batch executions - observing pending executeBatch transactions and submitting their own with higher gas to capture the orders first."
172,af8e4af75dc2,Medium,Liquidation,Bad Condition,"In Market.sol liquidate(), the liquidatorReward is calculated as `repaidDebt * 1 ether / price` plus the liquidation incentive. However, there is no check that the escrow actually has sufficient collateral to cover both the liquidatorReward and the liquidationFee. If the escrow balance is less than liquidatorReward, the pay() call will fail, making the position unliquidatable. Additionally, the liquidationFee is only paid if `escrow.balance() >= liquidationFee` after paying the liquidator, but there's no guarantee the total collateral covers both amounts, potentially leaving bad debt in the system."
173,03196f805abb,Medium,ERC20,Fee On Transfer Token,"In MISOMarket.createMarket() and MISOLauncher.createLauncher(), when _tokenSupply > 0, the contract calls _safeTransferFrom to pull tokens from the user, then approves the exact _tokenSupply amount to the new market/launcher. If the token has a transfer fee (e.g., deflationary tokens), the actual amount received by the factory contract will be less than _tokenSupply, but the approval and init call still reference the full _tokenSupply. This discrepancy means the market/launcher may try to pull more tokens than the factory holds, causing the initialization to fail or resulting in accounting errors."
174,ba93b3b8d7cf,Medium,Slippage,Hardcoded Parameter,"In YieldManager, the SLIPPAGE constant is hardcoded to 500 (5%) and UNISWAP_FEE is hardcoded to 10000 (1%). These values are used across all swaps in _convertAssetToExchangeToken() and _convertToStableCoin(). Admins cannot adjust slippage tolerance per asset or market condition. In volatile markets, 5% slippage may be exploited by sandwich attacks, and in illiquid pools, swaps may fail entirely. Since these are constants (not configurable), the protocol cannot adapt to different asset liquidity profiles or changing market conditions, leading to potential MEV extraction or stuck yield distribution."
175,099243e83259,Medium,Accounting Error,State Update Inconsistency,"In Syndicate._deRegisterKnot(), totalFreeFloatingShares is decreased by sETHTotalStakeForKnot[_blsPublicKey], but stakers' individual sETHStakedBalanceForKnot entries remain non-zero. When stakers later call unstake(), the function checks `if (!isNoLongerPartOfSyndicate[_blsPublicKey])` before decreasing totalFreeFloatingShares. While this prevents double subtraction, the totalFreeFloatingShares has already been reduced during deregistration, meaning subsequent staker reward calculations using totalFreeFloatingShares will be skewed, inflating per-share rewards for remaining active knots' stakers."
176,fee749ecd513,Medium,DoS,Bad Condition,"The `auction()` function checks `require(limits_.sum <= limits_.max)` as a soft limit, allowing the sum to exceed max when a single vault's ink pushes it over. However, once `limits_.sum` exceeds `limits_.max`, no new auctions can be started for that ilk/base pair. If a large vault is auctioned and only partially liquidated, the remaining `limits_.sum` could stay above `limits_.max` indefinitely if no one buys the remaining collateral. This creates a denial-of-service where new undercollateralized vaults of the same pair cannot be liquidated, putting the protocol at risk of accumulating bad debt."
177,485f7b9ccb0a,Medium,Arithmetic,Unsafe Downcast,"In NonfungiblePositionManager's increaseLiquidity(), decreaseLiquidity(), and collect() functions, the fee amounts calculated via FullMath.mulDiv() are downcast to uint128 without overflow checks: `uint128(FullMath.mulDiv(feeGrowthInside0LastX128 - position.feeGrowthInside0LastX128, position.liquidity, FixedPoint128.Q128))`. If the accumulated fees are large enough that the result exceeds uint128.max (~3.4e38), the value silently truncates, causing loss of fee tokens owed to position holders. This is particularly relevant for high-liquidity positions in volatile pools over extended time periods."
178,54405135ebf3,Medium,ERC20,safeApprove,"In asD.sol's mint() function, SafeERC20.safeApprove(note, cNote, _amount) is called each time a user mints. OpenZeppelin's safeApprove reverts if the current allowance is non-zero and the new value is also non-zero (to prevent the approve race condition). If a previous cNoteToken.mint() call does not consume the full allowance (e.g., due to rounding in the Compound protocol), subsequent calls to asD.mint() will revert because the remaining allowance is non-zero. This could permanently DoS the mint function. The fix is to first set approval to 0, then set to _amount, or use safeIncreaseAllowance."
179,7100a75d6ebd,Medium,Chainlink,Stale Value,"In JBChainlinkV3PriceFeed.currentPrice(), the call to feed.latestRoundData() does not validate any of the returned fields besides price. There is no check for stale data (updatedAt timestamp), no check that roundId > 0, no check that the answer is greater than zero, and no check that answeredInRound >= roundId. If the Chainlink oracle returns stale or zero price data due to network congestion, oracle downtime, or feed deprecation, the protocol will use an incorrect or zero price, potentially enabling price manipulation or causing incorrect payment calculations throughout the Juicebox ecosystem."
180,c20104cb90d7,Medium,ERC20,Missing Return Check,"In ForgottenRunesWarriorsMinter._safeTransferETHWithFallback(), after wrapping ETH via WETH deposit, the contract calls IERC20(weth).transfer(to, amount) without checking the return value. While standard WETH implementations return true, if a non-standard WETH token is configured via setWethAddress(), the transfer could silently fail, marking the refund as paid (daAmountRefunded incremented) while the user receives nothing. Similarly, forwardERC20s() in both contracts calls token.transfer() without checking the return value, potentially losing tokens with non-reverting ERC20 implementations."
181,4ef0b4d678ab,Medium,Arithmetic,Token Decimal,"The addQuote() function on initial liquidity provision returns Math.sqrt(baseTokenAmount * fractionalTokenAmount). When baseTokenAmount and fractionalTokenAmount are small values, the square root calculation loses significant precision due to integer arithmetic. For example, if baseTokenAmount=1 and fractionalTokenAmount=1, the LP tokens minted is Math.sqrt(1)=1, but subsequent depositors adding proportional liquidity may receive 0 LP tokens due to rounding. This allows the first depositor to capture a disproportionate share and effectively perform an inflation-style attack on the LP token."
182,97843b77b287,Medium,Accounting Error,State Update Inconsistency,"In Gov.tokenUnload(), the function calls `_token.approve(address(_native), totalToken)` to approve the IRemove contract to pull tokens. However, the actual transfer happens inside `_native.swap()` via safeTransferFrom. If there was a previous non-zero allowance for _native, some ERC20 tokens (like USDT) that require allowance to be set to 0 before changing will revert. The function doesn't reset the allowance to 0 first. Additionally, the swap returns arbitrary newFmo and newSherxUnderlying values from the IRemove contract without verifying they correspond to actual token amounts received."
183,af8e4af75dc2,Medium,Chainlink,Stale Value,"In Oracle.sol, both getPrice() and viewPrice() call feeds[token].feed.latestAnswer() but never check the updatedAt timestamp from the Chainlink feed. There is no staleness check, so if the Chainlink oracle stops updating (e.g., during network congestion or feed deprecation), the contract will continue using an outdated price. This could allow borrowers to borrow more than their collateral is worth or prevent proper liquidations. The contract should use latestRoundData() instead and validate that the answer is not stale by checking the updatedAt timestamp against a maximum acceptable delay."
184,9ddd6b83c27e,Medium,Flashloan,Bypass Mechanism,"In DnGmxJuniorVaultManager.receiveFlashLoan(), the function relies on state.hasFlashloaned being true to ensure only vault-originated flashloans are processed. However, the check for this flag is done in the vault contract (not shown in the library). If the vault's receiveFlashLoan does not properly validate that msg.sender == balancerVault AND state.hasFlashloaned == true, an attacker could initiate a flashloan through Balancer targeting the vault with crafted userData to manipulate AAVE positions, swap tokens at unfavorable rates, or drain funds through the _executeOperationToken logic."
185,a4d91fb1550f,Medium,Logic error,State Update Inconsistency,"In DInterest._withdrawRecordData(), totalInterestOwed is decreased by `virtualTokenAmount - depositAmount` and totalFeeOwed is decreased by `(virtualTokenAmount - depositAmount).decmul(depositEntry.feeRate)`. However, for early withdrawals, interestAmount is set to 0 but the full interest portion is still subtracted from totalInterestOwed and totalFeeOwed. This means that even though the depositor doesn't receive interest (early withdrawal), the global accounting variables are reduced as if the full interest and fee were paid out, creating an inconsistency in the pool's accounting state."
186,ee25ec7abd40,Medium,Replay Attack,Nonce,"In CheckpointOracle.SetCheckpoint(), the replay protection relies solely on `blockhash(_recentNumber) == _recentHash`. Since blockhash() only returns valid hashes for the most recent 256 blocks and returns 0 for older blocks, if _recentNumber is older than 256 blocks, blockhash returns 0. An attacker could submit _recentNumber pointing to a very old block with _recentHash set to bytes32(0), bypassing the replay protection check. This would allow replaying old checkpoint submissions on the same chain after 256 blocks have passed, potentially overwriting valid checkpoints with stale data."
187,198fa93fabdd,Medium,Replay Attack,Nonce,"In NibblVault.permit(), the ecrecover function is called without checking that the returned signer address is not address(0). If invalid signature parameters (v, r, s) are provided, ecrecover can return address(0). If the owner parameter is also address(0) (which has no tokens but could still receive approvals), the require(signer == owner) check would pass, allowing an attacker to set arbitrary approvals for address(0). While the immediate impact is limited since address(0) holds no tokens, this violates EIP-2612 security expectations and could cause issues with integrating protocols."
188,fa1836e0615e,Medium,Slippage,Missing minOut / maxAmount,"In UniV3LiquidityAMO.swap(), the _sqrtPriceLimitX96 parameter is passed directly from the caller and can be set to 0. Additionally, the swap deadline is hardcoded to 2105300114 instead of using block.timestamp + buffer. When _amountOutMinimum is also set to 0 (as seen in test calls like uniV3LiquidityAMO.swap(address(rdpx), address(weth), 500, 1e16, 0, 0)), the swap has no slippage protection and can be sandwich attacked by MEV bots. The combination of no minimum output amount and no meaningful deadline exposes the protocol's reserve assets to significant value extraction during swaps."
189,fee749ecd513,Medium,MEV,Front Run,"The `auction()` function accepts a `to` parameter specifying the auctioneer reward recipient. A bot monitoring the mempool can front-run a legitimate liquidator's `auction()` call by submitting the same transaction with their own `to` address at a higher gas price. The front-runner then receives the auctioneer reward (up to 1% of collateral sold) on every subsequent `payBase()`/`payFYToken()` call for that auction, without doing the work of monitoring vault health. This is a direct value extraction from honest liquidation bots who spent resources identifying undercollateralized vaults."
190,7100a75d6ebd,Medium,Accounting Error,Incorrect Parameter,"In JBETHERC20SplitsPayer._payTo(), when paying splits that have an allocator set, the contract sends tokens to the allocator address. If the allocator's allocate() function reverts, the entire transaction may fail, but the split payment accounting has already been computed. More critically, when paying to split project IDs, the function calls _pay() or _addToBalanceOf() internally. If these calls partially succeed for some splits but fail for others in the loop, the leftoverAmount calculation becomes inconsistent with what was actually distributed, leading to accounting discrepancies."
191,7100a75d6ebd,Medium,Accounting Error,State Update Inconsistency,"In JBETHERC20ProjectPayer.pay() and addToBalanceOf(), when handling ERC20 tokens, the contract calls IERC20(_token).transferFrom(msg.sender, address(this), _amount) but then uses the original _amount for subsequent operations (_pay or _addToBalanceOf). For fee-on-transfer tokens, the actual amount received by the contract will be less than _amount, causing an accounting mismatch. The terminal will attempt to transfer more tokens than the contract holds, or the internal accounting will credit more value than was actually received, leading to potential fund loss or transaction reverts."
192,fa1836e0615e,Medium,Input Validation,Invalid Validation,"In UniV3LiquidityAMO.addLiquidity(), the function uses transferFrom() instead of safeTransferFrom() for transferring tokens from rdpxV2Core: IERC20WithBurn(params._tokenA).transferFrom(rdpxV2Core, address(this), params._amount0Desired). Similarly, the swap() function uses transferFrom() without SafeERC20. If any token doesn't return a boolean on transfer (non-standard ERC20), the call could silently fail or revert unexpectedly. The UniV2LiquidityAMO correctly uses safeTransferFrom, but UniV3LiquidityAMO does not, creating an inconsistent and potentially unsafe token transfer pattern."
193,ee25ec7abd40,Medium,Cross-Chain,No Recovery Mechanism,"In L2StandardBridge.finalizeDeposit(), when the L2 token doesn't match expectations (wrong interface or mismatched l1Token), the contract sends a bounce-back withdrawal message to L1 with `_l1Gas` hardcoded to 0: `sendCrossDomainMessage(l1TokenBridge, 0, message)`. Setting the L1 gas limit to 0 for the cross-domain message means the L1 relay transaction will likely fail due to insufficient gas, permanently locking the user's deposited funds. The user cannot recover their tokens on either L1 or L2, as the deposit was already processed on L1 and the bounce-back message cannot execute."
194,1d8f1f43cde9,Medium,Oracle,Stale Value,"In NonCustodialPSM.redeem(), the function calls _depleteBuffer(amountVoltIn) before calling updateOracle(). This means the buffer is depleted based on the old oracle state, but the redemption amount is calculated using the newly updated oracle price. If the oracle price changes significantly during the update, the buffer depletion and actual value redeemed can be inconsistent. Additionally, the view functions getMintAmountOut() and getRedeemAmountOut() use readOracle() without updateOracle(), potentially returning stale prices that differ from what the actual transaction would use."
195,7bbe3d81960c,Medium,Accounting Error,Incorrect Parameter,"In Turnstile.distributeFees(), there is no validation that _tokenId actually exists (via _exists check). The owner can call distributeFees() with a non-existent or not-yet-minted tokenId, and the contract will accept the ETH and credit it to balances[_tokenId]. However, since no NFT exists for that tokenId, no one can call withdraw() for those funds (ownerOf() would revert). If the tokenId is later minted, the new owner unexpectedly inherits those funds. This creates an accounting inconsistency where ETH is locked or misattributed, depending on whether the tokenId is ever minted."
196,1167ec3a176e,Medium,Accounting Error,State Update Inconsistency,"In withdrawLiquidity(), the postWithdrawalLiquidity is capped to never exceed preWithdrawalLiquidity. However, the actual reserves could increase between the pre and post calculation if external actors deposit tokens directly to the pool. The conditional `if (postWithdrawalLiquidity < preWithdrawalLiquidity)` means that _effectiveAMMLiquidity is only updated when liquidity decreases. This creates an inconsistency where the stored _effectiveAMMLiquidity may not reflect actual available liquidity, potentially allowing swaps to quote more tokens than actually available in reserves."
197,54405135ebf3,Medium,Logic error,Bad Condition,"In Market.sol's buy() function, the creator of a share is prevented from buying their own tokens via require(shareData[_id].creator != msg.sender). However, there is no such restriction on sell(). The creator can receive tokens through ERC1155 NFT transfers (since safeTransferFrom is unrestricted), burn them via burnNFT to get tokensByAddress balance, and then sell those tokens. More critically, the creator restriction on buy() is easily circumvented by using a different address, making the protection ineffective while adding inconsistency to the protocol's access control logic."
198,a4d91fb1550f,Medium,Logic error,Bypass Mechanism,"In ZeroCouponBond._redeem(), the function burns `amount` ZCB tokens and transfers `amount` stablecoins 1:1 to the sender. However, ZCB tokens are minted as depositAmount + interestAmount during mint/initialize. If the pool's actual withdrawal doesn't yield enough stablecoins to cover all ZCB redemptions at 1:1, later redeemers will face insufficient balance. The contract doesn't verify it has enough stablecoin balance before transferring, meaning the last redeemers could be unable to redeem if total ZCB supply exceeds the actual stablecoins held by the contract after withdrawal."
199,b155c4de6012,Medium,ERC20,Missing Return Check,"In DelegateToken.create() for ERC20 type, TransferHelpers.checkAndPullByType pulls tokens via safeTransferFrom with delegateInfo.amount. The actual received amount may be less than delegateInfo.amount for fee-on-transfer tokens. However, StorageHelpers.writeUnderlyingAmount records the full delegateInfo.amount, and the registry delegation is also incremented by the full amount. On withdraw(), the contract attempts to transfer the full recorded amount, which will fail if the contract's actual balance is insufficient, or it will transfer other users' tokens, leading to insolvency."
200,bb3018c8812c,Medium,Logic error,Bad Condition,"The MagicSpend.withdraw() function checks `block.timestamp > withdrawRequest.expiry` for expiry validation, but validatePaymasterUserOp() does not perform this check directly - it only encodes the expiry into `validationData` for the EntryPoint to check. However, the expiry is encoded as `uint48` shifted left by 160 bits into validationData, which maps to `validUntil`. If the signer sets expiry to 0, the EntryPoint interprets validUntil=0 as no expiry limit, effectively making the withdraw request valid indefinitely through the paymaster flow, contrary to what might be expected."
201,e7921851ec01,Medium,Reentrancy,Violating CEI / Missing nonReentrant,"In D3MMLiquidationRouter.D3Callee(), the function makes an arbitrary external call via `router.call(routeData)` with user-supplied router address and calldata, without any reentrancy protection. While the function approves fromToken to _DODO_APPROVE_ with max allowance, a malicious router could re-enter the liquidation router or other protocol contracts. The forceApprove to _DODO_APPROVE_ with type(uint256).max is also permanent and could be exploited if the router address is attacker-controlled, allowing the attacker to drain any approved tokens held by the liquidation router."
202,97843b77b287,Medium,Arithmetic,Unsafe Downcast,"In PoolBase.activateCooldown(), cancelCooldown(), unstakeWindowExpiry(), and unstake(), block.number is cast to uint40 for comparison with stored uint40 values. The uint40 max value is ~1.1 trillion, and while block numbers won't reach this soon on Ethereum mainnet, the unsafe downcast `uint40(block.number)` in multiple places has no overflow check. Similarly, in LibSherX._accrueSherXWatsons() and _accrueSherX(), `uint40(block.number)` is stored without validation. This pattern is fragile and could cause incorrect cooldown/window calculations on chains with faster block times."
203,ee25ec7abd40,Medium,Access Control,Centralization Risk,"The OVM_GasPriceOracle contract gives the single owner complete control over all critical fee parameters including gasPrice, l1BaseFee, overhead, scalar, and decimals without any bounds checking or timelocks. A compromised or malicious owner could set `decimals` to 0 and `scalar` to an extremely large value, causing getL1Fee() to return astronomically high fees, effectively performing a denial of service on all L2 transactions. Conversely, setting scalar to 0 would make L1 fees zero, potentially draining sequencer economics. No upper/lower bounds are enforced on any parameter."
204,9befb133ee74,Medium,Access Control,Bypass Mechanism,"The Controller.eoaOnly() function uses tx.origin to check if the caller is an EOA: require(sender == tx.origin, 'EOA only'). However, when preventSmartContracts is true, the check also allows any address where safeAddresses[tx.origin] is true. This means if an EOA is added to safeAddresses, ANY smart contract called by that EOA can bypass the check, not just specific whitelisted contracts. Additionally, tx.origin-based checks are generally unreliable as they can be bypassed through intermediary contracts when the original sender is an EOA that happens to be in safeAddresses."
205,a8884f87db1a,Medium,Arithmetic,Precision Loss,"In the `slash()` function of IdentityStaking.sol, the slashed amount is calculated as `(percent * stake.amount) / 100`. Since `percent` and `amount` are both `uint88`, and integer division truncates, small stake amounts combined with low slash percentages can result in `slashedAmount` being rounded down to 0. For example, a stake of 99 wei with a 1% slash yields `(1 * 99) / 100 = 0`. This means the slash has no effect on small stakers, allowing users to split their stakes into many tiny amounts across multiple community stakes to effectively avoid being slashed meaningfully."
206,7bbe3d81960c,Medium,call / delegatecall,Missing Return Check,"In caller.sol, the queryProp() function executes a low-level call to x.targets[0] with calldata and value derived from the proposal store, but the return value `success` is never checked. If the call fails (e.g., target reverts, insufficient balance for value transfer), the transaction silently succeeds without any indication of failure. This means proposals that were intended to execute on-chain governance actions could silently fail, and the caller/governor would have no way of knowing the action was not performed, potentially leaving the system in an inconsistent state."
207,485f7b9ccb0a,Medium,Input Validation,Invalid Validation,"In ThrusterPair.permit(), the ecrecover function can return address(0) for invalid signatures. While the code checks `recoveredAddress != address(0)`, the function doesn't validate that v is either 27 or 28. In Solidity 0.5.16, ecrecover with malformed v values could return unexpected addresses on certain EVM implementations. Additionally, there's no check that s is in the lower half of the secp256k1 curve order (s <= 0x7FFFFFFFFFFFFFFFFFFFFFFFFFFFFFFF5D576E7357A4501DDFE92F46681B20A0), making signatures malleable and potentially allowing replay via signature manipulation."
208,03196f805abb,Medium,Access Control,Arbitrary Add/Remove/Set/Call,"In MISOFarmFactory, MISOTokenFactory, MISOLauncher, and MISOMarket, the initMISO* functions lack any access control - anyone can call them first and set the accessControls address to a malicious contract they control. Since these factory contracts are likely deployed as proxies or standalone contracts and initialized in a separate transaction, an attacker can front-run the initialization call, setting accessControls to their own contract where they have admin/operator roles, gaining full control over all factory operations including template management and fee settings."
209,198fa93fabdd,Medium,Accounting Error,State Update Inconsistency,"In NibblVault.redeem(), the redeemable amount is calculated as `((address(this).balance - feeAccruedCurator - totalUnsettledBids) * _balance) / totalSupply()`. However, address(this).balance can be manipulated by anyone sending ETH directly to the contract via selfdestruct or the receive() function. This means the redemption amount per token is not solely determined by the bonding curve mechanics but can be inflated or deflated by direct ETH transfers, breaking the expected accounting invariant that the contract balance should only reflect trading activity and deposits."
210,51c6dc5fd57f,Medium,Governance,Centralization Risk,"The MinterGateway reads critical protocol parameters (mintRatio, mintDelay, mintTTL, penaltyRate, updateCollateralInterval, minterFreezeTime, and rate models) directly from the TTG Registrar on every call without caching or time-locks. TTG governance can instantly change these values, potentially causing immediate undercollateralization penalties on existing minters, invalidating pending mint proposals by changing mintDelay/mintTTL, or setting penaltyRate to maximum to extract value from minters. This gives TTG governance excessive real-time power over minter positions."
211,7bbe3d81960c,Medium,Governance,Invalid Validation,"In ProposalStore (Port.sol), the AddProposal() function does not validate that the array parameters (targets, values, signatures, calldatas) have matching lengths. A mismatched array length would store an inconsistent proposal. When caller.queryProp() later retrieves and executes such a proposal, it accesses x.signatures[0], x.calldatas[0], x.targets[0], and x.values[0] without checking that all arrays have at least one element. This can cause out-of-bounds access reverts or executing calls with mismatched parameters, leading to unexpected behavior or denial of service."
212,9470d2cf198f,Medium,DoS,Out of Gas,"The withdraw() function in Launch.sol iterates over all launch groups via `_launchGroups.values()` to verify each has COMPLETED status before allowing any withdrawal. Since _launchGroups is an EnumerableSet that grows unboundedly as managers create launch groups, a sufficiently large number of launch groups could cause the loop to exceed block gas limits, permanently preventing fund withdrawal. The `bytes32[] memory launchGroupIds = _launchGroups.values()` call copies the entire set to memory, and then the for-loop checks each element's status, compounding the gas cost."
213,51c6dc5fd57f,Medium,Accounting Error,Incorrect Parameter,"In MToken.sol, when converting between earning and non-earning balances in `_startEarning()`, `_transfer()`, `_mint()`, and `_burn()`, the protocol consistently rounds principal amounts in its favor (down on mint/add, up on burn/subtract). While each individual rounding is small, repeated transfers between earning and non-earning accounts compound these rounding losses. Each transfer from earner-to-non-earner or non-earner-to-earner loses dust due to principal rounding, effectively shrinking user balances over many operations while the protocol captures the difference."
214,1d8f1f43cde9,Medium,ERC20,Fee On Transfer Token,"NonCustodialPSM.mint() uses underlyingToken.safeTransferFrom(msg.sender, address(pcvDeposit), amountIn) and calculates amountVoltOut based on the full amountIn. If underlyingToken is a fee-on-transfer token, the actual amount received by pcvDeposit will be less than amountIn, but the PSM will mint VOLT based on the pre-fee amount. This creates an accounting mismatch where users receive more VOLT than the underlying value deposited. Over time, this drains PCV reserves during redemptions, as the protocol has minted excess VOLT relative to its actual underlying holdings."
215,e0d2d83ea351,Medium,Governance,Missing Time Constraint,"In Vault.changeFees(), any address can call this function to change fees after the quit period has passed. There is no upper time bound or expiration on proposed fees, meaning a fee proposal made months ago can still be executed. Additionally, changeFees() does not include the takeFees modifier, so accrued fees under the old fee structure are not collected before the fee change takes effect. Combined with the lack of caller restriction, this could allow fees to be changed at an inopportune time, surprising vault depositors who may have forgotten about an old proposal."
216,8f18f7d5c396,Medium,ERC20,No Recovery Mechanism,"In Slingshot.executeTrades(), when a user sells ERC20 tokens for another ERC20, any leftover input tokens remaining in the Executioner after swaps are not refunded to the user. The function only calculates and sends the output token balance difference. If a module swap does not consume the entire input amount (e.g., due to partial fills or rounding), the remaining input tokens are stranded in the Executioner contract. Only the admin can rescue these tokens via rescueTokensFromExecutioner(), meaning users lose their excess input tokens with no automatic recovery path."
217,a3e15237ea08,Medium,Arithmetic,Precision Loss,"In THORChain_Router.transferOut() and _transferOutV5(), when transferring ERC20 tokens, the raw 'amount' parameter is used for both the allowance deduction and the actual transfer call. For tokens with transfer fees (like USDT with basisPointsRate > 0), the recipient receives less than 'amount' but the vault allowance is reduced by the full 'amount'. Over time this creates a growing discrepancy between the router's actual token balance and the sum of all vault allowances, effectively causing precision loss in accounting that can prevent later legitimate withdrawals."
218,1167ec3a176e,Medium,MEV,Front Run,"AMM swaps in _ammSwap() have no protection against sandwich attacks. The swap uses CPMM math with _effectiveAMMLiquidity and the current sqrtSpotPriceX96, but there's no oracle deviation check for AMM swaps (only for HOT swaps and deposits). An attacker can manipulate the AMM spot price via a large AMM swap, then backrun with an opposite swap after a victim's transaction. Since getSwapFeeInBips for AMM swaps uses a time-based dynamic fee starting from feeMin, if lastProcessedSignatureTimestamp is recent, the fee could be minimal, making sandwich attacks profitable."
219,103f39b0f29b,Medium,Upgradeable,Missing Initialization,"The implementation contracts (DutchOrderReactor, ExclusiveDutchOrderReactor, GladiusReactor, LimitOrderReactor) deployed in the deploy scripts are left uninitialized. An attacker can call initialize() directly on the implementation contract (not the proxy), becoming the owner of the implementation. While TransparentUpgradeableProxy pattern typically mitigates direct impact, if any contract uses delegatecall patterns or if the implementation is referenced directly elsewhere, the attacker as implementation owner could cause unexpected behavior or grief the protocol."
220,dd17040a53bc,Medium,Input Validation,Invalid Validation,"In PolygonERC20Wrapper.withdrawTo(), a user can specify any arbitrary recipient address. The function transfers underlying tokens from msg.sender to the contract, then mints wrapper tokens to the recipient and immediately burns them. This burns tokens from the recipient's balance, but the recipient never consented to this operation. If the recipient already holds wrapper tokens, the burn could reduce their legitimate balance. More critically, the mint+burn pattern is used to emit burn events for the bridge, but the recipient parameter allows targeting any address."
221,804fe35b0164,Medium,Input Validation,Invalid Validation,"In Exchange._validateSignatures(), when the order trader equals msg.sender, signature validation is completely skipped with an early return true. This means any order parameters including fees are accepted without cryptographic verification. A malicious msg.sender who is the buy.order.trader can submit a buy order with arbitrary fee recipients, potentially redirecting funds. Additionally, since the order fields (collection, tokenId, price) are only validated by the matching policy, a self-authenticating trader can manipulate order fields if the policy is lenient."
222,c20104cb90d7,Medium,DoS,Refund Failed,"In ForgottenRunesWarriorsMinter.withdraw() and withdrawAll(), the functions use the low-level `send()` which forwards only 2300 gas. If the vault address is a contract (e.g., a multisig like Gnosis Safe), 2300 gas may be insufficient for the receive/fallback function, causing send() to return false. The require then reverts the entire withdrawal. Unlike _safeTransferETHWithFallback() used for refunds, there is no WETH fallback mechanism for vault withdrawals, meaning funds could become stuck in the contract if the vault is a contract requiring more than 2300 gas."
223,98b7c1691811,Medium,Logic error,Bad Condition,"The `merge()` function lacks the `noReenter` modifier, unlike `lock`, `unlock`, `relock`, etc. It calls `_safeMint()` which triggers `onERC721Received` on the destination if it's a contract. This callback can re-enter `merge()` or other unprotected functions before the first `merge()` completes. While the individual NFTs are burned before `_safeMint`, the reentrancy could potentially be used to call other functions that interact with state during the callback, such as reading stale `totalSupply()` values that affect token ID generation via `_generateNewTokenId`."
224,d562802cb53a,Medium,Access Control,Arbitrary Add/Remove/Set/Call,"StateTransitionManager.registerAlreadyDeployedStateTransition() allows the owner to map any chainId to any arbitrary contract address without validation. There are no checks that the provided _stateTransitionContract is a valid DiamondProxy or implements the expected interface. A malicious or compromised owner could register a malicious contract, and since ValidatorTimelock._propagateToZkSyncStateTransition() uses stateTransitionManager.stateTransition(_chainId) to determine the target, this could redirect validator operations to an attacker-controlled contract."
225,54405135ebf3,Medium,Input Validation,Invalid Validation,"In Market.sol, the buy(), sell(), mintNFT(), and burnNFT() functions do not validate that _amount > 0. Calling buy(id, 0) or sell(id, 0) would execute fee splitting with a price and fee of 0, wastefully updating state variables and emitting events without meaningful effect. More importantly, sell(id, 0) would still trigger _getRewardsSinceLastClaim and transfer accrued rewards, allowing a user to claim holder fees without actually selling any tokens, effectively functioning as a claimHolderFee call but bypassing any intended access control or logic differences."
226,7bbe3d81960c,Medium,DoS,No Recovery Mechanism,"In Turnstile.withdraw(), fees are sent to `_recipient` via Address.sendValue(), which uses a low-level call with a fixed gas stipend. If _recipient is a contract that reverts on receive (e.g., a contract without a receive/fallback function, or one that deliberately reverts), the NFT owner cannot withdraw their accumulated fees. There is no alternative withdrawal pattern (e.g., pull-based) or mechanism to change the recipient, causing a permanent denial of service on fee withdrawal for that tokenId. The funds remain locked in the Turnstile contract indefinitely."
227,af8e4af75dc2,Medium,Logic error,Bad Condition,"In DBR.sol, the transfer() function checks `require(balanceOf(msg.sender) >= amount)` where balanceOf() accounts for accrued DBR debt, but then subtracts from `balances[msg.sender]` directly without calling accrueDueTokens() first. This means the raw balance (balances[msg.sender]) could be less than the amount being subtracted if dueTokensAccrued hasn't been updated, causing an underflow revert even though balanceOf() showed sufficient balance. Similarly, transferFrom() has the same issue, checking the virtual balanceOf() but modifying the raw balances mapping."
228,e6e43dfea59f,Medium,ERC20,Fee On Transfer Token,"In Funding.deposit(), the contract uses _assetAmountIn directly to update funding.assetCumulativeFunded without checking the actual amount received after transfer. The asset.safeTransferFrom() sends tokens to saleRecipient, and _assetAmountIn is used for accounting. If the asset token has a fee-on-transfer mechanism, saleRecipient receives less than _assetAmountIn, but the cumulative funded counter tracks the full pre-fee amount. This causes a mismatch between actual funds received and recorded funding, allowing the assetCap to be reached earlier than intended."
229,198fa93fabdd,Medium,MEV,Front Run,"The initiateBuyout() function in NibblVault.sol is vulnerable to front-running. When a bidder submits a transaction to initiate a buyout, a MEV bot or adversary can observe the pending transaction and front-run it by buying tokens on the bonding curve to increase the valuation. This forces the bidder to either overpay (since _buyoutBid must be >= _currentValuation) or have their transaction revert. The attacker can then sell their tokens after the buyout is initiated, profiting from the price increase while the bidder is locked into a higher valuation deposit."
230,a3e15237ea08,Medium,Slippage,Invalid Slippage Control / Missing slippage check,"In THORChain_Router._transferOutAndCallV5(), when the aggregator swap call fails for ETH transfers, the fallback sends the full msg.value to aggregationPayload.target via send(), and if that also fails, bounces back to msg.sender. There is no slippage protection on this fallback path - the recipient receives raw ETH instead of the intended swapped token, potentially at a drastically unfavorable rate. Similarly, in transferOutAndCall(), failed swaps send raw ETH to 'to' with zero slippage checks, meaning users can receive significantly less value than expected."
231,e7921851ec01,Medium,Chainlink,Stale Value,"In D3Oracle.getPriceFromFeed(), the staleness check uses `block.timestamp - updatedAt < heartBeat`, but the heartBeat value is configured per token by the owner. If the heartBeat is set too generously (e.g., days), stale prices could be used for extended periods. Additionally, when sequencerFeed is address(0) for non-L2 networks, there is no sequencer uptime validation, and the only staleness protection is the configurable heartBeat parameter. A misconfigured heartBeat could allow outdated oracle prices to be used in critical swap and liquidation calculations."
232,d9b35c0c87a4,Medium,Logic error,No Recovery Mechanism,"In Auction.sol, if a lot receives no bids and the auction ends, extractNonBidSD() sends the SD tokens to the Stader treasury. However, the function can only be called when highestBidAmount is 0, meaning the SD tokens from the original sender (who called createLot) are permanently redirected to the treasury with no mechanism for the original depositor to reclaim them. The createLot function is permissionless and doesn't verify the caller is an authorized contract, so any entity that creates a lot with SD tokens loses them to the treasury if no bids are placed."
233,9befb133ee74,Medium,Accounting Error,State Update Inconsistency,"In LifeGuard3Pool.depositStable(), when rebalance is false, the function calculates balance as coin.balanceOf(address(this)).sub(assets[i]) to exclude reserved assets. However, if someone directly transfers tokens to the LifeGuard contract, these extra tokens inflate the balance used for Curve deposits without being properly accounted for. This can skew the internal accounting between what the lifeguard tracks via the assets mapping and actual balances, leading to incorrect USD valuations for withdrawals and deposits that rely on assets[i] for calculations."
234,a3e15237ea08,Medium,Accounting Error,State Update Inconsistency,"In THORChain_Router._deposit(), when depositing ERC20 tokens, safeTransferFrom() measures the actual received amount (accounting for fee-on-transfer tokens) and stores it as safeAmount. However, in transferOut() and _transferOutV5(), the vault allowance is decremented by the raw 'amount' parameter, not the actual tokens transferred. For fee-on-transfer tokens, the _vaultAllowance was credited with the net amount but debited by the gross amount, leading to underflow reverts or allowance accounting mismatches that could lock funds or cause DoS on withdrawals."
235,0315ba9d8121,Medium,Access Control,Centralization Risk,"The AddressProvider contract allows the owner to change critical protocol addresses (ACLManager, PriceOracle, PoolManager, YieldRegistry, Treasury) at any time without a timelock or multi-sig requirement. A compromised owner key could set a malicious ACLManager to grant arbitrary roles, redirect a PriceOracle to return manipulated prices enabling unfair liquidations, or change the Treasury to steal protocol fees. The Ownable2Step pattern provides some protection but no timelock delay exists for these sensitive changes, creating a single point of failure."
236,03196f805abb,Medium,Governance,Bypass Mechanism,"In SushiToken._beforeTokenTransfer(), the delegate movement logic is incorrect: it calls _moveDelegates(from, _delegates[to], amount) instead of the correct _moveDelegates(_delegates[from], _delegates[to], amount). This means when tokens are transferred, votes are subtracted from the sender's address directly (not their delegate) and added to the recipient's delegate. An attacker can exploit this by transferring tokens to manipulate vote counts incorrectly, bypassing proper governance delegation tracking and potentially gaining unauthorized voting power."
237,4ef0b4d678ab,Medium,Input Validation,Bad Condition,"In Pair.buy(), when baseToken is ETH, the function requires msg.value == maxInputAmount. The actual inputAmount may be less than maxInputAmount, and the surplus is refunded. However, if the refund ETH transfer fails (e.g., msg.sender is a contract without a receive function), the transaction reverts and the buy cannot execute. Additionally, in sell() and remove(), there's no msg.value check for ETH pairs, meaning users could accidentally send ETH with sell() calls on ETH-based pairs, which would be locked in the contract and inflate _baseTokenReserves()."
238,54405135ebf3,Medium,Arithmetic,Precision Loss,"In Market.sol's _splitFees function, shareHolderRewardsPerTokenScaled accumulates (shareHolderFee * 1e18) / _tokenCount. When _tokenCount is large relative to shareHolderFee, significant precision loss occurs due to integer division truncation. Over many transactions, these rounding losses compound, meaning the contract accumulates NOTE tokens that can never be claimed by holders. Additionally in _getRewardsSinceLastClaim, the multiplication then division pattern loses further precision, systematically shortchanging holders of their rightful fee rewards."
239,b2a8c124d062,Medium,Accounting Error,Incorrect Parameter,"In MarketPlace.sol redeemZcToken(), after calling matureMarket() when market.maturityRate was 0, the function reads market.maturityRate from the local memory copy (which is still 0) rather than re-reading from storage. The condition `if (market.maturityRate == 0)` at the end will therefore always be true for freshly matured markets, returning just `a` instead of the amount including post-maturity interest via calculateReturn(). This causes users who redeem immediately after maturity to lose any interest accrued between maturity time and redemption time."
240,ee25ec7abd40,Medium,Input Validation,Invalid Validation,"In the Migrations contract (Solidity <0.6.0), the `restricted` modifier uses `if (msg.sender == owner) _` instead of `require(msg.sender == owner)`. This means that when a non-owner calls setCompleted() or upgrade(), the function doesn't revert but silently succeeds without executing the function body. This is a misleading access control pattern where unauthorized calls appear successful (consuming gas and emitting a successful transaction) but have no effect. This could lead to integration issues where callers believe state was updated when it was not."
241,8f18f7d5c396,Medium,DoS,payable / receive(),"In Executioner.sendFunds(), when token is nativeToken, it first calls wrappedNativeToken.withdraw(amount) to unwrap WETH to ETH, then sends ETH via `to.call{value: amount}`. If the recipient (`to`, which is msg.sender from Slingshot) is a contract that does not implement a receive() or fallback function, or if the fallback reverts (e.g., gas-limited contract wallet), the entire trade transaction will revert. Using low-level call with value is safer than transfer(), but the recipient's inability to receive ETH still causes a permanent DoS for that user."
242,a3e15237ea08,Medium,Logic error,Bad Condition,"In THORChain_Router._transferOutAndCallV5(), when the ERC20 aggregator swap fails (_dexAggSuccess is false), the function does not attempt any fallback recovery. Unlike the ETH path which falls back to sending ETH directly to the recipient, the ERC20 path simply emits the event and continues. The tokens have already been transferred to the aggregator target, so if the swap fails, the tokens remain stuck in the aggregator contract with no mechanism to recover them. This asymmetry between ETH and ERC20 handling means ERC20 funds can be permanently lost."
243,51c6dc5fd57f,Medium,DoS,Implementation Error,"In MToken.sol, the `_rate()` function uses a low-level `staticcall` to the rate model and returns 0 on failure. If the TTG registrar returns a malicious or broken rate model address, all earning-related operations (transfers, mints, burns involving earners) will silently use a 0% rate. The `updateIndex()` call succeeds without reverting, and the index stops growing, effectively freezing all earner yields without any visible error. Users have no indication their earning has stopped, and the protocol continues operating with incorrect interest accrual."
244,e0d2d83ea351,Medium,ERC20,Missing Return Check,"In MultiRewardStaking.claimRewards(), when escrowInfo.escrowPercentage is 0, the function calls `_rewardTokens[i].transfer(user, rewardAmount)` instead of `_rewardTokens[i].safeTransfer(user, rewardAmount)`. Some ERC20 tokens (like USDT) do not return a boolean on transfer, causing the call to revert. Other tokens may return false on failure without reverting. Using a raw `transfer` instead of `safeTransfer` means failed transfers could go unnoticed, and the user's accruedRewards would still be set to 0, resulting in permanent loss of reward tokens."
245,485f7b9ccb0a,Medium,Logic error,No Recovery Mechanism,"ThrusterGas, ThrusterGasRouter, and ThrusterYield contracts all have a setManager() function protected by onlyManager. If the manager address is set to an invalid address (e.g., a contract that cannot call setManager, or an EOA whose private key is lost), the manager role becomes permanently locked. There is no timelock, multisig requirement, or fallback recovery mechanism. This affects critical functions including claimGas() and claimYieldAll() on all pair contracts and the factory/router, permanently locking all accumulated gas refunds and yield."
246,e169bbefc6e2,Medium,ERC20,Missing Return Check,"In JPEGStaking.stake(), the contract calls jpeg.transferFrom(msg.sender, address(this), _amount) without using SafeERC20's safeTransferFrom. While the JPEG token itself likely returns true, if the jpeg token address were ever changed or if a non-standard ERC20 token were used, the transfer could silently fail (returning false instead of reverting), allowing a user to mint sJPEG tokens without actually depositing JPEG. Similarly, jpeg.transfer(msg.sender, _amount) in unstake() could fail silently, burning sJPEG without sending JPEG back to the user."
247,099243e83259,Medium,Arithmetic,Precision Loss,"In Syndicate.updateAccruedETHPerShares(), the collateralized ETH calculation performs integer division: `(totalEthPerSlotType - lastSeenETHPerCollateralizedSlotPerKnot) / numberOfRegisteredKnots`. This division truncates the remainder, and the truncated amount is permanently lost since lastSeenETHPerCollateralizedSlotPerKnot is then set to totalEthPerSlotType. Over multiple updates with small ETH amounts, the cumulative precision loss can become significant, leaving ETH stuck in the contract that can never be claimed by collateralized SLOT owners."
248,0315ba9d8121,Medium,ERC20,Missing Return Check,"In VaultLogic.erc20TransferOutLiquidity() and erc20TransferInLiquidity() (referenced throughout BorrowLogic and other modules), the code transfers ERC20 tokens. If these functions use raw `IERC20.transfer()` or `IERC20.transferFrom()` without SafeERC20 wrappers, tokens like USDT that don't return a boolean will cause the transaction to revert, or tokens that return false on failure will silently fail. This can result in failed token transfers being incorrectly treated as successful, leading to accounting discrepancies and potential loss of funds."
249,2c5e13b4e147,Medium,Replay Attack,Invalid Validation,"In Gravity's verifySig() function, ecrecover returns address(0) when given invalid signature parameters instead of reverting. If a validator address is set to address(0) (e.g., due to an error in the Cosmos module), the verifySig function would return true for any invalid signature, since ecrecover would return address(0) matching the validator address. This could allow an attacker to forge validator signatures and accumulate voting power from zero-address validators. The function should explicitly check that ecrecover does not return address(0)."
250,dd17040a53bc,Medium,Access Control,Bypass Mechanism,"In RebalanceManagerV3.rebalance(), the function passes 0 as minReturn for each individual _swapUniswapV2() call, relying only on trade.minimumReturn for the aggregate output check. A compromised or malicious exchange contract registered in the exchanges mapping could return manipulated amounts during individual swap steps. Additionally, the exchange validation only checks if exchanges[swap.exchange] is true, but doesn't verify the actual router interface, allowing a registered address to execute arbitrary logic with the basket's approved tokens."
251,9befb133ee74,Medium,Input Validation,Missing Upper/Lower Bound Check,"In Controller.setWithdrawalFee(), there is no upper bound check on the newFee parameter. An owner (or compromised owner key) could set the withdrawal fee to 100% (PERCENTAGE_DECIMAL_FACTOR) or higher, effectively stealing all user funds on withdrawal. Similarly, setUtilisationRatioLimitPwrd() and setUtilisationRatioLimitGvt() have no bounds validation - setting utilisationRatioLimitPwrd to 0 would prevent all PWRD deposits, while setting utilisationRatioLimitGvt to an extremely high value would prevent all GVT withdrawals, locking user funds."
252,1d8f1f43cde9,Medium,Logic error,Bypass Mechanism,"The NonCustodialPSM constructor hardcodes doInvert to true in the OracleRef constructor and passes false for doPartialAction in RateLimited. However, the _validatePriceRange() function in NonCustodialPSM is a no-op (empty virtual function). Without a concrete price bound implementation, there is no protection against oracle manipulation or extreme price deviations. An attacker could exploit a manipulated or stale oracle price to mint VOLT at an artificially favorable rate or redeem at inflated values, since no price bounds check is enforced."
253,485f7b9ccb0a,Medium,Access Control,Missing Functionality,"In NonfungiblePositionManager.increaseLiquidity(), there is no isAuthorizedForToken modifier, unlike decreaseLiquidity() and collect() which both require `isAuthorizedForToken(params.tokenId)`. This means any user can call increaseLiquidity() on any existing NFT position, adding liquidity to another user's position. While the caller pays for the tokens, the fee growth tracking is updated for the position, potentially disrupting the position owner's expected fee accounting and creating unwanted liquidity positions that the owner must manage."
254,97843b77b287,Medium,ERC20,Fee On Transfer Token,"In PoolBase.depositProtocolBalance() and PoolOpen._stake(), tokens are transferred via safeTransferFrom with a specified `_amount`, and the same `_amount` is added to internal accounting (protocolBalance or stakeBalance). If the token charges a fee on transfer, fewer tokens than `_amount` actually arrive at the contract, but the full `_amount` is recorded. This creates an accounting mismatch where the internal balance exceeds the actual token balance, potentially causing later withdrawals or payouts to fail due to insufficient real tokens."
255,9ddd6b83c27e,Medium,Logic error,Bad Condition,"In DnGmxJuniorVaultManager._rebalanceBorrow(), when constructing the flashloan arrays for case-2 (one token amount is 0 and other is non-zero), the logic is inverted. When btcAssetAmount == 0, the code sets assets[0] and amounts[0] based on btc parameters (which are zero), instead of using the eth parameters. Similarly, when ethAssetAmount == 0, it uses eth parameters. This means the flashloan is executed with a zero amount, while the non-zero token's flashloan is skipped entirely, causing rebalancing to silently fail for that token hedge."
256,b2a8c124d062,Medium,Access Control,Centralization Risk,"The MarketPlace contract grants the admin extensive unilateral control: creating markets via createMarket(), pausing/unpausing all protocol markets via pause(), changing admin via setAdmin(), and setting the swivel address. There is no timelock, multisig requirement, or governance mechanism. A compromised admin key could pause all markets indefinitely (preventing redemptions), create malicious markets, or transfer admin to an attacker address. The pause function can block all user operations including redeemZcToken and redeemVaultInterest."
257,8f18f7d5c396,Medium,Input Validation,Invalid Validation,"In Slingshot.executeTrades(), there is no validation that `fromToken` and `toToken` are different addresses. A user could set fromToken == toToken, and if finalAmountMin is set to the same as fromAmount, the trade would pass the final balance check trivially without any actual swap occurring. More critically, if fromToken == toToken == nativeToken, the msg.value gets wrapped and sent to Executioner, but the initial balance check uses ETH balance while final check uses WETH balance, creating inconsistent accounting that could be exploited."
258,73f6a793d916,Medium,Arithmetic,Precision Loss,"In VestingEscrow._totalVestedAt(), the vesting calculation uses integer division: totalLocked * (time - startTime) / (endTime - startTime). For small totalLocked values or short time differences, precision loss from integer division can cause the recipient to receive slightly fewer tokens than expected over multiple partial claims. The rounding always truncates towards zero, meaning the last few wei of tokens may only become claimable at or after endTime. While Math.min caps at totalLocked, intermediate claims accumulate rounding errors."
259,73f6a793d916,Medium,Access Control,Missing Upper/Lower Bound Check,"In VestingEscrowFactory.changeManager(), the _manager parameter is not validated against address(0). The owner can set the manager to the zero address, which effectively disables manager-level operations like revokeUnvested(). While intentional removal is possible, there's no explicit check or separate function for this. Similarly, updateVotingAdaptor() accepts address(0), which would disable voting/delegation functionality for all existing and future VestingEscrow contracts, breaking the recipient's ability to participate in governance."
260,9cc1dc4ae06a,Medium,DoS,Bad Condition,"In AuraLocker._checkpointEpoch(), if no one interacts with the contract for a very long period, the while loop `while (epochs[epochs.length - 1].date != currentEpoch)` must push a new Epoch struct for every missed week. If months or years pass without interaction, this loop could require hundreds of iterations, each writing a new storage slot, potentially exceeding the block gas limit. This would permanently brick the contract since lock(), getReward(), and processExpiredLocks() all call _checkpointEpoch() via the updateReward modifier."
261,d9b35c0c87a4,Medium,DoS,Out of Gas,"In PermissionedPool.stakeUserETHToBeaconChain(), the outer loop iterating over selectedOperatorCapacity uses `continue` when `validatorToDeposit == 0`, but the `unchecked { ++i; }` increment is placed after the continue statement. This means whenever an operator has zero capacity (which is common since the array is initialized to zeros for all operator IDs), the loop gets stuck at that index indefinitely, causing an out-of-gas revert. This completely prevents the permissioned pool from depositing ETH for validators on the beacon chain."
262,e169bbefc6e2,Medium,Input Validation,Invalid Validation,"In LPFarming.add(), there is no check to prevent the same LP token from being added to multiple pools. If the same IERC20 lpToken is added twice, the contract's pool.lpToken.balanceOf(address(this)) in _updatePool() would count deposits from both pools combined, incorrectly inflating accRewardPerShare calculations for each individual pool. Users depositing in one pool would have their rewards calculated based on the combined LP balance of both pools, leading to incorrect reward distribution and potential insolvency of the reward pool."
263,af8e4af75dc2,Medium,Arithmetic,Precision Loss,"In Market.sol, getWithdrawalLimitInternal() and getWithdrawalLimit() compute minimumCollateral as `debt * 1 ether / oracle.getPrice(...) * 10000 / collateralFactorBps`. Division before multiplication causes precision loss: `debt * 1 ether / price` truncates first, then the result is multiplied by `10000 / collateralFactorBps`. This can result in minimumCollateral being slightly lower than it should be, allowing users to withdraw marginally more collateral than intended, potentially leaving their position slightly undercollateralized."
264,d562802cb53a,Medium,Input Validation,Invalid Validation,"In StateTransitionManager.createNewChain(), the diamondCut.initCalldata is overwritten by concatenating initialization parameters with the original initCalldata: `initData = bytes.concat(..., diamondCut.initCalldata)`. However, the cutHashInput validation `require(cutHashInput == initialCutHash)` is performed on the original _diamondCut before modification. This means the actual DiamondCutData used to deploy the proxy differs from what was validated against initialCutHash, as initCalldata has been replaced with the extended initData."
265,1d8f1f43cde9,Medium,DoS,Bad Condition,"In NonCustodialPSM.redeem(), the function calls pcvDeposit.withdraw(to, amountOut) to pull funds from the PCV deposit. If the PCV deposit has insufficient liquid balance (e.g., funds are deployed in yield strategies), the withdrawal will revert, blocking all redemptions. Since the PSM is non-custodial and holds no underlying tokens itself, redemptions entirely depend on the PCV deposit's available balance. Multiple simultaneous redemptions could exhaust the PCV deposit's balance, causing a denial of service for subsequent redeemers."
266,7100a75d6ebd,Medium,ERC20,Missing Return Check,"In JBERC20PaymentTerminal._transferFrom(), the calls to IERC20(token).transfer() and IERC20(token).transferFrom() do not check the boolean return value. Similarly, in JBETHERC20ProjectPayer._pay() and _addToBalanceOf(), IERC20(_token).approve() return values are unchecked. Some ERC20 tokens (e.g., USDT) return false on failure instead of reverting. Without checking return values, failed transfers or approvals will silently pass, potentially resulting in tokens not being sent while the protocol's state reflects a completed transfer."
267,d562802cb53a,Medium,Arithmetic,Unsafe Downcast,"In ValidatorTimelock.commitBatches() and commitBatchesSharedBridge(), block.timestamp is cast to uint32 via `uint32 timestamp = uint32(block.timestamp)`. While the comment notes this is safe until 2106, the uint32 overflow occurs at timestamp 4294967295 (Feb 7, 2106). After overflow, the stored timestamp wraps around to a small value, causing executeBatches() delay checks to pass immediately since `block.timestamp >= commitBatchTimestamp + delay` will be trivially true with a wrapped small timestamp, bypassing the security delay."
268,d562802cb53a,Medium,Access Control,Missing Initialization,"StateTransitionManager inherits ReentrancyGuard and uses reentrancyGuardInitializer in the constructor, but the admin state variable is never set during initialize(). The admin role, which can perform non-critical updates via onlyOwnerOrAdmin modifier (setPendingAdmin, setValidatorTimelock, revertBatches), remains address(0) until explicitly set through the setPendingAdmin/acceptAdmin flow. However, setPendingAdmin itself requires onlyOwnerOrAdmin, creating a bootstrapping issue where only the owner can ever initiate admin setup."
269,7bbe3d81960c,Medium,Input Validation,Invalid Validation,"In Turnstile.withdraw(), the `_recipient` parameter (address payable) is never validated against address(0). An NFT owner can accidentally pass address(0) as _recipient, causing Address.sendValue() to send native tokens to the zero address, permanently losing fees. While register() explicitly checks `_recipient == address(0)` and reverts with InvalidRecipient(), withdraw() omits this critical check. This inconsistency means earned fees can be irrecoverably lost through a simple user mistake, with no recovery mechanism available."
270,9ddd6b83c27e,Medium,Oracle,Stale Value,"In DnGmxJuniorVaultManager, the protocol relies on AAVE's oracle via state.oracle.getAssetPrice() for token pricing in _getTokenPrice() and _getTokenPriceInUsdc(). There is no staleness check or validation that the returned price is non-zero or within reasonable bounds. If the AAVE oracle returns a stale or zero price, the vault's rebalancing, borrow calculations, and total assets computation could all be severely impacted, potentially leading to incorrect hedging positions or allowing manipulation of deposit/withdrawal amounts."
271,7100a75d6ebd,Medium,Chainlink,Stale Value,"In JBChainlinkV3PriceFeed.currentPrice(), the int256 _price returned from feed.latestRoundData() is directly cast to uint256 without checking if _price is negative or zero. If the Chainlink feed returns a negative price (possible in certain edge cases or feed misconfigurations), the uint256 cast will silently produce a very large number, leading to grossly inflated price values. This could cause severe accounting errors in distribution limits, overflow allowances, and any payment terminal operations that depend on price feeds."
272,9cc1dc4ae06a,Medium,DoS,Out of Gas,"In ExtraRewardsDistributor._allClaimableRewards(), the function loops through all rewardEpochs[_token] entries from the user's last claim index. Over time, as rewards are added weekly, this array grows unboundedly. A user who hasn't claimed for an extended period (e.g., 2 years = ~104 entries) would face extremely high gas costs iterating through all epochs. While forfeitRewards() exists as a mitigation, it requires users to proactively manage their claim index, and a first-time claimer has no protection against this gas cost."
273,b2a8c124d062,Medium,Arithmetic,Precision Loss,"In ZcToken.sol, convertToUnderlying() and previewRedeem() compute `principalAmount * exchangeRate / maturityRate`, while convertToPrincipal() and previewWithdraw() compute `underlyingAmount * maturityRate / exchangeRate`. These divisions can suffer from significant precision loss due to integer division truncation, especially for small amounts. The lack of any rounding direction control means users may receive fewer tokens than expected. For tokens with high decimal precision or large exchange rates, this truncation compounds."
274,d9b35c0c87a4,Medium,Arithmetic,Unsafe Downcast,"In PermissionedPool.to_little_endian_64(), the deposit amount is cast from uint256 to uint64 via `uint64 value = uint64(_depositAmount / 1 gwei)`. If _depositAmount exceeds the maximum uint64 value in gwei (approximately 18.44 ETH * 1e9), the cast silently truncates the value. While standard deposit amounts (1 ETH, 31 ETH) fit within uint64 range when divided by gwei, any configuration change to deposit sizes or misuse could result in incorrect deposit data roots being computed, potentially locking ETH in the deposit contract."
275,0315ba9d8121,Medium,DoS,Out of Gas,"In ConfigureLogic.executeRemovePoolGroup() and executeSetPoolYieldEnable(), the function iterates over all assets in the pool via `poolData.assetList.values()` to verify no asset uses the group. Since there is no enforced practical limit tighter than MAX_NUMBER_OF_ASSET on how many assets can be added, this unbounded loop can exceed the block gas limit as the pool grows large. This would make it impossible to remove pool groups or disable yield, effectively causing a permanent denial of service for pool configuration changes."
276,9cc1dc4ae06a,Medium,Logic error,State Update Inconsistency,"In AuraLocker.delegate(), the while loop iterating through user locks to move delegation only processes locks with unlockTime > upcomingEpoch. However, locks that expire exactly at upcomingEpoch are skipped. This means the delegation balance may not accurately reflect all active locks when a lock's unlockTime coincides with the upcoming epoch boundary. Additionally, if i reaches 0 and the condition is still true, the loop processes locks[0] but the break condition allows it to exit without properly handling the boundary case."
277,e7921851ec01,Medium,DoS,Front Run,"In D3VaultFunding.userDeposit(), the function requires the user to transfer tokens before calling deposit, and calculates deposit amount as `realBalance - info.balance`. An attacker can front-run the deposit transaction by calling userDeposit() themselves (after the victim's transfer but before the victim's deposit call), claiming the victim's tokens as their own deposit. This is a classic front-running vulnerability in the two-step deposit pattern where token transfer and accounting are separated into different transactions."
278,dd17040a53bc,Medium,Slippage,Missing minOut / maxAmount,"In SingleNativeTokenExitV2._exit(), all swap calls to IPangolinRouter.swapExactTokensForTokens() pass 0 as the minimum output amount (amountOutMin parameter). This means the swaps have no slippage protection and are vulnerable to sandwich attacks. An MEV bot can front-run the exit transaction, manipulate the token prices on the DEX, and extract value from the user. While there is a final minAmount check on the total output, individual swap steps with 0 minOut allow significant value extraction across multiple token swaps."
279,1d8f1f43cde9,Medium,Input Validation,Invalid Validation,"NonCustodialPSM._setPCVDeposit() validates that newPCVDeposit.balanceReportedIn() matches underlyingToken, but when switching PCV deposits via setPCVDeposit(), there is no check whether the old PCV deposit still has remaining funds or open positions. Funds in the old PCV deposit become orphaned and inaccessible through the PSM's redeem() function, as it only calls withdraw on the current pcvDeposit. This could lead to loss of protocol funds if the admin switches PCV deposits without first migrating all underlying assets."
280,d9b35c0c87a4,Medium,Upgradeable,Storage Gap,"Multiple upgradeable contracts (Auction, PermissionedNodeRegistry, PermissionlessNodeRegistry, PermissionedPool, PermissionlessPool, OperatorRewardsCollector, ETHx, Penalty) inherit from OpenZeppelin's upgradeable contracts but do not define a `__gap` storage variable. Without storage gaps, adding new state variables in future upgrades could corrupt the storage layout of child contracts, leading to unpredictable behavior, data corruption, or loss of funds. This is a standard best practice for upgradeable contract design."
281,1167ec3a176e,Medium,Chainlink,Stale Value,"In HOTOracle._getOraclePriceUSD(), the function does not validate that the Chainlink oracle price is positive (> 0). While SafeCast's toUint256() prevents negative prices from being accepted, a zero price from Chainlink would pass validation. A zero oraclePrice1USD would cause a division-by-zero revert in _calculateSqrtOraclePriceX96() via the Math.mulDiv denominator. Furthermore, the function does not check roundId for completeness or handle potential Chainlink multi-round issues, making the oracle integration fragile."
282,d9b35c0c87a4,Medium,Logic error,Bad Condition,"In OperatorRewardsCollector.claim(), when the operator's balance is 0, the function still proceeds to call UtilLib.sendValue() with amount=0. While this doesn't cause a revert, it results in a wasted gas transaction and emits a misleading Claimed event with amount=0. More critically, the function uses msg.sender as the operator but resolves the reward address through UtilLib.getOperatorRewardAddress(msg.sender, staderConfig), which may revert if msg.sender is not a registered operator, providing no clear error message."
283,1167ec3a176e,Medium,DoS,Bad Condition,"In _checkSpotPriceRange(), when _expectedSqrtSpotPriceLowerX96=0 and _expectedSqrtSpotPriceUpperX96=0, the check is bypassed entirely (checkSqrtSpotPriceAbsDiff=false). This means depositLiquidity, withdrawLiquidity, and setPriceBounds can all be called with both bounds set to 0 to skip the spot price manipulation check. While documented as intentional, this allows the liquidityProvider to accidentally or intentionally skip critical safety checks, potentially depositing or withdrawing liquidity at a manipulated price."
284,97843b77b287,Medium,DoS,Out of Gas,"In LibPool.payOffDebtAll(), the function iterates over all protocols registered in a pool's ps.protocols array: `for (uint256 i = 0; i < ps.protocols.length; i++)`. If a large number of protocols are added to a single token pool via Gov.protocolDepositAdd(), this loop can exceed the block gas limit. Since payOffDebtAll is called in critical paths like withdrawProtocolBalance(), unstake(), and multiple Manager functions, an unbounded growth of the protocols array could cause permanent DoS on these essential operations."
285,9cc1dc4ae06a,Medium,Arithmetic,Unsafe Downcast,"In AuraLocker, multiple values are downcast to smaller types via AuraMath's to96(), to112(), to128(), to224(), and to32() functions. While these functions include require checks, the rewardRate stored as uint96 can only hold values up to ~7.9e28. If a very large reward amount is notified (e.g., tokens with low decimals but high supply), `_reward.add(leftover).div(rewardsDuration).to96()` could revert, permanently blocking reward distribution for that token. This creates a potential DoS vector for reward notification."
286,0315ba9d8121,Medium,Logic error,Bad Condition,"In DeployPoolFull._deployAddressProvider(), the treasury validation check uses `require(addressInCfg == address(0), 'Invalid Treasury in config')` instead of `require(treasury != address(0), 'Invalid Treasury in config')`. The variable `addressInCfg` was already checked to be zero earlier (for AddressProvider existence), so this check always passes regardless of whether `treasury` is address(0). This means a zero-address treasury can be set, causing protocol fees to be sent to the burn address and permanently lost."
287,1167ec3a176e,Medium,Access Control,Invalid Validation,"In HOT.setSigner(), there is no zero-address check for _signer. If manager sets signer to address(0), all HOT swap signature validations in _hotSwap() will use address(0) as the signer via SignatureChecker.isValidSignatureNow(). Since no valid ECDSA signature can recover to address(0), all HOT quotes would be permanently rejected, effectively disabling the HOT swap functionality. The only way to recover is if the manager calls setSigner again with a valid address, but this represents a significant operational risk."
288,8f18f7d5c396,Medium,Input Validation,Bypass Mechanism,"The Slingshot.executeTrades() function accepts a `depricated` parameter that is completely ignored (just `depricated;` as a no-op statement). While this parameter itself is not directly exploitable, the function does not validate that msg.value == 0 when fromToken is not nativeToken. A user could accidentally send ETH along with an ERC20-to-ERC20 swap, and the ETH would be permanently locked in the Slingshot contract since there is no refund mechanism for excess ETH. Only the admin can rescue it via rescueTokens()."
289,b2a8c124d062,Medium,ERC20,Missing Return Check,"Throughout the Swivel contract (referenced via IErc20 interface), token transfers use the interface that expects bool returns via transfer() and transferFrom(). However, some ERC20 tokens (like USDT) don't return a boolean value. The IErc20 interface in Swivel/Interfaces.sol declares these functions with bool returns, but doesn't use SafeERC20-style low-level calls to handle non-compliant tokens. If such tokens are used as underlying assets, transfer calls will revert, effectively bricking markets for those tokens."
290,fa1836e0615e,Medium,Logic error,Stale Value,"In UniV3LiquidityAMO.swap(), the deadline is hardcoded to 2105300114 (a fixed timestamp far in the future) instead of using block.timestamp + reasonable_buffer. This means a submitted swap transaction could sit in the mempool indefinitely and execute at any future time when conditions may be unfavorable. A pending transaction could be executed hours or days later when prices have moved significantly, resulting in the protocol receiving far less than expected. This is a well-known anti-pattern for DEX interactions."
291,b7fc4d82013a,Medium,Accounting Error,Fee On Transfer Token,"In Basket.pullUnderlying() and Auction.settleAuction(), token amounts are calculated based on weights and ibRatio, but the actual received amount is never verified via before/after balance checks. If any basket token is a fee-on-transfer token, the basket will receive fewer tokens than expected. This creates an accounting mismatch where the recorded weights and ibRatio assume more tokens are held than actually present, leading to insolvency when users attempt to burn basket tokens and redeem underlying assets."
292,d562802cb53a,Medium,DoS,Bad Condition,"In ValidatorTimelock.executeBatches() and executeBatchesSharedBridge(), if a batch was committed but not through this contract (committedBatchTimestamp is zero), the timelock delay is bypassed entirely. The comment explicitly acknowledges this: 'We allow executing such batches.' This means the execution delay security mechanism can be circumvented if batches are committed directly to the diamond contract, defeating the purpose of the timelock which is meant to provide a security delay for all batch executions."
293,9ddd6b83c27e,Medium,Input Validation,Invalid Validation,"In WithdrawPeriphery.setSlippageThreshold(), there is no upper bound check on the slippageThreshold value. Since MAX_BPS is 1000, setting slippageThreshold >= 1000 would cause (MAX_BPS - slippageThreshold) to underflow in _convertToToken(), reverting all withdrawals. Additionally, values close to 1000 would result in near-zero minTokenOut, effectively disabling slippage protection. The owner could accidentally or maliciously set an invalid threshold that either bricks withdrawals or enables sandwich attacks."
294,a3e15237ea08,Medium,ERC20,Missing Return Check,"THORChain_Router's _transferOutAndCallV5() transfers ERC20 tokens to the aggregator using a raw transfer call with aggregationPayload.fromAmount, then calls swapOutV5 with the same fromAmount. For fee-on-transfer tokens, the aggregator receives fewer tokens than fromAmount, but attempts to swap the full fromAmount. This causes the swap to fail silently (the call uses low-level .call which doesn't revert the outer tx), leaving tokens stranded in the aggregator contract with no recovery mechanism for the user."
295,dd17040a53bc,Medium,Accounting Error,State Update Inconsistency,"In BasketFacet.joinPool(), the token amounts are calculated based on the current balance of underlying tokens in the basket via balance(address(token)).mul(_amount.add(feeAmount)).div(totalSupply). However, anyone can directly transfer tokens to the basket contract to inflate the balance() result, causing subsequent joinPool callers to overpay for their pool tokens. This manipulation of the contract's own token balance breaks internal accounting and allows an attacker to extract value from new depositors."
296,fa1836e0615e,Medium,Slippage,Missing minOut / maxAmount,"In UniV2LiquidityAMO.addLiquidity() and removeLiquidity(), the tokenAAmountMin and tokenBAmountMin parameters can be set to 0 by the admin, as demonstrated in tests (e.g., uniV2LiquidityAMO.addLiquidity(5e18, 1e18, 0, 0)). Similarly, UniV2LiquidityAMO.swap() accepts token2AmountOutMin of 0. While slippageTolerance is defined in the contract, it is never enforced in any of these functions. This allows sandwich attacks on liquidity operations and swaps, potentially losing significant protocol reserve value."
297,c20104cb90d7,Medium,Input Validation,Invalid Validation,"ForgottenRunesWarriorsMinter.setVaultAddress(), setWarriorsAddress(), and setWethAddress() all lack zero-address validation. If the owner accidentally sets vault to address(0), the withdraw() and withdrawAll() functions will send ETH to the zero address, permanently burning funds. Similarly, setting weth to address(0) would cause _safeTransferETHWithFallback() to revert when attempting WETH fallback, potentially blocking refunds. Setting warriors to address(0) would break all minting functions entirely."
298,a3e15237ea08,Medium,DoS,payable / receive(),"In THORChain_Router.transferOut() and _transferOutV5(), ETH transfers use .send() which forwards only 2300 gas. If the recipient is a contract with a receive/fallback function requiring more than 2300 gas (e.g., a multisig wallet or proxy contract), the send fails. While the code bounces ETH back to msg.sender on failure, this means legitimate contract recipients can never receive ETH through transferOut, effectively causing a denial of service for smart contract wallets used as vault destinations."
299,d562802cb53a,Medium,Logic error,Bad Condition,"In StateTransitionManager.acceptAdmin(), the NewAdmin event emits `pendingAdmin` instead of `currentPendingAdmin` as the new admin. Since `delete pendingAdmin` is called before the event emission, `pendingAdmin` is already reset to address(0). The line `emit NewAdmin(previousAdmin, pendingAdmin)` will always emit address(0) as the new admin value instead of the actual new admin (`currentPendingAdmin`). This causes off-chain monitoring systems and indexers to receive incorrect admin transition data."
300,9ddd6b83c27e,Medium,Slippage,Hardcoded Parameter,"In WithdrawPeriphery.sol, slippageThreshold is initialized to 0 by default and MAX_BPS is set to 1000 (not 10000). If the owner sets a slippage threshold thinking it's in basis points of 10000 (common convention), the actual slippage applied would be 10x larger than intended. For example, setting 50 thinking 0.5% would actually apply 5% slippage. Additionally, _getGlpPrice() divides by 1e24 assuming USDC (6 decimals), but this hardcoded assumption breaks if used with tokens of different decimals."
301,804fe35b0164,Medium,DoS,Out of Gas,"In Exchange.bulkExecute() and Exchange.cancelOrders(), the loop variable `i` is declared as uint8, limiting the maximum number of iterations to 255. If the executions or orders array has more than 255 elements, the uint8 counter will overflow silently in Solidity 0.8.17 (causing a revert due to checked arithmetic). This effectively caps bulkExecute to 255 executions and cancelOrders to 255 cancellations. Similarly, _transferFees uses uint8 for the fee loop counter, limiting fees to 255 entries."
302,dd17040a53bc,Medium,DoS,payable / receive(),"In EthSingleTokenJoin.joinTokenEth(), SingleNativeTokenExit.exitEth(), and SingleNativeTokenExitV2.exitEth(), native ETH is sent back to msg.sender using msg.sender.transfer() which has a fixed 2300 gas stipend. If msg.sender is a smart contract whose receive/fallback function consumes more than 2300 gas, the transfer will fail causing the entire transaction to revert. This prevents smart contract wallets and multisigs from using these functions, leading to a denial of service for those users."
303,9cc1dc4ae06a,Medium,Accounting Error,State Update Inconsistency,"In AuraLocker.emergencyWithdraw(), when a user withdraws during shutdown, their locked balance is set to zero and lockedSupply is reduced, but the delegation state (delegateeUnlocks and _checkpointedVotes) is never updated. The delegatee retains voting power from the withdrawn tokens since _checkpointDelegate is not called. This creates a persistent inconsistency where vote power exists for tokens that are no longer locked, potentially allowing governance manipulation after a shutdown event."
304,804fe35b0164,Medium,Upgradeable,Storage Gap,"The Exchange contract inherits from ReentrancyGuarded, EIP712, OwnableUpgradeable, and UUPSUpgradeable but does not declare a __gap storage variable. If any of the inherited contracts are updated to add new storage variables in future upgrades, storage layout collisions will occur with Exchange's own state variables (isOpen, executionDelegate, policyManager, oracle, blockRange, cancelledOrFilled, nonces, isInternal, remainingETH). This can corrupt critical contract state during upgrades."
305,fa1836e0615e,Medium,DoS,Out of Gas,"In UniV3LiquidityAMO.collectFees(), the function iterates through all positions in positions_array to collect fees. Since positions are added via addLiquidity() and the array grows unboundedly, if enough positions are created over time, the gas cost of iterating through all positions could exceed the block gas limit. This would permanently prevent fee collection for all positions. The same array is also used in removeLiquidity() for index-based access, making position management fragile."
306,e6e43dfea59f,Medium,Upgradeable,Missing Initialization,"In StakedCitadel, the initialize() function has `whenNotPaused` modifier, meaning if the contract is somehow deployed in a paused state (e.g., through a proxy that has paused storage set), initialization would be blocked permanently. Since the contract uses PausableUpgradeable and the unpause() function requires _onlyGovernance() which checks `governance` state variable (unset before initialization), there would be no way to unpause and initialize the contract, bricking the deployment."
307,af8e4af75dc2,Medium,DoS,payable / receive(),"The Market.sol contract lacks a receive() or fallback() payable function. If governance or any proposal mechanism attempts to send native ETH to the market contract, the transaction will revert. Additionally, the Fed.sol contract has no receive/payable function. If any future integration or governance action involves transferring native tokens to these contracts, it will fail. This is particularly relevant for markets dealing with WETH where users might accidentally send ETH directly."
308,dd17040a53bc,Medium,Bridge,Incorrect Parameter,"In MintableERC20, the predicateProxy address is set once during initialize() and cannot be changed afterward. If the Polygon bridge predicate contract is upgraded or migrated to a new address, the MintableERC20 contract will be unable to accept new mints from the updated predicate. There is no setter function or migration mechanism for the predicateProxy variable, meaning the token contract would need to be redeployed entirely, potentially causing loss of state and user disruption."
309,40cc38c69cca,Medium,Access Control,Missing Upper/Lower Bound Check,"In Factory, several critical parameters lack proper bounds checking. setAuctionDecrement() has no minimum check, allowing it to be set to 0 which would cause division by zero in Auction.settleAuction(). setBondPercentDiv() can be set to 0, causing division by zero in bondForRebalance(). setAuctionMultiplier() has no bounds, and could be set to 0 making newRatio negative (underflow). These missing validations allow the owner (or compromised owner) to permanently DoS all auctions."
310,03196f805abb,Medium,Accounting Error,State Update Inconsistency,"In MISOFermenter.createEscrow(), the index stored in isChildEscrow is set to escrows.length - 1 BEFORE the new escrow is pushed to the array. On the first call when escrows.length is 0, this causes an underflow (Solidity 0.6.12 without SafeMath on this line), resulting in the stored index being type(uint256).max. This corrupts the Fermenter struct's index field for all escrows, as the index assignment always references the wrong position (off by one for subsequent calls)."
311,e6e43dfea59f,Medium,Input Validation,Missing Upper/Lower Bound Check,"In Funding.setDiscountLimits(), there is no validation that _minDiscount <= _maxDiscount. Governance could accidentally set minDiscount > maxDiscount, which would make it impossible for anyone to call setDiscount() since the function requires _discount >= minDiscount AND _discount <= maxDiscount simultaneously. This would effectively freeze the discount mechanism until governance corrects the bounds, potentially disrupting the entire funding operation."
312,099243e83259,Medium,Arithmetic,Precision Loss,"In Syndicate.calculateETHForFreeFloatingOrCollateralizedHolders(), the total ETH is divided by 2: `return ethPerKnot / 2`. When totalETHReceived() returns an odd number of wei, 1 wei is permanently lost in each update cycle. While individually insignificant, this compounds over time with frequent small ETH deposits and repeated calls to updateAccruedETHPerShares(), resulting in a growing amount of unclaimable ETH dust stuck in the contract."
313,7b5e1803022e,Medium,Governance,Incorrect Parameter,"In the Governor contract, parameters related to proposal (e.g., quorum & threshold) are depends on the total supply in the current timestamp but not the previous timestamp, so these values can be changed if total supply cahnges later in the same block because tehy are still eligible to vote.Attckers can lower the threshold and quorum by incresaing totalSupply."
314,7b5e1803022e,Medium,Arithmetic,Incorrect Parameter,"Due to the incorrect modulo operation when filling the tokenRecipient mapping, some founders may receive IDs greater than 100, resulting in those IDs never being minted.Under certain allocation settings ((100 / pct1) - (100 / pct2) == 1), founders will receive fewer tokens than their configured percentage."
315,7b5e1803022e,Medium,Arithmetic,Scaling,"With collections of more than 20000 NFTs, proposalThreshold() and quorum() can’t return 1 since the lowest number of settings.proposalThresholdBps and settings.quorumThresholdBps are 1 and the divisor is set to 10000.High total supply NFT can have threshold set to 1."
316,7b5e1803022e,Medium,DoS,State Update Inconsistency,"Governor.transferOwnership() and Auction.transferOwnership() can be called by Treasury.sol through a governance proposal, causing a mismatch between the contract owner and settings.treasury.settings.treasury is not able to modify any governance parameters."
317,7b5e1803022e,Medium,Arithmetic,Precision Loss,"At the early stage of the deployed DAO, if the token supply is low, the calculation settings.token.totalSupply() * settings.quorumThresholdBps) / 10_000 inside function quorum() may return 0, causing proposal.quorumVotes to be set to 0. "
318,099243e83259,Medium,ERC20,Missing Return Check,Token transfer to contract without before/after balance check. Fee-on-transfer tokens cause accounting mismatch.
319,2c5e13b4e147,Medium,ERC20,Missing Return Check,Token transfer to contract without before/after balance check. Fee-on-transfer tokens cause accounting mismatch.
320,9cc1dc4ae06a,Medium,ERC20,Missing Return Check,Token transfer to contract without before/after balance check. Fee-on-transfer tokens cause accounting mismatch.
321,a4d91fb1550f,Medium,ERC20,Missing Return Check,Token transfer to contract without before/after balance check. Fee-on-transfer tokens cause accounting mismatch.
322,a8884f87db1a,Medium,ERC20,Missing Return Check,Token transfer to contract without before/after balance check. Fee-on-transfer tokens cause accounting mismatch.
323,af8e4af75dc2,Medium,ERC20,Missing Return Check,Token transfer to contract without before/after balance check. Fee-on-transfer tokens cause accounting mismatch.
324,ba93b3b8d7cf,Medium,ERC20,Missing Return Check,Token transfer to contract without before/after balance check. Fee-on-transfer tokens cause accounting mismatch.
325,d9b35c0c87a4,Medium,ERC20,Missing Return Check,Token transfer to contract without before/after balance check. Fee-on-transfer tokens cause accounting mismatch.
326,03196f805abb,Medium,DoS,Out of Gas,Loop iterates over dynamically-sized array. Unbounded growth can exceed block gas limit causing permanent DoS.
327,198fa93fabdd,Medium,DoS,Out of Gas,Loop iterates over dynamically-sized array. Unbounded growth can exceed block gas limit causing permanent DoS.
328,4ef0b4d678ab,Medium,DoS,Out of Gas,Loop iterates over dynamically-sized array. Unbounded growth can exceed block gas limit causing permanent DoS.
329,9ddd6b83c27e,Medium,DoS,Out of Gas,Loop iterates over dynamically-sized array. Unbounded growth can exceed block gas limit causing permanent DoS.
330,afa60bc8003d,Medium,DoS,Out of Gas,Loop iterates over dynamically-sized array. Unbounded growth can exceed block gas limit causing permanent DoS.
331,b7fc4d82013a,Medium,DoS,Out of Gas,Loop iterates over dynamically-sized array. Unbounded growth can exceed block gas limit causing permanent DoS.
332,ba93b3b8d7cf,Medium,DoS,Out of Gas,Loop iterates over dynamically-sized array. Unbounded growth can exceed block gas limit causing permanent DoS.
333,73f6a793d916,Medium,Accounting Error,State Update Inconsistency,Contract relies on its own token balance. Direct transfers manipulate balance breaking internal accounting.
334,empty,Medium,DAO,State Update Inconsistency,placeholder
335,empty,Medium,DAO,State Update Inconsistency,placeholder
336,empty,Medium,DAO,State Update Inconsistency,placeholder
337,empty,Medium,DAO,State Update Inconsistency,placeholder
338,empty,Medium,DAO,State Update Inconsistency,placeholder
339,empty,Medium,DAO,State Update Inconsistency,placeholder
340,empty,Medium,DAO,State Update Inconsistency,placeholder
341,empty,Medium,DAO,State Update Inconsistency,placeholder
342,empty,Medium,DAO,State Update Inconsistency,placeholder
343,empty,Medium,DAO,State Update Inconsistency,placeholder
344,empty,Medium,DAO,State Update Inconsistency,placeholder
345,empty,Medium,DAO,State Update Inconsistency,placeholder
346,empty,Medium,DAO,State Update Inconsistency,placeholder
347,empty,Medium,DAO,State Update Inconsistency,placeholder
348,empty,Medium,DAO,State Update Inconsistency,placeholder
349,empty,Medium,DAO,State Update Inconsistency,placeholder
350,empty,Medium,DAO,State Update Inconsistency,placeholder
351,empty,Medium,DAO,State Update Inconsistency,placeholder
352,empty,Medium,DAO,State Update Inconsistency,placeholder
353,empty,Medium,DAO,State Update Inconsistency,placeholder
354,empty,Medium,DAO,State Update Inconsistency,placeholder
355,empty,Medium,DAO,State Update Inconsistency,placeholder
356,empty,Medium,DAO,State Update Inconsistency,placeholder
357,empty,Medium,DAO,State Update Inconsistency,placeholder
358,empty,Medium,DAO,State Update Inconsistency,placeholder
359,empty,Medium,DAO,State Update Inconsistency,placeholder
360,empty,Medium,DAO,State Update Inconsistency,placeholder
361,empty,Medium,DAO,State Update Inconsistency,placeholder
362,empty,Medium,DAO,State Update Inconsistency,placeholder
363,empty,Medium,DAO,State Update Inconsistency,placeholder
364,empty,Medium,DAO,State Update Inconsistency,placeholder
365,empty,Medium,DAO,State Update Inconsistency,placeholder
366,empty,Medium,DAO,State Update Inconsistency,placeholder
367,empty,Medium,DAO,State Update Inconsistency,placeholder
368,empty,Medium,DAO,State Update Inconsistency,placeholder
369,empty,Medium,DAO,State Update Inconsistency,placeholder
370,empty,Medium,DAO,State Update Inconsistency,placeholder
371,empty,Medium,DAO,State Update Inconsistency,placeholder
372,empty,Medium,DAO,State Update Inconsistency,placeholder
373,empty,Medium,DAO,State Update Inconsistency,placeholder
374,empty,Medium,DAO,State Update Inconsistency,placeholder
375,empty,Medium,DAO,State Update Inconsistency,placeholder
376,empty,Medium,DAO,State Update Inconsistency,placeholder
377,empty,Medium,DAO,State Update Inconsistency,placeholder
378,empty,Medium,DAO,State Update Inconsistency,placeholder
379,empty,Medium,DAO,State Update Inconsistency,placeholder
380,empty,Medium,DAO,State Update Inconsistency,placeholder
381,empty,Medium,DAO,State Update Inconsistency,placeholder
382,empty,Medium,DAO,State Update Inconsistency,placeholder
383,empty,Medium,DAO,State Update Inconsistency,placeholder
384,empty,Medium,DAO,State Update Inconsistency,placeholder
385,empty,Medium,DAO,State Update Inconsistency,placeholder
386,empty,Medium,DAO,State Update Inconsistency,placeholder
387,empty,Medium,DAO,State Update Inconsistency,placeholder
388,empty,Medium,DAO,State Update Inconsistency,placeholder
389,empty,Medium,DAO,State Update Inconsistency,placeholder
390,empty,Medium,DAO,State Update Inconsistency,placeholder
391,empty,Medium,DAO,State Update Inconsistency,placeholder
392,empty,Medium,DAO,State Update Inconsistency,placeholder
393,empty,Medium,DAO,State Update Inconsistency,placeholder
394,empty,Medium,DAO,State Update Inconsistency,placeholder
395,empty,Medium,DAO,State Update Inconsistency,placeholder
396,empty,Medium,DAO,State Update Inconsistency,placeholder
397,empty,Medium,DAO,State Update Inconsistency,placeholder
398,empty,Medium,DAO,State Update Inconsistency,placeholder
399,empty,Medium,DAO,State Update Inconsistency,placeholder
400,empty,Medium,DAO,State Update Inconsistency,placeholder
