Property,repo_path,severity,tag,subtag,description
1,fa1836e0615e,High,ERC721,Missing Functionality,The contract can receive ERC721 tokens but does not implement the transfer or approval logic needed to recover them safely. ERC721 assets moved through recoverERC721 can become permanently locked.
2,a3e15237ea08,High,Accounting Error,Rebase Token,"Root cause:
- THORChain_Router tracks does not properly handle rebasing tokens. This is because the system records a static token amount at the time of locking, while the actual token balance may change due to rebasing.
- it tracks vault allowances in fragment units, but AMPL rebases change the fragment <-> gons conversion
- since allowances don’t rebase while real balances do, a pre‑rebase allowance can later withdraw more gons (value) than intended, draining value from subsequent deposits.
- In the case of a positive rebase (balance increases), the user may receive fewer tokens than they are entitled to, resulting in a loss for the user.
- In the case of a negative rebase (balance decreases), the system may attempt to transfer more tokens than it actually holds, causing the transaction to revert and funds to become stuck (DoS).

PoC:

1. malicious deposits 1000 tokens with _gonsPerFragment == 1, which then executes the following 2 operations:
- safeAmount = safeTransferFrom(asset, amount):
- tcRouter has 1000 gons (_gonBalances[tcRouter] == 1000)
- tcRouter has 1000 balances (_gonsPerFragment == 1)
- _vaultAllowance[vault][asset] += safeAmount: malicious has allowance 1000
2. After the rebase,  _gonsPerFragment == 2
- tcRouter now has 1000 gons, e.g. 500 balances (_gonsPerFragment == 2)
- But malicious still has 1000 allowance
3. victim deposits 1000 tokens with _gonsPerFragment == 2
- safeAmount = safeTransferFrom(asset, amount):
- tcRouter has 3000 gons, e.g. 1500 balances (_gonsPerFragment == 2)
- _vaultAllowance[vault][asset] += safeAmount: victim has allowance 1000
4. malicious calls transferOut(), which calls ampl.transfer()
- tcRouter transfer 2000 gons to malicious (_gonsPerFragment == 2)
- tcRouter now has only 1000 gons. e.g. 500 balances
- malicious has 2000 gons, e.g. 1000 balances
5. vitim now can only transferOut 500 tokens although it deposits 1000 tokens"
3,a3e15237ea08,Medium,"Accounting Error, DoS, ERC20",Fee On Transfer Token,"Root cause:

Router assumes transfer(to, A) delivers A, then instructs the aggregator to act on A. However with Fee-on-Transfer tokens, only A - f  arrived, so the aggregator either reverts (tokens get stuck) or pays the shortfall from its own funds (grief/steal).

Deep Dive:
- In the ERC‑20 path of  _transferOutAndCallV5 the Router does two things in sequence:
- First deposit the tokens to the aggregator (target)
solidity         // Router sends `fromAmount` to the aggregator         (bool transferSuccess, bytes memory data) = aggregationPayload.fromAsset.call(             abi.encodeWithSignature(                 ""transfer(address,uint256)"",                 aggregationPayload.target,                 aggregationPayload.fromAmount             )         );         
- Immediately call the aggregator (swapOutV5) with the same fromAmount
- However, if the token is fee‑on‑transfer, the aggregator actually receives less in step1, which result in
- DoS: If the aggregator has no spare tokens, then swapOutV5 will fail since try to forward fromAmount, but only fromAmount - fee was received. The low-level call returns false, and the router doesn’t revert (by design). Therefore, the tokens remain stuck in the aggregator
- grief/steal of aggregator's funds: If the aggregator has spare tokens, it will use its own balance to satisfy fromAmount"
4,40cc38c69cca,Medium,Accounting Error,Fee On Transfer Token,Fee on transfer tokens transfer less tokens in than what would be expect.This means that the protocol request incorrect amounts when dealing with these tokens.
5,d562802cb53a,Medium,Upgradeable,Bad Condition,"During certain upgrade migration timing conditions, a user could finalize a withdrawal on the old L1ERC20Bridge and then withdraw again on the new L1SharedBridge, enabling a potential double withdrawal."
6,fa1836e0615e,High,DoS,"Bad Condition, State Update Inconsistency","The settle logic requires total collateral minus loss to exactly equal the token balance. An attacker can transfer collateral directly to the vault, breaking this equality and permanently blocking settlement."
7,d9b35c0c87a4,Medium,DoS,Bad Condition,"submitExchangeRateData and submitSDPrice depend on quorum from trusted nodes. If trustedNodesCount changes during submission, the existing count is not adjusted and quorum may become permanently unreachable."
8,b7fc4d82013a,Medium,DoS,Bad Condition,"newRatio is calculated and compared with minIbRatio in settleAuction().However, if newRatio is less than minIbRatio, settleAuction() will always fail and there is no way for the bonder to cancel and get a refund."
9,bb3018c8812c,Medium,DoS,Bad Condition,"Cause: During the validation process of MagicSpend.validatePaymasterUserOp(), only a single withdrawAmount check against the contract’s balance is performed. However, when multiple UserOps are batched in EntryPoint, the single-balance check cannot ensure that the total requested funds do not exceed the contract balance.
Impact: When EntryPoint executes multiple UserOps() in a batch, if the total requested funds exceed the MagicSpend contract balance, subsequent postOp() executions will fail due to insufficient funds, leading to transaction reverts."
10,d562802cb53a,Medium,DoS,Missing Initialization,"The l1LegacyBridge is not assigned during L2SharedBridge.initialize(), causing deposits sent via the old L1ERC20Bridge to fail before the upgrade is completed."
11,9cc1dc4ae06a,Medium,ERC4626,Not EIP Compliant,`BaseRewardPool4626` is not IERC4626 compliant. _Submitted by 0xjuicer_ BaseRewardPool4626.sol<br> BaseRewardPool4626 is not IERC4626 compliant.<br> This makes the BaseRewardPool4626 contract irrelevant as it is for now since projects won't be able to integrate with BaseRewardPool4626 using the eip-4626 standard. ### Recommended Mitigation Steps Yo
12,9cc1dc4ae06a,Medium,Input Validation,Missing Time Constraint,Missing block.timestamp <= endTime allows sponsorship after endTime even though the reward unlock period is over. Funds can still be deposited but can never become valid reward allocations.
13,c20104cb90d7,Medium,ERC20,Missing Return Check,"The contract does not properly check the return value of ERC20 token transfer functions, this can result in failed token transfers being incorrectly treated as successful, and cause transaction reverts for tokens like USDT that do not return a boolean success value."
14,d9b35c0c87a4,Medium,DoS,Duplicate Value,"updatePollAddress calls verifyNewPool, which rejects an already existing poolId. Valid pool address updates can therefore revert, leaving the pool address impossible to change."
15,9cc1dc4ae06a,Medium,Input Validation,Duplicate Value,add does not reject duplicate lpToken values so multiple pools can point to the same LP token. lpSupply uses lpToken.balanceOf(address(this)) which double counts the same balance and misallocates rewards.
16,e169bbefc6e2,High,DoS,Duplicate Value,"Concurrent proposals for the same NFT index can overwrite an earlier user's JPEG lock schedule when finalized. The earlier user can no longer withdraw the locked JPEG, causing permanent loss."
17,d9b35c0c87a4,Medium,Input Validation,Duplicate Value,"updateAdmin accepts an address that is already an admin. Passing an existing admin can remove or corrupt that admin status, causing unintended loss of admin privileges."
18,fa1836e0615e,Medium,Pause,State Update Inconsistency,"The redeem function lacks a whenNotPaused check. Users can continue redeeming while the protocol is paused, creating state changes that bypass the intended pause protection."
19,d9b35c0c87a4,Medium,Logic Error,State Update Inconsistency,"When settling penalties, only the validator's balance in the ValidatorWithdrawalVault contract is considered for paying the penalty, ignoring the validator's balance in another contract, so an operator with sufficient total rewards to cover the penalty is wrongly treated as penalized."
20,9cc1dc4ae06a,Medium,Accounting Error,State Update Inconsistency,When _withUpdate is false in add or set totalAllocPoint changes without massUpdatePools. Other pools keep stale accounting and receive incorrect reward shares.
21,fa1836e0615e,Medium,Arithmetic,State Update Inconsistency,"When putOptionsRequired is true, premium calculation depends on the current block time and nextFundingPaymentTimestamp. Users can time bond calls near funding updates to pay less premium than intended."
22,9cc1dc4ae06a,Medium,DAO,State Update Inconsistency,"cause: Total voting power is computed from the total locked amount, while individual users' voting weight only records delegated portions, making the two inconsistent and distorting governance thresholds. impact: Governance may become inoperable."
23,9cc1dc4ae06a,Medium,DAO,"Does not match with Doc, State Update Inconsistency",Users who lock AURA and receive vlAURA get no voting power unless they explicitly choose a delegate. The docs imply locked users should have voting power but accounting only records delegated balances.
24,bb3018c8812c,High,"Cross-Chain, Replay Attack",State Update Inconsistency,"Cause: Users can upgrade their account’s owners via either directly onto the contract with a regular transaction or via an ERC-4337 EntryPoint transaction calling executeWithoutChainIdValidation. If a user chooses to use a combination of these methods, it’s very likely that the addresses at a particular ownership index differ across chains. Therefore, if a user later calls removeOwnerAtIndex on another chain, it will end up removing different addresses on different chains. The root cause is that removeOwnerAtIndex can be replayed cross-chain despite the same index may point to a different owner, combined with the lack of last owner guard.
Impact: Accidentally remove their only accessible owner, permanently locking the account. In severe cases, this can result in irreversible asset loss. In minimal cases, the user can only manually add back the mistakenly removed owner."
25,fa1836e0615e,Medium,Accounting Error,State Update Inconsistency,"The sync function is not called after every operation that changes asset balances. Internal balances can become stale, causing later calculations or external calls to use incorrect asset amounts."
26,fa1836e0615e,Medium,ERC721,State Update Inconsistency,"ERC721 transfer logic does not update the stored owner value after minting. The contract can report an outdated owner after transfers, causing inconsistent token ownership state."
27,fa1836e0615e,High,"Accounting Error, Arithmetic",State Update Inconsistency,"addToDelegate increases totalWethDelegated but withdraw does not decrease it. sync can then understate WETH reserves and make lowerDepeg underflow, preventing the protocol from restoring the dpxETH peg."
28,b7fc4d82013a,High,Accounting Error,State Update Inconsistency,"When totalSupply is 0, handleFees does not update lastFee, causing an inflated time difference on the next fee calculation and minting excess fee tokens, diluting existing holders' value."
29,fa1836e0615e,Medium,Slippage,minOut set to 0,"Missing slippage parameter on Uniswap `addLiquidity()` function. The Uniswap addLiquidity() function expects the slippage params amountAMin, and amountBMin to be passed. The reLP() sets those values as 0, which in other terms, means that the contract is ok with receiveing less amount of tokens than the fair market price"
30,fa1836e0615e,Medium,Arithmetic,Precision Loss,"VaultLP computes withdrawable assets from totalCollateral, but when all WETH collateral is locked and converted to RDPX the reported collateral can be zero. Shareholders can be unable to withdraw compensation."
31,fa1836e0615e,High,DoS,"Invalid Validation, Precision Loss","When putOptionsRequired is true, timeToExpiry is passed to option pricing after conversion. If less than 864 seconds remain before next funding, it rounds to zero and all bond operations revert."
32,b7fc4d82013a,Medium,Arithmetic,Rounding Error,"The fee calculation tries to calculate a fee such that fee/(supply+fee) = %fee using a simple interest formula (i.e. no compounding), this lead to slightly less fee collected when fee are collected more frequently (small timeDiff) vs less frequently (big timeDiff)."
33,e169bbefc6e2,Medium,Arithmetic,Precision Loss,"Dividing before multiplying rounds the intermediate result to 0, and passing it to the multiplication keeps it 0."
34,b7fc4d82013a,Medium,Arithmetic,Precision Loss,"In fees calculation, division is being used in the midst of the calculation, not at the end of it.This leads to lost precision in fee amount (as solidity doesn't save remainder of division)."
35,9cc1dc4ae06a,Medium,Oracle,Stale Value,"`CrvDepositorWrapper.sol` relies on oracle that isn't frequently updated. _Submitted by 0x52_ CrvDepositorWrapper.sol#L56-L65<br> Unpredictable slippage, sandwich vulnerability or frequent failed transactions ### Proof of Concept CrvDepostiorWrapper uses the TWAP provided by the 20/80 WETH/BAL. The issue is that this pool has only handled \~15 tran"
36,fa1836e0615e,Medium,Access Control,Centralization Risk,"bond automatically triggers reLP and is open to anyone. An attacker can manipulate pool price before calling bond, force reLP to trade at an unfavorable price, then unwind for profit."
37,b7fc4d82013a,Medium,Access Control,Centralization Risk,"The factory can change auctionMultiplier/auctionDecrement mid-auction, altering profitability; with extreme settings (multiplier=0, decrement=max), newRatio=0 and tokensNeeded=0, enabling settlement to drain all tokens."
38,9cc1dc4ae06a,Medium,DoS,Fee On Transfer Token,"Users may lose rewards to other users if rewards are given as fee-on-transfer tokens. _Submitted by IllIllI, also found by Aits, BowTiedWardens, and MaratCerby_ If rewards are given in fee-on-transfer tokens, users may get no rewards, breaking functionality. Med: Assets not at direct risk, but the function of the protocol or its availability could"
39,804fe35b0164,Medium,Access Control,Centralization Risk,Hacked owner or malicious owner can immediately steal all assets on the platform
40,9cc1dc4ae06a,Medium,"Access Control, Logic Error","Bad Condition, Centralization Risk",If AuraLocker is shut down the lock-rewards path reverts. Users can only take the unlocked withdrawal path with a 20 percent penalty causing admin-induced loss.
41,9cc1dc4ae06a,Medium,Arithmetic,Token Decimal,Integer overflow will lock all rewards in `AuraLocker`. _Submitted by kirk-baird_ AuraLocker.sol#L176-L177<br> AuraLocker.sol#L802-L814<br> AuraLocker.sol#L864<br> There is a potential overflow in the rewards calculations which would lead to updateReward() always reverting. The impact of this overflow is that all reward tokens will be permanently l
42,fa1836e0615e,Medium,Uniswap,No Recovery Mechanism,"The Uniswap V2 reLP path removes WETH-RDPX liquidity, swaps part of WETH to RDPX, and re-adds liquidity with inaccurate calculations. The flow can revert or leave unrecoverable WETH dust."
43,9cc1dc4ae06a,Medium,"Input Validation, Logic Error",Invalid Validation,If claimRewards is called without Options.LockCvx the contract can still transfer CVX from the user when depositCvxMaxAmount is positive. Since no locking action follows those tokens remain stuck without recovery.
44,fa1836e0615e,High,"DoS, Uniswap",Incorrect Parameter,"ReLP assumes the protocol owns all liquidity in the Uniswap V2 pool. It can calculate lpToRemove from total pool reserves and attempt to remove more liquidity than it owns, causing reverts."
45,a3e15237ea08,Medium,DoS,Incorrect Parameter,"The ETH path in _transferOutAndCallV5 re‑uses the same msg.value for every item in the batch, and because the target address is fully attacker‑controlled and unvalidated, the router ends up sending msg.value once per loop iteration, hence drains its own ETH balance.

Deep Dive:
- The functions transferOutAndCallV5() and batchTransferOutAndCallV5() both internally invoke _transferOutAndCallV5(). This function, in turn, calls the swapOutV5() function on the aggregationPayload.target, which should be the THORChain_Aggregator contract
- However, the aggregationPayload is a struct passed as a parameter, which allows anyone to set the aggregationPayload.target address to their preference without any validation.
- Even worse, Batch reuses the same msg.value per iteration:
- In batchTransferOutAndCallV5, the loop calls _transferOutAndCallV5(aggregationPayloads[i]) N times.
- Inside _transferOutAndCallV5, it always sends msg.value to target. There is no decrement and no per‑item value split.
- Results in one unit of msg.value leaves the router per iteration—to the attacker’s target or back to msg.sender, which is still attacker"
46,b7fc4d82013a,Medium,Accounting Error,Incorrect Parameter,"The fee calculation is based on the totalSupply of the basket token. But some amount of the totalSupply represents the fees paid to the publisher/ protocol owner. Therefore the fees are ""overcharged""."
47,9cc1dc4ae06a,Medium,Accounting Error,Incorrect Parameter,When all user locks are expired the kick reward uses only the last lock amount multiplied by expired epochs instead of the total expired locked balance. Users receive less reward than owed.
48,e169bbefc6e2,High,DoS,Invalid Validation,"Strategy migration can fail because JPEG is blacklisted in the strategy withdrawal path. When the controller attempts to withdraw JPEG during migration, the call reverts and blocks the migration."
49,b7fc4d82013a,Medium,Accounting Error,Incorrect Parameter,The fee calculation is wrong. It should only get divided by BASE and not (BASE - feePct)
50,e169bbefc6e2,High,DoS,Incorrect Parameter,"earned() is called without passing the required argument, reverting the entire call."
51,fa1836e0615e,High,Arithmetic,"Hardcoded Parameter, Token Decimal","roundUp uses a hardcoded 1e6 roundingPrecision. At realistic rDPX prices, a 25 percent out-of-the-money strike can round back to the current price, making the option in-the-money and breaking premium assumptions."
52,e169bbefc6e2,Medium,Arithmetic,Token Decimal,yVault.getPricePerFullShare scales the price per share by 1e18 regardless of vault token decimals. Non-18-decimal underlying tokens produce incorrectly scaled share prices.
53,fa1836e0615e,High,Arithmetic,Token Decimal,"Oracle prices are returned with 1e18 precision while multiple contracts assume 1e8 precision. The mismatch distorts calculations and can cause inflated values, failed transfers, or underflows."
54,d9b35c0c87a4,Medium,Logic error,Reward Manipulation,"Fund allocation does not correctly handle the case where the index should not advance when current funds are insufficient, letting a malicious user steer the next round of validator fund allocation to their preferred pool via tiny transfers."
55,e169bbefc6e2,Medium,Input Validation,Reward Manipulation,"If the LP token is also the JPEG reward token, newly minted rewards increase lpToken.balanceOf used as lpSupply. This inflates the denominator and dilutes rewards for stakers."
56,9cc1dc4ae06a,Medium,DoS,Reward Manipulation,distributeOther lets anyone call notifyRewardAmount. This resets the reward period and re-spreads undistributed rewards over a new seven day window. An attacker can cheaply delay reward distribution for normal users.
57,fa1836e0615e,High,DoS,Front Run,"The put settlement threshold is public and LPs can withdraw excess collateral before settlement. Fast users avoid losses, leaving remaining LPs with more loss and potentially draining vault liquidity."
58,9cc1dc4ae06a,Medium,DoS,Front Run,The contract requires each asset balance to exactly equal _request.maxAmountsIn[i]. An attacker can front-run by sending 1 wei to the contract so the equality fails and the liquidity provider transaction reverts.
59,bb3018c8812c,Medium,DoS,"Front Run, Nonce","MagicSpend.validatePaymasterUserOp() and MagicSpend.withdraw() use the same signature. Malicious users can submit a transaction via the paymaster and then front-run with a withdraw() call, causing validatePaymasterUserOp() to revert because the nonce has already been consumed."
60,40cc38c69cca,High,DoS,Front Run,"A malicious actor can snipe the mempool to bond as soon as an auction starts; because only the bonder can settle and the bond can't be burned for 24 hours, the auction and funds remain frozen."
61,d9b35c0c87a4,Medium,MEV,Front Run,"Before the contract is paused, an MEV bot can front-run by calling addBid across active auctions. This can block later competing bids and prevent near-ending auctions from being overtaken."
62,d9b35c0c87a4,Medium,Access Control,Front Run,"distributeRewards lacks access control, allowing an attacker to call it before settleFunds. This can reduce operatorShare below penaltyAmount and cause validator loss."
63,9cc1dc4ae06a,Medium,DoS,"Bad Condition, Front Run",An attacker can front-run a transaction that adds rewards to a past epoch by adding dust rewards to a later epoch. The victim transaction for the past epoch then hits the require check and fails.
64,d9b35c0c87a4,Medium,"Logic Error, MEV",Front Run,"Auction endBlock is fixed and predictable, so rational bidders can wait until the final block instead of participating earlier. This creates a front-running advantage for MEV searchers."
65,d9b35c0c87a4,Medium,"Chainlink, Oracle",Stale Value,Insufficient protection against stale oracle prices.
66,e169bbefc6e2,Medium,Chainlink,Stale Value,"Oracle data feed is insufficiently validated.. _Submitted by Jujic, also found by hickuphh3_ Price can be stale and can lead to wrong answer return value. ### Proof of Concept Oracle data feed is insufficiently validated. There is no check for stale price and round completeness. Price can be stale and can lead to wrong answer return value. function"
67,9cc1dc4ae06a,Medium,DoS,Out of Gas,massUpdatePools is public and loops over poolInfo.length without a bound. As pools grow the updatePool loop can exceed the block gas limit and prevent reward updates.
68,9cc1dc4ae06a,Medium,DoS,Out of Gas,_getReward iterates from epochIndex to tokenEpochs. If a user waits too long to claim the loop can exceed the block gas limit and make rewards permanently unclaimable.
69,40cc38c69cca,Medium,Input Validation,Invalid Validation,"The newRatio decreases over time without a lower bound. A malicious actor can wait until newRatio < ibRatio or near zero, bond and settle the auction, and effectively steal most of the basket's assets with minimal required collateral."
70,b7fc4d82013a,Medium,MEV,Asset Theft,"By bonding at a precisely chosen block that makes newRatio = 0, tokensNeeded evaluates to 0 and settleAuction() can drain the basket regardless of balances."
71,fa1836e0615e,Medium,Accounting Error,Asset Theft,"cause: When users mint dpxETH through the bonding mechanism they receive a discount on the collateral asset, but the reserve usage is not adjusted to the actual amount of WETH the user provides - a fixed _amount / 2 of WETH is deducted from the contract reserve as liquidity provision, over-consuming the reserve's WETH. impact: Once the WETH reserve is exhausted, the contract can no longer process subsequent bonding operations."
72,9cc1dc4ae06a,Medium,Arithmetic,Rounding Error,Calculations round down and do not adapt when the contract lacks enough tokens. safeRewardTransfer can send less than expected while accounting treats the reward as paid which creates user shortfall and inconsistent accounting.
73,d562802cb53a,High,Accounting Error,Implementation Error,"paymaster's _maxRefundedGas = gasLeft + reservedGas, without subtracting spentOnPubdata. This way _maxRefundedGas will be much larger than the correct value. paymaster will refund the used spentOnPubdata to the user"
74,b7fc4d82013a,Medium,Accounting Error,"Implementation Error, Incorrect Parameter","When handleFees is called, totalSupply and ibRatio changes accordingly, but for newIbRatio calculation tokens minted in handleFees is not included. Therefore, ibRatio is calculated higher than it should be."
75,d562802cb53a,Medium,Logic Error,"Does not match with Doc, Implementation Error",In StateTransitionManager::unfreezeChain function call unfreezeDiamond instead of freezeDiamond on IZkSyncStateTransition(stateTransition[_chainId]) instance.
76,40cc38c69cca,Medium,DoS,Implementation Error,"The mint() function redundantly includes a nonReentrant modifier, despite calling mintTo() which already has it, causing malfunction due to double reentrancy guard and blocking minting functionality."
77,e169bbefc6e2,High,ERC4626,Inflation Attack,"By donating large amounts to manipulate the asset amount, users may receive no shares corresponding to their deposits."
78,9cc1dc4ae06a,Medium,Input Validation,Invalid Validation,Adding _lpToken to a pool does not check that it differs from the CVX reward token. If _lpToken is CVX newly minted rewards inflate measured lpSupply and dilute existing stakers.
79,40cc38c69cca,Medium,"DoS, Input Validation",Invalid Validation,"function setBondPercentDiv should validate that newBondPercentDiv is not 0, or bondForRebalance will experience division by zero error otherwise."
80,40cc38c69cca,Medium,"Arithmetic, DoS, Input Validation","Invalid Validation, Precision Loss","If all users burn their shares, the totalSupply becomes zero. Subsequent calls to handleFees() will attempt to divide by zero, causing the contract to revert and rendering the Basket permanently unusable."
81,b7fc4d82013a,Medium,"DoS, Input Validation",Invalid Validation,"A malicious publisher can set minIbRatio to an extreme value during an auction proposal, making the auction impossible to settle and locking all user funds in the basket."
82,e169bbefc6e2,Medium,Input Validation,"Bypass Mechanism, Invalid Validation",The noContract modifier relies on contract code size and can be bypassed from a constructor before code is deployed. This allows contract-based callers to pass validation intended for EOAs.
83,b7fc4d82013a,Medium,"ERC20, Reentrancy",Invalid Validation,"Basket.initialize() calls approveUnderlying(auction) without guarding against an untrusted ERC-20 approve() hook, allowing reentrancy into initialize() to overwrite critical addresses (factory, auction) and hide the malicious token."
84,40cc38c69cca,Medium,"DoS, Input Validation",Invalid Validation,The function Factory.setBondPercentDiv() allows the owner to set the state variable Factory.bondPercentDiv to zero.If Factory.bondPercentDiv equals zero then the function Auction.bondForRebalance() will always revert due to a division by zero.
85,40cc38c69cca,Medium,"DoS, Input Validation",Invalid Validation,The function Factory.setAuctionDecrement() allows the owner to set the state variable Factory.auctionDecrement to zero.If Factory.auctionDecrement equals zero then the function Auction.settleAuction() will always revert due to a division by zero.
86,e169bbefc6e2,High,Reentrancy,Violating CEI / Missing nonReentrant,"If the token hands control to the sender, reentrancy results."
87,40cc38c69cca,Medium,Reentrancy,Violating CEI / Missing nonReentrant,function createBasket in Factory should also be nonReentrant as it interacts with various tokens inside the loop and these tokens may contain callback hooks.
88,9cc1dc4ae06a,Medium,Reentrancy,Violating CEI / Missing nonReentrant,User state is updated after sending reward tokens. If the reward token has transfer hooks or is upgraded to ERC777 an attacker can reenter and claim again before state is updated.
89,fa1836e0615e,Medium,"Flashloan, MEV",Price Manipulation / Arbitrage opportunity,"Because bond is permissionless and automatically calls reLP, an attacker can use a flash loan to move the RDPX-ETH price before reLP executes. The protocol trades at the manipulated price and the attacker arbitrages the reversal."
90,fa1836e0615e,Medium,"Arithmetic, ERC4626",Price Manipulation / Arbitrage opportunity,redeem calculates returned RDPX from the user's share of vault supply instead of current market price. A user can deposit before a price increase and later redeem more RDPX than intended.
91,198fa93fabdd,Medium,TWAP,Price Manipulation / Arbitrage opportunity,"The current implementation of TWAV is based on a short observation period, making it susceptible to price manipulation."
92,d9b35c0c87a4,Medium,Logic Error,Bypass Mechanism,"Penalty recovery uses the minimum of operatorSD and poolThreshold.minThreshold instead of the full penalty amount. When operatorShare is much larger, most of the penalty can remain unrecovered."
93,a3e15237ea08,High,Logic Error,State Update Inconsistency,"Root cause:

One of the main invariant of the protocol is that all the events ThorChain_Router emits should be correct, but it breaks in the edge cases of the transferOut(), _transferOutV5(), transferOutAndCall() and _transferOutAndCallV5(), which emit the wrong to when the Native Tokens transfer fails


Deep Dive:
- transferOut(): Used by the vaults to transfer either the Native Tokens or ERC20 tokens to any address to. It first transfers the funds to the specified to address and then emits the TransferOut event
-  In case the Native Tokens transfer to the to address fails, it just refunds or bounce back the ethers to the vault address (msg.sender)
>  It's very likely since the function uses solidity's .send to transfer the funds, which has gas limit (2300)
-  The problem is in the above case, the event TransferOut will be wrong
-  the ethers receiver will be in vault, not the input to,
-  to doesn't get updated to the vault's address, so the function in the end emits the original to
-  As a result, ThorChain is getting informed that the ether receiver is still input tosolidity function transferOut(address payable to, address asset, uint amount, string memory memo) public payable nonReentrant {     uint safeAmount;     if (asset == address(0)) {         safeAmount = msg.value;         bool success = to.send(safeAmount); // Send ETH.         if (!success) {             payable(address(msg.sender)).transfer(safeAmount); // For failure, bounce back to vault & continue.         }     } else {       .....     }     ///@audit-issue H worng event `to` incase of the bounce back - PoC: `Should bounce back ethers but emits wrong event`     emit TransferOut(msg.sender, to, asset, safeAmount, memo); }"
94,fa1836e0615e,Medium,"Arithmetic, Slippage","Does not match with Doc, Invalid Slippage Control / Missing slippage check",cause: mintokenAAmount is calculated with an incorrect formula. impact: Trade slippage cannot be controlled properly.
95,9cc1dc4ae06a,Medium,Logic Error,"Does not match with Doc, Incorrect Parameter",unlockInWeeks - unlockTime compares seconds even though the logic intends to compare weeks. The greater than two check becomes two seconds instead of two weeks so locks can be extended earlier than documented.
96,d562802cb53a,Medium,"Logic Error, Upgradeable",Does not match with Doc,"The StateTransitionManager contract lacks a way to invoke executeUpgrade() or upgradeChainFromVersion(), preventing forced upgrades of deployed STs in urgent high-risk situations and undermining the documented safeguard mechanism."
97,d9b35c0c87a4,Medium,Pause,Does not match with Doc,Several contracts inherit PausableUpgradeable but do not implement pause and unpause controls. The documented emergency pause mechanism is therefore unavailable for those contracts.
98,fa1836e0615e,Medium,Slippage,Invalid Slippage Control / Missing slippage check,"When minAmount is zero and _ethToDpxEth is true, the code uses getDpxEthPrice instead of getEthPrice to compute minOut. The resulting slippage bound is incorrect."
99,e169bbefc6e2,Medium,Slippage,Invalid Slippage Control / Missing slippage check,Reward tokens are swapped directly to WETH through a fixed path that may not have enough liquidity. Users can receive far less output when a better route exists.
100,e7921851ec01,Medium,Arithmetic,Precision Loss,"Cause: D3VaultLiquidation.finishLiquidation() divides before multiplying when calculating realDebt, causing precision loss. Impact: realDebt is understated, liquidation settles an incorrect debt amount, corrupting vault accounting."
101,51c6dc5fd57f,Medium,Access Control,State Update Inconsistency,"Cause: MToken.stopEarning is not triggered when TTG removes an account from the approved earners list, so earning state is never updated. Impact: a delisted earner keeps accruing the Earner Rate yield indefinitely."
102,51c6dc5fd57f,Medium,Accounting Error,State Update Inconsistency,"Cause: MinterGateway.updateCollateral() lets a minter repeatedly self-penalize an undercollateralized account within one interval, inflating penalties. Impact: runaway penalty growth disfunctions core functions like mintM."
103,51c6dc5fd57f,Medium,Access Control,Bypass Mechanism,"Cause: MinterGateway.updateCollateral lets one compromised validator submit a stale timestamp, bypassing updateCollateralValidatorThreshold. Impact: minter collateral state is reverted to a historical value by a single validator."
104,1167ec3a176e,High,Access Control,Asset Theft,Cause: ArrakisStandardManager.rebalance() lets the restricted executor make module calls that reset the owner's accrued managerFees. Impact: executor deletes the manager fees owed to the ArrakisStandardManager owner.
105,1167ec3a176e,High,Logic Error,State Update Inconsistency,"Cause: ValantisHOTModulePublic.deposit() mishandles the first deposit (notFirstDeposit=false), routing existing pool reserves to the manager. Impact: a new module's initial liquidity is lost to the vault manager."
106,1167ec3a176e,High,Access Control,Asset Theft,Cause: ArrakisStandardManager.rebalance() lets the restricted executor craft module calls that mint vault shares at a manipulated price. Impact: executor mints near-free shares and drains 100% of vault reserves.
107,1167ec3a176e,High,Access Control,Asset Theft,"Cause: ArrakisStandardManager.setModule runs executor-supplied payloads_ on the newly whitelisted module without validation, letting a withdraw be slipped in after initializePosition. Impact: a malicious executor drains the entire vault."
108,1167ec3a176e,High,DoS,Bad Condition,"Cause: ValantisHOTModulePublic recomputes the required token amounts differently than ArrakisPublicVaultRouter forwarded, so the module pulls a mismatched amount. Impact: addLiquidity reverts, blocking all public-vault deposits (DoS)."
109,1167ec3a176e,High,MEV,Front Run,"Cause: ArrakisMetaVaultPrivate.fund deposits amount0_/amount1_ with no slippage or pool-ratio check. Impact: an attacker front-runs to skew the pool ratio, forcing an unbalanced deposit and unbounded loss to the vault owner."
110,1167ec3a176e,Medium,ERC20,safeApprove,"Cause: RouterSwapExecutor approves tokens via OZ 4.9.5 safeApprove, which never resets a non-zero allowance to 0; USDT reverts on such approvals. Impact: every swap routing USDT reverts, making USDT pairs unusable."
111,592eed5791df,Medium,Accounting Error,Precision Loss,"Cause: StakingRewardsV2.rewardPerToken divides low-precision 6-decimal USDC rewards by total supply, so frequent updates make each increment round to zero. Impact: an attacker spams updates so stakers receive 0 of the 10K weekly USDC."
112,103f39b0f29b,Medium,Arithmetic,Rounding Error,"Cause: the swap fee calculation rounds the fee and post-fee amount inconsistently when a pair uses MAX_FEE (1_000), so the computed amounts violate the pool invariant. Impact: swaps of certain sizes on max-fee pairs revert (DoS)."
113,73f6a793d916,High,Access Control,Arbitrary Add/Remove/Set/Call,"Cause: VestingEscrow's clone-with-immutable-args lets a caller forge the immutable arg that sets the delegatecall target, pointing it at a contract that selfdestructs. Impact: the implementation is destroyed, bricking vaults and locking all vested tokens."
114,9470d2cf198f,Medium,Arithmetic,Token Decimal,Cause: Launch.sol participation checks maxTokenAmountPerUser in launch-token units while the currency token has fewer decimals; the decimal conversion lets a user contribute beyond the limit. Impact: per-user cap bypassed.
115,9470d2cf198f,Medium,Accounting Error,State Update Inconsistency,"Cause: Launch.sol::updateParticipation updates userTokens accounting incorrectly when a user reduces their participation, corrupting tracked totals. Impact: loss of user funds, DoS, and a broken protocol invariant."
116,9ddd6b83c27e,High,Access Control,Asset Theft,Cause: WithdrawPeriphery.withdrawToken/redeemToken pull junior-vault shares from a user-supplied `from` address without checking it equals msg.sender. Impact: anyone can steal tokens of users who approved the periphery.
117,9ddd6b83c27e,High,Logic Error,Bad Condition,"Cause: DnGmxJuniorVaultManager._rebalanceBorrow uses a flawed condition and skips rebalancing when only one of the two hedged assets needs it (one price spikes). Impact: hedge drifts, risking vault liquidation."
118,9ddd6b83c27e,Medium,DoS,Bad Condition,"Cause: DnGmxJuniorVaultManager.harvestFees converts WETH fees and stakes them into the senior vault, pushing junior-vault borrowedUSDC past the Aave borrow cap. Impact: later borrows revert, DoSing the vault."
119,9ddd6b83c27e,Medium,Arithmetic,Incorrect Formula,"Cause: DnGmxJuniorVaultManager inverts the USDG->USDC price formula, multiplying by usdcPrice/MAX_PRECISION instead of MAX_PRECISION/usdcPrice. Impact: wrong amount computed, mispricing GLP redemptions."
120,9ddd6b83c27e,Medium,Slippage,Invalid Slippage Control / Missing slippage check,"Cause: WithdrawPeriphery._convertToToken computes the minOut slippage bound in USDC terms for every redeem token, ignoring the target token's price and decimals. Impact: slippage protection broken for non-USDC tokens."
121,9ddd6b83c27e,Medium,Slippage,Hardcoded Parameter,"Cause: WithdrawPeriphery hardcodes MAX_BPS = 1000 instead of 10000 basis points, scaling its slippage threshold 10x too loose. Impact: token withdrawals permit far more slippage than configured, exposing users to value loss and MEV."
122,9ddd6b83c27e,Medium,ERC4626,Inflation Attack,Cause: DnGmxSeniorVault derives share price from totalSupply/totalAssets with no virtual offset; an early depositor mints 1 share then donates assets to inflate the rate. Impact: later deposits round to 0 shares and are stolen by the attacker.
123,9ddd6b83c27e,Medium,Logic Error,Bad Condition,"Cause: DnGmxJuniorVaultManager#_totalAssets applies the `maximize` flag inconsistently across price legs, so NAV is not truly maximized or minimized. Impact: total assets are mis-valued, mispricing share deposits and withdrawals."
124,ee25ec7abd40,High,DoS,Out of Gas,"Cause: migrated withdrawals hardcode the inner CrossDomainMessenger gas limit to 0, wrongly assuming relays are replayable, so calls needing >135,175 gas get too little. Impact: such withdrawals fail unrecoverably, permanently bricking funds."
125,804fe35b0164,Medium,Upgradeable,Missing Initialization,no constructor and no initializers
126,198fa93fabdd,Medium,Pause,State Update Inconsistency,System state can still be changed in the paused status.
127,ee25ec7abd40,High,Arithmetic,Unsafe Downcast,"Cause: the Bedrock migration wipes L2CrossDomainMessenger.successfulMessages, so its relayed-message check always passes and an already-relayed legacy withdrawal replays via its v0 hash. Impact: messages relay twice, double-spending bridged assets."
128,ee25ec7abd40,High,Input Validation,Invalid Validation,"Cause: SafeCall.callWithMinGas's gas formula ignores EIP-150's 63/64 rule and EIP-2929 cold-access costs, so the sub-call can receive less than _minGas. Impact: withdrawals finalize with under-spec gas and fail, losing user funds."
129,ee25ec7abd40,Medium,Access Control,Invalid Validation,"Cause: SafeCall.callWithMinGas reserves _minGas for the inner call but no buffer to continue, so OptimismPortal flags a withdrawal finalized while the L1CrossDomainMessenger relay runs out of gas. Impact: it can't be replayed, losing user funds."
130,ee25ec7abd40,Medium,Input Validation,Invalid Validation,"Cause: CrossDomainMessenger undercounts the gas of cross-chain messages, corrupting the intrinsic gas calculation used for message relaying. Impact: L1/L2 gas discrepancy that can underfund or break relayed messages."
131,ee25ec7abd40,Medium,DoS,Bad Condition,"Cause: an attacker calls a non-existing function on OVM_L2ToL1MessagePasser, so collected witness data mismatches the migration parser and ReadWitnessData returns an error. Impact: Bedrock migration halts until the bad data is cleaned."
132,ee25ec7abd40,Medium,DoS,Bad Condition,"Cause: L1CrossDomainMessenger reverts on low gas; if forwarded gas passes the OptimismPortal check but runs out inside relayMessage, the revert path strands funds. Impact: user's bridged funds lost with no replay."
133,27c6f2a68058,High,Access Control,Invalid Validation,"Cause: ChiikawaToken.mint is public with no onlyOwner or authorization check. Impact: any address can mint unlimited CHIIKAWA tokens, diluting supply and stealing token value."
134,348856fe60ac,Medium,DoS,payable / receive(),Cause: BlackStar.receive() resets releaseTime on any incoming ETH. Impact: an attacker repeatedly sends dust before expiry to keep extending releaseTime and indefinitely block the owner's withdraw().
135,c2426a2ab283,High,Reentrancy,Violating CEI / Missing nonReentrant,"Cause: ChiikawaSticker.claim calls _safeMint before clearing canClaim[msg.sender], violating CEI. Impact: a malicious ERC721 receiver reenters via onERC721Received and mints multiple NFTs from one purchase."
136,a8884f87db1a,High,Accounting Error,Invariant Violation,"Cause: IdentityStaking.release() updates stake accounting incorrectly, breaking the userTotalStaked invariant. Impact: underflow in withdraw methods reverts withdrawals and users lose access to staked funds."
137,b155c4de6012,Medium,Access Control,Cannot Revoke,"Cause: DelegateToken.approve sets approval for a delegateTokenId but provides no function to revoke it. Impact: an approved spender can still call DelegateToken.transferFrom after the holder intends to revoke permission, taking the token without authorization."
138,b155c4de6012,Medium,DoS,Nonce,"Cause: CreateOfferer enforces its contract nonce to increment strictly sequentially, but Seaport contract orders permit skipping nonces. Impact: a skipped order desyncs the nonce, reverting all later orders with InvalidContractNonce and permanently DoSing CreateOfferer."
139,e99e64a8abf1,High,Input Validation,Invalid Validation,"Cause: EvolvingProteus's _swap, _reserveTokenSpecified and _lpTokenSpecified skip the _checkBalances() validation enforcing the pool y/x ratio within [MIN_M, MAX_M). Impact: trades execute at out-of-bounds balances, breaking the bonding-curve invariant."
140,98b7c1691811,High,DoS,Missing Upper/Lower Bound Check,"Cause: XDEFIDistribution.updateDistribution(), callable by anyone, computes _pointsPerUnit += newXDEFI*_pointsMultiplier/totalUnitsCached unbounded; locking 1 wei shrinks totalUnits, inflating _pointsPerUnit. Impact: overflow bricks distribution and freezes user funds."
141,98b7c1691811,High,Reentrancy,Violating CEI / Missing nonReentrant,"Cause: XDEFIDistribution.lock() calls _safeMint before updating totalDepositedXDEFI, and updateDistribution() lacks the noReenter modifier. Impact: an attacker re-enters via the _safeMint receiver callback to manipulate distribution and steal all rewards."
142,98b7c1691811,Medium,ERC721,Duplicate Value,"Cause: XDEFIDistribution._generateNewTokenId packs position score in the upper 128 bits and supply index in the lower 128 bits; an edge case yields a duplicate tokenId. Impact: _safeMint reverts on the existing id, blocking lock() and freezing funds."
143,0315ba9d8121,High,Accounting Error,State Update Inconsistency,"Cause: BendDAO's Etherfi/Lido yield deposit (shares-based) mismatches getAccountYieldBalance() when multiple staked NFTs share one YieldAccount. Impact: per-NFT yield is mis-accounted, letting some NFTs withdraw excess while pushing others toward liquidation."
144,0315ba9d8121,High,Input Validation,Invalid Validation,"Cause: isolateRepay() validateIsolateRepayBasic checks onBehalf!=address(0) but not onBehalf==nftOwner. Impact: attacker sets onBehalf!=nftOwner, maliciously cutting userScaledIsolateBorrow[onBehalf], corrupting victim debt."
145,0315ba9d8121,High,ERC721,State Update Inconsistency,Cause: erc721DecreaseIsolateSupplyOnLiquidate() never clears tokenData.lockerAddr when isolateLiquidate(supplyAsCollateral=false) transfers the NFT out. Impact: stale lockerAddr leaves erc721TokenData inconsistent.
146,0315ba9d8121,High,Access Control,Asset Theft,"Cause: IsolateLogic.sol isolate liquidation (L477) lacks a msg.sender check tying the caller to the auction winner. Impact: after the auction anyone, not just the highest bidder, can claim and steal the NFT collateral."
147,0315ba9d8121,High,Liquidation,Missing Functionality,"Cause: BendDAO has no mechanism to handle bad debt when collateral crashes or debt spikes; ERC721 positions become unprofitable to liquidate. Impact: unrepaid debt accumulates, leaving the protocol insolvent."
148,0315ba9d8121,High,DoS,onERC721Received callback,"Cause: YieldAccount.sol lacks onERC721Received, so the WithdrawRequestNFT minted during YieldEthStakingEtherfi unstake() cannot be received. Impact: unstake reverts, permanently locking users' staked eETH/ETH."
149,0315ba9d8121,High,DoS,Bad Condition,"Cause: IsolateLogic.executeIsolateAuction() (L464) underflows computing auction timing against nftAssetData.auctionDuration. Impact: the auction call reverts, locking the liquidated NFT and blocking liquidation."
150,0315ba9d8121,High,DoS,Incorrect Parameter,"Cause: YieldStakingBase.sol unstake/repay (L312, L384) pass the wrong yield account address. Impact: botAdmin transactions to unstake and repay risky positions revert, leaving risky positions exposed."
151,8a20eb1e521f,Medium,Logic Error,Bad Condition,"Cause: _doCheckValueType in LeverageMacroBase reverses the gte and lte operator branches, performing opposite comparisons in post-operation checks. Impact: validation passes when it should revert, letting leverage operations bypass intended guards."
152,8a20eb1e521f,Medium,call / delegatecall,Missing Return Check,"Cause: EbtcLeverageZapRouter.openCdpWithEth/adjustCdpWithEth stake ETH to Lido via a low-level call, wrongly assuming reverts bubble up. Impact: failed Lido stakes go undetected and execution continues with incorrect amounts."
153,485f7b9ccb0a,Medium,Logic Error,Bad Condition,"Cause: ThrusterTreasure.enterTickets allows entering tickets in a round after its winning tickets are drawn and prizes partly claimed via claimPrizesForRound. Impact: late entrants shift ticket ranges, skewing or stealing already-determined prizes."
154,485f7b9ccb0a,Medium,Accounting Error,Incorrect Formula,"Cause: ThrusterTreasure.claimPrizesForRound pays each winner the full prize amount without dividing by numWinners. Impact: early claimers drain the whole WETH/USDB prize pool, leaving remaining winners unable to claim."
155,485f7b9ccb0a,Medium,Logic Error,State Update Inconsistency,"Cause: ThrusterTreasure.claimPrizesForRound loops up to maxPrizeCount, which the owner can change anytime via setMaxPrizeCount. Impact: lowering it skips valid prizes in past rounds, making winners' prizes unclaimable."
156,485f7b9ccb0a,Medium,Logic Error,Implementation Error,"Cause: ThrusterPoolDeployer.claimGas requests the Blast gas claim for address(0) instead of the deployer contract itself. Impact: it can never claim the gas fees it accrues, permanently forfeiting that gas yield."
157,485f7b9ccb0a,Medium,Accounting Error,State Update Inconsistency,"Cause: ThrusterFactory.setYieldCut changes the yield cut without first minting accrued protocol fees for existing pools. Impact: the prior period's fees get charged at the new cut instead of the old, misaccounting protocol revenue."
158,54405135ebf3,High,Access Control,Centralization Risk,"Cause: asD.withdrawCarry miscalculates accrued interest, underestimating the carry available against the underlying cNote position. Impact: the rightful owner cannot withdraw all interest earned, permanently locking part of the yield in the contract."
159,54405135ebf3,Medium,Liquidation,No Incentive to Liquidate,"Cause: Market.liquidateClean gives no reward when a position's leftover collateral is tiny (after a prior partial liquidation or rate shift), so liquidators stop calling it. Impact: small bad-debt positions are never cleared, accumulating systemic protocol bad debt."
160,54405135ebf3,Medium,Logic error,Bad Condition,"Cause: Market.buyShares does not settle the buyer's accrued fees on already-owned tokens before increasing their balance. Impact: previously held tokens forfeit the fee share from the new purchase, causing a loss of rewards for existing holders."
161,7bbe3d81960c,High,Logic Error,Does not match with Doc,"Cause: coinswap params.go (used by swap.go) hardcodes the pre-defined swap limit at a value differing from the spec's 0.01 ETH. Impact: the on-chain risk-management threshold contradicts documentation, misleading users on when a swap will fail."
162,7bbe3d81960c,Medium,Logic error,Missing Return Check,"Cause: onboarding ibc_callbacks.go swallows the error from coinswapKeeper.TradeInputForExactOutput and uses swappedAmount regardless. Impact: a failed swap leaves swappedAmount invalid, corrupting the ERC20 conversion and IBC transfer accounting."
163,fee749ecd513,High,DoS,Bad Condition,"Cause: Witch.auction lacks a zero check, so with the default auctioneerReward=0 the Join transfers collateral to address(0); tokens that revert on zero-address transfers make liquidate revert. Impact: non-liquidatable auctions and systemic bad debt."
164,fee749ecd513,High,Liquidation,Incorrect Parameter,"Cause: Witch.auction miscalculates the debt (art) and collateral moved; a small line.proportion pushes art below minimum debt, forcing the whole position. Impact: the entire collateral is auctioned instead of the intended fraction."
165,4ef0b4d678ab,High,Reentrancy,Violating CEI / Missing nonReentrant,"Cause: Pair.buy (and add/remove/sell) violates CEI, sending fractional tokens before collecting base tokens; an ERC777 base token's transfer hook re-enters at a stale price. Impact: attacker buys fractions at a large discount, draining the pool."
166,4ef0b4d678ab,High,Slippage,Missing minOut / maxAmount,Cause: Pair.add mints LP from the lesser-valued deposit but keeps the full amount of both tokens with no refund or min-LP slippage check. Impact: liquidity providers lose the excess portion of one pair token when the pool ratio shifts.
167,4ef0b4d678ab,High,Input Validation,Inflation Attack,Cause: Pair.add sets first-deposit LP shares to sqrt(baseAmount*fractionalAmount) with no minimum-liquidity lock; the first depositor mints 1 wei then donates tokens to inflate share price. Impact: later deposits round to zero shares and are stolen.
168,4ef0b4d678ab,Medium,Slippage,Missing deadline,"Cause: Pair.add/buy/sell accept no deadline parameter, so swaps and liquidity actions never expire. Impact: a validator or MEV bot can hold a pending transaction and execute it later at an unfavorable price, causing user losses."
169,4ef0b4d678ab,Medium,Arithmetic,Token Decimal,"Cause: Pair.price() returns baseReserves*1e18/fractionalReserves, assuming an 18-decimal base token; for tokens like USDC (6 decimals) it isn't 18-decimal as documented. Impact: mispriced quotes break integrations relying on price() precision."
170,4ef0b4d678ab,Medium,Arithmetic,Rounding Error,"Cause: Pair.buyQuote() rounds the required input amount down instead of up, so for small purchases the computed cost truncates to zero. Impact: buyers receive fractional tokens for free, draining the pool and risking insolvency."
171,4ef0b4d678ab,Medium,Logic Error,Bypass Mechanism,Cause: Pair.wrap/unwrap exchange any whitelisted NFT id for exactly 1e18 fractional tokens with no fee and don't track held ids. Impact: attacker freely swaps NFT ids and wrap/unwraps the Pair's NFTs to steal airdrops tied to those token ids.
172,4ef0b4d678ab,Medium,Oracle,Price Manipulation / Arbitrage opportunity,"Cause: Pair.price() derives price from the contract's raw token balances, so anyone can skew it by sending tokens directly to the Pair. Impact: integrations using price() as an oracle can be manipulated to steal funds."
173,099243e83259,High,Input Validation,Invalid Validation,Cause: GiantSavETHVaultPool's weak vault authenticity check fails to verify a passed savETH vault belongs to a legitimate LSDN. Impact: attacker supplies a malicious vault to drain ETH/dETH from the giant pool.
174,099243e83259,High,Accounting Error,Incorrect Formula,"Cause: SyndicateRewardsProcessor's reward accounting uses a wrong formula, mis-tracking per-token ETH owed. Impact: any LP token holder can steal other LP holders' ETH from the fees and MEV vault."
175,099243e83259,High,Reentrancy,Violating CEI / Missing nonReentrant,"Cause: SyndicateRewardsProcessor._distributeETHRewardsToUserForToken sends ETH before updating reward state (CEI violation, no nonReentrant). Impact: attacker re-enters to claim rewards repeatedly and drain the vault."
176,099243e83259,High,Accounting Error,Asset Theft,"Cause: Syndicate uses = instead of += when updating accrued ETH for free-floating SLOT holders, overwriting prior accounting. Impact: a malicious user can steal all claimable ETH belonging to free-floating SLOT holders."
177,099243e83259,High,Accounting Error,Asset Theft,"Cause: StakingFundsVault accounting isn't reset per validator after derivatives are minted, so old stakers' claim covers later deposits. Impact: one old staker (4 ETH) can steal all ETH deposited by new stakers."
178,099243e83259,High,Reentrancy,Violating CEI / Missing nonReentrant,"Cause: LiquidStakingManager.withdrawETHForKnot sends ETH before marking the BLS public key invalid (CEI violation). Impact: a node runner re-enters to withdraw ETH repeatedly, draining funds from the smart wallet."
179,099243e83259,High,DoS,State Update Inconsistency,"Cause: LiquidStakingManager's LifecycleStatus state machine can be driven into an inconsistent state and gets stuck. Impact: permanent freeze - depositors cannot withdraw ETH, claim rewards or rotate tokens; the protocol becomes insolvent."
180,099243e83259,High,DoS,No Recovery Mechanism,Cause: GiantMevAndFeesPool's GiantLP leaves inherited ERC20 transfer functions unguarded; a malicious user triggers the transfer hook to corrupt reward accounting. Impact: pool rewards become permanently locked for all users.
181,099243e83259,High,Accounting Error,Asset Theft,"Cause: SyndicateRewardsProcessor in GiantMevAndFeesPool sets no per-user reward baseline at deposit, so accrued share counts all historic rewards. Impact: the first user to claim collects every reward, even those earned before they deposited."
182,099243e83259,High,Accounting Error,Asset Theft,"Cause: GiantPoolBase.withdrawETH reduces idleETH before burning the LP token, inflating GiantMevAndFeesPool.totalRewardsReceived (balance+totalClaimed-idleETH). Impact: the withdrawer's reward claim is inflated, letting them steal most pool ETH."
183,099243e83259,High,DoS,Bad Condition,"Cause: GiantLP fires transferHookProcessor.beforeTokenTransfer on burn with _to=address(0), so GiantMevAndFeesPool._distributeETHRewardsToUserFor reverts on the zero address. Impact: GiantLP can never be burned, locking users' funds in the Giant Pool."
184,e0d2d83ea351,High,Access Control,Asset Theft,"Cause: MultiRewardStaking.changeRewardSpeed, reachable via VaultController, lacks access control, letting any attacker change a reward token's reward speed on any Staking contract. Impact: attacker drains up to 99% of that reward token's balance."
185,099243e83259,High,DoS,State Update Inconsistency,"Cause: GiantMevAndFeesPool.afterTokenTransfer never lowers the sender's claimed[] when LP tokens are transferred away, so it keeps their old higher balance. Impact: the sender's later reward claims revert (pool DoS) and future rewards are orphaned."
186,e0d2d83ea351,High,Reentrancy,"Violating CEI / Missing nonReentrant, ERC777 Callback",Cause: MultiRewardStaking lacks nonReentrant and violates CEI; an ERC777 reward token's transfer callback re-enters claimRewards before reward state updates. Impact: attacker drains the entire staking reward token balance.
187,099243e83259,High,Input Validation,Asset Theft,"Cause: GiantMevAndFeesPool.bringUnusedETHBackIntoGiantPool does not validate the caller-supplied _stakingFundsVaults, accepting a fake vault to rotate _oldLPTokens for _newLPTokens. Impact: real LPTokens drained from the pool."
188,e0d2d83ea351,High,Input Validation,Asset Theft,Cause: BeefyAdapter does not validate the vault-owner-supplied _beefyBooster and approves _beefyVault tokens to it. Impact: a malicious _beefyBooster pulls and steals the adapter's underlying tokens.
189,099243e83259,High,Accounting Error,Asset Theft,"Cause: GiantMevAndFeesPool.totalRewardsReceived returns balance + totalClaimed - idleETH, wrongly subtracting idleETH from rewards. Impact: rewards are inflated, letting an attacker claim and steal most ETH from the Giant Pool."
190,e0d2d83ea351,High,Access Control,Invalid Validation,"Cause: VaultController and AdapterBase let any creator who reuses an existing adapter pause it, lacking owner validation. Impact: an attacker creating a vault with the same adapter can pause any victim vault (DoS)."
191,a1ee58021528,High,Access Control,Invalid Validation,Cause: execute_fabricate_anchor_claim and execute_fabricate_mir_claim do not restrict the caller to the Hub contract. Impact: anyone can submit FabricateMIRClaim and FabricateANCClaim messages to fabricate airdrop claims.
192,099243e83259,High,DoS,State Update Inconsistency,Cause: GiantMevAndFeesPool.bringUnusedETHBackIntoGiantPool withdraws vault ETH via withdrawUnusedETHToGiantPool but never increments idleETH. Impact: the returned ETH is not withdrawable and stays stuck in the Giant Pool.
193,099243e83259,High,Reentrancy,Violating CEI / Missing nonReentrant,Cause: GiantMevAndFeesPool.withdrawETH sends ETH via _distributeETHRewardsToUserForToken inside lpTokenETH.burn's beforeTokenTransfer hook while claimRewards lacks the nonReentrant modifier. Impact: attacker reenters claimRewards to drain pool ETH rewards.
194,099243e83259,High,Accounting Error,State Update Inconsistency,Cause: GiantSavETHVaultPool.bringUnusedETHBackIntoGiantPool returns ETH to the giant pool but never increments the idleETH accounting variable. Impact: the recovered ETH is unaccounted and those funds are permanently lost.
195,e0d2d83ea351,High,Accounting Error,Incorrect Formula,"Cause: MultiRewardStaking.changeRewardSpeed derives the new rewardsEndTimestamp from the contract's reward-token balance, not the tokens left to distribute, ignoring unclaimed rewards owed to users. Impact: reward duration is miscalculated."
196,ba93b3b8d7cf,High,call / delegatecall,Missing Return Check,"Cause: LidoVault._withdrawFromYieldPool places the require(sent) ETH-transfer success check after the return statement, making it unreachable. Impact: a failed transfer does not revert and users lose their funds."
197,099243e83259,High,Accounting Error,State Update Inconsistency,Cause: Syndicate.unstake fails to update the sETHUserClaimForKnot mapping when sETH is withdrawn. Impact: after a partial unstake the user is under-credited and claims less ETH than owed on remaining staked sETH.
198,e0d2d83ea351,High,Arithmetic,Token Decimal,Cause: MultiRewardStaking._accrueRewards scales deltaIndex by 10**decimals() while _accrueUser divides supplierDelta by rewards.ONE; mismatched staking vs reward-token decimals inflate rewards. Impact: any user can drain the entire reward fund.
199,099243e83259,High,Accounting Error,State Update Inconsistency,Cause: GiantPoolBase.withdrawETH burns the user's giant LP tokens but never calls _onWithdraw or _distributeETHRewardsToUserForToken from GiantMevAndFeesPool. Impact: users with unclaimed ETH rewards forfeit them on withdrawal.
200,e0d2d83ea351,High,Accounting Error,State Update Inconsistency,"Cause: Vault.sol updates highWaterMark on every deposit, withdraw and mint, not only on performance-fee accrual. Impact: the mark follows the current share price, so the protocol never accrues performance fees and loses revenue."
201,dd17040a53bc,High,DoS,Bad Condition,"Cause: BasketFacet's exit enforces a MIN_AMOUNT total-supply check, blocking the final redemption once the basket nears MIN_AMOUNT. Impact: the last MIN_AMOUNT of underlying tokens can never be withdrawn and stay locked forever."
202,099243e83259,High,Accounting Error,State Update Inconsistency,"Cause: GiantMevAndFeesPool.depositETH calls _onDepositETH/_setClaimedToMax, setting claimed to max without first paying the depositor's pending rewards. Impact: users lose accrued unclaimed ETH rewards on every new deposit."
203,dd17040a53bc,High,ERC20,No Recovery Mechanism,Cause: BasketFacet/SingleNativeTokenExitV2 joins pull underlying tokens but never refund the unused leftover when amounts shrink after an annualizedFee mint. Impact: stranded underlying tokens can be swept and stolen by any attacker.
204,ba93b3b8d7cf,High,Slippage,Hardcoded Parameter,"Cause: GeneralVault.sol hardcodes a 99% slippage limit on withdrawal swaps (e.g. LidoVault stETH->ETH). Impact: if the yield token's price drops below 99% during market turbulence, withdrawals revert and user funds freeze."
205,b2a8c124d062,High,DoS,Does not match with Doc,"Cause: Swivel.withdraw's Yearn branch passes `a` to IYearn.withdraw as shares, while the Compound/Aave/Euler/ERC4626 branches treat `a` as underlying amount. Impact: Yearn-market zcToken redemptions break, permanently locking user funds."
206,9befb133ee74,High,Access Control,Bad Condition,"Cause: Controller.distributeStrategyGainLoss checks vaultIndexes[msg.sender] with a wrong operator, so the default index 0 passes the caller check for any address. Impact: anyone can report fake gains and arbitrarily mint GVT tokens."
207,e6e43dfea59f,High,Access Control,Bad Condition,"Cause: StakedCitadel._withdraw calls vesting.setupVesting(), but StakedCitadelVester names the function vest(); the mismatched name reverts the external call. Impact: every withdrawal reverts, permanently locking staked funds."
208,a1ee58021528,High,Oracle,Stale Value,"Cause: oracle.feed_prices() sets last_updated_time to the current block.time, not the price's observation time, so delayed txs store stale prices as fresh. Impact: during congestion stale feeds pass staleness checks, disrupting pricing."
209,e0d2d83ea351,High,Input Validation,Invalid Validation,"Cause: VaultController.deployVault accepts a caller-supplied staking address without validating it against the TemplateRegistry. Impact: anyone can deploy a Vault wired to a malicious Staking contract, draining user funds/rewards."
210,9befb133ee74,High,Arithmetic,Unsafe Downcast,"Cause: on Solidity 0.6.x, casts like int256(a-b) and int256(-x) do the uint math first, silently underflowing to ~2**256-1 before the cast (no revert). Impact: corrupted signed values feed into accounting calculations."
211,e6e43dfea59f,High,Logic error,Bad Condition,"Cause: StakedCitadel uses token.balanceOf(address(this)) for share accounting instead of an internally tracked balance. Impact: a direct token transfer inflates pricePerShare, letting an attacker manipulate deposits and steal funds."
212,e0d2d83ea351,High,Accounting Error,State Update Inconsistency,"Cause: MultiRewardStaking.withdraw accrues rewards for caller and receiver but never owner, whose shares burn. Impact: in third-party withdrawals the owner's accrued staking rewards are never credited and lost forever."
213,97843b77b287,High,DoS,Bad Condition,Cause: SherXERC20.payOffDebtAll loops over every protocol; _payOffDebt reverts when one protocol lacks funds for its premium. Impact: a single under-funded protocol DoSes all core functions that must pay off debt first.
214,9befb133ee74,High,"Accounting Error, Cross-Chain",Bad Condition,"Cause: Buoy3Pool.safetyCheck only verifies a/b and a/c price ratios stay within BASIS_POINTS, never b/c, which by transitivity can deviate up to 2*BASIS_POINTS. Impact: an undetected USDC/USDT depeg passes the check, allowing mispriced deposits/withdrawals."
215,e6e43dfea59f,High,Logic error,Bad Condition,"Cause: StakedCitadel._withdraw calls vesting.setupVesting(), but StakedCitadelVester exposes that function as vest(); the name mismatch makes the call revert. Impact: every vested withdrawal reverts, permanently locking user funds."
216,7b5e1803022e,High,ERC4626,Rounding Error,"Cause: wfCashERC4626's convert/preview/deposit/withdraw functions round in users' favor, breaking EIP-4626's required opposing-rounding-direction rule. Impact: attackers exploit the rounding to extract value from the vault's other shareholders."
217,7100a75d6ebd,High,Chainlink,Stale Value,"Cause: JBChainlinkV3PriceFeed.getPrice reads Chainlink latestRoundData without validating updatedAt for staleness or round completeness. Impact: an outdated price is accepted in payment logic, mispricing payments and token mint amounts."
218,099243e83259,High,Reentrancy,Violating CEI / Missing nonReentrant,"Cause: GiantSavETHVaultPool.withdrawDETH accepts user-supplied savETH vault addresses and calls them with no whitelist check or nonReentrant guard. Impact: a malicious vault reenters to drain the pool's dETH, stealing other users' funds."
219,9befb133ee74,High,Logic Error,Bad Condition,"Cause: sortVaultsByDelta initializes minDelta to 0, so the delta < minDelta check never holds when all deltas are positive, leaving minIndex equal to maxIndex (0). Impact: returns duplicate vault indexes, mis-ordering rebalances."
220,e6e43dfea59f,Medium,Logic error,Bad Condition,"Cause: Funding.deposit reverts when no discount is configured (discount == 0) because its citadel-amount price calculation assumes a nonzero discount. Impact: all deposits are blocked until a discount is set, a denial of service."
221,7100a75d6ebd,High,DoS,Front Run,"Cause: JBTokenStore.changeFor lets an attacker front-run the project owner's token change with their own token address, blocking the legitimate change. Impact: project token swap is permanently DoS'd and can be hijacked."
222,a1ee58021528,High,Access Control,Bypass Mechanism,"Cause: distributor/community contract.rs spend never decrements config.spend_limit after spending, so the owner can submit repeated txs each at the limit. Impact: spend_limit is bypassed, enabling unlimited fund withdrawal."
223,e0d2d83ea351,High,Access Control,Arbitrary Add/Remove/Set/Call,"Cause: AdapterBase invokes the Strategy via delegatecall, granting it full write access to the adapter's storage slots. Impact: a malicious strategy can arbitrarily overwrite adapter state and drain user funds."
224,1d8f1f43cde9,High,Oracle,State Update Inconsistency,"Cause: ScalingPriceOracle._updateCPIData resets oraclePrice each fulfill to last month's price plus interpolation, never compounding monthly APRs. Impact: reported price diverges from the true compounded value."
225,dd17040a53bc,Medium,ERC20,Missing Return Check,"Cause: SingleNativeTokenExitV2.exit calls outputToken.transfer without checking its bool return, so tokens that return false on failure appear to succeed. Impact: failed transfers pass silently, causing fund loss."
226,9befb133ee74,Medium,Chainlink,Deprecated Library,"Cause: Buoy3Pool uses Chainlink's deprecated latestAnswer, which returns 0 instead of reverting when no fresh answer exists. Impact: a zero/stale price is fed to pricing, mispricing deposits and withdrawals."
227,e6e43dfea59f,Medium,Oracle,Price Manipulation / Arbitrage opportunity,"Cause: KnightingRound.buy fills at the current tokenOutPrice; an owner setTokenOutPrice tx front-running a user's buy changes their execution price. Impact: users buy tokens at an unexpected, unfavorable price."
228,9befb133ee74,Medium,Chainlink,Deprecated Library,"Cause: Buoy3Pool's Chainlink oracle wrapper reads prices via the deprecated latestAnswer() with no latestTimestamp/latestRound freshness check. Impact: stale prices accepted, corrupting LP valuation and peg sanity checks."
229,e6e43dfea59f,Medium,Oracle,Price Manipulation / Arbitrage opportunity,"Cause: when citadelPriceFlag is cleared, the oracle returns the last cached price instead of reverting, with no staleness check. Impact: mints and sales execute at outdated prices, enabling arbitrage against the protocol."
230,7100a75d6ebd,Medium,Access Control,Centralization Risk,"Cause: JBController.changeTokenOf can transfer JBToken ownership to any address, and JBToken.mint enforces no supply cap. Impact: the new owner can mint arbitrary token amounts, diluting holders and draining project value."
231,b2a8c124d062,Medium,Logic Error,Bad Condition,"Cause: VaultTracker.removeNotional and transferNotionalFrom compare amount with `a > vlt.notional` instead of `a >= vlt.notional`. Impact: dust is always stranded in vlt.notional, blocking complete withdrawal of notional."
232,9befb133ee74,Medium,Arithmetic,Token Decimal,"Cause: BaseVaultAdaptor.calculateShare uses amount*10^decimals/sharePrice, assuming sharePrice and the vault share the token's decimals. Impact: vaults with differing decimals miscompute shares, mispricing deposits/withdrawals."
233,e6e43dfea59f,Medium,Arithmetic,Token Decimal,"Cause: StakedCitadel credits using the passed-in amount instead of the actual token balance change (balanceOf before/after) for accounting. Impact: fee-on-transfer tokens over-credit shares, corrupting vault internal accounting."
234,7100a75d6ebd,Medium,Input Validation,Invalid Validation,"Cause: JBSplitsStore's check that new splits include the current locked splits ignores the preferClaimed and preferAddToBalance fields. Impact: locked splits can be altered before lock expiry, breaking their immutability guarantee."
235,a4d91fb1550f,Medium,Accounting Error,Fee On Transfer Token,"Cause: DInterest.deposit trusts the depositAmount parameter instead of the actual balance received, so fee-on-transfer/deflationary tokens credit more principal than transferred. Impact: wrong interest rate calculations on inflated principal."
236,e0d2d83ea351,Medium,DoS,Missing Functionality,"Cause: YearnAdapter._protocolWithdraw calls the Yearn vault withdraw without passing a maxLoss argument, so any vault loss makes it revert. Impact: Vault.withdraw/redeem are permanently DoS'd and deposited assets get stuck."
237,e0d2d83ea351,Medium,Input Validation,Invalid Validation,"Cause: VaultController.addRewardToken and MultiRewardStaking apply escrow config (duration/offset) with no validity checks, accepting faulty values. Impact: reward tokens sent to the Staking contract become permanently locked."
238,e0d2d83ea351,Medium,ERC4626,Not EIP Compliant,"Cause: Vault.withdraw uses convertToShares (rounds down) instead of previewWithdraw (rounds up) to compute shares burned, breaking ERC4626. Impact: users burn fewer shares than the assets withdrawn, draining the vault."
239,7b5e1803022e,Medium,Access Control,Asset Theft,"Cause: NotionalTradeModule._mintFCashPosition approves _maxSendAmount to the fCash wrapper but never zeroes the residual allowance after minting. Impact: leftover approval lets the wrapper pull remaining SetToken funds, theft."
240,7100a75d6ebd,Medium,ERC20,Missing Return Check,Cause: JBETHERC20SplitsPayer/JBETHERC20ProjectPayer call ERC20 transfer/transferFrom without checking the bool return value instead of using SafeERC20. Impact: silently-failing non-standard tokens cause lost or stuck funds.
241,dd17040a53bc,Medium,call / delegatecall,Missing Return Check,Cause: CallFacet.call/singleCall execute a low-level .call() but never check the returned success bool. Impact: failed calls pass silently and the ETH forwarded with the call is locked in the contract.
242,7b5e1803022e,Medium,ERC777,ERC777 Callback,"Cause: redeem() computes amount from balanceOf(receiver) around an ERC777 transfer; the token hook hands control to the receiver who moves tokens mid-call. Impact: balance delta is wrong, letting the user alter redeemed amount."
243,a4d91fb1550f,Medium,DoS,Invalid Validation,"Cause: MPHMinter.distributeFundingRewards omits a mph.owner()==address(this) check; if MPHMinter isn't mph owner, mph.ownerMint reverts. Impact: DInterest.withdraw, rolloverDeposit and payInterestToFunders all revert (DoS)."
244,af8e4af75dc2,Medium,ERC20,Missing Return Check,"Cause: Market.sol calls IERC20.transfer/transferFrom and ignores the returned bool; tokens that return false on failure don't revert. Impact: failed transfers pass as successful, corrupting accounting and losing funds."
245,7100a75d6ebd,Medium,DoS,Out of Gas,"Cause: a Juicebox project owner sets splits in JBSplitsStore with a malicious allocator; distributeReservedTokens loops and calls each. Impact: a reverting or gas-heavy split DoSes the whole distribution, griefing recipients."
246,af8e4af75dc2,Medium,DoS,Front Run,"Cause: Market.repay requires amount<=debts[user]; an attacker front-runs the borrower with a 1-wei repay, shrinking debt below amount. Impact: the victim's repay reverts, DoSing debt repayment via front-running."
247,e169bbefc6e2,Medium,Chainlink,Deprecated Library,"Chainlink pricer is using a deprecated API. _Submitted by cccz, also found by 0xDjango, 0xkatana, berndartmueller, Cr4ckM3, defsec, horsefacts, hyh, JMukesh, joshie, Jujic, pedroais, peritoflores, rayn, reassor, Ruhum, and WatchPug_ According to Chainlink's documentation, the latestAnswer function is deprecated. This function might suddenly stop wo"
248,af8e4af75dc2,Medium,Liquidation,Unfair Liquidation,"Cause: Market.liquidate lacks a health-factor cap; seizing collateral plus liquidationBonus can exceed debt repaid, lowering the borrower's C/D. Impact: liquidation leaves the position less healthy, enabling over-liquidation."
249,2c5e13b4e147,Medium,Accounting Error,Fee On Transfer Token,"Cause: Gravity.sol credits the transferFrom amount without checking the actual received balance; a fee-on-transfer _tokenContract delivers less. Impact: balances are over-credited, draining other users' funds."
250,7100a75d6ebd,Medium,Chainlink,Missing Return Check,"Cause: JBPrices/JBChainlinkV3PriceFeed calls Chainlink latestRoundData without handling reverts, and feeds are immutable once configured. Impact: a feed revert permanently bricks all price queries, locking oracle access."
251,af8e4af75dc2,Medium,Reentrancy,ERC777 Callback,Cause: Market.withdraw (L464) transfers collateral before updating state; with ERC777 collateral the tokensToSend hook lets the user reenter. Impact: attacker drains the entire escrow collateral while keeping the loan.
252,7100a75d6ebd,Medium,Input Validation,Invalid Validation,Cause: JBFundingCycleStore lacks a check on mustStartAtOrAfter; a huge value overflows so the computed start time lands in the past. Impact: owner bypasses the ballot waiting time and starts a funding cycle early.
253,ba93b3b8d7cf,Medium,DoS,Bad Condition,"Cause: ConvexCurveLPVault._transferYield/_processTreasury don't check for zero amounts before transferring an arbitrary reward token. Impact: a token reverting on zero-value transfers blocks processYield(), halting all reward retrieval."
254,97843b77b287,Medium,Accounting Error,Fee On Transfer Token,"Cause: Sherlock PoolBase books ERC20 balances by requested amount, not actual amount received, ignoring fee-on-transfer/deflationary tokens. Impact: internal bookkeeping overstates balances, letting users withdraw funds never deposited."
255,af8e4af75dc2,Medium,Logic Error,Bad Condition,"Cause: Market.forceReplenish (L566) checks only getCollateralValueInternal (raw collateral value), not whether the position is underwater. Impact: a user in a liquidatable position can still forceReplenish and extract DOLA."
256,dd17040a53bc,Medium,Accounting Error,Incorrect Formula,"Cause: BasketFacet.chargeOutstandingAnnualizedFee() compounds the annualized fee each call, so effective APY depends on call frequency. Impact: frequent calls inflate the fee above the configured rate; rare calls undercharge."
257,dd17040a53bc,Medium,Accounting Error,Incorrect Formula,"Cause: calcOutStandingAnnualizedFee result is minted directly to feeBeneficiary, ignoring that the mint itself raises totalSupply and dilutes the fee shares. Impact: feeBeneficiary receives fewer fees than owed."
258,dd17040a53bc,Medium,DoS,Bad Condition,Cause: joinTokenSingle in SingleTokenJoin.sol and SingleTokenJoinV2.sol lets an attacker manipulate the swap output so the require check fails. Impact: griefing attack reverts any user's join with FAILED_OUTPUT_AMOUNT.
259,ba93b3b8d7cf,Medium,DoS,Bad Condition,"Cause: GeneralVault.withdrawCollateral with _amount=type(uint256).max calls IERC20Detailed(_asset).decimals(), but for native ETH _asset is the zero-address. Impact: max-amount ETH collateral withdrawal reverts."
260,7100a75d6ebd,Medium,Accounting Error,Fee On Transfer Token,"Cause: JBPayoutRedemptionPaymentTerminal credits fee-on-transfer tokens like USDT for the stated amount, not the balance received via transferFrom. Impact: later payouts/redemptions revert on insufficient balance."
261,7b5e1803022e,Medium,DoS,Out of Gas,Cause: NotionalTradeModule._isWrappedFCash try-calls getDecodedID() then wrappedfCashFactory.computeAddress on any component; a malformed non-reverting return forces costly decoding. Impact: gas-bomb DoS.
262,b2a8c124d062,Medium,DoS,Implementation Error,"Cause: Compounding.underlying() resolves the underlying token incorrectly for the Yearn protocol branch, so MarketPlace cannot be created for a Yearn vault. Impact: Yearn vault integration is broken and unusable."
263,a1ee58021528,Medium,Governance,Bad Condition,Cause: anchor gov contract.rs snapshots stake at poll creation but still lets users who stake after the snapshot cast_vote with full weight. Impact: late stakers gain disproportionate voting power over the poll.
264,1d8f1f43cde9,Medium,Logic Error,State Update Inconsistency,"Cause: CoreRef stores `_vcon` as immutable set in the constructor, so when GOVERNOR updates vcon in Core.sol it is never reflected in CoreRef._vcon and cannot be fixed. Impact: protocol components read a stale vcon address."
265,7100a75d6ebd,Medium,Accounting Error,Precision Loss,"Cause: JBPayoutRedemptionPaymentTerminal._feeAmount computes the discounted fee with imprecise integer math (applying _feeDiscount before division), losing precision. Impact: less fee is collected than intended on payouts."
266,97843b77b287,Medium,Accounting Error,Bad Condition,"Cause: SherX yield is paid from unallocatedSherX, which a large payout in Payout.sol depletes; harvest distributes it first-come-first-served. Impact: early users drain full yield while later users receive none."
267,dd17040a53bc,Medium,Access Control,Missing Initialization,"Cause: ERC20Facet.initialize() gates only on empty name/symbol, but setName/setSymbol can reset them to """", re-enabling initialize(). Impact: owner re-initializes to secretly mint tokens, or anyone takes over and mints."
268,af8e4af75dc2,Medium,Liquidation,Bad Condition,"Cause: Market.liquidate derives the liquidation fee from liquidationFeeBps but does not cap it to the user's escrow balance; if escrow is below the fee, gov gets nothing. Impact: governance loses the liquidation fee."
269,ba93b3b8d7cf,Medium,Logic Error,Implementation Error,Cause: GeneralVault.depositCollateral accepts msg.value even when the asset is an ERC20 (!= address(0)); LidoVault/ConvexCurveLPVault retain it via receive(). Impact: ETH sent with an ERC20 deposit is lost in the vault.
270,b2a8c124d062,Medium,Logic Error,Incorrect Parameter,"Cause: Swivel.setFee() ignores its index argument `i` when writing feenominators, so the intended fee slot is never updated. Impact: feenominators are not set as expected, leaving fees misconfigured."
271,8f18f7d5c396,Medium,Accounting Error,Incorrect Parameter,"Cause: Slingshot.executeTrades computes initialBalance for the native token (ETH) via ERC20 balanceOf instead of address(this).balance, so the pre-trade balance is wrong. Impact: output delta miscomputed, mispaying users."
272,dd17040a53bc,Medium,Accounting Error,Invariant Violation,"Cause: BasketFacet.joinPool checks totalSupply + _amount against maxCap but omits the entry fee, so minted fee tokens are unaccounted. Impact: totalSupply can exceed LibBasketStorage maxCap, breaking the supply invariant."
273,dd17040a53bc,Medium,Slippage,Missing deadline,"Cause: SingleTokenJoinV2._joinTokenSingle and SingleNativeTokenExitV2._exit pass block.timestamp to swapExactTokensForTokens, ignoring the struct deadline field. Impact: no deadline protection; swaps can execute at stale prices."
274,1d8f1f43cde9,Medium,Oracle,Bad Condition,"Cause: OracleRef applies the same decimalsNormalizer to both oracle and backupOracle, though the backup may use different decimals. Impact: if the main oracle fails, the backup price is scaled wrongly, returning an incorrect price."
275,1d8f1f43cde9,Medium,Logic error,Front Run,"Cause: MultiRateLimited._updateAddress resets bufferStored to the full bufferCap on update. Impact: an address can frontrun the call, drain its buffer, then spend a fully restored buffer again, bypassing the rate limit."
276,8f18f7d5c396,Medium,Slippage,Fee On Transfer Token,"Cause: Slingshot.executeTrades checks the result amount against finalAmountMin before transferring toToken to the user. Impact: for fee-on-transfer tokens the received amount falls below finalAmountMin, breaking slippage protection."
277,a1ee58021528,Medium,Slippage,Invalid Slippage Control / Missing slippage check,"Cause: the collector contract sweep swaps asset tokens to ANC via Astroport with belief_price unset and config.max_spread unset or misconfigured. Impact: no slippage bound, so an attacker can sandwich the swap for profit."
278,fa1836e0615e,Medium,Slippage,Missing minOut / maxAmount,No slippage protection for bonders. < < When a user calls bond or bondWithDelegate they specify the amount of DpxEth they want to bond for. As part of this call the cost of the bond (in WETH and rDPX) is calculated. The discount provided for a bond depends on the bond discount factor and the amount of rDPX in the reserve. The bond discount factor s
279,af8e4af75dc2,Medium,Oracle,Token Decimal,"Cause: Oracle.sol price normalization (L87/L121) assumes both the token and the Chainlink feed use <=18 decimals. Impact: tokens or feeds with more decimals produce wrong normalized prices, corrupting borrow and liquidation accounting."
280,a1ee58021528,Medium,Accounting Error,State Update Inconsistency,"Cause: execute_epoch_operations computes bAsset rewards/borrow limits from stored config, but the owner updating anc_purchase_factor never triggers it. Impact: rewards and borrow limits are calculated from a stale anc_purchase_factor."
281,af8e4af75dc2,Medium,Logic Error,Bypass Mechanism,"Cause: Market.borrow lets a user pin debt just below the allowed maximum so their DBR deficit is never forced to settle. Impact: the user borrows DOLA indefinitely at 0% interest, evading DBR replenishment."
282,7b5e1803022e,Medium,ERC1155,Asset Theft,"Cause: the wrapper's create2 address is precomputable and onERC1155Received only fires after deploy, so fCash of the wrong maturity/asset can be sent there pre-deployment. Impact: the slot is griefed and minting becomes impossible."
283,a1ee58021528,Medium,Input Validation,Invalid Validation,"Cause: CrossAnchorBridge.depositStable() has its 'token is whitelisted' require commented out. Impact: users deposit non-whitelisted tokens that cannot be processed on the Terra side, freezing the funds on the bridge contract."
284,af8e4af75dc2,Medium,Oracle,Price Manipulation / Arbitrage opportunity,"Cause: Oracle.sol computes day as block.timestamp / 1 days, so the two-day-low protection can be satisfied by manipulating price only across the ~2 blocks straddling a day boundary. Impact: attacker games the dampened price."
285,97843b77b287,Medium,Accounting Error,State Update Inconsistency,"Cause: SherX._doSherX only pays off accrued premiums for tokens that would otherwise revert, while amounts=LibSherX.calcUnderlying(totalSherX) optimistically assumes all premiums are paid. Impact: SherX underlying is overstated."
286,ba93b3b8d7cf,Medium,MEV,Front Run,Cause: YieldManager pays yield pro-rata to current stablecoin balances with no snapshot; attacker front-runs distribution (MEV/Flashbots) with a large just-in-time deposit. Impact: captures an unfair share of yield from honest depositors.
287,7100a75d6ebd,Medium,DoS,Out of Gas,"Cause: JBPayoutRedemptionPaymentTerminal.processFees() loops over the unbounded _heldFeesOf[_projectId] array that _takeFeeFrom keeps growing. Impact: the loop exceeds the block gas limit, so held fees can never be processed."
288,b2a8c124d062,Medium,DoS,Stale Value,"Cause: ZcToken.withdraw/previewWithdraw compute 0 when maturityRate is still 0 (market not yet marked mature after the maturity deadline). Impact: redemption sends the user 0 tokens, losing their funds."
289,af8e4af75dc2,Medium,Chainlink,Invalid Validation,"Cause: Oracle.getPrice/viewPrice reads Chainlink feed.latestAnswer() with no staleness check and no fallback when the feed is blocked and fixedPrices unset. Impact: pricing reverts, making borrowing/liquidations unusable."
290,a1ee58021528,Medium,Access Control,State Update Inconsistency,Cause: anchor_basset_hub allows updating the token_contract config (config.rs) with no migration; undelegation amounts are derived from that token's supply. Impact: changing the address yields incorrect undelegation amounts.
291,dd17040a53bc,Medium,Logic Error,Implementation Error,"Cause: SingleNativeTokenExitV2 assumes the first exchange's last swap holds the outputToken; the trade struct never marks which token is the output. Impact: wrong output token is sent to the user, losing funds."
292,2c5e13b4e147,Medium,Pause,Missing Functionality,"Cause: Gravity.sol exposes no pause/unpause mechanism, so its functions cannot be halted. Impact: during an active hack or exploit, validators cannot stop transfers/logic calls while a fix is prepared, maximizing losses."
293,fa1836e0615e,Medium,ERC4626,Inflation Attack,"A malicious early depositor can manipulate the `LP-Token` price per share to take an unfair share of future user deposits. *Submitted by 0xWagmi, also found by Matin, vangrim, catellatech, MohammedRizwan, Hama, 836541, okolicodes, Inspecktor, erebus, GangsOfBrahmin, Bauchibred, lsaudit, ravikiranweb3, zaevlad, tapir, niki, and [IceBear]("
294,dd17040a53bc,Medium,call / delegatecall,Missing Return Check,"Cause: CallFacet._call makes a low-level _target.call{value:_value}(_calldata) whose failed transfer/return value can be overlooked. Impact: a failed external call is silently treated as success, breaking basket call operations."
295,af8e4af75dc2,Medium,DoS,Front Run,"Cause: Market.forceReplenish lets anyone clear a borrower's DBR deficit; the borrower or attacker front-runs with a dust replenish, removing the deficit. Impact: the full replenisher tx reverts, DoSing forced replenishment."
296,af8e4af75dc2,Medium,Logic Error,Bypass Mechanism,"Cause: Market.repay does not invoke forceReplenish, and forceReplenish is not guaranteed to be called, so a borrower with a DBR deficit repays sending less DOLA. Impact: protocol loses the owed replenishment fees/DOLA."
297,af8e4af75dc2,Medium,Chainlink,Stale Value,"Cause: Oracle uses IChainlinkFeed.latestAnswer() without validating round/staleness (no updatedAt or roundId checks). Impact: stale prices feed market pricing, enabling under-collateralized borrows or wrongful liquidations."
298,b2a8c124d062,Medium,Pause,State Update Inconsistency,"Cause: MarketPlace.authRedeem omits the unpaused(p) modifier applied to other functions. Impact: users can redeem zcTokens and withdraw underlying even while the market is paused, bypassing the pause mechanism."
299,7b5e1803022e,Medium,DoS,Bad Condition,"Cause: wfCashERC4626.deposit/mint/_redeemInternal always call _mintInternal with useUnderlying==true. Impact: for fcash whose asset token is the underlying (TokenType.NonMintable), these calls always revert, DoSing the wrapper."
300,7100a75d6ebd,Medium,Input Validation,Duplicate Value,"Cause: JBSplitsStore.set validates preserved locked splits by matching each to only one existing entry, so a duplicated locked split is matched once and the other discarded. Impact: an owner can drop a locked split, bypassing the lock."
301,af8e4af75dc2,Medium,Oracle,Bad Condition,"Cause: Market.liquidate() prices collateral using the oracle's 2-day-low exchange rate. Impact: incentivizes attackers to briefly manipulate the price feed to trigger profitable liquidations, putting all open debt at risk."
302,d9b35c0c87a4,High,Upgradeable,Missing Initialization,"`VaultProxy` implementation can be initialized by anyone and self-destructed. < <br>< When the VaultFactory contract is deployed and initialized, the initialise method on the newly created VaultProxy implementation contract is never called. As such, anyone can call that method and pass in whatever values they want as arguments. One important argume"
303,ba93b3b8d7cf,Medium,DoS,Out of Gas,"Cause: YieldManager.processYield() and distributeYield() loop over an unbounded list of extra reward tokens (e.g. ConvexCurveLPVault rewards). Impact: gas exhaustion reverts the call, so yields can never be distributed to lenders."
304,afa60bc8003d,Medium,ERC4626,Inflation Attack,Cause: xERC4626.convertToShares() computes shares=assets*totalSupply/assetBalance; the first depositor can donate assets to inflate the share price. Impact: inflation attack steals later depositors' funds via rounding to zero shares.
305,a1ee58021528,Medium,Flashloan,Reward Manipulation,"Cause: anchor_basset_reward pending-yield harvest can be triggered permissionlessly. Impact: an attacker amplifies a flash-loan deposit to capture the resulting reward surge, stealing pending yields from existing stakers."
306,1d8f1f43cde9,Medium,Arithmetic,Bad Condition,"Cause: Deviation.calculateDeviationThresholdBasisPoints() computes (delta*BP_INT)/a without checking a!=0. Impact: when a is 0 the division reverts, breaking callers like isWithinDeviationThreshold and ScalingPriceOracle."
307,a1ee58021528,Medium,Bad Randomness,Bad Condition,"Cause: pick_validator selects an unbonding validator via XorShiftRng seeded from the predictable block height. Impact: the choice can be precomputed, letting an attacker steer unbonding to manipulate validator rewards."
308,af8e4af75dc2,Medium,DoS,Bad Condition,"Cause: Market.sol withdrawal logic divides by collateralFactorBps; if governance sets collateralFactorBps to 0 the division reverts. Impact: all collateral withdrawals become unexpectedly and permanently locked, a DoS."
309,ba93b3b8d7cf,Medium,Uniswap,Hardcoded Parameter,"Cause: YieldManager hardcodes UNISWAP_FEE, forcing every swap onto one fee tier; ETH-path swaps route through the wrong ETH/USDC 1% pool instead of the optimal route. Impact: non-optimal routing causes significant value loss on yield swaps."
310,afa60bc8003d,Medium,DoS,Stale Value,"Cause: xERC4626.beforeWithdraw runs storedTotalAssets -= amount, but storedTotalAssets omits unlockedRewards until the cycle ends, so withdrawals tapping unlocked rewards underflow. Impact: users are blocked from withdrawing until rewardsCycleEnd."
311,7100a75d6ebd,Medium,Access Control,Centralization Risk,"Cause: JBController.changeTokenOf lets the owner replace a project's token, after which the protocol no longer recognizes the oldToken. Impact: oldToken holders can no longer redeem their share of the project's overflowed assets."
312,a1ee58021528,Medium,DoS,Bad Condition,"Cause: in money-market market, claim_rewards calls distributor_contract.spend() to pay rewards, but the distributor enforces a spend_limit and claims exceeding it revert. Impact: users' claim_rewards transactions fail and rewards become unclaimable."
313,b2a8c124d062,Medium,Input Validation,"Asset Theft, Invalid Validation","Cause: ERC20.permit replaced Solmate's require with a flawed check (recoveredAddress != address(0) && recoveredAddress != owner), so a zero recoveredAddress passes. Impact: anyone can grant themselves unlimited approval over address(0)."
314,7100a75d6ebd,Medium,DoS,Refund Failed,Cause: JBPayoutRedemptionPaymentTerminal sends each split payout via _transferFrom to the beneficiary in one loop; with native ETH/ERC777 a malicious beneficiary reverts on receive. Impact: one griefer blocks distribution of all payouts.
315,c20104cb90d7,Medium,Access Control,Centralization Risk,The owner can mint all of the NFTs.
316,c20104cb90d7,Medium,Access Control,Centralization Risk,changing the Start Price or the Lowest price in the middle of the auction could allow the owner to manipulate the price.
317,c20104cb90d7,Medium,DoS,Out of Gas,Use of .send() May Revert if The Recipient's Fallback Function Consumes More Than 2300 Gas
318,b2a8c124d062,Medium,Access Control,Bypass Mechanism,"Cause: ZcToken.redeem() and withdraw() apply the allowance check incorrectly, not properly verifying the caller's allowance from the owner. Impact: a non-owner can redeem or withdraw ZcTokens belonging to the owner, stealing their funds."
319,9befb133ee74,Medium,Flashloan,Bypass Mechanism,"Cause: Controller.switchEoaOnly() lets the owner disable preventSmartContracts, the sole flash-loan guard. Impact: once off, any smart contract can interact with the protocol and exploit underlying flash-loan vulnerabilities."
320,d9b35c0c87a4,Medium,Access Control,Centralization Risk,OPERATOR holds too many privileges; single point of failure.
321,e0d2d83ea351,Medium,ERC4626,Not EIP Compliant,"Cause: Vault.maxWithdraw omits the withdrawal fee charged by Vault.withdraw, returning a larger amount than withdraw allows. Impact: ERC4626 non-compliance; maxWithdraw overstates withdrawable assets and breaks integrators."
322,afa60bc8003d,Medium,Access Control,Invalid Validation,Cause: FlywheelCore.setFlywheelRewards does not verify that newFlywheelRewards' FlywheelCore is this contract. Impact: setting a rewards module not approved for fund access locks current users out of their reward funds.
323,2c5e13b4e147,Medium,Input Validation,Invalid Validation,"Cause: Gravity.updateValset never checks that the new valset's total validator power exceeds the threshold. Impact: a valset with insufficient power can be installed, breaking signature checks and potentially bricking the bridge."
324,97843b77b287,Medium,Upgradeable,Centralization Risk,"Cause: GovDev.updateSolution lets the contract owner run an arbitrary diamondCut, replacing any facet logic. Impact: owner can change any functionality and access or rug all protocol funds; centralization and reputation risk."
325,1d8f1f43cde9,Medium,Logic Error,Missing Upper/Lower Bound Check,"Cause: RateLimited.setBufferCap updates bufferStored then sets the new bufferCap without clamping buffer to it. Impact: stored buffer can exceed the new cap, letting actions consume more than the intended rate limit."
326,1d8f1f43cde9,Medium,Accounting Error,Peg / Depeg,"Cause: NonCustodialPSM redeems VOLT for a stablecoin at the oracle rate minus a fixed fee, but the rising CPI-pegged VOLT price outpaces pcvDeposit backing. Impact: redemptions exceed reserves and the PSM becomes insolvent."
327,7100a75d6ebd,Medium,Reentrancy,Violating CEI / Missing nonReentrant,Cause: JBPayoutRedemptionPaymentTerminal.distributePayoutsOf calls _distributePayoutsOf with external transfers before state updates and no nonReentrant. Impact: re-entrancy lets an attacker double-distribute or drain project funds.
328,9befb133ee74,Medium,Input Validation,Inflation Attack,Cause: GToken.factor() (base supply / total assets) can be forced to 0 by the first depositor via DepositHandler.depositGToken seeding tiny base against large assets. Impact: broken mint/burn math locks or enables theft of funds.
329,d9b35c0c87a4,Medium,Oracle,Stale Value,"Corruption of oracle data. < <br>< ### Proof of Concept Block for lastReportedSDPriceData = 7200<br> Let's make the current block = 21601<br> Now StaderOracle will have data for 14400 and 21600, both blocks are being pushed by nodes and in the prices array.<br> It will be all mixed up. Also, As soon as the 14400 block is finalised, the data for blo"
330,afa60bc8003d,Medium,Accounting Error,Bad Condition,"Cause: ERC20Gauges._decrementWeightUntilFree frees weight only from non-deprecated gauges, ignoring deprecated-gauge weight when computing free weight. Impact: wrong free-weight accounting blocks valid token transfers/withdrawals."
331,a1ee58021528,Medium,Accounting Error,Incorrect Formula,"Cause: compute_interest_raw in market/borrow.rs accrues debt with a simple-interest formula instead of compounding. Impact: real borrow rate and supplier interest vary with update frequency, diverging from the intended rate."
332,a1ee58021528,Medium,Arithmetic,Rounding Error,"Cause: gov/staking.rs withdraw converts amount to shares (amount / total_balance * total_share) and rounds down. Impact: rounding lets an attacker withdraw more shares' worth than owed, stealing other stakers' tokens."
333,a1ee58021528,Medium,DoS,Bad Condition,Cause: custody swap_to_stable_denom dispatches per-token swap sub-messages but only handles the reply of the last; one failing swap reverts the batch. Impact: any unswappable native token permanently locks reward distribution.
334,7b5e1803022e,Medium,ERC777,ERC777 Callback,Cause: wfCash is an ERC777 token; its tokensToSend/tokensReceived hooks hand callers control during DebtIssuanceModule issue/redeem. Impact: attacker reverts in the hook to DoS SetToken mint/redeem or re-enters across modules.
335,a1ee58021528,Medium,Flashloan,Reward Manipulation,Cause: anchor_beth_reward update_global_index() pays rewards pro-rata to current bEth balance with no holding period; attacker flash-borrows or whale-deposits bEth before execute_claim_rewards(). Impact: drains accrued rewards from existing holders.
336,7b5e1803022e,Medium,Logic Error,Does not match with Doc,"Cause: wfCashLogic redeem with opts.transferfCash=true, once hasMatured() is true (L216), cashes fCash out to underlying instead of transferring fCash. Impact: receiver gets underlying not fCash and sender sees no error, so the fCash transfer silently fails."
337,afa60bc8003d,Medium,Access Control,Reward Manipulation,"Cause: FlywheelCore.setBooster() lets an authorized user swap the boost module anytime, retroactively altering reward weights. Impact: a malicious or compromised authority steals all unclaimed rewards and corrupts reward accounting (rug vector)."
338,afa60bc8003d,Medium,Input Validation,Invalid Validation,"Cause: ERC20Gauges._incrementGaugeWeight only checks the gauge is not in _deprecatedGauges, never that it exists in _gauges. Impact: a user incrementing weight on a wrong/nonexistent gauge accrues no rewards and permanently loses them."
339,0315ba9d8121,Medium,Chainlink,Stale Value,"Cause: PriceOracle.getAssetPriceFromChainlink validates only updatedAt != 0 and price > 0, never comparing updatedAt against the feed heartbeat. Impact: stale Chainlink prices are accepted, mispricing collateral and enabling bad borrows/liquidations."
340,0315ba9d8121,Medium,Pause,State Update Inconsistency,"Cause: borrow interest keeps compounding while a pool/asset is paused, yet validatePoolBasic/validateAssetBasic block repay during pause, so debt grows with no way to repay. Impact: on unpause inflated debt triggers mass liquidations of borrowers."
341,0315ba9d8121,Medium,DoS,Refund Failed,Cause: isolated liquidation/auction transfers debt tokens (e.g. USDC) to the borrower/prior bidder; if that address is blacklisted by the token the transfer reverts. Impact: liquidation and auction of the corresponding loan are permanently DOSed.
342,0315ba9d8121,Medium,DoS,No Recovery Mechanism,"Cause: Etherfi owner can invalidate a queued withdrawal, making YieldEthStakingEtherfi.protocolClaimWithdraw() permanently revert; even Etherfi's manual claim leaves it stuck. Impact: debt is never repaid, funds locked."
343,0315ba9d8121,Medium,DoS,EVM Compatibility,"Cause: VaultLogic.wrapNativeTokenInWallet() wraps ETH then calls WETH.transferFrom(address(this),user,amount); Arbitrum WETH lacks the src==msg.sender shortcut, needing allowance, so it reverts. Impact: every caller DoS'd on Arbitrum."
344,0315ba9d8121,Medium,DoS,Missing Upper/Lower Bound Check,"Cause: YieldEthStakingLido has no max-stake limit, so unstake()'s unstETH.requestWithdrawals(allShares) can exceed Lido's MAX_STETH_WITHDRAWAL_AMOUNT and revert. Impact: staked stETH can't be withdrawn or repaid, funds stuck."
345,0315ba9d8121,Medium,Accounting Error,Incorrect Parameter,"Cause: executeYieldBorrowERC20() scales totalSupply by groupData.borrowIndex instead of assetData.supplyIndex in the yieldCap check. Impact: wrong totalSupply breaks the cap, allowing borrows over yieldCap or wrongly blocking valid ones."
346,0315ba9d8121,Medium,Accounting Error,Fee On Transfer Token,"Cause: VaultLogic.erc20TransferInLiquidity() measures balance diff but a final require expects received==amount, so fee-on-transfer tokens (in scope) revert. Impact: FoT deposits broken, accounting wrong in multiple places."
347,0315ba9d8121,Medium,Liquidation,Implementation Error,"Cause: IsolateLending leaves a liquidated borrower's NFT locked after they repay/redeem to close the auction, forcing them to borrow again to unlock it. Impact: users must take a new loan to recover their own collateral NFT."
348,0315ba9d8121,Medium,DoS,Bad Condition,Cause: IsolateLiquidation.isolateRedeem() pays the liquidator a redeem fine; for revert-on-zero-value-transfer tokens a zero fine makes the transfer revert. Impact: borrower can't redeem the auctioned loan and loses the NFT.
349,0315ba9d8121,Medium,Access Control,Centralization Risk,"Cause: ConfigureLogic admin can update an asset's collateral/liquidation-threshold params, retroactively dropping existing borrowers' health-factor below 1. Impact: previously healthy cross-lending positions become liquidatable, seized by liquidators at a discount."
350,0315ba9d8121,Medium,Chainlink,Stale Value,"Cause: PriceOracle does not check the Arbitrum/Optimism L2 Sequencer Uptime Feed before consuming Chainlink prices. Impact: while the sequencer is down, stale oracle data is trusted, enabling borrows and liquidations at incorrect, outdated prices."
351,0315ba9d8121,Medium,Liquidation,No Incentive to Liquidate,"Cause: LiquidationLogic::executeCrossLiquidateERC721 sets no maximum liquidation price and no partial liquidation, so if NFT price drops or the debt asset rises, liquidation becomes unprofitable. Impact: liquidators stop acting, leaving bad debt and insolvency."
352,0315ba9d8121,Medium,Accounting Error,Incorrect Parameter,"Cause: IsolateLogic::executeIsolateLiquidate mishandles the extra repayment (vars.totalExtraAmount) when the bid doesn't cover vars.totalBorrowAmount. Impact: utilization and supply/borrow interest rates are computed incorrectly, corrupting accounting."
353,0315ba9d8121,Medium,DoS,No Recovery Mechanism,Cause: YieldStakingBase collects fines from stakers on forced unstake and _repay but exposes no function to withdraw them. Impact: accumulated fine funds are permanently locked in the staking contract with no recovery mechanism.
354,0315ba9d8121,Medium,DoS,Missing Approval,"Cause: a borrower can revoke the underlying-asset approval to the yield contract, so botAdmin's _repay in YieldStakingBase reverts on transferFrom. Impact: the position cannot be repaid or closed, leaving debt unpaid and the protocol at a loss."
355,0315ba9d8121,Medium,Logic Error,State Update Inconsistency,"Cause: ConfigureLogic stores one global auction duration that IsolateLogic reads live, so changing it retroactively alters in-progress auctions' end time. Impact: ongoing auctions are shortened or extended, catching bidders and borrowers off guard."
356,0315ba9d8121,Medium,Accounting Error,State Update Inconsistency,Cause: ConfigureLogic.setFeeFactor updates feeFactor without first accruing interest; InterestLogic uses the stale feeFactor for the supply rate. Impact: new fee applied retroactively to pre-change interest and the supply rate is miscomputed.
357,0315ba9d8121,Medium,Accounting Error,State Update Inconsistency,Cause: ConfigureLogic.setInterestRateModel swaps a pool's rate model without recomputing rates (no updateInterestIndexs call). Impact: interest accrues at the old model's rate until the next user action updates the index.
358,0315ba9d8121,Medium,Logic Error,Incorrect Parameter,"Cause: BVault, CrossLending and IsolateLending pass msg.sender instead of the specified receiver to unwrapNativeTokenInWallet. Impact: native-token output unwraps WETH from the caller, not the receiver, so funds go to the wrong address."
359,099243e83259,Medium,DoS,Bad Condition,"Cause: GiantLP transfers reset the recipient's lastInteractedTimestamp, and GiantPoolBase.withdrawETH requires it to age past a cooldown. Impact: an attacker sends dust GiantLP to a victim, resetting the cooldown and blocking their withdrawals."
360,099243e83259,Medium,Input Validation,Invalid Validation,"Cause: depositETHForStaking rejects banned BLS keys, but rotateLPTokens omits the check, letting LPTokens be rotated to a banned BLS public key. Impact: funds routed to a banned/malicious validator, risking protocol insolvency."
361,099243e83259,Medium,DoS,Bad Condition,"Cause: bringUnusedETHBackIntoGiantPool transfers LPTokens then calls withdrawETH in the same tx, but the transfer resets lastInteractedTimestamp so the vault cooldown reverts. Impact: unused ETH can never be returned to the giant pool."
362,099243e83259,Medium,DoS,Bad Condition,"Cause: GiantPoolBase.withdrawETH requires the withdrawn amount to be at least MIN_STAKING_AMOUNT, a needless check. Impact: a user with a remaining balance below MIN_STAKING_AMOUNT cannot withdraw it, freezing those funds in the pool."
363,099243e83259,Medium,Input Validation,Bypass Mechanism,"Cause: LiquidStakingManager checks _eoaRepresentative is an EOA only at node-runner registration, not on representative rotation. Impact: a non-EOA contract can become the smart wallet representative, bypassing the EOA-only rule."
364,099243e83259,Medium,Input Validation,Invalid Validation,"Cause: GiantPoolBase.withdrawLPTokens burns GiantLP for LP tokens without validating the supplied LP tokens belong to the pool. Impact: a user withdraws wrong/worthless LP tokens, draining valid ones and causing loss of funds."
365,099243e83259,Medium,Access Control,Role Takeover,"Cause: OwnableSmartWallet.transferOwnership only revokes the caller's approval, leaving other _isTransferApproved entries set after a transfer. Impact: a previously approved address can later claim ownership of the wallet."
366,099243e83259,Medium,Access Control,Arbitrary Add/Remove/Set/Call,Cause: LiquidStakingManager lets the DAO admin make a node runner's OwnableSmartWallet execute arbitrary calls. Impact: the DAO admin can drain ETH/funds held in the node runner's smart wallet (rug).
367,099243e83259,Medium,Access Control,Centralization Risk,Cause: LiquidStakingManager.rotateNodeRunnerOfSmartWallet lets the DAO/LSD owner swap a smart wallet's node runner to their own EOA without checking for unclaimed funds. Impact: they can withdrawETH or claim the node runner's rewards.
368,099243e83259,Medium,DoS,Bad Condition,"Cause: ETHPoolLPFactory.rotateLPTokens fails to enforce maxStakingAmountPerValidator, letting a user stake more than the per-validator limit in StakingFundsVault. Impact: LiquidStakingManager.stake reverts, a DoS on staking."
369,099243e83259,Medium,Input Validation,Invalid Validation,"Cause: LiquidStakingManager.registerBLSPublicKeys checks isBLSPublicKeyPartOfLSDNetwork but never calls isBLSPublicKeyBanned, despite its comment/error. Impact: banned BLS public keys can still be registered into the LSD network."
370,099243e83259,Medium,DoS,Front Run,"Cause: LiquidStakingManager._autoStakeWithSyndicate always stakes a fixed 12 ETH, but Syndicate.stake reverts if _sETHAmount + totalStaked > 12 ether; an attacker front-runs by staking a tiny amount. Impact: autoStake reverts, griefing syndicate staking."
371,099243e83259,Medium,Input Validation,Hardcoded Parameter,Cause: GiantSavETHVaultPool/GiantMevAndFeesPool.batchRotateLPTokens hardcode the minimum GiantLP balance at >=0.5 ether instead of computing it dynamically. Impact: valid LP-token rotations of staked ETH to another key revert.
372,d9b35c0c87a4,Medium,Access Control,State Update Inconsistency,"Owner in `VaultProxy.sol ` is `address(0)`. The owner variable in the VaultProxy.sol is going to be zero because of a bug in staderConfig. The intialize function in staderConfig grants the admin role to an admin passed in the native _grantRole(), but does not update the mapping that getAdmin reads from. solidity function initialise( bool _isValidat"
373,099243e83259,Medium,Accounting Error,Incorrect Formula,"Cause: GiantMevAndFeesPool.previewAccumulatedETH uses an incorrect formula: the `accumulated` variable is not updated per for-loop iteration, so the total comes out too low. Impact: the view underreports the ETH accumulated by an address."
374,099243e83259,Medium,Accounting Error,Peg / Depeg,"Cause: SavETH Vault assumes no-loss protected staking with 1:1 dETH redemption, ignoring ETH 2.0 slashing penalties. Impact: on a validator slash, dETH/ETH/LPTokenETH lose their peg and holders cannot redeem at par."
375,099243e83259,Medium,Input Validation,Invalid Validation,"Cause: registerBLSPublicKeys uses require(!Address.isContract(_eoaRepresentative)) to enforce an EOA, but isContract() is unreliable (false during constructor), letting a contract pass. Impact: eoaRepresentative EOA assumption broken."
376,099243e83259,Medium,Access Control,Missing Upper/Lower Bound Check,"Cause: LiquidStakingManager._updateDAORevenueCommission only checks _commissionPercentage <= MODULO, so daoCommissionPercentage can be set to 100%. Impact: DAO can take full commission, node runners lose all stake rewards."
377,099243e83259,Medium,Accounting Error,State Update Inconsistency,"Cause: GiantMevAndFeesPool.beforeTokenTransfer distributes rewards on GiantLP transfer without first calling StakingFundsVault.claimRewards, so accumulatedETHPerLPShare is computed too small. Impact: transferring users lose part of their rewards."
378,099243e83259,Medium,Input Validation,Invalid Validation,"Cause: LiquidStakingManager.withdrawETHForStaking(_smartWallet, _amount) sends ETH to a manager-supplied _smartWallet that is never validated as a registered smart wallet. Impact: a typo or wrong address loses the staking ETH permanently."
379,099243e83259,Medium,Accounting Error,No Recovery Mechanism,Cause: Syndicate._deRegisterKnot can reduce numberOfRegisteredKnots to 0; EIP1559 rewards received while no knots are registered have no claimant or recovery path. Impact: those tips are permanently stuck and lost.
380,099243e83259,Medium,Logic Error,Implementation Error,Cause: LiquidStakingManager.executeAsSmartWallet is payable but does not forward msg.value when calling OwnableSmartWallet.execute. Impact: ETH sent with the call never reaches the smart wallet and is locked/lost.
381,099243e83259,Medium,DoS,Bad Condition,"Cause: LiquidStakingManager.updateNodeRunnerWhitelistStatus contains a faulty condition (L278-284) that always reverts. Impact: the DAO can never change a node runner's whitelist status, permanently disabling the whitelisting feature."
382,099243e83259,Medium,Access Control,Missing Functionality,"Cause: LiquidStakingManager sets bannedNodeRunners true only via rotateNodeRunnerOfSmartWallet, which requires an existing smart wallet. Impact: a known-malicious node runner cannot be banned before registerBLSPublicKeys creates their wallet."
383,099243e83259,Medium,DoS,Bad Condition,"Cause: GiantPoolBase._assertUserHasEnoughGiantLPToClaimVaultLP checks giant LP balance incorrectly, so batch withdrawDETH/withdrawLPTokens revert when more than one lpToken is passed. Impact: batch withdrawals are broken, limiting users to one LP per call."
384,099243e83259,Medium,Access Control,Centralization Risk,"Cause: LSDNFactory.deployNewLiquidStakingDerivativeNetwork accepts any _dao address (even an EOA), not a governance contract. Impact: a compromised or malicious DAO can use LiquidStakingManager privileges to restrict or ban honest node runners."
385,099243e83259,Medium,MEV,Front Run,"Cause: LiquidStakingManager.rotateNodeRunnerOfSmartWallet is callable by any node runner with no front-run guard. Impact: a malicious current node runner front-runs the rotation, blocking the smart wallet transfer to the new runner."
386,099243e83259,Medium,Logic Error,Bad Condition,Cause: StakingFundsVault.claimRewards gates the syndicate ETH withdrawal on the first BLS key (i==0); an inactive first key in _blsPubKeys skips withdrawal for all keys. Impact: user receives fewer rewards than they are eligible for.
387,099243e83259,Medium,Replay Attack,Asset Theft,"Cause: deployLPToken omits chain.id from its data, so deployments are not chain-bound. Impact: an attacker replays a user's deployLPToken on another chain to create the same address and steal the funds, Wintermute-style."
388,099243e83259,Medium,DoS,Invalid Validation,"Cause: GiantMevAndFeesPool.batchRotateLPTokens lets any user rotate the pool's LP tokens across stakingFundsVaults without authorization. Impact: an attacker griefs the giant pool, preventing user holdings from being staked."
389,099243e83259,Medium,Logic Error,Bad Condition,Cause: StakingFundsVault.claimRewards withdraws from the syndicate only when i==0 and the first key is still a member; an invalid first BLS key skips it. Impact: rewards for the remaining valid keys are never claimed.
390,af8e4af75dc2,Medium,Logic Error,Bypass Mechanism,"Cause: DBR (DolaBorrowingRights) accrues dueTokensAccrued only on externally triggered updates, and each update rounds the amount down. Impact: a borrower who triggers updates frequently rounds away accrued fees and pays less than owed."
391,af8e4af75dc2,Medium,Input Validation,Invalid Validation,"Cause: Market's immutable callOnDepositCallback is unvalidated; if an INVEscrow market sets it false, escrow onDeposit is never called. Impact: user deposits never mint xINV tokens, forfeiting staking yield."
392,af8e4af75dc2,Medium,Oracle,Stale Value,"Cause: Oracle.viewPrice doesn't apply price dampening until getPrice updates today's dailyLow. Impact: read-only getCollateralValue, getCreditLimit, getLiquidatableDebt, getWithdrawalLimit return inflated collateral values."
393,b2a8c124d062,Medium,DoS,Bad Condition,"Cause: VaultTracker.sol functions guard on maturity but mishandle post-maturity state; most succeed only once after maturity. Impact: any second call after maturity reverts, DoSing users."
394,b2a8c124d062,Medium,Access Control,Incorrect Parameter,"Cause: VaultTracker constructor sets admin = msg.sender, but it's deployed by Creator.create() (via MarketPlace.createMarket), so admin becomes the Creator contract, not swivel. Impact: admin-only functions are uncallable."
395,b2a8c124d062,Medium,Accounting Error,Incorrect Formula,"Cause: VaultTracker interest math ignores previously accrued interest when computing new interest, breaking compounding across addNotional/removeNotional/redeem. Impact: nToken holders receive less yield than owed."
396,b2a8c124d062,Medium,DoS,Implementation Error,"Cause: Marketplace Interfaces.sol declares ISwivel.authRedeem(), but Swivel implements only authRedeemZcToken(); MarketPlace.authRedeem() calls a nonexistent selector. Impact: every authRedeem reverts, blocking redemptions."
397,7b5e1803022e,Medium,Logic Error,Bad Condition,"Cause: NotionalTradeModule._isUnderlying() misclassifies fCash whose asset token is underlying (tokenType==NonMintable), passing useUnderlying=true to NotionalV2. Impact: mintFCashPosition/redeemFCashPosition revert for such fCash."
398,7b5e1803022e,Medium,DoS,Bad Condition,"Cause: NotionalTradeModule._redeemMaturedPositions, called by moduleIssueHook/moduleRedeemHook on every SetToken issue/redeem, reverts when redeeming matured fCash. Impact: users blocked from purchasing or redeeming SetToken."
399,7100a75d6ebd,Medium,Oracle,Duplicate Value,"Cause: JBPrices.addFeedFor only rejects an already-set _currency/_base feed but never checks whether the inverse _base/_currency feed exists. Impact: two different oracles with divergent prices coexist, producing inconsistent currency conversions."
400,7100a75d6ebd,Medium,Accounting Error,State Update Inconsistency,"Cause: JBController._distributeReservedTokensOf computes tokenCount via _reservedTokenAmountFrom such that more outstanding reserved tokens are distributed than anticipated. Impact: fewer redeemable assets remain, causing loss of user funds."
