Property,repo_path,severity,tag,subtag,description
1,bb3018c8812c,High,"Cross-Chain, Replay Attack",State Update Inconsistency,Users are able to upgrade their account's owners via either directly onto the contract with a regular transaction or via an ERC-4337 EntryPoint transaction calling `executeWithoutChainIdValidation`. If a user chooses to use a combination of these methods it's very likely that the addresses at a particular ownership index differ across chain. Theref
2,099243e83259,High,ERC4626,Inflation Attack,An attacker can withdraw all ETH staked by users in a Giant pool. Both `GiantSavETHVaultPool` and `GiantMevAndFeesPool` are affected.
3,099243e83259,High,ERC4626,Inflation Attack,The SyndicateRewardsProcessor's internal `_distributeETHRewardsToUserForToken()` function is called from external `claimRewards()` function in the `StakingFundsVault` contract. This function is called by LP Token holders to claim their accumulated rewards based on their LP Token holdings and already claimed rewards.<br> The accumulated rewards `due
4,e169bbefc6e2,High,Slippage,Missing minOut / maxAmount,"_Submitted by cmichel_ In `deposit`, the balance is cached and then a `token.transferFrom` is triggered which can lead to exploits if the `token` is a token that gives control to the sender, like ERC777 tokens."
5,e169bbefc6e2,High,Upgradeable,Misuse of Dependency,_Submitted by Dravee_ [package.json#L18-L19](https://github.com/code-423n4/2022-04-jpegd/blob/main/package.json#L18-L19)<br> The solution uses: These dependencies have a known high severity vulnerability: * <https://security.snyk.io/vuln/SNYK-JS-OPENZEPPELINCONTRACTSUPGRADEABLE-2320177> * <https://snyk.io/test/npm/@openzeppelin/contracts-upgradeabl
6,099243e83259,High,ERC4626,Inflation Attack,"The root of the problem is in the `_distributeETHRewardsToUserForToken` which makes a call to distribute the ether rewards. With this call, the recipient can execute an reentrancy attack calling several times the different function to steal founds or take advantage of other users/protocol."
7,099243e83259,High,ERC4626,Inflation Attack,Stakers to the MEV+fees vault can steal funds from the new stakers who staked after a validator was registered and the derivatives were minted. A single staker who staked 4 ETH can steal all funds deposited by new stakers.
8,099243e83259,High,ERC4626,Inflation Attack,A malicious user can steal all claimable ETH belonging to free floating SLOT holders...
9,099243e83259,High,ERC4626,Inflation Attack,"The code below violates the check effect pattern, the code banned the public key to mark the public key invalid to not let the msg.sender withdraw again after sending the ETH. Note the section: If the \_recipient is a smart contract, it can re-enter the withdraw function to withdraw another 4 ETH multiple times before the public key is banned. As s"
10,099243e83259,High,ERC4626,Inflation Attack,"* Permanent freeze of funds - users who deposited ETH for staking will not be able to receive their funds, rewards or rotate to another token. The protocol becomes insolvent, it cannot pay anything to the users. * Protocol's LifecycleStatus state machine is broken Other impacts: * Users deposit funds to an unstakable validator (node runner has alre"
11,099243e83259,High,"DAO, Governance",Bad Condition,The contract GiantMevAndFeesPool override the function totalRewardsReceived: return address(this).balance + totalClaimed - idleETH; The function totalRewardsReceived is used as the current rewards balance to caculate the unprocessed rewards in the function `SyndicateRewardsProcessor._updateAccumulatedETHPerLP` uint256 received = totalRewardsReceive
12,099243e83259,High,ERC4626,Inflation Attack,Any malicious user could make the rewards in GiantMevAndFeesPool inaccessible to all other users...
13,099243e83259,High,ERC4626,Inflation Attack,The contract GiantMevAndFeesPool override the function totalRewardsReceived: return address(this).balance + totalClaimed - idleETH; The function totalRewardsReceived is used as the current rewards balance to caculate the unprocessed rewards in the function `SyndicateRewardsProcessor._updateAccumulatedETHPerLP` uint256 received = totalRewardsReceive
14,099243e83259,High,ERC4626,Inflation Attack,"Any user being the first to claim rewards from GiantMevAndFeesPool, can get all the previously generated rewards whatever the amount and even if he did not participate to generate those rewards..."
15,099243e83259,High,ERC4626,Inflation Attack,"When a user transfers away GiantMevAndFeesPool tokens, the pool's claimed\[] computed is left unchanged and still corresponds to what they had claimed with their old (higher) number of tokens. (See GiantMevAndFeesPool afterTokenTransfer() - no adjustment is made to claimed\[] on the from side.) As a result, their claimed\[] may be higher than the m"
16,e0d2d83ea351,High,"Access Control, DAO",Centralization Risk,"Anyone who uses same adapter has the ability to pause it. The guardian has pause authority, but the contract does not override transferOwnership. Only the current guardian (owner) can change the guardian, preventing normal ownership transfer."
17,099243e83259,High,ERC4626,Inflation Attack,"The GiantLP with a transferHookProcessor will call `transferHookProcessor.beforeTokenTransfer(_from, _to, _amount)` when it's transferred / minted / burned. But the `to` address is address(0x00) in the erc20 `_burn` function. The GiantMevAndFeesPool.beforeTokenTransfer will call the function `SyndicateRewardsProcessor._distributeETHRewardsToUserFor"
18,099243e83259,High,Liquidation,Does not match with Doc,"GiantMevAndFeesPool.withdrawETH calls lpTokenETH.burn, then GiantMevAndFeesPool.beforeTokenTransfer, followed by a call to \_distributeETHRewardsToUserForToken sends ETH to the user, which allows the user to call any function in the fallback. While GiantMevAndFeesPool.withdrawETH has the nonReentrant modifier, GiantMevAndFeesPool.claimRewards does "
19,e169bbefc6e2,High,Governance,Invalid Validation,"_Submitted by hickuphh3, also found by 0x1f8b, AuditsAreUS, Foundation, Kthere, Meta0xNull, rayn, and WatchPug_ A user’s JPEG lock schedule can be overwritten by another user’s if he (the other user) submits and finalizes a proposal to change the same NFT index’s value. The existing user will be unable to withdraw his locked JPEGs, resulting in per"
20,e0d2d83ea351,High,"DAO, Governance",Bad Condition,"When the reward speed is changed in `MultiRewardStaking`, the new end time is calculated based off of the balance of the reward token owned by the contract. This, however, is not the same as the number of reward tokens that are left to be distributed since some of those tokens may be owed to users who have not collected their rewards yet. As a resu"
21,e0d2d83ea351,High,"Accounting Error, ERC20","Does not match with Doc, Fee On Transfer Token",Modifier VaultController._verifyCreatorOrOwner does not work as intented. whitelisting token0 and token1 ensuring no fee-on-transfer token is allowed when deploying a new Timeswap V2 Option pair contract
22,e0d2d83ea351,High,ERC1155,State Update Inconsistency,Malicious vault owner can use Malicious `\_beefyBooster` to steal the adapter's token.
23,d9b35c0c87a4,High,"DoS, Zksync","EVM Compatibility, payable / receive()","When the `VaultFactory` contract is deployed and initialized, the `initialise` method on the newly created `VaultProxy` implementation contract is never called. As such, anyone can call that method and pass in whatever values they want as arguments. One important argument is the `_staderConfig` address, which controls where the `fallback` function "
24,e0d2d83ea351,High,"DAO, Governance",Bad Condition,"Any user can drain the entire reward fund in MultiRewardStaking due to incorrect calculation of `supplierDelta`. The cancel function uses a strict ""greater than"" check ($>$) for the proposal threshold, whereas the propose function allows equality ($\ge$), enabling anyone to cancel a proposal if the proposer's voting power exactly equals the threshold.
"
25,0315ba9d8121,High,"Liquidation, Logic Error",Cannot partial liquidations,"Bad debt is never handled, which may happen whenever the collateral asset price crashes or the debt value spikes. Whenever this happens `ERC20` positions will be partially liquidated and `ERC721` positions will not be profitable for liquidation, which means the debt will not be repaid. When this happens, the protocol will not have enough liquidity "
26,099243e83259,High,ERC4626,Inflation Attack,real `LPTokens` can be transferred out of `GiantMevAndFeesPool` through fake `_stakingFundsVaults` provided by an attacker.
27,099243e83259,High,ERC4626,Inflation Attack,"`withdrawUnusedETHToGiantPool` will withdraw any eth from the vault if staking has not commenced(knot status is `INITIALS_REGISTERED`), the eth will be drawn successful to the giant pool. However, idleETH variable is not updated. idleETH is the available ETH for withdrawing and depositing eth for staking. Since there is no other places that updates"
28,fa1836e0615e,High,DoS,payable / receive(),"Due to wrong order between `previewDeposit` and `updateFunding` inside `PerpetualAtlanticVaultLP.deposit`. In some case, user can get immediate profit when call `deposit` and `redeem` in the same block."
29,b2a8c124d062,High,Slippage,Invalid  Slippage Control / Missing slippage check,"_Submitted by scaraven, also found by Franfran_ As defined in the docs for Euler, ERC4626, Compound and Aave, when withdrawing and depositing funds the `amount` specified corresponds excactly to how many of the underlying assets are deposited or withdrawn. However, as specified by [Yearn](https://docs.yearn.finance/vaults/smart-contracts/vault#with"
30,e0d2d83ea351,High,"Accounting Error, ERC20","Does not match with Doc, Fee On Transfer Token","If ERC777 tokens are used for rewards, the entire balance of rewards in the staking contract can get drained by an attacker."
31,e0d2d83ea351,High,"Accounting Error, ERC20","Does not match with Doc, Fee On Transfer Token","The first depositor can be front run by an attacker and as a result will lose a considerable part of the assets provided. The vault calculates the amount of shares to be minted upon deposit to every user via the `convertToShares()` function: When the pool has no share supply, the amount of shares to be minted is equal to the assets provided. An att"
32,099243e83259,High,ERC4626,Inflation Attack,"Variable `idleETH` in giant pools is storing total amount of ETH sat idle ready for either withdrawal or depositing into a liquid staking network and whenever a deposit or withdraw happens contract adjust the value of `idleETH` of contract, but in function `bringUnusedETHBackIntoGiantPool()` which brings unused ETH from savETH vault to giant pool t"
33,ba93b3b8d7cf,High,Input Validation,Bad Condition,"The check for value transfer success is made after the return statement in `_withdrawFromYieldPool` of `LidoVault`. buyOption() only checks if msg.value >= premium rather than strictly equal, allowing users to accidentally overpay, with the excess amount being directly collected by the vault creator."
34,0315ba9d8121,High,"Arithmetic,Oracle",Token Decimal,"Revert due to underflow error, leading to lock of the liquidated NFT. The PriceFeed incorrectly handles the decimal differences between price pairs, leading to distorted quotes for some trading pairs and affecting asset risk calculations."
35,e169bbefc6e2,High,Governance,Invalid Validation,"_Submitted by hickuphh3_ yVault users participating in the farm have to trust that: * `vault.balanceOfJPEG()` returns the correct claimable JPEG amount by its strategy / strategies * the strategy / strategies will send all claimable JPEG to the farm Should either of these assumptions break, then it could possibly be the case that `currentBalance` i"
36,dd17040a53bc,High,"Arithmetic, DoS",Precision Loss,"_Submitted by Czar102, also found by csanuragjain_ #### Impact When enough basket token owners exit, it will be impossible to exit pool with the last `MIN_AMOUNT` tokens because of [this](https://github.com/code-423n4/2021-12-amun/blob/main/contracts/basket/contracts/facets/Basket/BasketFacet.sol#L228-L231) check. This will result in locking some t"
37,0315ba9d8121,High,"Arithmetic,Oracle",Token Decimal,"In IsolateLogic.sol, liquidation of an isolate loan can only be placed after the auction period is passed with bidding. The problem is that there is a missing check on `msg.sender` in isolate liquidation flow, which allows anyone to take the collateral NFT token. Flows: `IsolateLiquidation::isolateLiquidate -> IsolateLogic.executeIsolateLiquidate()"
38,dd17040a53bc,High,ERC20,No Recovery Mechanism,"_Submitted by WatchPug_ Under certain circumstances, e.g. `annualizedFee` being minted to `feeBeneficiary` between the time user sent the transaction and the transaction being packed into the block and causing amounts of underlying tokens for each basketToken to decrease. It's possible or even most certainly that there will be some leftover basket "
39,099243e83259,High,ERC4626,Inflation Attack,Function `_distributeETHRewardsToUserForToken()` is used to distribute remaining reward of user and it's called in `_onWithdraw()` of `GiantMevAndFeesPool`. but function `withdrawETH()` in `GiantPoolBase` don't call either of them and burn user giant LP token balance so if user withdraw his funds and has some remaining ETH rewards he would lose tho
40,099243e83259,High,ERC4626,Inflation Attack,"If a user stakes some sETH, and after some time decides to unstake some amount of sETH, later s/he will not be qualified or be less qualified to claim ETH on the remaining staked sETH."
41,ba93b3b8d7cf,High,Accounting Error,Implementation Error,"_Submitted by jonah1005, also found by berndartmueller, Picodes, IllIllI, sorrynotsorry, and WatchPug_ GeneralVault set a hardcoded slippage control of 99%. However, the underlying yield tokens price may go down.<br> If Luna/UST things happen again, users' funds may get locked.<br> Moreover, the withdrawal of the lidoVault takes a swap from the cur"
42,d562802cb53a,High,DoS,"Front Run, Nonce","A very important modification of this update is that the GAS spent by `pubdata` is collected at the final step of the transaction. But if there is a `paymaster`, when executing `paymaster.postTransaction(_maxRefundedGas)`, `_maxRefundedGas` does not subtract the `spentOnPubdata`. `bootloader.yul` the code is as follow： <details> </details> `paymast"
43,e169bbefc6e2,High,Access Control,Centralization Risk,"_Submitted by hickuphh3, also found by rayn_ The controller calls the `withdraw()` method to withdraw JPEGs from the contract, but the strategy might blacklist the JPEG asset, which is what the PUSDConvex strategy has done. The migration would therefore revert."
44,97843b77b287,High,Solidity Version,Misuse of Dependency,"_Submitted by hrkrshnn, also found by jonah1005 and walker_ The above function is designed to expect the token at the end of `calldata`, but a malicious user can inject extra values at the end of `calldata` and fake return values. The following contract demonstrates an example: This example can be used to exploit the protocol: State token `Token1`."
45,54405135ebf3,High,Liquidation,Incorrect Parameter,"_Submitted by 0xA5DF, also found by cccz and Lambda_ When there's bad debt which wasn't marked off yet, the `totalAssets.amount` is higher than the actual (solvent) amount the pair has, meaning that lenders who redeem their tokens earlier will get more in return, at the expense of lenders who leave later. Therefore bad debt should be marked off as "
46,0315ba9d8121,High,"DoS, Input Validation",Invalid Validation,"The bot won't be able to unstake or repay risky positions in the yield contract. Anyone can call a repayment operation with a value of 0, leading to the incorrect removal of newly created user positions and resulting in asset loss."
47,e0d2d83ea351,High,ERC20,Fee On Transfer Token,"Protocol loses fees because highWaterMark is updated every time someone deposit, withdraw, mint. mint() uses the input parameter collateral to determine the actual amount received, overlooking the fact that fee-on-transfer ERC20 tokens can lead to a shortage of collateral. This results in a failed check and prevents support for such tokens."
48,099243e83259,High,DoS,Incorrect Parameter,When `depositETH()` is called in giant pool it calls `_onDepositETH()` which calls `_setClaimedToMax()` to make sure new ETH stakers are not entitled to ETH earned by but this can cause users to lose their remaining rewards when they deposits. code should first transfer user remaining rewards when deposit happens.
49,804fe35b0164,High,ERC4626,Inflation Attack,"Most severe issue:<br> **A Seller or Fee recipient can steal ETH funds from the buyer when he is making a single or bulk execution. (Direct theft of funds).** Additional impacts that can be caused by these bugs: 1. Seller or Fee recipient can cause next in line executions to revert in `bulkExecute` (by altering `isInternal`, insufficient funds, etc"
50,a1ee58021528,High,MEV,Front Run,"The implementation only takes two attributes: `asset` and `price`. And the `last_updated_time` of the record will always be set to the current `block.time`. This makes it possible for the price feeds to be disrupted when the network is congested, or the endpoint is down for a while, or the `feeder` bot handled the message queue inappropriately, as "
51,e169bbefc6e2,High,Governance,Invalid Validation,"_Submitted by hickuphh3, also found by 0xDjango, berndartmueller, cmichel, hyh, and WatchPug_ The attack vector and impact is the same as [TOB-YEARN-003](https://github.com/yearn/yearn-security/blob/master/audits/20210719\_ToB_yearn_vaultsv2/ToB\_-\_Yearn_Vault_v\_2\_Smart_Contracts_Audit_Report.pdf), where users may not receive shares in exchange "
52,e169bbefc6e2,High,"Liquidation, Logic Error",Cannot partial liquidations,"_Submitted by WatchPug_ In the current design/implementation, the liquidator must fully repay the user's outstanding debt in order to get the NFT. When the market value of the NFT fell rapidly, the liquidators may not be able to successfully liquidate as they can not sell the NFT for more than the debt amount. In that case, the protocol will have p"
53,fa1836e0615e,High,Governance,"Centralization Risk, Invalid Validation","The `RdpxEthPriceOracle`, available in the audit repo [here](https://github.com/dopex-io/rdpx-eth-oracle/blob/5762c2339b1c45b87ff4db172e43cef4a0ff603a/src/RdpxEthOracle.sol), provides the `RdpxV2Core`, the `UniV2LiquidityAmo` and the `PerpetualAtlanticVault` contracts the necessary values for `rdpx` related price calculations. The issue is that the"
54,7bbe3d81960c,High,Governance,Incorrect Parameter,"Pre-defined limit is different from the spec. LlamaRelativeQuorum calculates the required votes for approval and disapproval when creating governance proposals by setting actionApprovalSupply / actionDisapprovalSupply to the number of role holders (getRoleSupplyAsNumberOfHolders()). However, when calculating the actual number of approved votes,"
55,0315ba9d8121,High,"Access Control,DoS",Invalid Validation,"In `YiedlETHStakingEtherfi::stake`, users `yieldBorrow` WETH, convert it to ETH, and stake in Ether.fi's LiquidityPool. Ether.fi's LiquidityPool will mint eETH (protocol token) to the user's `yieldAccount`. Users will `unstake()` by requesting withdrawal of staked ETH from ether.fi's `WithdrawRequestNFT::requestWithdraw`. The problem is `WithdrawRe"
56,ee25ec7abd40,High,DoS,Bad Condition,"When certain precompiles are invoked in an L2 transaction, the OP fault proof program substitutes their logic with ""type 6"" preimage oracle queries. Reviewing the [op-program code](https://github.com/code-423n4/2024-07-optimism/blob/70556044e5e080930f686c4e5acde420104bb2c4/op-program/client/l2/engineapi/precompiles.go#L52-L66) shows that the `ecrec"
57,b7fc4d82013a,High,Access Control,"Does not match with Doc, Implementation Error","_Submitted by kenzo_ `handleFees` does not update `lastFee` if `startSupply == 0`. This means that wrongly, extra fee tokens would be minted once the basket is resupplied and `handleFees` is called again."
58,fa1836e0615e,High,DoS,payable / receive(),"In a scenario where extreme market conditions necessitate the execution of the `lowerDepeg` function to restore the dpxETH/ETH peg, an attacker can exploit the flawed interaction between the `addToDelegate`, `withdraw`, and `sync` functions to force a revert on the admin's attempt to restore the peg. As a result, the protocol will not be able to ef"
59,fa1836e0615e,High,Governance,"Centralization Risk, Invalid Validation",`RdpxV2Core.settle` reverts and the protocol stops.
60,e0d2d83ea351,High,"Accounting Error, ERC20","Does not match with Doc, Fee On Transfer Token",Attacker can steal 99% of total balance from any reward token in any Staking contract. whitelisting token0 and token1 ensuring no fee-on-transfer token is allowed when deploying a new Timeswap V2 Option pair contract
61,97843b77b287,High,Logic error,"Incorrect Parameter, Missing Upper/Lower Bound Check","_Submitted by cmichel, also found by walker and gpersoon_ The `SherXERC20.payOffDebtAll` function iterates over all protocols of the token. If _a single project_ does not have enough funds to cover the premium payments, the transactions come to a halt, see `_payOffDebt`: Many core functions require paying off debt first and can therefore revert whe"
62,e169bbefc6e2,High,ERC1155,State Update Inconsistency,"_Submitted by rayn_ As specified in Convex [BaseRewardPool.sol](https://github.com/convex-eth/platform/blob/main/contracts/contracts/BaseRewardPool.sol#L149) and [VirtualRewardPool.sol](https://github.com/convex-eth/platform/blob/main/contracts/contracts/VirtualBalanceRewardPool.sol#L127), the function signature of `earned` is `earned(address)`. Ho"
63,0315ba9d8121,High,"Access Control,DoS",Invalid Validation,"Mismatch between the return amount in all yield Etherfi and Lido assets and the `getAccountYieldBalance()` call causes the yield amount of each staked nft to the same `YieldAccount` to be incorrect, leading to the possibility of withdrawing the excess for some nfts while being closer to liquidation on others"
64,e0d2d83ea351,High,"Arithmetic, ERC721, Governance",Incorrect Parameter,"Affected contract: `MultiRewardStaking` When assets are withdrawn for user `Alice` by an approved user `Bob` to a receiver that is not `Alice`, the rewards are never accrued and the resulting **staking rewards are lost forever**. This is because `accrueRewards` is called on `caller` and `receiver` but never `owner`. Third-party withdrawals are allo"
65,54405135ebf3,High,"Arithmetic, DoS",Front Run,"_Submitted by panprog, also found by 0xA5DF and Lambda_ Leftover shares in `liquidateClean` are only subtracted from pair totals, but not from user's borrowed shares. This means that after `liquidateClean`, borrower's shares will be greater than `0` (leftover shares after liquidations), but the user is still insolvent and can be liquidated again an"
66,9befb133ee74,High,Access Control,Centralization Risk,"_Submitted by 0xRajeev, also found by pauliax and gpersoon_ The `distributeStrategyGainLoss()` function distributes any gains or losses generated from a harvest and is expected to be called only by valid protocol vault adaptors. It is an externally visible function and the access control is indirectly enforced on `msg.sender` by checking that `vaul"
67,e6e43dfea59f,High,Access Control,Centralization Risk,"_Submitted by 0xRajeev, also found by pauliax and gpersoon_ The `distributeStrategyGainLoss()` function distributes any gains or losses generated from a harvest and is expected to be called only by valid protocol vault adaptors. It is an externally visible function and the access control is indirectly enforced on `msg.sender` by checking that `vaul"
68,fa1836e0615e,High,Governance,"Centralization Risk, Invalid Validation","`UniV3LiquidityAMO::recoverERC721` is a function created in order to be able to recover `ERC721` tokens from the `UniV3LiquidityAMO` contract. It can only be called by admin and will transfer all `ERC721` tokens to the `RdpxV2Core` contract. The problem is, that it won't be possible to do anything with these tokens after they are transferred to `rd"
69,98b7c1691811,High,"DoS, Input Validation",Invalid Validation,"_Submitted by cccz, also found by cmichel, Fitraldys, kenzo, onewayfunction, and tqts_ There is a reentrancy vulnerability in the \_safeMint function The lock function changes the totalDepositedXDEFI variable after calling the \_safeMint function Since the updateDistribution function does not use the noReenter modifier, the attacker can re-enter th"
70,e99e64a8abf1,High,Arithmetic,Does not match with Doc,"Lack of Balance Validation. When calculating the next election date, firstNominationStartDate.day is used directly without accounting for differences in the number of days between months.
 The election interval can be extended to more than six months."
71,7100a75d6ebd,High,Chainlink,Deprecated Library,"_Submitted by 0xNineDec, also found by 0x1f8b, 0x29A, 0x52, 0xdanial, 0xDjango, 0xf15ers, bardamu, cccz, Cheeezzyyyy, Chom, codexploder, defsec, Franfran, Alex the Entreprenerd, Green, hake, hansfriese, horsefacts, hubble, hyh, IllIllI, jonatascm, kebabsec, Meera, oyc&#95;109, pashov, rbserver, Ruhum, simon135, tabish, tintin, and zzzitron_"
72,9cc1dc4ae06a,High,Input Validation,Bad Condition,_Submitted by csanuragjain_ User can forfeit other user rewards by giving a higher \_startIndex in getReward function.
73,7b5e1803022e,High,Arithmetic,Token Decimal,"_Submitted by xiaoming90, also found by berndartmueller, GreyArt, jonah1005, kenzo, and minhquanym_"
74,a8884f87db1a,High,ERC4626,Not EIP Compliant,`userTotalStaked` invariant will be broken due to vulnerable implementations in `release()`. Users might lose funds due to underflow errors in withdraw methods.
75,0315ba9d8121,High,"Chainlink,Oracle",Stale Value,"When `isolateLiquidate(supplyAsCollateral=false)` is executed, finally `erc721DecreaseIsolateSupplyOnLiquidate()` will be executed and the NFT will be transferred to the user. We know from the above code that this method does not clear the `tokenData.lockerAddr`, so now `tokenData` is: - erc721TokenData\[NFT\_1].owner = 0 - erc721TokenData\[NFT\_1]"
76,9befb133ee74,High,"Accounting Error, Cross-Chain",Rebase Token,"_Submitted by gpersoon, also found by cmichel_ There are a few underflows that are converted via a typecast afterwards to the expected value. If solidity 0.8.x would be used, then the code would revert. * `int256(a-b)` where a and b are uint: For example, if `a=1` and `b=2`, then the intermediate result would be `uint(-1) == 2**256-1` * `int256(-x)"
77,e6e43dfea59f,High,"Accounting Error, Cross-Chain",Rebase Token,"_Submitted by gpersoon, also found by cmichel_ There are a few underflows that are converted via a typecast afterwards to the expected value. If solidity 0.8.x would be used, then the code would revert. * `int256(a-b)` where a and b are uint: For example, if `a=1` and `b=2`, then the intermediate result would be `uint(-1) == 2**256-1` * `int256(-x)"
78,fa1836e0615e,High,Governance,"Centralization Risk, Invalid Validation","Due to a lack of adequate precision, the calculated strike price for a PUT option for rDPX is not guaranteed to be 25% OTM, which breaks core assumptions around (1) protecting downside price movement of the rDPX which makes up part of the collateral for dpxETH & (2) not overpaying for PUT option protection. More specifically, the price of rDPX as u"
79,e169bbefc6e2,High,Accounting Error,State Update Inconsistency,_Submitted by cmichel_ The accruals in `yVaultLPFarming` will fail if [`currentBalance < previousBalance`](https://github.com/code-423n4/2022-04-jpegd/blob/e72861a9ccb707ced9015166fbded5c97c6991b6/contracts/farming/yVaultLPFarming.sol#L170) in `_computeUpdate`. No funds can be withdrawn anymore as the `withdraw` functions first trigger an `_update`
80,fa1836e0615e,High,Input Validation,Invalid Validation,"when `putOptionsRequired` is `true`, there is period of time where bond operations will always revert when try to purchase options from perp atlantic vault."
81,fee749ecd513,High,ERC20,Missing Return Check,"_Submitted by antonttc, also found by 0x52_ Might lead to systematic debt. Cause errors for liquidators to run normally."
82,0315ba9d8121,High,Arithmetic,Incorrect Parameter,"When calling `isolateRepay()` we can specify `nftTokenIds` and `onBehalf`. The current implementation just restricts `onBehalf!=address(0)` and does not restrict `onBehalf == nftOwner`. This way, we can maliciously specify `onBehalf!=nftOwner` and when the method is executed `userScaledIsolateBorrow[onBehalf]` will be maliciously reduced. When the "
83,4ef0b4d678ab,High,Arithmetic,Unsafe Downcast,"Current implementation of functions `add`, `remove`, `buy` and `sell` first transfer fractional tokens, and then base tokens. If this base token is ERC777 (extension of ERC20), we can call this function without updating the base token balance, but updating the fractional token balance."
84,4ef0b4d678ab,High,ERC4626,Inflation Attack,"Liquidity providers may lose a portion of provided liquidity in either of the pair tokens. While the `minLpTokenAmount` protects from slippage when adding liquidity, it doesn't protect from providing liquidity at different K."
85,e0d2d83ea351,High,ERC1155,Reward Manipulation,"Attacker can deploy vaults with a malicious Staking contract. In ERC1155, using totalSupply() + 1 as the new tokenId may lead to duplication, which can result in incorrect asset allocation."
86,40cc38c69cca,High,"DoS, Governance",Missing Upper/Lower Bound Check,"_Submitted by kenzo_. A malicious user can listen to the mempool and immediately bond when an auction starts, without aim of settling the auction. As no one can cancel his bond in less than 24h, this will freeze user funds and auction settlement for 24h until his bond is burned and the new index is deleted. The malicious user can then repeat this w"
87,ee25ec7abd40,High,"Access Control,DoS",State Update Inconsistency,"The span of the game tree at split depth is far larger than the length between the starting block and the claimed block. When `starting block + trace index + 1 > claimed block`, honest party should continue to commit to the root of the claimed block. However, the `DISPUTED_L2_BLOCK_NUMBER` passed to the VM is always `starting block + trace index + "
88,ee25ec7abd40,High,Slippage,Missing deadline,"Large preimage proposals (LPP) allow submitters to prove that certain data is a fixed part of the large preimage that produces a specific Keccak-256 hash value. Since the preimage is large, the process of LPP finalization involves multiple transactions. Because the intermediate steps are not verified on-chain, LPP flow requires a challenge period d"
89,98b7c1691811,High,Accounting Error,Incorrect Formula,"_Submitted by WatchPug_ In the current implementation, `_pointsPerUnit` can be changed in `updateDistribution()` which can be called by anyone. A malicious early user can `lock()` with only `1 wei` of XDEFI and makes `_pointsPerUnit` to be very large, causing future users not to be able to `lock()` and/or `unlock()` anymore due to overflow in arith"
90,9befb133ee74,High,"Accounting Error, Cross-Chain",Rebase Token,"_Submitted by cmichel, also found by shw_ The `safetyCheck` function has several issues that impact how precise the checks are: 1. Only checks if the `a/b` and `a/c` ratios are within `BASIS_POINTS`. By transitivity, `b/c` is only within `2 * BASIS_POINTS` if `a/b` and `a/c` are in range. For a more precise check whether both USDC and USDT are with"
91,e6e43dfea59f,High,"Accounting Error, Cross-Chain",Rebase Token,"_Submitted by cmichel, also found by shw_ The `safetyCheck` function has several issues that impact how precise the checks are: 1. Only checks if the `a/b` and `a/c` ratios are within `BASIS_POINTS`. By transitivity, `b/c` is only within `2 * BASIS_POINTS` if `a/b` and `a/c` are in range. For a more precise check whether both USDC and USDT are with"
92,a1ee58021528,High,Access Control,Centralization Risk,"`FabricateMIRClaim` and `FabricateANCClaim` should only be issued by the Hub contract (the central hub for all minted bLuna managed by Lido). However, `execute_fabricate_anchor_claim` and `execute_fabricate_mir_claim` do not restrict the caller, allowing anyone to submit these msgs."
93,a3e15237ea08,High,"DoS,Liquidation",Refund Failed,ThorChain will be informed wrongly about the unsuccessful ETH transfers due to the incorrect events emissions. Vaults can become immune from liquidation by setting vault.recipient to a blacklisted quote token address
94,fa1836e0615e,High,Uniswap,Incorrect Parameter,Possible full DoS for `ReLPContract`
95,fee749ecd513,High,"Arithmetic, DoS",Front Run,"_Submitted by csanuragjain_ It was observed that the debt and collateral which moves for Auction is calculated incorrectly. In case where `line.proportion` is set to small value, chances are art will become lower than min debt. This causes whole collateral to go for auction, which was not expected."
96,099243e83259,High,ERC4626,Inflation Attack,Function `withdrawDETH()` in `GiantSavETHVaultPool` allows a user to burn their giant LP in exchange for dETH that is ready to withdraw from a set of savETH vaults. This function make external calls to user provided addresses without checking those addresses and send increased dETH balance of contract during the call to user. User can provide malic
97,e0d2d83ea351,High,"Accounting Error, ERC20",Fee On Transfer Token,A malicious strategy has access to the adapter's storage and can therefore freely change any values.
98,9befb133ee74,High,ERC20,Missing Return Check,"_Submitted by gpersoon, also found by shw_ The function `sortVaultsByDelta` doesn't always work as expected. Suppose all the delta's are positive, and delta1 >= delta2 >= delta3 > 0. Then `maxIndex = 0`. And `(delta < minDelta (==0) )` is never true, so `minIndex = 0`. Then (assuming `bigFirst==true`): This is clearly not what is wanted, all `vault"
99,e6e43dfea59f,High,ERC20,Missing Return Check,"_Submitted by gpersoon, also found by shw_ The function `sortVaultsByDelta` doesn't always work as expected. Suppose all the delta's are positive, and delta1 >= delta2 >= delta3 > 0. Then `maxIndex = 0`. And `(delta < minDelta (==0) )` is never true, so `minIndex = 0`. Then (assuming `bigFirst==true`): This is clearly not what is wanted, all `vault"
100,1d8f1f43cde9,High,Oracle,Stale Value,_Submitted by cmichel_ The oracle does not correctly compound the monthly APRs - it resets on `fulfill`.<br> Note that the [`oraclePrice` storage variable](https://github.com/code-423n4/2022-03-volt/blob/f1210bf3151095e4d371c9e9d7682d9031860bbd/contracts/oracle/ScalingPriceOracle.sol#L198) is only set in `_updateCPIData` as part of the oracle `fulf
101,7100a75d6ebd,High,"DoS, Governance",Missing Upper/Lower Bound Check,"_Submitted by philogy, also found by berndartmueller and Lambda_"
102,fa1836e0615e,High,ERC20,Fee On Transfer Token,"The liquidity providers deposit `WETH` into the `PerpetualAtlanticVaultLP` which in turn provides the required collateral for put options writing. Writing puts locks collateral and to write more puts excess collateral is needed. Once a put is *in the money* it can be exercised by the `RdpxCoreV2` contract, which forces the liquidity providers to ta"
103,a3e15237ea08,High,Reentrancy,Violating CEI / Missing nonReentrant,A malicious user can steal money out of other users and the vault when a rebasing token like AMPL is used. That particular token is whitelisted as seen [here](https://gitlab.com/thorchain/thornode/-/blob/develop/common/tokenlist/ethtokens/eth_mainnet_latest.json?ref_type=heads).
104,4ef0b4d678ab,High,ERC4626,Inflation Attack,"The attack vector and impact is the same as [TOB-YEARN-003](https://github.com/yearn/yearn-security/blob/master/audits/20210719\_ToB_yearn_vaultsv2/ToB\_-\_Yearn_Vault_v\_2\_Smart_Contracts_Audit_Report.pdf), where users may not receive shares in exchange for their deposits if the total asset amount has been manipulated through a large “donation”."
105,ee25ec7abd40,High,Logic Error,State Update Inconsistency,"LPP metadata can be altered after the challenge period is over, allowing incorrect states to be proven. dailyLendIncreaseLimitLeft and dailyDebtIncreaseLimitLeft are not correctly adjusted when _withdraw or _repayare called before a deposit/borrow in the same day, causing the protocol to incorrectly enforce daily limits and allowing users to bypass intended daily restrictions."
106,a1ee58021528,High,Accounting Error,"Invariant Violation, State Update Inconsistency",It seems that the owner is only allowed to spend amount uptil config.spend\_limit. However it was observed that this `config.spend_limit` is never decreased even if owner has spend an amount. This makes `config.spend_limit` useless as owner can simply send 2-multiple transactions each of `config.spend_limit` which will all pass and hence bypassing 
107,ee25ec7abd40,High,MEV,Front Run,"In some cases, the honest challenger must pass an LPP in order to counter a `MAX_GAME_DEPTH` claim through `step()`. For instance, ""in the event that the preimage is too large to be submitted through calldata in a single block, challengers must resort to the streaming option"" as described in the Optimism [specs](https://specs.optimism.io/fault-proo"
108,bb3018c8812c,Medium,DoS,Bad Condition,[Balance check](https://github.com/code-423n4/2024-03-coinbase/blob/e0573369b865d47fed778de00a7b6df65ab1744e/src/MagicSpend/MagicSpend.sol#L130-L135) during `MagicSpend` validation cannot ensure that `MagicSpend` has enough balance to cover the requested fund.
109,bb3018c8812c,Medium,DoS,"Front Run, Nonce","The paymaster is an extension of the eip-4337, normally the paymaster is willing to pay a user transaction if the account can return the amount of gas at the final of the transaction. In the context of the coinbase smart wallet, the paymaster is the contract call magicSpend.sol, This contract exposes the normal function needed to be a paymaster: fu"
110,dd17040a53bc,Medium,ERC20,Not EIP Compliant,"_Submitted by cmichel, also found by defsec, JMukesh, p4st13r4, and WatchPug_ The `ERC20.transfer()` and `ERC20.transferFrom()` functions return a boolean value indicating success. This parameter needs to be checked for success. Some tokens do **not** revert if the transfer failed but return `false` instead. See: - `SingleNativeTokenExitV2.exit`'s "
111,e169bbefc6e2,Medium,Chainlink,Deprecated Library,"_Submitted by cccz, also found by 0xDjango, 0xkatana, berndartmueller, Cr4ckM3, defsec, horsefacts, hyh, JMukesh, joshie, Jujic, pedroais, peritoflores, rayn, reassor, Ruhum, and WatchPug_ According to Chainlink's documentation, the latestAnswer function is deprecated. This function might suddenly stop working if Chainlink stops supporting deprecat"
112,9befb133ee74,Medium,Chainlink,Stale Value,"_Submitted by cmichel, also found by 0xRajeev and a_delamo_ The Chainlink API (`latestAnswer`) used in the `Buoy3Pool` oracle wrappers is deprecated: > This API is deprecated. Please see API Reference for the latest Price Feed API. [Chainlink Docs](https://docs.chain.link/docs/deprecated-aggregatorinterface-api-reference/#latestanswer) It seems lik"
113,e6e43dfea59f,Medium,Chainlink,Stale Value,"_Submitted by cmichel, also found by 0xRajeev and a_delamo_ The Chainlink API (`latestAnswer`) used in the `Buoy3Pool` oracle wrappers is deprecated: > This API is deprecated. Please see API Reference for the latest Price Feed API. [Chainlink Docs](https://docs.chain.link/docs/deprecated-aggregatorinterface-api-reference/#latestanswer) It seems lik"
114,9befb133ee74,Medium,Chainlink,Deprecated Library,"_Submitted by shw_ According to Chainlink's documentation ([Deprecated API Reference](https://docs.chain.link/docs/deprecated-aggregatorinterface-api-reference/), [Migration Instructions](https://docs.chain.link/docs/migrating-to-flux-aggregator/#3-use-the-new-functions), and [API Reference](https://docs.chain.link/docs/price-feeds-api-reference/))"
115,e6e43dfea59f,Medium,Chainlink,Deprecated Library,"_Submitted by shw_ According to Chainlink's documentation ([Deprecated API Reference](https://docs.chain.link/docs/deprecated-aggregatorinterface-api-reference/), [Migration Instructions](https://docs.chain.link/docs/migrating-to-flux-aggregator/#3-use-the-new-functions), and [API Reference](https://docs.chain.link/docs/price-feeds-api-reference/))"
116,e169bbefc6e2,Medium,"Chainlink, Oracle","Missing Return Check, Stale Value","_Submitted by Jujic, also found by hickuphh3_ Price can be stale and can lead to wrong `answer` return value."
117,0315ba9d8121,Medium,Chainlink,Stale Value,"There are two checks on price staleness in `PriceOracle::getAssetPriceFromChainlink`, but both checks are invalid. 1. `updatedAt != 0` - In chainlink aggregator, the price is updated at a set heartbeat and a threshold of deviation. `updatedAt` should be used to check if the answer is within the heartbeat or acceptable time limits. See [doc](https:/"
118,e169bbefc6e2,Medium,Governance,Invalid Validation,_Submitted by TrungOre_ A part of reward tokens will be locked in the farming pool if no user deposits lpToken at the epoch.startBlock.
119,e169bbefc6e2,Medium,Governance,Invalid Validation,"_Submitted by TrungOre_ Reward will be locked in the farming, when user execute a direct transfer with lpToken to farm without using deposit."
120,40cc38c69cca,Medium,Input Validation,Invalid Validation,"_Submitted by WatchPug, also found by kenzo, pants, and pauliax_. The `mint()` method is malfunction because of the extra `nonReentrant` modifier, as `mintTo` already has a `nonReentrant` modifier. #### Recommendation Change to: **[frank-beard (Kuiper) confirmed ](https://github.com/code-423n4/2021-10-defiprotocol-findings/issues/59)** **[Alex the "
121,9befb133ee74,Medium,Arithmetic,Token Decimal,"_Submitted by cmichel_ The two `BaseVaultAdaptor.calculateShare` functions compute `share = amount.mul(uint256(10)**decimals).div(sharePrice)` This assumes that the `sharePrice` is always in _token_ decimals and that _token_ decimals is the same as _vault_ decimals. Both these assumptions happen to be correct for Yearn vaults, but that will not nec"
122,e6e43dfea59f,Medium,Arithmetic,Token Decimal,"_Submitted by cmichel_ The two `BaseVaultAdaptor.calculateShare` functions compute `share = amount.mul(uint256(10)**decimals).div(sharePrice)` This assumes that the `sharePrice` is always in _token_ decimals and that _token_ decimals is the same as _vault_ decimals. Both these assumptions happen to be correct for Yearn vaults, but that will not nec"
123,b2a8c124d062,Medium,Input Validation,Invalid Validation,"_Submitted by oyc&#95;109_ The comparison should be 'a >= vlt.notional' instead of a > vlt.notional. Otherwise dust amounts will always be left in vlt.notional when calling `removeNotional()` or `transferNotionalFrom()`. **[JTraversa (Swivel) confirmed, but disagreed with severity and commented](https://github.com/code-423n4/2022-07-swivel-findings"
124,e169bbefc6e2,Medium,Arithmetic,Token Decimal,_Submitted by berndartmueller_ The [yVault.getPricePerFullShare()](https://github.com/code-423n4/2022-04-jpegd/blob/main/contracts/vaults/yVault/yVault.sol#L196) function calculates the price per share by multiplying with `1e18` token decimals with the assumption that the underlying token always has 18 decimals. `yVault` has the same amount of deci
125,e0d2d83ea351,Medium,Slippage,Invalid  Slippage Control / Missing slippage check,"Users can fail to withdraw deposited assets from a vault that uses `YearnAdapter` contract as its adapter because `maxLoss` input for calling corresponding Yearn vault's `withdraw` function cannot be specified. YearnTokenAdapter.unwrap() hardcodes the slippage control parameter to MAXIMUM_SLIPPAGE=10_000 (which is 100%) when calling IYearnVaultV2.withdraw().Setting maxLoss in IYearnVaultV2.withdraw() to 10_000 means there’s no slippage check, resulting in the possibility of all funds lost."
126,7100a75d6ebd,Medium,Logic Error,Implementation Error,"_Submitted by berndartmueller_ The check if the newly provided project splits contain the currently locked splits does not check the `JBSplit` struct properties `preferClaimed` and `preferAddToBalance`. According to the docs in `JBSplit.sol`, *""...if the split should be unchangeable until the specified time, with the exception of extending the lock"
127,fa1836e0615e,Medium,"Accounting Error, ERC20",Fee On Transfer Token,"_Note: this finding was reported via the winning [Automated Findings report](https://gist.github.com/code423n4/3c6507b76ca940e11c287862cb4a1fd3). It was declared out of scope for the audit, but is being included here for completeness._ Some tokens do not implement the ERC20 standard properly but are still accepted by most code that accepts ERC20 to"
128,7100a75d6ebd,Medium,ERC20,Not EIP Compliant,"_Submitted by horsefacts, also found by 0x1f8b, 0x29A, 0x52, 0xf15ers, AlleyCat, apostle0x01, berndartmueller, cccz, Ch&#95;301, Chom, cloudjunky, codexploder, cryptphi, delfin454000, durianSausage, fatherOfBlocks, Franfran, hake, hansfriese, hyh, IllIllI, jonatascm, Kaiziron, Limbooo, m&#95;Rassska, Meera, oyc&#95;109, peritoflores, rajatbeladiya,"
129,d562802cb53a,Medium,DoS,Bad Condition,`StateTransitionManager::unfreezeChain` function is meant for unfreeze the freezed chain of passed `_chainId` param. While `freezeChain` function is meant for freeze the chain according to passed \_chainId. But `freezeChain` and `unfreezeChain` both functions are calling same function `freezeDiamond` by same line `IZkSyncStateTransition(stateTransi
130,485f7b9ccb0a,Medium,Logic Error,Implementation Error,"Thruster have introduced ability [to change yield cut](https://github.com/code-423n4/2024-02-thruster/blob/main/thruster-protocol/thruster-cfmm/contracts/ThrusterFactory.sol#L75-L80) for their uniswap v2 like pools. The yield is charged only, when some LP [manages their position](https://github.com/code-423n4/2024-02-thruster/blob/main/thruster-pro"
131,0315ba9d8121,Medium,"Arithmetic,Oracle",Token Decimal,"Whenever the price of a nft suffers a significant drop or the debt asset increases in price, there is a threshold after which liquidations are not profitable at all for the liquidator. Moreover, it does not offer the possibility of partial liquidation to at least partially mitigate this issue."
132,804fe35b0164,Medium,Upgradeable,Misuse of Dependency,"The docs state:<br> ""*The pool allows user to predeposit ETH so that it can be used when a seller takes their bid. It uses an ERC1967 proxy pattern and only the exchange contract is permitted to make transfers.*"" Pool is designed as an ERC1967 upgradeable proxy which handles balances of users in Not Fungible. Users may interact via deposit and with"
133,e0d2d83ea351,Medium,Logic Error,Incorrect Parameter,"Users lose their entire investment when making a deposit and resulting shares are zero. _deposit checks totalSupply() instead of converting to assets, allowing users to exceed the global lending limit."
134,7b5e1803022e,Medium,"ERC721, Reentrancy",Violating CEI / Missing nonReentrant,DOS set token through erc777 hook. no reentrancy guard
135,7b5e1803022e,Medium,Logic Error,Implementation Error,"_Submitted by 0xDjango_ Control is transferred to the receiver when receiving the ERC777. They are able to transfer the ERC777 to another account, at which time the before and after balance calculation will be incorrect. uint256 balanceBefore = IERC20(asset()).balanceOf(receiver); if (msg.sender != owner) { _spendAllowance(owner, msg.sender, shares"
136,fa1836e0615e,Medium,"Accounting Error, ERC20",Fee On Transfer Token,"_Note: this finding was reported via the winning [Automated Findings report](https://gist.github.com/code423n4/3c6507b76ca940e11c287862cb4a1fd3). It was declared out of scope for the audit, but is being included here for completeness._ Passing `block.timestamp` as the expiry/deadline of an operation does not mean ""require immediate execution"" - it "
137,0315ba9d8121,Medium,Chainlink,Stale Value,"Chainlink recommends that all Optimistic L2 oracles consult the Sequencer Uptime Feed to ensure that the sequencer is live before trusting the data returned by the oracle. If the Arbitrum Sequencer goes down, oracle data will not be kept up to date, and thus could become stale. However, users are able to continue to interact with the protocol direc"
138,b7fc4d82013a,Medium,Access Control,Missing Initialization,"_Submitted by broccolirob_ A malicious ""publisher"" can create a basket proposal that mixes real ERC20 tokens with a malicious ERC20 token containing a reentrancy callback in it's `approve()` method. When the `initialize()` method is called on the newly cloned `Basket` contract, a method called `approveUnderlying(address(auction))` is called, which "
139,e0d2d83ea351,Medium,"Accounting Error, ERC20","Does not match with Doc, Fee On Transfer Token","If you are making a Lock fund for escrow using a fee on transfer token then contract will receive less amount (X-fees) but will record full amount (X). This becomes a problem as when claim is made then call will fail due to lack of funds. Worse, one user will unknowingly take the missing fees part from another user deposited escrow fund."
140,c20104cb90d7,Medium,"ERC20, Solmate",Missing Return Check,"_Submitted by VAD37, also found by AuditsAreUS, IllIllI, MaratCerby, rfa, and sorrynotsorry_ Token like [USDT](https://etherscan.io/address/0xdac17f958d2ee523a2206206994597c13d831ec7#contracts) known for using non-standard ERC20. ([Missing return boolean on transfer](https://forum.openzeppelin.com/t/can-not-call-the-function-approve-of-the-usdt-con"
141,d562802cb53a,Medium,DoS,Bad Condition,"The migration steps for `L1ERC20Bridge/L2ERC20Bridge` are as follows: <br><https://github.com/code-423n4/2024-03-zksync/blob/main/docs/Protocol%20Section/Migration%20process.md> > II. Upgrade L1ERC20Bridge contract > 1. Upgrade L2 bridge > The new L2ERC20Bridge will upgraded to become the L2SharedBridge, and it will be backwards compatible with all"
142,9cc1dc4ae06a,Medium,Logic Error,Implementation Error,"_Submitted by csanuragjain, also found by cccz_ It was observed that add function is not checking for duplicate lpToken which allows 2 or more pools to have exact same lpToken. This can cause issue with reward distribution In case of duplicate lpToken, lpSupply will become incorrect (ConvexMasterChef.sol#L160), hence rewards will be calculated inco"
143,fa1836e0615e,Medium,"Accounting Error, ERC20",Fee On Transfer Token,"_Note: this finding was reported via the winning [Automated Findings report](https://gist.github.com/code423n4/3c6507b76ca940e11c287862cb4a1fd3). It was declared out of scope for the audit, but is being included here for completeness._ Not all `IERC20` implementations `revert()` when there's a failure in `approve()`. The function signature has a `b"
144,d562802cb53a,Medium,Logic Error,Implementation Error,"State transition manager is unable to force upgrade a deployed ST, which invalidates the designed safeguard for 'urgent high risk situation'. Failed force deployments can trap ETH in the ContractDeployer contract, making the funds unrecoverable and unusable for future deployments."
145,af8e4af75dc2,Medium,ERC20,Not EIP Compliant,ERC20 implementations are not always consistent. Some implementations of transfer and transferFrom could return ‘false’ on failure instead of reverting. It is safer to wrap such calls into `require()` statements to these failures.
146,9cc1dc4ae06a,Medium,Governance,Invalid Validation,"_Submitted by xiaoming90_ Per the [documentation](https://github.com/code-423n4/2022-05-aura#auralocker), AURA tokens can be locked in the AuraLocker to recieve vlAURA. <u>**vlAURA is voting power**</u> in the AURA ecosystem. It is also possible for the users to delegate their voting power to a specific address by calling the `AuraLocker.delegate(a"
147,9cc1dc4ae06a,Medium,Input Validation,Invalid Validation,"_Submitted by IllIllI, also found by Aits, BowTiedWardens, and MaratCerby_ If rewards are given in fee-on-transfer tokens, users may get no rewards, breaking functionality. `Med: Assets not at direct risk, but the function of the protocol or its availability could be impacted, or :::leak value with a hypothetical attack path with stated assumptions"
148,b7fc4d82013a,Medium,Oracle,Incorrect Formula,"_Submitted by 0x0x0x_ The function is implemented as follows: function auctionBurn(uint256 amount) onlyAuction nonReentrant external override { uint256 startSupply = totalSupply(); handleFees(startSupply); _burn(msg.sender, amount); uint256 newIbRatio = ibRatio * startSupply / (startSupply - amount); ibRatio = newIbRatio; emit NewIBRatio(newIbRatio"
149,7100a75d6ebd,Medium,"Chainlink, Oracle","Invalid Validation, Price Manipulation / Arbitrage opportunity","_Submitted by bardamu, also found by berndartmueller, codexploder, Alex the Entreprenerd, and horsefacts_ Call to `latestRoundData` could potentially revert and make it impossible to query any prices. Feeds cannot be changed after they are configured (<https://github.com/jbx-protocol/juice-contracts-v2-code4rena/blob/828bf2f3e719873daa08081cfa0d0a6"
150,0315ba9d8121,Medium,"Access Control, DoS, ERC20",Fee On Transfer Token,"The protocol is designed to ensure it is compatible with fee-on-transfer tokens (Fee-on-transfer is in scope). For example, the `erc20TransferInLiquidity()` function checks the balance before and after, and calculates the difference between these values to measure the tokens received But at the end of the logic, it has a required check if the contr"
151,af8e4af75dc2,Medium,"DoS,ERC777",ERC777 Callback,"Markets can be deployed with arbitrary tokens for the collateral, including ERC777 tokens (that are downwards-compatible with ERC20). However, when the system is used with those tokens, an attacker can drain his escrow contract completely while still having a loan. This happens because with ERC777 tokens, there is a `tokensToSend` hook that is exec"
152,af8e4af75dc2,Medium,"Arithmetic, DoS",Front Run,"In `repay()` users can repay their debt. function repay(address user, uint amount) public { uint debt = debts[user]; require(debt >= amount, ""Insufficient debt""); debts[user] -= amount; totalDebt -= amount; dbr.onRepay(user, amount); dola.transferFrom(msg.sender, address(this), amount); emit Repay(user, msg.sender, amount); } There is a `require` c"
153,0315ba9d8121,Medium,"Arithmetic,Oracle",Token Decimal,"Updating fee factor may create issues for the protocol. The PriceFeed incorrectly handles the decimal differences between price pairs, leading to distorted quotes for some trading pairs and affecting asset risk calculations."
154,198fa93fabdd,Medium,TWAP,"Implementation Error, Price Manipulation / Arbitrage opportunity","_Submitted by xiaoming90, also found by hyh_ The current TWAV implementation consists of an array of 4 observations/valuations called `twavObservations`. Whenever, the new valuation is updated, the new cumulative valuation will be appended to the `twavObservations` array and the oldest observation/valuation will be removed from the `twavObservation"
155,40cc38c69cca,Medium,Access Control,Missing Initialization,_Submitted by pants_. The function `Factory.setBondPercentDiv()` allows the owner to set the state variable `Factory.bondPercentDiv` to zero. #### Impact If `Factory.bondPercentDiv` equals zero then the function `Auction.bondForRebalance()` will always revert due to a division by zero: bondAmount = basketToken.totalSupply() / factory.bondPercentDiv
156,40cc38c69cca,Medium,Access Control,Missing Initialization,_Submitted by pants_. The function `Factory.setAuctionDecrement()` allows the owner to set the state variable `Factory.auctionDecrement` to zero. #### Impact If `Factory.auctionDecrement` equals zero then the function `Auction.settleAuction()` will always revert due to a division by zero: uint256 b = (bondBlock - auctionStart) * BASE / factory.auct
157,0315ba9d8121,Medium,"Arithmetic,Oracle",Token Decimal,"Protocol should update interest rate after changing rate model in the configurator module. The PriceFeed incorrectly handles the decimal differences between price pairs, leading to distorted quotes for some trading pairs and affecting asset risk calculations."
158,0315ba9d8121,Medium,"Arithmetic,Oracle",Token Decimal,"Current pausing features allow a pool to be globally paused (all assets borrow, repay, liquidation pausing) and asset pausing (specific asset borrow, repay, liquidation pausing). See [`validatePoolBasic()`](https://github.com/code-423n4/2024-07-benddao/blob/117ef61967d4b318fc65170061c9577e674fffa1/src/libraries/logic/ValidateLogic.sol#L29) and [`va"
159,54405135ebf3,Medium,Input Validation,Invalid Validation,_Submitted by 0x1f8b_ The method `globalPause` is not tested and it doesn't work as expected.
160,2c5e13b4e147,Medium,"Accounting Error, ERC20",State Update Inconsistency,"_Submitted by wuwe1, also found by cccz, defsec, dipp, Dravee, GermanKuber, GimelSec, jah, reassor, and WatchPug_ Since the `_tokenContract` can be any token, it is possible that loans will be created with tokens that support fee on transfer. If a fee on transfer asset token is chosen, other user's funds might be drained."
161,ba93b3b8d7cf,Medium,Logic Error,"Missing Functionality, No Recovery Mechanism","_Submitted by hyh_ Now there are no checks for the amounts to be transferred via \_transferYield and \_processTreasury. As reward token list is external and an arbitrary token can end up there, in the case when such token doesn't allow for zero amount transfers, the reward retrieval can become unavailable. I.e. processYield() can be fully blocked f"
162,af8e4af75dc2,Medium,Liquidation,Unfair Liquidation,"For a lending pool, borrower's debt healthness can be decided by the health factor, i.e. the collateral value divided by debt. ($C/D$) The less the health factor is, the borrower's collateral is more risky of being liquidated. Liquidation is supposed to make the borrower healthier (by paying debts and claiming some collateral), or else continuous l"
163,d9b35c0c87a4,Medium,Pause,State Update Inconsistency,"MEV bots may bid on all the ongoing auctions before `Auction` is paused by frontrunning it with the `addBid` function. This can lead to bots winning all the `auctions` for a fraction of their price. Especially `auctions` that are almost ended, as no one is able to bid until the contract is unpaused."
164,198fa93fabdd,Medium,Logic Error,"Bad Condition, Bypass Mechanism","_Submitted by cccz, also found by kenzo, Lambda, WatchPug, xiaoming90, and zzzitron_ In the buy function of the NibblVault contract, when msg.value > \_lowerCurveDiff, the fee for SecondaryCurve part is not charged. if (_lowerCurveDiff >= msg.value) { _purchaseReturn = _buySecondaryCurve(msg.value, _totalSupply); } else { //Gas Optimization _purcha"
165,804fe35b0164,Medium,Liquidation,Does not match with Doc,"In Non-Fungible's security model, users approve their ERC20 / ERC721 / ERC1155 tokens to the ExecutionDelegate contract, which accepts transfer requests from Exchange. The requests are made here: The issue is that there is a significant centralization risk trusting Exchange.sol contract to behave well, because it is an immediately upgradeable ERC19"
166,7100a75d6ebd,Medium,Input Validation,Invalid Validation,"_Submitted by IllIllI, also found by cccz, hake, Meera, rbserver, and robee_ Some ERC20 tokens, such as USDT, allow for charging a fee any time `transfer()` or `transferFrom()` is called. If a contract does not allow for amounts to change after transfers, subsequent transfer operations based on the original amount will `revert()` due to the contrac"
167,40cc38c69cca,Medium,Access Control,Missing Initialization,_Submitted by pauliax_. #### Impact function `createBasket` in Factory should also be `nonReentrant` as it interacts with various tokens inside the loop and these tokens may contain callback hooks. #### Recommended Mitigation Steps Add `nonReentrant` modifier to the declaration of createBasket. **[frank-beard (Kuiper) confirmed](https://github.com/
168,97843b77b287,Medium,Logic error,"Incorrect Parameter, Missing Upper/Lower Bound Check","_Submitted by walker, also found by cmichel and shw_ The sherlock smart contract system uses internal bookkeeping of arbitrary ERC20 token balances. It doesn't assert that the ERC20 doesn't implement some non-standard behavior. For example, deflationary tokens, or tokens with a transfer fee, will result in incorrect internal balances. In summary, a"
169,af8e4af75dc2,Medium,Liquidation,Unfair Liquidation,Users able to invoke `forceReplenish()` when they are on liquidation position.
170,40cc38c69cca,Medium,Governance,Invalid Validation,"_Submitted by kenzo_. While handling the fees, the contract calculates the new `ibRatio` by dividing by `totalSupply`. This can be 0 leading to a division by 0. #### Impact If everybody burns their shares, in the next mint, `totalSupply` will be 0, `handleFees` will revert, and so nobody will be able to use the basket anymore. #### Proof of Concept"
171,8f18f7d5c396,Medium,Accounting Error,Incorrect Parameter,"_Submitted by WatchPug, also found by daejunpark, gpersoon, hickuphh3, kenzo, and pmerkleplant_. When users swap to native token (ETH), the `initialBalance` should use the balance of `wrappedNativeToken` instead of native token balance, because `finalBalance` is the balance of `wrappedNativeToken`. In the current implementation, when the `toToken` "
172,d562802cb53a,Medium,EIP712,Not EIP Compliant,"User might be able to double withdraw during migration. After a guard policy upgrade, rental safes can continue using outdated Guard.sol, bypassing new restrictions and compromising security enforcement."
173,a3e15237ea08,Medium,"DoS,Liquidation",Refund Failed,"Due to the use of `msg.value` in for loop, anyone can drain all the funds from the `THORChain_Router` contract. Vaults can become immune from liquidation by setting vault.recipient to a blacklisted quote token address"
174,9cc1dc4ae06a,Medium,ERC20,Rebase Token,"_Submitted by IllIllI, also found by csanuragjain_ Users are charged the penalty due to admin actions, and they have no way to avoid it"
175,b2a8c124d062,Medium,Arithmetic,Token Decimal,"Yearn vault integration is broken. The YearnYield.getTokensForShares and getSharesForTokens functions in Yearn Vault calculations hardcode a division by 1e18, ignoring the actual precision of vault.decimals. This results in incorrect calculations when the underlying token does not have 18 decimals."
176,ba93b3b8d7cf,Medium,Logic Error,"Missing Functionality, No Recovery Mechanism","_Submitted by berndartmueller, also found by WatchPug_ Withdrawing ETH collateral via the `withdrawCollateral` function using `type(uint256).max` for the `_amount` parameter reverts the transaction due to `_asset` being the zero-address and `IERC20Detailed(_asset).decimals()` not working for native ETH. #### Proof of Concept"
177,b7fc4d82013a,Medium,Input Validation,Invalid Validation,"_Submitted by 0x0x0x_ When factory changes `auctionMultiplier` or `auctionDecrement` profitability of bonded auctions change. There is no protection against this behaviour. Furthermore, factory owners can decide to get all tokens from baskets where they are bonded for the auction."
178,b7fc4d82013a,Medium,Logic Error,"Bad Condition, Bypass Mechanism","_Submitted by GiveMeTestEther_ The fee calculation is based on the totalSupply of the basket token. But some amount of the totalSupply represents the fees paid to the publisher/ protocol owner. Therefore the fees are ""overcharged"": because the fee amount is calculated on a part of already ""paid"" fees, should only take into account what is ""owned"" b"
179,e169bbefc6e2,Medium,Input Validation,"Hardcoded Parameter, Invalid Validation","_Submitted by WatchPug_ In the current implementation, `rewardTokens` from the underlying strategy will be swapped to `weth` first then `weth` -> `usdc`. However, the `path` used for swapping from `rewardToken` -> `weth` is hardcoded as `[rewardToken, weth]`, which may not be the optimal route. For example, the majority liquidity for a particular `"
180,9cc1dc4ae06a,Medium,Input Validation,Invalid Validation,"_Submitted by Kumpa_ Without restriction on the type of address that `lock` the token, a bad actor could lock the token through the smart contract. Doing so enable him to make the lockedToken becomes liquidate by tokenize his smart contract which defeat the purpose of the lockedToken that is supposed to be untransferable. Moreover, a bad actor coul"
181,b2a8c124d062,Medium,Accounting Error,State Update Inconsistency,"_Submitted by hansfriese, also found by panprog_"
182,b2a8c124d062,Medium,Accounting Error,State Update Inconsistency,"VaultTracker miscalculates compounding interest. The unstake() function calculates the shares to be removed using the old exchange rate before updating it, resulting in an overburn of shares and causing users to lose a portion of their rewards."
183,a1ee58021528,Medium,Logic error,"Incorrect Parameter, Missing Upper/Lower Bound Check","Polls are created by targeting the `receive_cw20` function which is queried whenever the contract receives tokens. By setting the hook message to `Cw20HookMsg::CreatePoll`, the sender is able to create a poll, assuming the amount sent satisfies the minimum deposit amount for poll creation. Users can also choose to call `ExecuteMsg::SnapshotPoll` or"
184,c20104cb90d7,Medium,DoS,Out of Gas,"_Submitted by leastwood, also found by 0xliumin, berndartmueller, cccz, Czar102, gzeon, hickuphh3, horsefacts, ilan, IllIllI, joestakey, m9800, p4st13r4, peritoflores, reassor, rfa, robee, sorrynotsorry, tintin, TrungOre, VAD37, WatchPug, and z3s_ The `.send()` function intends to transfer an ETH amount with a fixed amount of 2300 gas. This functio"
185,d9b35c0c87a4,Medium,"Input Validation, Pause",Invalid Validation,"No bidder has incentive to bid in the Auction except doing last-minute `MEV` due to fixed `endBlock`. The unpause() function incorrectly assumes auction.tokenId == 0 always implies the first auction hasn't started, causing it to re-initialize a new auction and reset the state, which orphans the existing bid and NFT #0 if the first auction was already active."
186,b2a8c124d062,Medium,Oracle,Hardcoded Parameter,_Submitted by 0x52_ Loss of all user funds.
187,9cc1dc4ae06a,Medium,Governance,Invalid Validation,"_Submitted by kenzo_ The issue occurs in AuraLocker, when expired locks are processed via kicking, and if all the user locks have expired.<br> In this scenario, to calculate the kick reward, `_processExpiredLocks` multiplies the last locked amount by the number of epochs between the last lock's unlock time and the current epoch.<br> A comment in th"
188,97843b77b287,Medium,Logic error,"Incorrect Parameter, Missing Upper/Lower Bound Check","_Submitted by gpersoon_ When a large payout occurs, it will lower `unallocatedSherX`. This could mean some parties might not be able to get their Yield. The first couple of users (for which harvest is called or which transfer tokens) will be able to get their full Yield, until the moment `unallocatedSherX` is depleted. The next users don't get any "
189,b7fc4d82013a,Medium,"Accounting Error, Cross-Chain",Rebase Token,"_Submitted by gzeon_ The fee calculation tries to calculate a fee such that fee/(supply+fee) = %fee using a simple interest formula (i.e. no compounding), this lead to slightly less fee collected when fee are collected more frequently (small timeDiff) vs less frequently (big timeDiff)."
190,9cc1dc4ae06a,Medium,"DoS, Liquidation",ERC777 Callback,"_Submitted by kirk-baird_ There is a potential overflow in the rewards calculations which would lead to `updateReward()` always reverting. The impact of this overflow is that all reward tokens will be permanently locked in the contract. User's will be unable to call any of the functions which have the `updateReward()` modifier, that is: * `lock()` "
191,40cc38c69cca,Medium,"Accounting Error, ERC20",State Update Inconsistency,_Submitted by anon_. Fee on transfer tokens transfer less tokens in than what would be expect. This means that the protocol request incorrect amounts when dealing with these tokens. The protocol should use stored token balances instead of transfer for calculating amounts. **[frank-beard (Kuiper) acknowledged](https://github.com/code-423n4/2021-10-d
192,198fa93fabdd,Medium,Input Validation,Invalid Validation,"Reentrancy bug in Basket's withdraw multiple tokens function which gives attacker ability to transfer basket ownership and spend it but withdraw all the tokens out of basket. ActivePool.sendCollaterals function internally call _sendCollateral, which uses whitelist.getIndex(_collateral) as if it were a validated lookup, but for a non-whitelisted token, it returns 0 (the same index as the first real whitelisted token). As a result, the code silently updates poolColl.amount"
193,dd17040a53bc,Medium,"DoS, Input Validation",Invalid Validation,"_Submitted by certora_ after that fee is calculated, it is minted to the feeBeneficiary. simply minting the exact amount results lower fee than it should be. #### Impact feeBeneficiary will get less fees than it should. #### Proof of Concept let's assume that the basket assets are worth 1M dollars, and totalSupply = 1M. the result of `calcOutStandi"
194,ba93b3b8d7cf,Medium,Logic Error,"Missing Functionality, No Recovery Mechanism","_Submitted by rotcivegaf, also found by AuditsAreUS, berndartmueller, cccz, MaratCerby, dipp, and StErMi_ Possible lost value in `depositCollateral` function call"
195,dd17040a53bc,Medium,Input Validation,"Invalid Validation, No Recovery Mechanism","_Submitted by JMukesh, also found by certora_ #### Impact The return value of the low-level call is not checked, so if the call fails, the Ether will be locked in the contract. If the low level is used to prevent blocking operations, consider logging failed calls. #### Proof of Concept #### Recommended Mitigation Steps add condition to check return"
196,d9b35c0c87a4,Medium,Logic Error,Implementation Error,"Current admin will lose `DEFAULT_ADMIN_ROLE` role if `updateAdmin` issued with same address. There is a possibility of loss of protocol admin access to the critical `StaderConfig.sol` contract, if `updateAdmin()` is set with same current admin address by mistake."
197,2c5e13b4e147,Medium,ERC20,safeApprove,_Submitted by sorrynotsorry_ Calls to external contracts inside a loop are dangerous (especially if the loop index can be user-controlled) because it could lead to DoS if one of the calls reverts or execution runs out of gas. [Reference](https://swcregistry.io/docs/SWC-113)
198,7100a75d6ebd,Medium,DoS,Bad Condition,"_Submitted by dirk&#95;y, also found by IllIllI, and ylv_"
199,fa1836e0615e,Medium,Governance,"Centralization Risk, Invalid Validation","The return value of [PerpetualAtlanticVault.nextFundingPaymentTimestamp()](https://github.com/code-423n4/2023-08-dopex/blob/eb4d4a201b3a75dd4bddc74a34e9c42c71d0d12f/contracts/perp-vault/PerpetualAtlanticVault.sol#L562-L569), which marks the beginning of the next funding epoch, scales linearly with the current `fundingDuration`. (Note that `latestFu"
200,d9b35c0c87a4,Medium,Governance,Incorrect Parameter,"The owner variable in the `VaultProxy.sol` is going to be zero because of a bug in `staderConfig`. The `intialize` function in `staderConfig` grants the admin role to an admin passed in the native `_grantRole()`, but does not update the mapping that `getAdmin` reads from. The intialization of the vaults would not revert and all functions restricted"
201,198fa93fabdd,Medium,TWAP,"Implementation Error, Price Manipulation / Arbitrage opportunity","_Submitted by peritoflores, also found by WatchPug_"
202,54405135ebf3,Medium,Access Control,No Recovery Mechanism,_Submitted by CertoraInc_ Decimals limitation limits the tokens that can be used.
203,dd17040a53bc,Medium,Input Validation,"Hardcoded Parameter, Invalid Validation","_Submitted by gpersoon, also found by kenzo and robee_ #### Impact Some functions, like rebalance() in RebalanceManagerV3 use \_deadline as a time limit for swapExactTokensForTokens() Other functions, like \_joinTokenSingle() of SingleTokenJoinV2.sol and \_exit() of SingleNativeTokenExitV2() use block.timestamp, although a deadline field is present"
204,7b5e1803022e,Medium,"DoS, Pause",1/64 Gas Rule,"_Submitted by jonah1005_ In the `_isWrappedFCash` check, the `notionalTradeModule` check whether the component is a wrappedCash with the following logic. The above logic is dangerous when `_fCashPosition` do not revert on `getDecodedID` but instead give a wrong format of return value. The contract would try to decode the return value into `returns("
205,af8e4af75dc2,Medium,Liquidation,Does not match with Doc,User can free from liquidation fee if its escrow balance less than the calculated liquidation fee.
206,9cc1dc4ae06a,Medium,Input Validation,Invalid Validation,_Submitted by 0xsomeone_ | File | Lines | Type | | :------------- | :--------------------------------------------------------------------------------------------------------------------------------------------------------------------------------------------------------- | :------------------------ | | AuraLocker.sol | [L594-L609](https://github.com
207,fa1836e0615e,Medium,Governance,"Centralization Risk, Invalid Validation","The function `sync` is used in `RdpxV2Core.sol` to synchronize the balances of the reserve assets stored in the contract, but it is not called in all of the situations where swaps/providing/removing liquidity is made."
208,b2a8c124d062,Medium,DoS,Invalid Validation,"_Submitted by itsmeSTYJ, also found by GimelSec_"
209,dd17040a53bc,Medium,Access Control,Missing Initialization,"_Submitted by Czar102_ #### Impact The initialization status is defined by the [name and symbol](https://github.com/code-423n4/2021-12-amun/blob/main/contracts/basket/contracts/facets/ERC20/ERC20Facet.sol#L25-L28). It is possible it set them back to an empty string, uninitializing the contract and letting the `initialize(..)` function be called aga"
210,dd17040a53bc,Medium,DoS,Incorrect Parameter,"_Submitted by pmerkleplant, also found by certora, hyh, p4st13r4, pauliax, robee, and WatchPug_ #### Impact There's a griefing attack vulnerability in the function `joinTokenSingle` in `SingleTokenJoin.sol` as well as `SingleTokenJoinV2.sol` which makes any user transaction fail with ""FAILED_OUTPUT_AMOUNT"". ##### Proof of Concept The `JoinTokenStru"
211,4ef0b4d678ab,Medium,Uniswap,Incorrect Parameter,The `Pair` contract does not allow users to submit a deadline for their action. This missing feature enables pending transactions to be maliciously executed at a later point.
212,1d8f1f43cde9,Medium,Oracle,"Bad Condition, Stale Value","_Submitted by cmichel_ The `OracleRef` assumes that the backup oracle uses the same normalizer as the main oracle.<br> This generally isn't the case as it could be a completely different oracle, not even operated by Chainlink.<br> If the main oracle fails, the backup oracle could be scaled by a wrong amount and return a wrong price which could lead"
213,9cc1dc4ae06a,Medium,EIP4494,Not EIP Compliant,_Submitted by 0xjuicer_ BaseRewardPool4626 is not IERC4626 compliant.<br> This makes the BaseRewardPool4626 contract irrelevant as it is for now since projects won't be able to integrate with BaseRewardPool4626 using the [eip-4626](https://eips.ethereum.org/EIPS/eip-4626) standard.
214,7100a75d6ebd,Medium,"Chainlink, Oracle","Invalid Validation, Price Manipulation / Arbitrage opportunity","_Submitted by 0x52, also found by DimitarDimitrov_ Potentially inconsistent currency conversions."
215,7100a75d6ebd,Medium,"ERC721, Reentrancy",Violating CEI / Missing nonReentrant,"_Submitted by cccz_ The owner of the JBToken contract can mint arbitrary amount of tokens. In general, the owner of the JBToken contract is the JBTokenStore contract, and the minting of the tokens is controlled by the JBController contract, but when the changeTokenOf function of the JBController contract is called, the owner will be transferred to "
216,54405135ebf3,Medium,"Logic Error, Oracle","Implementation Error, Price Manipulation / Arbitrage opportunity","After confirming with the sponsor, `dirtyLiquidationFee` is 90% of `cleanLiquidationFee` like the [comment](https://github.com/code-423n4/2022-08-frax/blob/c4189a3a98b38c8c962c5ea72f1a322fbc2ae45f/src/contracts/FraxlendPairCore.sol#L194). But it uses `9% (9000 / 1e5 = 0.09)` and the fee calculation will be wrong [here](https://github.com/code-423n4"
217,97843b77b287,Medium,Logic error,"Incorrect Parameter, Missing Upper/Lower Bound Check","_Submitted by cmichel_ The `_doSherX` function does not attempt to pay off the accrued premiums (""pay off debt"") for most tokens, only for the ones that would otherwise revert the tx: The `amounts = LibSherX.calcUnderlying(totalSherX)` array is an optimistic view assuming all outstanding, accrued premiums would indeed be paid until now. However, it"
218,b7fc4d82013a,Medium,MEV,Front Run,"_Submitted by WatchPug_ In the current implementation, `newRatio` is calculated and compared with `minIbRatio` in `settleAuction()`. However, if `newRatio` is less than `minIbRatio`, `settleAuction()` will always fail and there is no way for the bonder to cancel and get a refund."
219,40cc38c69cca,Medium,Input Validation,Bad Condition,"_Submitted by pauliax_. #### Impact function `setBondPercentDiv` should validate that `newBondPercentDiv` is not 0, or `bondForRebalance` will experience division by zero error otherwise. If you want to allow 0 values, then `bondForRebalance` should accommodate for such a possibility. function `addBounty` should check that `amount > 0` to prevent e"
220,fa1836e0615e,Medium,Arithmetic,Does not match with Doc,"`ReLPContract` contains logic that removes WETH-RDPX liquidity from Uniswap V2, swaps some amount WETH to RDPX and re-adds the liquidity. The calculation logic for the amount of tokens to swap is unreliable and sometimes reverts or leaves dust WETH in the reLP contract. WETH cannot be recovered unless another reLP operation is triggered. However, s"
221,d9b35c0c87a4,Medium,Governance,Incorrect Parameter,"The following contracts: `SocializingPool`, `StaderOracle`, `OperatorRewardsCollector` and `Auction` are supposed to be pausable (as they all inherit from `PausableUpgradeable`), but they don't implement the external `pause/unpause` functionalities which means it will never be possible to pause them."
222,b155c4de6012,Medium,Access Control,"Bypass Mechanism, Implementation Error","There is no way to revoke the approval which given via `DelegateToken.approve(address,delegateTokenId)`. They can able call the `DelegateToken.transferFrom` even the tokenHolder revoke the permission using the `DelegateToken.setApprovalForAll`. If the spender address is approved by the PT token, we can call the `DelegateToken.withdraw`."
223,b155c4de6012,Medium,"DoS,Input Validation","Invalid Validation,Nonce","According to https://github.com/ProjectOpenSea/seaport/blob/main/docs/SeaportDocumentation.md#contract-orders: > ""Seaport v1.2 introduced support for a new type of order: the contract order. In brief, a smart contract that implements the ContractOffererInterface (referred to as an “Seaport app contract” or 'Seaport app' in the docs and a 'contract "
224,c20104cb90d7,Medium,Logic Error,Bad Condition,"_Submitted by pedroais, also found by AuditsAreUS, BowTiedWardens, defsec, GimelSec, gzeon, IllIllI, leastwood, and WatchPug_ The price for the dutch auction could be altered."
225,dd17040a53bc,Medium,DoS,Incorrect Parameter,"_Submitted by Czar102_ #### Impact The APY of the annualized fee is dependent on the frequency of the execution of the [`BasketFacet::chargeOutstandingAnnualizedFee()`](https://github.com/code-423n4/2021-12-amun/blob/main/contracts/basket/contracts/facets/Basket/BasketFacet.sol#L265-L279). If it is called more frequently, the compounding is more fr"
226,54405135ebf3,Medium,EIP712,Not EIP Compliant,"_Submitted by berndartmueller, also found by IllIllI_"
227,1d8f1f43cde9,Medium,"DoS, Governance",Missing Upper/Lower Bound Check,"_Submitted by rayn_ `vcon` address is allowed to be updated by `GOVERNOR` in `Core`, however, this change will not be reflected in `CoreRef._vcon`. Moreover, since `CoreRef._vcon` cannot be updated due to contract design, it is also impossible to fix this manually. We are not yet sure how `vcon` will be used throughout the volt protocol, since deta"
228,af8e4af75dc2,Medium,Chainlink,Deprecated Library,"Based on the current implementation, when the protocol wants to use Chainlink oracle data feed for getting a collateral token's price, the fixed price for the token should not be set. When the fixed price is not set for the token, calling the `Oracle` contract's `viewPrice` or `getPrice` function will execute `uint price = feeds[token].feed.latestA"
229,7bbe3d81960c,Medium,Governance,Incorrect Parameter,"Potential risk of using `swappedAmount` in case of swap error. LlamaRelativeQuorum calculates the required votes for approval and disapproval when creating governance proposals by setting actionApprovalSupply / actionDisapprovalSupply to the number of role holders (getRoleSupplyAsNumberOfHolders()). However, when calculating the actual number of approved votes,"
230,1d8f1f43cde9,Medium,DoS,Duplicate Value,"_Submitted by cmichel_ When the `bufferCap` is updated for an address in `_updateAddress`, the address's allowed buffer (`bufferStored`) is replenished to the entire `bufferCap`. The address could frontrun the `updateAddress` call and spend their entire buffer, then the buffer is replenished and they can spend their entire buffer a second time."
231,198fa93fabdd,Medium,TWAP,"Implementation Error, Price Manipulation / Arbitrage opportunity","_Submitted by Lambda, also found by SmartSek_"
232,af8e4af75dc2,Medium,"Arithmetic, DoS",Front Run,A user can borrow DOLA interest-free. This requires the user to precisely manage their collateral. This issue might become especially troublesome if a Market is opened with some stablecoin as the collateral (because price fluctuations would become negligible and carefully managing collateral level would be easy). This issue is harder to exploit (bu
233,8a20eb1e521f,Medium,Accounting Error,Implementation Error,"When `EbtcLeverageZapRouter::openCdpWithEth` and `EbtcLeverageZapRouter::adjustCdpWithEth` stake ETH with Lido, the underlying function performing the call assumes that any exceptions (from Lido) will be bubbled up, but with call being a low level rather than a Solidity function, it is not the case. Lido stETH has two cases where a revert on deposi"
234,54405135ebf3,Medium,Oracle,Hardcoded Parameter,No incentives to write off bad debt when remaining collateral is very small. CTokenMultiOracle defaults Compound’s exchange rate to 1e18. This results in incorrect price calculations.
235,a1ee58021528,Medium,Accounting Error,State Update Inconsistency,"When unbonding, the `pick_validator` function is supposed to choose a random validator to unstake from.<br> However, this randomness can be predicted knowing the block height which is very easy to predict. As validators are paid rewards proportional to their stake, choosing where to bond and unbond from directly impacts validator rewards.<br> Combi"
236,198fa93fabdd,Medium,Uniswap,Incorrect Parameter,"_Submitted by WatchPug, also found by hansfriese and IllIllI_ Since `_blockTimestamp` is `uint32`, subtraction underflow is desired at `_twavObservationCurrent.timestamp - _twavObservationPrev.timestamp`. See: <https://github.com/Uniswap/v2-periphery/blob/master/contracts/examples/ExampleOracleSimple.sol#L43> Because the solidity version used by th"
237,7b5e1803022e,Medium,DoS,"Implementation Error, Incorrect Parameter","_Submitted by 0x52, also found by jonah1005 and unforgiven_ Minting becomes impossible"
238,c20104cb90d7,Medium,Input Validation,Bad Condition,"_Submitted by gzeon, also found by AuditsAreUS, BowTiedWardens, pedroais, Ruhum, shenwilly, and teddav_ Owner of the contract can call `withdrawAll` before the refund process is done to send all ETH to the vault. Since there are no payable receive function in `ForgottenRunesWarriorsMinter`, the owner won't be able to replenish the contract for the "
239,2c5e13b4e147,Medium,Input Validation,Invalid Validation,"No checks for non-Cudos tokens mean that non-Cudos ERC20 tokens will be lost to the contract, with the user not having any chance of retrieving them. However, the admin can retrieve them through withdrawERC20. Impact is that users lose their funds, but admins gain them. The mistakes could be mitigated on the contract, by checking against a list of "
240,8f18f7d5c396,Medium,Input Validation,"Invalid Validation, No Recovery Mechanism","_Submitted by kenzo_. Slingshot's `executeTrades` checks that the trade result amount (to be sent to the user) is bigger than `finalAmountMin`, and *after that* sends the user the amount. But if the token charges fee on transfer, the final transfer to the user will decrease the amount the user is getting, maybe below `finalAmountMin`. #### Proof of"
241,9cc1dc4ae06a,Medium,Input Validation,Invalid Validation,"_Submitted by csanuragjain_ Reward vesting should end once endTime is reached, this is not done currently."
242,b2a8c124d062,Medium,Solmate,Missing Return Check,"_Submitted by hansfriese, also found by jonatascm_ `Swivel.setFee()` is implemented wrongly. Swivel.feenominators won't be set as expected."
243,d9b35c0c87a4,Medium,"Flashloan, Governance",Missing Time Constraint,"`ValidatorWithdrawalVault.settleFunds` doesn't check amount that user has inside `NodeELRewardVault` to pay for penalty. That value can increase operator's earned amount, which can avoid slashing."
244,af8e4af75dc2,Medium,Zksync,EVM Compatibility,The two-day feature of the oracle can be gamed where you only have to manipulate the oracle for \~2 blocks.
245,af8e4af75dc2,Medium,ERC20,Missing Return Check,"If a user wants to completely `forceReplenish` a borrower with deficit, the borrower or any other malicious party can front run this with a dust amount to prevent the replenish."
246,dd17040a53bc,Medium,DoS,Incorrect Parameter,"_Submitted by Czar102, also found by gpersoon, gzeon, kenzo, and WatchPug_ #### Impact Total supply of the token may exceed the `maxCap` introduced. This can happen when a user wants to join the pool. The [check in `BasketFacet::joinPool(...)`](https://github.com/code-423n4/2021-12-amun/blob/main/contracts/basket/contracts/facets/Basket/BasketFacet"
247,dd17040a53bc,Medium,Uniswap,Implementation Error,"_Submitted by kenzo, also found by cmichel and hyh_ SingleNativeTokenExitV2 allows the user to exit and execute trades via multiple exchanges. When finishing the trades and sending a single output token back to the user, the contract takes that token from the last swap in the first exchange's trades. There is nothing in the struct that signifies th"
248,b7fc4d82013a,Medium,Arithmetic,Precision Loss,"_Submitted by kenzo, also found by 0v3rf10w_ In fees calculation, division is being used in the midst of the calculation, not at the end of it. This leads to lost precision in fee amount (as solidity doesn't save remainder of division). Division should happen at the end to maintain precision."
249,ee25ec7abd40,Medium,DoS,Front Run,"When creating a dispute game, the output root should be one of the safe l2 block's. However, attacker can continuously create games for not yet safe l2 blocks. Honest party can no longer propose the root after it becomes safe, since UUID must be unique. As a result, no root can be successfully defended, the anchor state can no longer be updated and"
250,4ef0b4d678ab,Medium,Arithmetic,Token Decimal,"The `price()` function is expected to return the price of one fractional tokens, represented in base tokens, to 18 decimals of precision. This is laid out clearly in the comments: `/// @notice The current price of one fractional token in base tokens with 18 decimals of precision.`<br> `/// @dev Calculated by dividing the base token reserves by the "
251,a1ee58021528,Medium,Cross-Chain,No Recovery Mechanism,"For yield farming aggregators, if the pending yield on an underlying strategy can be harvested and cause a surge of rewards to all existing investors, especially if the harvest can be triggered permissionlessly. Then the attacker can amplify the attack using a flash loan. This is a well-known attack vector on Ethereum. The root cause for this attac"
252,b7fc4d82013a,Medium,Access Control,"Does not match with Doc, Implementation Error","_Submitted by gzeon, also found by 0x0x0x and TomFrenchBlockchain_ There is no cap on `LicenseFee`. While change of `LicenseFee` is under 1 day timelock, introducing a\ `maxLicenseFee` can improve credibility by removing the ""rug"" vector. There is a `minLicenseFee` in the contracts, while imo make little sense to have `minLicenseFee` but not `maxLi"
253,af8e4af75dc2,Medium,Arithmetic,Token Decimal,The `Oracle` contract normalizes prices in both `viewPrices` and `getPrices` functions to adjust for potential decimal differences between feed and token decimals and the expected return value. However these functions assume that `feedDecimals` and `tokenDecimals` won't exceed 18 since the normalization calculation is `36 - feedDecimals - tokenDeci
254,9cc1dc4ae06a,Medium,ERC20,safeApprove,"_Submitted by catchup_ massUpdatePools() is a public function and it calls the updatePool() function for the length of poolInfo. Hence, it is an unbounded loop, depending on the length of poolInfo.<br> If poolInfo.length is big enough, block gas limit may be hit."
255,4ef0b4d678ab,Medium,DoS,"Implementation Error, Incorrect Parameter",Users can `wrap()` their NFT tokens (which id is whitelisted) and receive `1e18` fractional token or they can pay `1e18` fractional token and unwrap NFT token. there is two issue here: 1. anyone can swap their NFT token id with another NFT token id without paying any fee(both ids should be whitelisted). it's swap without fee. 2. attacker can swap h
256,9cc1dc4ae06a,Medium,Input Validation,Invalid Validation,"_Submitted by cccz_ Same as <https://github.com/code-423n4/2022-02-concur-findings/issues/244> All calculations are rounded down, since a lack of tokens in the contracts cannot be rounding errors' fault. So the function is redundant.<br> On the other hand, if the contract is undersupplied with cvx tokens, this will cause depositors to be sent less "
257,a1ee58021528,Medium,Cross-Chain,No Recovery Mechanism,"The hub contract allows config updates to the `token_contract` config values in `anchor-bAsset-contracts/contracts/anchor_basset_hub/src/config.rs`.<br> Such updates can cause wrong amounts of tokens to be calculated during processing of undelegations, since the amount of unbonded bLuna tokens is stored for batched unbonding as `requested_with_fee`"
258,a1ee58021528,Medium,"DoS, Input Validation",Invalid Validation,"In the current implementation of `CrossAnchorBridge`, all `require` that ""Check that `token` is a whitelisted token"" is commented out. As a result, users may send transcations with the non-whitelisted tokens and as they can not be processd properly on the Terra side, the funds can be frozen on the brige contract or on the Terra side."
259,b2a8c124d062,Medium,ERC20,Missing Return Check,"_Submitted by devtooligan_ When creating ERC20.sol from Solmate, a `require()` in `permit()` was converted to a custom error incorrectly. It now reads: So if the `recoveredAddress` is non-zero and the `recoveredAddress` is not `owner` it will error. But if the `recoveredAddress == 0x0` then it will pass this check. Anyone can permit themselves as a"
260,ba93b3b8d7cf,Medium,Input Validation,"Hardcoded Parameter, Invalid Validation","_Submitted by Picodes, also found by hickuphh3_ In [`YieldManager`](https://github.com/code-423n4/2022-05-sturdy/blob/78f51a7a74ebe8adfd055bdbaedfddc05632566f/smart-contracts/YieldManager.sol#L48), `UNISWAP_FEE` is hardcoded, which reduce significantly the possibilities and will lead to non optimal routes. In particular, all swaps using ETH path wi"
261,9cc1dc4ae06a,Medium,Liquidation,"Bypass Mechanism, Does not match with Doc, Invalid Validation","_Submitted by csanuragjain, also found by hyh and kirk-baird_ It was observed that User will lose funds due to missing else condition."
262,d9b35c0c87a4,Medium,Governance,Incorrect Parameter,"Corruption of oracle data. LlamaRelativeQuorum calculates the required votes for approval and disapproval when creating governance proposals by setting actionApprovalSupply / actionDisapprovalSupply to the number of role holders (getRoleSupplyAsNumberOfHolders()). However, when calculating the actual number of approved votes,"
263,804fe35b0164,Medium,ERC4626,Inflation Attack,"The Yul `call` return value on function `_returnDust` is not checked, which could leads to the `sender` lose funds"
264,54405135ebf3,Medium,ERC20,Missing Return Check,_Submitted by auditor0517_ This function is changing the protocol fee that is used during interest calculation [here](https://github.com/code-423n4/2022-08-frax/blob/c4189a3a98b38c8c962c5ea72f1a322fbc2ae45f/src/contracts/FraxlendPairCore.sol#L477-L488). But it doesn't update interest before changing the fee so the `_feesAmount` will be calculated w
265,7b5e1803022e,Medium,Arithmetic,Token Decimal,"deposit. The YearnYield.getTokensForShares and getSharesForTokens functions in Yearn Vault calculations hardcode a division by 1e18, ignoring the actual precision of vault.decimals. This results in incorrect calculations when the underlying token does not have 18 decimals."
266,198fa93fabdd,Medium,TWAP,"Implementation Error, Price Manipulation / Arbitrage opportunity","_Submitted by xiaoming90_ Calling `NibblVault.updateTWAP` function will change the state of the system. It will cause the TWAP to be updated and buyout to be rejected in certain condition. When the system is in `Pause` mode, the system state should be frozen. However, it was possible for someone to call the `NibblVault.updateTWAP` function during t"
267,54405135ebf3,Medium,"ERC20, Solmate",Missing Return Check,"Impossible to `setCreationCode. createVault() uses Solmate's SafeTransferLib to transfer ERC20 tokens without checking whether the target address is a contract.This leads to successful transactions and incorrect balance records when transferring to non-existent token addresses, allowing attackers to set traps and steal funds from "
268,4ef0b4d678ab,Medium,Arithmetic,Precision Loss,"An attacker may manipulate the price of a pair by transferring tokens directly to the pair. Since the `Pair` contract exposes the `price` function, it maybe be used as a price oracle in third-party integrations. Manipulating the price of a pair may allow an attacker to steal funds from such integrations."
269,afa60bc8003d,Medium,ERC20,Rebase Token,_Submitted by IllIllI_ A malicious authorized user can steal all unclaimed rewards and break the reward accounting Even if the authorized user is benevolent the fact that there is a rug vector available may [negatively impact the protocol's reputation](https://twitter.com/RugDocIO/status/1411732108029181960). Furthermore since this contract is mean
270,9cc1dc4ae06a,Medium,Input Validation,Invalid Validation,_Submitted by IllIllI_ Users can grief reward distributions by spending dust.
271,afa60bc8003d,Medium,"ERC20, Solmate",Missing Return Check,"_Submitted by VAD37_ Solmate `convertToShares` [function](https://github.com/Rari-Capital/solmate/blob/12421e3edee21cfb99bf5a6edd6169e6497511de/src/mixins/ERC4626.sol#L133) follow the formula: `assetDepositAmount * totalShareSupply / assetBalanceBeforeDeposit`. The share price always return 1:1 with asset token. If everything work normally, share p"
272,afa60bc8003d,Medium,"Access Control,DoS",State Update Inconsistency,"_Submitted by WatchPug_ `storedTotalAssets` is a cached value of total assets which will only include the `unlockedRewards` when the whole cycle ends. This makes it possible for `storedTotalAssets -= amount` to revert when the withdrawal amount exceeds `storedTotalAssets`, as the withdrawal amount may include part of the `unlockedRewards` in the cu"
273,198fa93fabdd,Medium,TWAP,"Implementation Error, Price Manipulation / Arbitrage opportunity","_Submitted by hansfriese_ The ""if"" condition of Twav.\_getTwav() is missing some edge cases. In this case, this function will return 0 which is different from the correct value and it will affect the main functions like NibblVault.buy() and NibblVault.sell()."
274,ee25ec7abd40,Medium,Access Control,"Does not match with Doc, Implementation Error",The [`readMem()`](https://github.com/code-423n4/2024-07-optimism/blob/main/packages/contracts-bedrock/src/cannon/MIPS.sol#L538C4-L584C6) and [`writeMem()`](https://github.com/code-423n4/2024-07-optimism/blob/main/packages/contracts-bedrock/src/cannon/MIPS.sol#L592C3-L632C6) functions do not properly validate the memory address being accessed. This 
275,b2a8c124d062,Medium,Cross-Chain,"Does not match with Doc, No Recovery Mechanism","ZcToken.withdraw will send user 0 tokens if called after maturity deadline but before market is set mature. When performing cross-chain transactions, there's a risk of the transaction getting stuck. It's necessary to add options for refunding or canceling the transaction.
"
276,dd17040a53bc,Medium,Liquidation,"Bypass Mechanism, Does not match with Doc, Invalid Validation","_Submitted by harleythedog_ #### Impact The `CallFacet.sol` contract has the function `_call` : function _call( address _target, bytes memory _calldata, uint256 _value ) internal { require(address(this).balance >= _value, ""ETH_BALANCE_TOO_LOW""); (bool success, ) = _target.call{value: _value}(_calldata); require(success, ""CALL_FAILED""); emit Call(ms"
277,ba93b3b8d7cf,Medium,"DoS, Flashloan",State Update Inconsistency,"_Submitted by mtz, also found by 0x52, hyh, jonah1005, leastwood, and sorrynotsorry_ An attacker can use MEV (via gas auction or Flashbots or control of miners) to cause an unfair division of yield. By providing a very large (relative to the size of all other stablecoin deposits combined) stablecoin deposit Just-in-Time before an admin's call to [d"
278,485f7b9ccb0a,Medium,ERC20,Refund Failed,"`claimPrizesForRound()` transfers the entire amount of a prize to a winner without considering the total number of winners for that prize. The prize for a given round and prize index can be set by calling the `setPrize()` function, which pulls the amounts from the caller (the owner) and stores the prize data in the `prizes` array: However, the `cla"
279,54405135ebf3,Medium,Arithmetic,Rounding Error,"_Submitted by 0x52, also found by berndartmueller, cryptphi, and Lambda_"
280,1d8f1f43cde9,Medium,Reentrancy,Violating CEI / Missing nonReentrant,"_Submitted by hyh_ NonCustodialPSM mints and redeems VOLT to a chosen stablecoin at the current market rate minus a fixed fee. It is assumed that the difference to be covered with pcvDeposit funds. That assumption is similar to one used in FEI protocol, but there no rate growth takes place as FEI to USD rate supposed to be stable, while VOLT to USD"
281,c20104cb90d7,Medium,Access Control,Centralization Risk,"_Submitted by throttle, also found by 0xDjango, BowTiedWardens, defsec, dipp, fatherOfBlocks, gzeon, hake, reassor, shung, unforgiven, and WatchPug_ Unbounded and under-constrained variables. #### Proof of Concept 1. `dsStartTime` | `daPriceCurveLength` | `daDropInterval` The team can change the above variables during sale. It will either increase "
282,ba93b3b8d7cf,Medium,Access Control,Bypass Mechanism,"_Submitted by IllIllI, also found by leastwood and StErMi_ Yields will not be able to be distributed to lenders because attempts to do so will revert."
283,a1ee58021528,Medium,Access Control,"Does not match with Doc, Implementation Error","During the code review, It has been observed that reward calculation has been done with execute\_epoch\_operations function. However, the config are stored in the storage. When the anc\_purchase\_factor is updated by the owner, the execute\_epoch\_operations is not called."
284,7b5e1803022e,Medium,Accounting Error,Implementation Error,_Submitted by unforgiven_ For some `fcash` the asset token is underlying token (`asset.tokenType == TokenType.NonMintable`) and `NotionalV2` will not handle minting or burning when it is called with `useUnderlying==True` for those `fcash`s (according to what I asked from sponsor). In summery most of the logics in ` NotionalTradeModule ` will not wo
285,9befb133ee74,Medium,Input Validation,Inflation Attack,"_Submitted by cmichel_ The protocol computes a `factor` when minting (and burning) tokens, which is the exchange rate of rebase to base tokens (base supply / total assets value), see `GToken.factor()`. The first user can manipulate this factor such that it always returns `0`. **Example:** - Attacker deposits 100.0 DAI and mints 100 * 1e18 PWRD: `De"
286,e6e43dfea59f,Medium,Input Validation,Inflation Attack,"_Submitted by cmichel_ The protocol computes a `factor` when minting (and burning) tokens, which is the exchange rate of rebase to base tokens (base supply / total assets value), see `GToken.factor()`. The first user can manipulate this factor such that it always returns `0`. **Example:** - Attacker deposits 100.0 DAI and mints 100 * 1e18 PWRD: `De"
287,2c5e13b4e147,Medium,ERC20,Fee On Transfer Token,"The `updateValset` function don't check that the sum of the powers of the new validators in the new valset is greater than the threshold, which can lead to unwanted behavior. There are 2 main problems that can occur in that situation: 1. The sum of the new validators' powers will be lower than the `state_powerThreshold` 2. The sum of the new valida"
288,afa60bc8003d,Medium,Input Validation,Invalid Validation,"_Submitted by hyh, also found by rayn_ FlywheelCore.setFlywheelRewards can remove current reward funds from the current users' reach as it doesn't check that newFlywheelRewards' FlywheelCore is this contract. If it's not, by mistake or with a malicious intent, the users will lose the access to reward funds as this FlywheelCore will not be approved "
289,af8e4af75dc2,Medium,"Arithmetic, DoS",Front Run,"When a user incurs a DBR deficit, a replenisher can call the `forceReplenish` function to force the user to replenish DBR. However, there is no guarantee that the `forceReplenish` function will always be called. When the `forceReplenish` function is not called, such as because that the replenisher does not notice the user's DBR deficit promptly, th"
290,d9b35c0c87a4,Medium,Accounting Error,State Update Inconsistency,"An attacker can call `distributeRewards` right before `settleFunds` to make `operatorShare < penaltyAmount`. As a result, the validator will face loses."
291,b7fc4d82013a,Medium,Logic Error,Bad Condition,"_Submitted by TomFrenchBlockchain, also found by WatchPug_ All user funds in a basket being held hostage by the publisher"
292,4ef0b4d678ab,Medium,ERC4626,Inflation Attack,"In order to guarantee the contract does not become insolvent, incoming assets should be rounded up, while outgoing assets should be rounded down. The function `buyQuote()` calculates the amount of base tokens required to buy a given amount of fractional tokens. However, this function rounds down the required amount, which is in favor of the buyer ("
293,b2a8c124d062,Medium,DoS,Invalid Validation,"_Submitted by bin2chen, also found by 0x52, 0xDjango, 0xSky, auditor0517, Picodes, rokinot, ronnyx2017, and scaraven_"
294,a1ee58021528,Medium,Logic error,"Incorrect Parameter, Missing Upper/Lower Bound Check",The staking contract keeps track of *shares* of each user.<br> When withdrawing from the staking contract the `amount` parameter is converted to `shares` and this value is decreased (`shares = amount / total_balance * total_share`).<br> This shares calculation rounds down which allows stealing tokens.<br> The current code seems to try to protect ag
295,af8e4af75dc2,Medium,Logic Error,"Bad Condition, Bypass Mechanism","While a user borrows DOLA, his debt position in the DBR contract accrues more debt over time. However, Solidity contracts cannot update their storage automatically over time; state updates must always be triggered by externally owned accounts. For this reason, the DBR contract cannot accurately represent a user's debt position in its storage at all"
296,198fa93fabdd,Medium,Input Validation,Bad Condition,"_Submitted by PwnedNoMore, also found by ych18_ `uint32 _secondaryReserveRatio = uint32((msg.value * SCALE * 1e18) / (_initialTokenSupply * _initialTokenPrice));` `_secondaryReserveRatio` can be overflowed by setting a relatively small `_initialTokenSupply` and `_initialTokenPrice`. The result will be truncated by `uint32`, causing an overflow. Thi"
297,af8e4af75dc2,Medium,Oracle,"Price Manipulation / Arbitrage opportunity, Stale Value","Usage of the 2 day low exchange rate when trying to liquidate is highly risky as it incentives even more malicious agents to control the price feed for a short period of time. By controlling shortly the feed, it puts at risk any debt opened for a 2 day period + the collateral released will be overshoot during the liquidation."
298,a3e15237ea08,Medium,ERC721,Invalid Validation,"When transferring a token, which is of type fee-on-transfer, in `THORChain_Router::_transferOutAndCallV5`, the token is first deposited to the `THORChain_Aggregator` and then `THORChain_Aggregator::swapOutV5` is called with the same amount. The call will always revert if the `THORChain_Aggregator` does not have tokens or grief/steal (depending on t"
299,54405135ebf3,Medium,DoS,Missing Initialization,"`liquidateClean` doesn't check that the amount of shares the liquidator repays are covered by the collateral available, if the user repays more shares than (equally worth) collateral available - he'll get only the amount of collateral available."
300,b2a8c124d062,Medium,DoS,Invalid Validation,"_Submitted by csanuragjain, also found by cccz_ Due to missing modifier, User will be able to redeem zcTokens and withdraw underlying even in paused Market. This happens due to missing unpaused(p) modifier"
301,9befb133ee74,Medium,"Gnosis safe,Input Validation","Bypass Mechanism,Invalid Validation,Invariant Violation","_Submitted by 0xRajeev, also found by pauliax_ The `addSafeAddress()` takes an address and adds it to a “safe list"". This is used in `eoaOnly()` to give exemption to safe addresses that are trusted smart contracts, when all other smart contacts are prevented from protocol interaction. The stated purpose is to allow only such partner/trusted smart c"
302,e6e43dfea59f,Medium,"Gnosis safe,Input Validation","Bypass Mechanism,Invalid Validation,Invariant Violation","_Submitted by 0xRajeev, also found by pauliax_ The `addSafeAddress()` takes an address and adds it to a “safe list"". This is used in `eoaOnly()` to give exemption to safe addresses that are trusted smart contracts, when all other smart contacts are prevented from protocol interaction. The stated purpose is to allow only such partner/trusted smart c"
303,198fa93fabdd,Medium,TWAP,"Implementation Error, Price Manipulation / Arbitrage opportunity","_Submitted by Picodes, also found by cccz_"
304,d9b35c0c87a4,Medium,Solidity Version,Misuse of Dependency,Malicious modification in favor of your own funds' allocation rounds.
305,d9b35c0c87a4,Medium,Governance,Incorrect Parameter,"The purpose of the `updatePoolAddress` function is to update the pool address associated with an existing `poolId`. However, due to its internal invocation of the `verifyNewPool` function, the `updatePoolAddress` function always reverts. This occurs because the `verifyNewPool` function itself reverts when the specified `poolId` already exists. Cons"
306,804fe35b0164,Medium,Access Control,Bypass Mechanism,"The Blur Exchange supplied docs state:<br> **Off-chain methods**<br> ""Oracle cancellations - if the order is signed with an expirationTime of 0, a user can request an oracle to stop producing authorization signatures; without a recent signature, the order will not be able to be matched"" From the docs, we can expect that when expirationTime is 0 , t"
307,198fa93fabdd,Medium,Access Control,State Update Inconsistency,"_Submitted by itsmeSTYJ_ There is no sanity check to ensure that `(primaryReserveRatio * _initialTokenSupply * _initialTokenPrice)` is ≥ `(SCALE * 1e18)`. As a result, `_primaryReserveBalance` is given a value of 0 since divisions in solidity are rounded down. This also means that `primaryReserveBalance` and `fictitiousPrimaryReserveBalance` have a"
308,d9b35c0c87a4,Medium,Governance,Incorrect Parameter,"if ( submissionCount == trustedNodesCount / 2 + 1 && _exchangeRate.reportingBlockNumber > exchangeRate.reportingBlockNumber ) { updateWithInLimitER( _exchangeRate.totalETHBalance, _exchangeRate.totalETHXSupply, _exchangeRate.reportingBlockNumber ); } In `submitExchangeRateData`, consensus is reached if `submissionCount` is strictly equal to desired"
309,9befb133ee74,Medium,Input Validation,Invalid Validation,_Submitted by 0xRajeev_ The `switchEoaOnly()` allows the owner to disable `preventSmartContracts` (the project’s plan apparently is to do so after the beta-period) which will allow any smart contract to interact with the protocol and potentially exploit any underlying flash loan vulnerabilities which are specified as an area of critical concern. Th
310,e6e43dfea59f,Medium,Input Validation,Invalid Validation,_Submitted by 0xRajeev_ The `switchEoaOnly()` allows the owner to disable `preventSmartContracts` (the project’s plan apparently is to do so after the beta-period) which will allow any smart contract to interact with the protocol and potentially exploit any underlying flash loan vulnerabilities which are specified as an area of critical concern. Th
311,c20104cb90d7,Medium,"DoS, Flashloan",State Update Inconsistency,In ForgottenRunesWarriorsMinter.teamSummon() the owner can mint unrestricted amount of NFTs. This is more of a design issue than an actual bug in my opinion.
312,a1ee58021528,Medium,Slippage,Missing minOut / maxAmount,"The collector contract allows anyone to `sweep`, swapping an asset token to ANC through astro port.<br> Note that `belief_price` is not set and `config.max_spread` might not be set as well or misconfigured. This allows an attacker to create a contract to perform a sandwich attack to make a profit on this trade. > A common attack in DeFi is the sand"
313,97843b77b287,Medium,Upgradeable,Diamond,"_Submitted by gpersoon_ `GovDev.so`l has a function `updateSolution` to upgrade parts of the contract via the Diamond construction. Via `updateSolution`, any functionality can be changed and all the funds can be accessed/rugged. Even if this is well intended the project could still be called out resulting in a reputation risk, see for [example(http"
314,54405135ebf3,Medium,DoS,Hardcoded Parameter,"_Submitted by 0xA5DF, also found by sseefried_ `addInterest()` always multiplies the interest rate by the time delta, and then multiplies the total borrow amount by the results (`newTotalBorrowAmount = interestRate * timeDelta * totalBorrowAmount`). This can lead to different interest amounts, depending on how frequently it's called. This will most"
315,af8e4af75dc2,Medium,Chainlink,Stale Value,"Calling the `Oracle` contract's `viewPrice` or `getPrice` function executes `uint price = feeds[token].feed.latestAnswer()` and `require(price > 0, ""Invalid feed price"")`. Besides that Chainlink's `latestAnswer` function is deprecated, only verifying that `price > 0` is true is also not enough to guarantee that the returned `price` is not stale. Us"
316,7100a75d6ebd,Medium,DoS,Invalid Validation,_Submitted by zzzitron_ The function of the protocol could be impacted. This [proof of concept](https://gist.github.com/zzzitron/a8c6067923a87af8e001c05442258370#file-2022-07-juiceboxv2-t-sol-L117-L163) demonstrates the discarding of one of the duplicated locked splits. In the beginning it launches a project with two identical locked splits. As the
317,ee25ec7abd40,Medium,Access Control,"Does not match with Doc, Implementation Error","Missing address check for instructions LH and LHU. The receiveCollateral function lacks a caller restriction to ActivePool, allowing any address to invoke it with arbitrary token and amount parameters to alter StabilityPool balances."
318,54405135ebf3,Medium,Governance,Invalid Validation,_Submitted by berndartmueller_ The ownership of a deployed Fraxlend pair is transferred to `COMPTROLLER_ADDRESS` on deployment via `FraxlendPairDeployer_deploySecond`. This very owner is able to change the currently used time lock contract address with the `FraxlendPair.setTimeLock` function. A time lock is enforced on the `FraxlendPair.changeFee` 
319,8a20eb1e521f,Medium,"Flashloan,TWAP,Uniswap",slot0,"The `_doCheckValueType` function, which is crucial for post-operation validation, contains reversed comparison logic for the `gte` (greater than or equal to) and `lte` (less than or equal to) operators. This reversal causes the function to perform the opposite checks than intended, potentially allowing operations to pass validation when they should"
320,54405135ebf3,Medium,Logic Error,State Update Inconsistency,"_Submitted by carlitox477, also found by 0xA5DF, 0xDjango, brgltd, IllIllI, and reassor_"
321,d9b35c0c87a4,Medium,Governance,Incorrect Parameter,"During the withdraw process, the function `settleFunds()` get called. This function first calculates the `operatorShare` and the `penaltyAmount`. If the `operatorShare` < `penaltyAmount`, the function calls `slashValidatorSD` in order to slash the operator and start new auction to cover the loss. The issue here, is `slashValidatorSD` determines the"
322,2c5e13b4e147,Medium,ERC20,Missing Return Check,"_Submitted by defsec_ In case a hack is occuring or an exploit is discovered, the team (or validators in this case) should be able to pause functionality until the necessary changes are made to the system. Additionally, the gravity.sol contract should be manged by proxy so that upgrades can be made by the validators. Because an attack would probabl"
323,198fa93fabdd,Medium,TWAP,"Implementation Error, Price Manipulation / Arbitrage opportunity","NibblVault buyout duration longer than update timelock. A TWAP is a Time-Weighted average price, but the algorithm below does not take into account the time between observations"
324,1d8f1f43cde9,Medium,Liquidation,Unfair Liquidation,"_Submitted by cmichel, also found by rayn and catchup_ The `RateLimited.setBufferCap` function first updates the buffer and then sets the new cap, but does not apply the new cap to the updated buffer.<br> Meaning, the updated buffer value can be larger than the new buffer cap which should never be the case.<br> Actions consuming more than the new b"
325,d9b35c0c87a4,Medium,Governance,Incorrect Parameter,"The OPERATOR role holds a lot of power within the system, which can compromise both the system integrity and it's permission-less nature."
326,40cc38c69cca,Medium,Access Control,Missing Initialization,"_Submitted by kenzo_. After an auction has started, as time passes and according to the `bondBlock`, `newRatio` (which starts at 2\*ibRatio) gets smaller and smaller and therefore less and less tokens need to remain in the basket. This is not capped, and after a while, `newRatio` can become smaller than current `ibRatio`. #### Impact If for some re"
327,ee25ec7abd40,Medium,Arithmetic,Precision Loss,"Multiplication overflow leading to memory corruption and incorrect register write-back. At the early stage of the deployed DAO, if the token supply is low, the calculation settings.token.totalSupply() * settings.quorumThresholdBps) / 10_000 inside function quorum() may return 0, causing proposal.quorumVotes to be set to 0. "
328,d9b35c0c87a4,Medium,Governance,Incorrect Parameter,"Chainlink's `latestRoundData` is used here to retrieve price feed data; however, there is insufficient protection against price staleness. Return arguments other than `int256 answer` are necessary to determine the validity of the returned price, as it is possible for an outdated price to be received. See [here](https://ethereum.stackexchange.com/qu"
329,a1ee58021528,Medium,Accounting Error,"Peg / Depeg, Price Manipulation / Arbitrage opportunity","The `swap_to_stable_denom` function in the custody contracts swaps all other native tokens into a specific one. The function creates swap messages for all the other native tokens and adds them as sub-messages, and handles the reply only when the last sub-message succeeds. Upon receiving the reply, the contract sends the swapped tokens (i.e., reward"
330,1d8f1f43cde9,Medium,Arithmetic,"Does not match with Doc, Incorrect Parameter","_Submitted by robee, also found by georgypetrov, cmichel, and IllIllI_ Division by 0 can lead to accidentally revert,<br> (An example of a similar issue - <https://github.com/code-423n4/2021-10-defiprotocol-findings/issues/84>) It's internal function but since it is used in another internal functions that are used in public and neither of them has "
331,485f7b9ccb0a,Medium,Chainlink,Stale Value,"From the audit documentation: > All contracts that use gas should comply with the Blast gas claim logic. However, the `ThrusterPoolDeployer` contains a flaw in the implementation of `claimGas()` which will prevent it from ever claiming the gas it induces. The function attempts to claim gas for the zero address (`address(0)`) instead of the deployer"
332,b2a8c124d062,Medium,ERC20,Missing Return Check,"_Submitted by 0xDjango, also found by 0x1f8b, 8olidity, arcoun, Bahurum, caventa, csanuragjain, hansfriese, joestakey, jonatascm, Lambda, oyc&#95;109, and ronnyx2017_"
333,a1ee58021528,Medium,Cross-Chain,No Recovery Mechanism,"Rewards are dispersed to users as a percentage of the user's balance vs total balance (of `bEth`). Rewards are accumulated each time a user calls `execute_decrease_balance()`, `execute_increase_balance()` or `execute_claim_rewards()` as these functions will in term call `update_global_index()` before any balance adjustments. There is an attack vect"
334,2c5e13b4e147,Medium,Input Validation,Invalid Validation,"Ability for admin to drain all ERC20 funds stored in contract at will, meaning all ERC20 based Cudos tokens (and any other ERC20 tokens stored in the contract) could be extracted by anyone with admin role and later sold, leaving users funds bridged on Cudos Cosmos chain with no ERC20 representation stored across the bridge - similar in impact as th"
335,a1ee58021528,Medium,Access Control,State Update Inconsistency,"While `claim_rewards` from the `money-market`, it calls the `distributor_contract#spend()` to send the rewards. However, the `distributor_contract#spend()` function have a `spend_limit` config and it will revert if the amount is larger than the `spend_limit`. As a result, users won't be able to claim their rewards anymore once the amount of the rew"
336,7100a75d6ebd,Medium,DoS,Invalid Validation,"_Submitted by hake, also found by cccz_ Payouts won't be able to be distributed if one of multiple beneficiaries decides to revert the transaction on receival."
337,a1ee58021528,Medium,Cross-Chain,No Recovery Mechanism,"The borrow rate uses a simple interest formula to compute the accrued debt, instead of a compounding formula. This means the actual borrow rate and interest for suppliers depend on how often updates are made.<br> This difference should be negligible in highly active markets, but it could lead to a lower borrow rate in low-activity markets, leading "
338,98b7c1691811,Medium,Accounting Error,"Invariant Violation, State Update Inconsistency","_Submitted by leastwood, also found by cmichel, cmichel, egjlmn1, kenzo, MaCree, onewayfunction, sirhashalot, and WatchPug_ #### Impact NFTs are used to represent unique positions referenced by the generated `tokenId`. The `tokenId` value contains the position's score in the upper 128 bits and the index wrt. the token supply in the lower 128 bits. "
339,7100a75d6ebd,Medium,ERC4626,"Not EIP Compliant, Rounding Error","_Submitted by berndartmueller, also found by 0x52, hyh, and Ruhum_ The `JBPayoutRedemptionPaymentTerminal._feeAmount` function is used to calculate the fee based on a given `_amount`, a fee rate `_fee` and an optional discount `_feeDiscount`. However, the current implementation calculates the fee in a way that leads to inaccuracy and to fewer fees "
340,7100a75d6ebd,Medium,ERC20,Missing Return Check,"_Submitted by oyc&#95;109, also found by 0x52, IllIllI, and pashov_"
341,485f7b9ccb0a,Medium,ERC20,Refund Failed,"The `ThrusterTreasure` contract is designed to manage rounds of a lottery game, where participants can enter tickets and claim prizes based on random draws. The contract includes a variable `maxPrizeCount` which dictates the maximum number of prizes that can be set for any given round. This variable can be modified by the contract owner at any time"
342,7100a75d6ebd,Medium,DoS,Invalid Validation,"_Submitted by cccz_ When the owner calls the changeTokenOf function of the JBController contract, the token corresponding to the current project will be changed, which will make the oldToken holder unable to redeem the overflowing assets."
343,ee25ec7abd40,Medium,DoS,Whale,"Panic in MIPS VM could lead to unchallengeable L2 output root claim. A large token holder can send back and forth tokens using the flow limit to the capacity in the start of every epoch, making the system unusable(DOS)"
344,ee25ec7abd40,Medium,Governance,State Update Inconsistency,"In some cases, a team will not be granted enough `CLOCK_EXTENSION` time to generate the initial instruction trace and perform a counter claim."
345,b7fc4d82013a,Medium,Arithmetic,Scaling,"_Submitted by Ruhum_ The `settleAuction()` function allows someone to settle the auction by transferring funds in a way that the new pending index is fulfilled. As a reward, they are able to take out as many tokens as they want as long as the pending index is fulfilled after that. The function verifies that the basket has received everything it wan"
346,afa60bc8003d,Medium,Logic Error,"Implementation Error, Incorrect Parameter","_Submitted by cccz, also found by 0x52_ The \_incrementGaugeWeight function is used to increase the user's weight on the gauge. However, in the \_incrementGaugeWeight function, it is only checked that the gauge parameter is not in \_deprecatedGauges, but not checked that the gauge parameter is in \_gauges. If the user accidentally uses the wrong ga"
347,7100a75d6ebd,Medium,Accounting Error,"Invariant Violation, State Update Inconsistency","_Submitted by berndartmueller_ The `JBController.distributeReservedTokensOf` function is used to distribute all outstanding reserved tokens for a project. Internally, the `JBController._distributeReservedTokensOf` function calculates the distributable amount of tokens `tokenCount` with the function `JBController._reservedTokenAmountFrom`. However, "
348,7b5e1803022e,Medium,"Chainlink,Oracle",Stale Value,"_Submitted by GreyArt, also found by Meera_"
349,7b5e1803022e,Medium,"DoS, Flashloan",State Update Inconsistency,"Residual Allowance Might Allow Tokens In SetToken To Be Stolen. AlchemistV2 sets _mintingLimiter to limit the token minted amount in a period. The mint operation decreases the _mintingLimiter, but the burn operation does not replenish it, and the debt position is updated during the burn phase, so attacker can mint again after burning.  An attacker can loop the m"
350,485f7b9ccb0a,Medium,ERC20,Refund Failed,"The `ThrusterTreasure` contract is designed to facilitate a lottery game where users can enter tickets to win prizes based on entropy. The contract includes mechanisms for entering tickets into rounds (`enterTickets()`), setting prizes for rounds (`setPrize()`), and claiming prizes (`claimPrizesForRound()`). A critical aspect of the game's integrit"
351,b7fc4d82013a,Medium,Governance,Centralization Risk,_Submitted by GiveMeTestEther_ The fee calculation on L141 is wrong. It should only get divided by BASE and not (BASE - feePct)
352,ee25ec7abd40,Medium,"Access Control,DoS",State Update Inconsistency,Honest party's move could become invalid when re-org takes place. Admin is allowed to update merkleRoot. But some users won't be able to claim correct amount because of inconsistent check in claiming function.
353,afa60bc8003d,Medium,Arithmetic,Scaling,"_Submitted by smiling_heretic_ The impact depends really on how gauges are used by other contracts. The most obvious consequence I can imagine is that some other contract distributes rewards based on `calculateGaugeAllocation`. However, because `_getStoredWeight(_totalWeight, currentCycle)` is now larger than the real total sum of weights, all rewa"
354,7b5e1803022e,Medium,Governance,"Bad Condition, Does not match with Doc","_Submitted by xiaoming90, also found by berndartmueller_"
355,ee25ec7abd40,Medium,XSS Attack,Invalid Validation,"Inside `PreimageOracle.sol`, anyone can call the `loadPrecompilePreimagePart()` to load data into the contract. The problem is that anyone is able to specify the `address _precompile` parameter. This opens up the door for malicious users to pre-populate data and use it to validate wrong data."
356,7b5e1803022e,Medium,"Chainlink, Oracle","Missing Return Check, Stale Value","_Submitted by csanuragjain_ If maturity is reached and user has asked for redeem with opts.transferfCash as true, then if (hasMatured()) turns true at wfCashLogic.sol#L216 causing fcash to be cashed out in underlying token and then sent to receiver. So receiver obtains underlying when fcash was expected. The sender wont get an error thinking fcash "
357,afa60bc8003d,Medium,Arithmetic,Precision Loss,"_Submitted by gzeon_ In `_decrementWeightUntilFree`, the free weight is calculated by `balanceOf[user] - getUserWeight[user]` plus weight freed from non-deprecated gauges. The non-deprecated criteria is unnecessary and lead to incorrect accounting of free weight."
358,ee25ec7abd40,Medium,Liquidation,"Does not match with Doc, State Update Inconsistency",Incorrect dispute game resolution - it will make `True` root claim to be `False`.
359,54405135ebf3,Medium,Logic Error,"Bad Condition, Bypass Mechanism","_Submitted by 0xA5DF, also found by 0x52 and rbserver_ When `_addInterest()` is called post maturity, the penalty rate is applied since the last time `_addInterest()` was called, including the period before maturity."
360,ee25ec7abd40,Medium,Reentrancy,Violating CEI / Missing nonReentrant,"The `MIPS` doesn't implement `ADD`, `ADDI`, and `SUB` instructions correctly. onERC721Received calls _cleanupLoan to perform external NFT transfers before completing core state updates, violating the CEI pattern.
"
361,103f39b0f29b,Medium,Input Validation,Invalid Validation,The bidirectional mapping is not properly maintained. addToken() overwrites vaults but does not remove the corresponding token from the tokens array.
362,103f39b0f29b,Medium,Accounting Error,State Update Inconsistency,"In cases of insufficient funds for withdrawals, the share destruction calculation formula continues to use the old withdrawal amount parameter and does not recalculate with the updated actual withdrawal amount, resulting in users burning more shares than intended and causing unfair distribution."
363,103f39b0f29b,Medium,DoS,Bad Condition,"In safeDecimals(), when data.length >= 32, it uses abi.decode to return a uint8. However, if data.length is greater than 32, it will cause abi.decode to revert."
364,1167ec3a176e,Medium,Input Validation,Invalid Validation,The bidirectional mapping is not properly maintained. addToken() overwrites vaults but does not remove the corresponding token from the tokens array.
365,1167ec3a176e,Medium,Accounting Error,State Update Inconsistency,"In cases of insufficient funds for withdrawals, the share destruction calculation formula continues to use the old withdrawal amount parameter and does not recalculate with the updated actual withdrawal amount, resulting in users burning more shares than intended and causing unfair distribution."
366,1167ec3a176e,Medium,DoS,Bad Condition,"In safeDecimals(), when data.length >= 32, it uses abi.decode to return a uint8. However, if data.length is greater than 32, it will cause abi.decode to revert."
367,27c6f2a68058,Medium,Input Validation,Invalid Validation,The bidirectional mapping is not properly maintained. addToken() overwrites vaults but does not remove the corresponding token from the tokens array.
368,27c6f2a68058,Medium,Accounting Error,State Update Inconsistency,"In cases of insufficient funds for withdrawals, the share destruction calculation formula continues to use the old withdrawal amount parameter and does not recalculate with the updated actual withdrawal amount, resulting in users burning more shares than intended and causing unfair distribution."
369,27c6f2a68058,Medium,DoS,Bad Condition,"In safeDecimals(), when data.length >= 32, it uses abi.decode to return a uint8. However, if data.length is greater than 32, it will cause abi.decode to revert."
370,348856fe60ac,Medium,Input Validation,Invalid Validation,The bidirectional mapping is not properly maintained. addToken() overwrites vaults but does not remove the corresponding token from the tokens array.
371,348856fe60ac,Medium,Accounting Error,State Update Inconsistency,"In cases of insufficient funds for withdrawals, the share destruction calculation formula continues to use the old withdrawal amount parameter and does not recalculate with the updated actual withdrawal amount, resulting in users burning more shares than intended and causing unfair distribution."
372,348856fe60ac,Medium,DoS,Bad Condition,"In safeDecimals(), when data.length >= 32, it uses abi.decode to return a uint8. However, if data.length is greater than 32, it will cause abi.decode to revert."
373,592eed5791df,Medium,Input Validation,Invalid Validation,The bidirectional mapping is not properly maintained. addToken() overwrites vaults but does not remove the corresponding token from the tokens array.
374,592eed5791df,Medium,Accounting Error,State Update Inconsistency,"In cases of insufficient funds for withdrawals, the share destruction calculation formula continues to use the old withdrawal amount parameter and does not recalculate with the updated actual withdrawal amount, resulting in users burning more shares than intended and causing unfair distribution."
375,592eed5791df,Medium,DoS,Bad Condition,"In safeDecimals(), when data.length >= 32, it uses abi.decode to return a uint8. However, if data.length is greater than 32, it will cause abi.decode to revert."
376,73f6a793d916,Medium,Input Validation,Invalid Validation,The bidirectional mapping is not properly maintained. addToken() overwrites vaults but does not remove the corresponding token from the tokens array.
377,73f6a793d916,Medium,Accounting Error,State Update Inconsistency,"In cases of insufficient funds for withdrawals, the share destruction calculation formula continues to use the old withdrawal amount parameter and does not recalculate with the updated actual withdrawal amount, resulting in users burning more shares than intended and causing unfair distribution."
378,73f6a793d916,Medium,DoS,Bad Condition,"In safeDecimals(), when data.length >= 32, it uses abi.decode to return a uint8. However, if data.length is greater than 32, it will cause abi.decode to revert."
379,9470d2cf198f,Medium,Input Validation,Invalid Validation,The bidirectional mapping is not properly maintained. addToken() overwrites vaults but does not remove the corresponding token from the tokens array.
380,9470d2cf198f,Medium,Accounting Error,State Update Inconsistency,"In cases of insufficient funds for withdrawals, the share destruction calculation formula continues to use the old withdrawal amount parameter and does not recalculate with the updated actual withdrawal amount, resulting in users burning more shares than intended and causing unfair distribution."
381,9470d2cf198f,Medium,DoS,Bad Condition,"In safeDecimals(), when data.length >= 32, it uses abi.decode to return a uint8. However, if data.length is greater than 32, it will cause abi.decode to revert."
382,9ddd6b83c27e,Medium,Input Validation,Invalid Validation,The bidirectional mapping is not properly maintained. addToken() overwrites vaults but does not remove the corresponding token from the tokens array.
383,9ddd6b83c27e,Medium,Accounting Error,State Update Inconsistency,"In cases of insufficient funds for withdrawals, the share destruction calculation formula continues to use the old withdrawal amount parameter and does not recalculate with the updated actual withdrawal amount, resulting in users burning more shares than intended and causing unfair distribution."
384,9ddd6b83c27e,Medium,DoS,Bad Condition,"In safeDecimals(), when data.length >= 32, it uses abi.decode to return a uint8. However, if data.length is greater than 32, it will cause abi.decode to revert."
385,a4d91fb1550f,Medium,Input Validation,Invalid Validation,The bidirectional mapping is not properly maintained. addToken() overwrites vaults but does not remove the corresponding token from the tokens array.
386,a4d91fb1550f,Medium,Accounting Error,State Update Inconsistency,"In cases of insufficient funds for withdrawals, the share destruction calculation formula continues to use the old withdrawal amount parameter and does not recalculate with the updated actual withdrawal amount, resulting in users burning more shares than intended and causing unfair distribution."
387,a4d91fb1550f,Medium,DoS,Bad Condition,"In safeDecimals(), when data.length >= 32, it uses abi.decode to return a uint8. However, if data.length is greater than 32, it will cause abi.decode to revert."
388,c2426a2ab283,Medium,Input Validation,Invalid Validation,The bidirectional mapping is not properly maintained. addToken() overwrites vaults but does not remove the corresponding token from the tokens array.
389,c2426a2ab283,Medium,Accounting Error,State Update Inconsistency,"In cases of insufficient funds for withdrawals, the share destruction calculation formula continues to use the old withdrawal amount parameter and does not recalculate with the updated actual withdrawal amount, resulting in users burning more shares than intended and causing unfair distribution."
390,c2426a2ab283,Medium,DoS,Bad Condition,"In safeDecimals(), when data.length >= 32, it uses abi.decode to return a uint8. However, if data.length is greater than 32, it will cause abi.decode to revert."
391,e7921851ec01,Medium,Input Validation,Invalid Validation,The bidirectional mapping is not properly maintained. addToken() overwrites vaults but does not remove the corresponding token from the tokens array.
392,e7921851ec01,Medium,Accounting Error,State Update Inconsistency,"In cases of insufficient funds for withdrawals, the share destruction calculation formula continues to use the old withdrawal amount parameter and does not recalculate with the updated actual withdrawal amount, resulting in users burning more shares than intended and causing unfair distribution."
393,e7921851ec01,Medium,DoS,Bad Condition,"In safeDecimals(), when data.length >= 32, it uses abi.decode to return a uint8. However, if data.length is greater than 32, it will cause abi.decode to revert."
394,empty,empty,empty,empty,empty
395,empty,empty,empty,empty,empty
396,empty,empty,empty,empty,empty
397,empty,empty,empty,empty,empty
398,empty,empty,empty,empty,empty
399,empty,empty,empty,empty,empty
400,empty,empty,empty,empty,empty
