Property,repo_path,severity,tag,subtag,description
1,fa1836e0615e,High,ERC721,Missing Functionality,The contract can receive ERC721 tokens but does not implement the transfer or approval logic needed to recover them safely. ERC721 assets moved through recoverERC721 can become permanently locked.
2,a3e15237ea08,High,Accounting Error,Rebase Token,"THORChain_Router records static allowances for rebasing tokens while real balances change after rebase events. A pre-rebase allowance can later withdraw more value than intended, draining later deposits or causing withdrawal DoS."
3,a3e15237ea08,Medium,"Accounting Error, DoS, ERC20",Fee On Transfer Token,"The router assumes a fee-on-transfer token transfer delivers the requested amount to the aggregator. The aggregator receives less than expected, which can revert swaps, strand tokens, or force the aggregator to cover the shortfall."
4,40cc38c69cca,Medium,Accounting Error,Fee On Transfer Token,Fee on transfer tokens transfer less tokens in than what would be expect.This means that the protocol request incorrect amounts when dealing with these tokens.
5,d562802cb53a,Medium,Upgradeable,Bad Condition,"During certain upgrade migration timing conditions, a user could finalize a withdrawal on the old L1ERC20Bridge and then withdraw again on the new L1SharedBridge, enabling a potential double withdrawal."
6,fa1836e0615e,High,DoS,"Bad Condition, State Update Inconsistency","The settle logic requires total collateral minus loss to exactly equal the token balance. An attacker can transfer collateral directly to the vault, breaking this equality and permanently blocking settlement."
7,d9b35c0c87a4,Medium,DoS,Bad Condition,"submitExchangeRateData and submitSDPrice depend on quorum from trusted nodes. If trustedNodesCount changes during submission, the existing count is not adjusted and quorum may become permanently unreachable."
8,b7fc4d82013a,Medium,DoS,Bad Condition,"newRatio is calculated and compared with minIbRatio in settleAuction().However, if newRatio is less than minIbRatio, settleAuction() will always fail and there is no way for the bonder to cancel and get a refund."
9,bb3018c8812c,Medium,DoS,Bad Condition,MagicSpend.validatePaymasterUserOp checks each withdrawal amount against the contract balance independently. Batched UserOps can exceed the total balance and make later postOp calls revert.
10,d562802cb53a,Medium,DoS,Missing Initialization,"The l1LegacyBridge is not assigned during L2SharedBridge.initialize(), causing deposits sent via the old L1ERC20Bridge to fail before the upgrade is completed."
11,9cc1dc4ae06a,Medium,ERC4626,Not EIP Compliant,"BaseRewardPool4626 omits required ERC4626 functions and events, so integrations relying on the standard cannot safely use it as an IERC4626 vault."
12,9cc1dc4ae06a,Medium,Input Validation,Missing Time Constraint,Missing block.timestamp <= endTime allows sponsorship after endTime even though the reward unlock period is over. Funds can still be deposited but can never become valid reward allocations.
13,c20104cb90d7,Medium,ERC20,Missing Return Check,"The contract does not properly check the return value of ERC20 token transfer functions, this can result in failed token transfers being incorrectly treated as successful, and cause transaction reverts for tokens like USDT that do not return a boolean success value."
14,d9b35c0c87a4,Medium,DoS,Duplicate Value,"updatePollAddress calls verifyNewPool, which rejects an already existing poolId. Valid pool address updates can therefore revert, leaving the pool address impossible to change."
15,9cc1dc4ae06a,Medium,Input Validation,Duplicate Value,add does not reject duplicate lpToken values so multiple pools can point to the same LP token. lpSupply uses lpToken.balanceOf(address(this)) which double counts the same balance and misallocates rewards.
16,e169bbefc6e2,High,DoS,"Duplicate Value, Invalid Validation","Concurrent proposals for the same NFT index can overwrite an earlier user's JPEG lock schedule when finalized. The earlier user can no longer withdraw the locked JPEG, causing permanent loss."
17,d9b35c0c87a4,Medium,Input Validation,Duplicate Value,"updateAdmin accepts an address that is already an admin. Passing an existing admin can remove or corrupt that admin status, causing unintended loss of admin privileges."
18,fa1836e0615e,Medium,Pause,State Update Inconsistency,"The redeem function lacks a whenNotPaused check. Users can continue redeeming while the protocol is paused, creating state changes that bypass the intended pause protection."
19,d9b35c0c87a4,Medium,Logic error,State Update Inconsistency,Penalty settlement only considers the validator balance in ValidatorWithdrawalVault and ignores funds held in the related vault. Operators can be marked underfunded even when total available rewards are sufficient.
20,9cc1dc4ae06a,Medium,Accounting Error,State Update Inconsistency,When _withUpdate is false in add or set totalAllocPoint changes without massUpdatePools. Other pools keep stale accounting and receive incorrect reward shares.
21,fa1836e0615e,Medium,Arithmetic,State Update Inconsistency,"When putOptionsRequired is true, premium calculation depends on the current block time and nextFundingPaymentTimestamp. Users can time bond calls near funding updates to pay less premium than intended."
22,9cc1dc4ae06a,Medium,DAO,State Update Inconsistency,Total voting power is computed from total locked tokens while individual voting weights only track delegated amounts. The mismatch distorts governance thresholds and can make governance fail.
23,9cc1dc4ae06a,Medium,DAO,"Does not match with Doc, State Update Inconsistency",Users who lock AURA and receive vlAURA get no voting power unless they explicitly choose a delegate. The docs imply locked users should have voting power but accounting only records delegated balances.
24,bb3018c8812c,High,"Cross-Chain, Replay Attack",State Update Inconsistency,"Owner removal can be replayed across chains because removeOwnerAtIndex lacks chain-specific validation and final-owner protection. The same index can point to different owners on different chains, potentially locking the account."
25,fa1836e0615e,Medium,Accounting Error,State Update Inconsistency,"The sync function is not called after every operation that changes asset balances. Internal balances can become stale, causing later calculations or external calls to use incorrect asset amounts."
26,fa1836e0615e,Medium,ERC721,State Update Inconsistency,"ERC721 transfer logic does not update the stored owner value after minting. The contract can report an outdated owner after transfers, causing inconsistent token ownership state."
27,fa1836e0615e,High,"Accounting Error, Arithmetic, DoS",State Update Inconsistency,"addToDelegate increases totalWethDelegated but withdraw does not decrease it. sync can then understate WETH reserves and make lowerDepeg underflow, preventing the protocol from restoring the dpxETH peg."
28,b7fc4d82013a,High,Accounting Error,State Update Inconsistency,"When totalSupply is 0, handleFees does not update lastFee, causing an inflated time difference on the next fee calculation and minting excess fee tokens, diluting existing holders' value."
29,fa1836e0615e,Medium,Slippage,minOut set to 0,"The Dopex curve swap path can compute minimum output with the wrong price helper, effectively producing a zero or incorrect minOut and leaving swaps without real slippage protection."
30,fa1836e0615e,Medium,Arithmetic,Precision Loss,"VaultLP computes withdrawable assets from totalCollateral, but when all WETH collateral is locked and converted to RDPX the reported collateral can be zero. Shareholders can be unable to withdraw compensation."
31,fa1836e0615e,High,DoS,"Invalid Validation, Precision Loss","When putOptionsRequired is true, timeToExpiry is passed to option pricing after conversion. If less than 864 seconds remain before next funding, it rounds to zero and all bond operations revert."
32,b7fc4d82013a,Medium,Arithmetic,Precision Loss,"The fee calculation tries to calculate a fee such that fee/(supply+fee) = %fee using a simple interest formula (i.e. no compounding), this lead to slightly less fee collected when fee are collected more frequently (small timeDiff) vs less frequently (big timeDiff)."
33,e169bbefc6e2,Medium,Arithmetic,Precision Loss,"The calculation divides before multiplying, so small intermediate values round down to zero. The later multiplication then uses zero and causes the final amount to be understated."
34,b7fc4d82013a,Medium,Arithmetic,Precision Loss,"In fees calculation, division is being used in the midst of the calculation, not at the end of it.This leads to lost precision in fee amount (as solidity doesn't save remainder of division)."
35,9cc1dc4ae06a,Medium,Oracle,Stale Value,CrvDepositorWrapper relies on an infrequently updated Balancer TWAP; stale pool snapshots can produce inaccurate pricing and failed or sandwichable distributions.
36,fa1836e0615e,Medium,Access Control,Centralization Risk,"bond automatically triggers reLP and is open to anyone. An attacker can manipulate pool price before calling bond, force reLP to trade at an unfavorable price, then unwind for profit."
37,b7fc4d82013a,Medium,Access Control,Centralization Risk,"The factory can change auctionMultiplier/auctionDecrement mid-auction, altering profitability; with extreme settings (multiplier=0, decrement=max), newRatio=0 and tokensNeeded=0, enabling settlement to drain all tokens."
38,9cc1dc4ae06a,Medium,DoS,Fee On Transfer Token,"Aura reward distribution assumes the full reward token amount is received. Fee-on-transfer reward tokens reduce the received amount, causing users to receive less or no rewards and breaking reward claiming."
39,804fe35b0164,Medium,Access Control,Centralization Risk,Hacked owner or malicious owner can immediately steal all assets on the platform
40,9cc1dc4ae06a,Medium,"Access Control, Logic error","Bad Condition, Centralization Risk",If AuraLocker is shut down the lock-rewards path reverts. Users can only take the unlocked withdrawal path with a 20 percent penalty causing admin-induced loss.
41,9cc1dc4ae06a,Medium,Arithmetic,Token Decimal,"AuraLocker rewardPerToken accounting can overflow when rewards are distributed against a very small or low-decimal locked supply, locking reward updates and forcing emergency withdrawal."
42,fa1836e0615e,Medium,Uniswap,No Recovery Mechanism,"The Uniswap V2 reLP path removes WETH-RDPX liquidity, swaps part of WETH to RDPX, and re-adds liquidity with inaccurate calculations. The flow can revert or leave unrecoverable WETH dust."
43,9cc1dc4ae06a,Medium,"Input Validation, Logic error","Invalid Validation, No Recovery Mechanism",If claimRewards is called without Options.LockCvx the contract can still transfer CVX from the user when depositCvxMaxAmount is positive. Since no locking action follows those tokens remain stuck without recovery.
44,fa1836e0615e,High,"DoS, Uniswap",Incorrect Parameter,"ReLP assumes the protocol owns all liquidity in the Uniswap V2 pool. It can calculate lpToRemove from total pool reserves and attempt to remove more liquidity than it owns, causing reverts."
45,a3e15237ea08,Medium,DoS,Incorrect Parameter,The ETH path in _transferOutAndCallV5 reuses the same msg.value for every item in a batch. An attacker-controlled target can receive msg.value repeatedly across loop iterations and drain router ETH.
46,b7fc4d82013a,Medium,Accounting Error,Incorrect Parameter,"The fee calculation is based on the totalSupply of the basket token. But some amount of the totalSupply represents the fees paid to the publisher/ protocol owner. Therefore the fees are ""overcharged""."
47,9cc1dc4ae06a,Medium,"Accounting Error, Arithmetic",Incorrect Parameter,When all user locks are expired the kick reward uses only the last lock amount multiplied by expired epochs instead of the total expired locked balance. Users receive less reward than owed.
48,e169bbefc6e2,High,DoS,Incorrect Parameter,"Strategy migration can fail because JPEG is blacklisted in the strategy withdrawal path. When the controller attempts to withdraw JPEG during migration, the call reverts and blocks the migration."
49,b7fc4d82013a,Medium,Accounting Error,Incorrect Parameter,The fee calculation is wrong. It should only get divided by BASE and not (BASE - feePct)
50,e169bbefc6e2,High,DoS,Incorrect Parameter,"StrategyPUSDConvex calls earned without passing the required account argument. The call reverts every time, breaking balance queries and dependent vault or farming operations."
51,fa1836e0615e,High,Arithmetic,"Hardcoded Parameter, Token Decimal","roundUp uses a hardcoded 1e6 roundingPrecision. At realistic rDPX prices, a 25 percent out-of-the-money strike can round back to the current price, making the option in-the-money and breaking premium assumptions."
52,e169bbefc6e2,Medium,Arithmetic,Token Decimal,yVault.getPricePerFullShare scales the price per share by 1e18 regardless of vault token decimals. Non-18-decimal underlying tokens produce incorrectly scaled share prices.
53,fa1836e0615e,High,Arithmetic,Token Decimal,"Oracle prices are returned with 1e18 precision while multiple contracts assume 1e8 precision. The mismatch distorts calculations and can cause inflated values, failed transfers, or underflows."
54,d9b35c0c87a4,Medium,Logic error,Reward Manipulation,The reward distribution index advances even when current funds are insufficient. A malicious user can send a tiny transfer to influence the next validator allocation and redirect rewards to a preferred pool.
55,e169bbefc6e2,Medium,Input Validation,Reward Manipulation,"If the LP token is also the JPEG reward token, newly minted rewards increase lpToken.balanceOf used as lpSupply. This inflates the denominator and dilutes rewards for stakers."
56,9cc1dc4ae06a,Medium,DoS,Reward Manipulation,distributeOther lets anyone call notifyRewardAmount. This resets the reward period and re-spreads undistributed rewards over a new seven day window. An attacker can cheaply delay reward distribution for normal users.
57,fa1836e0615e,High,DoS,Front Run,"The put settlement threshold is public and LPs can withdraw excess collateral before settlement. Fast users avoid losses, leaving remaining LPs with more loss and potentially draining vault liquidity."
58,9cc1dc4ae06a,Medium,DoS,Front Run,The contract requires each asset balance to exactly equal _request.maxAmountsIn[i]. An attacker can front-run by sending 1 wei to the contract so the equality fails and the liquidity provider transaction reverts.
59,bb3018c8812c,Medium,DoS,"Front Run, Nonce","MagicSpend.validatePaymasterUserOp() and MagicSpend.withdraw() use the same signature. Malicious users can submit a transaction via the paymaster and then front-run with a withdraw() call, causing validatePaymasterUserOp() to revert because the nonce has already been consumed."
60,40cc38c69cca,High,DoS,Front Run,"A malicious actor can snipe the mempool to bond as soon as an auction starts; because only the bonder can settle and the bond can't be burned for 24 hours, the auction and funds remain frozen."
61,d9b35c0c87a4,Medium,Pause,Front Run,"Before the contract is paused, an MEV bot can front-run by calling addBid across active auctions. This can block later competing bids and prevent near-ending auctions from being overtaken."
62,d9b35c0c87a4,Medium,Access Control,Front Run,"distributeRewards lacks access control, allowing an attacker to call it before settleFunds. This can reduce operatorShare below penaltyAmount and cause validator loss."
63,9cc1dc4ae06a,Medium,DoS,"Bad Condition, Front Run",An attacker can front-run a transaction that adds rewards to a past epoch by adding dust rewards to a later epoch. The victim transaction for the past epoch then hits the require check and fails.
64,d9b35c0c87a4,Medium,"Logic error, MEV",Front Run,"Auction endBlock is fixed and predictable, so rational bidders can wait until the final block instead of participating earlier. This creates a front-running advantage for MEV searchers."
65,d9b35c0c87a4,Medium,"Chainlink, Oracle",Stale Value,The oracle integration does not perform sufficient freshness checks before using returned prices. Stale oracle values can therefore be accepted by protocol logic.
66,e169bbefc6e2,Medium,Chainlink,Stale Value,"JPEG'd reads Chainlink oracle answers without checking freshness or round completeness, so stale price data can be accepted for collateral valuation."
67,9cc1dc4ae06a,Medium,DoS,Out of Gas,massUpdatePools is public and loops over poolInfo.length without a bound. As pools grow the updatePool loop can exceed the block gas limit and prevent reward updates.
68,9cc1dc4ae06a,Medium,DoS,Out of Gas,_getReward iterates from epochIndex to tokenEpochs. If a user waits too long to claim the loop can exceed the block gas limit and make rewards permanently unclaimable.
69,40cc38c69cca,Medium,Input Validation,"Asset Theft, Invalid Validation","The newRatio decreases over time without a lower bound. A malicious actor can wait until newRatio < ibRatio or near zero, bond and settle the auction, and effectively steal most of the basket's assets with minimal required collateral."
70,b7fc4d82013a,Medium,MEV,Asset Theft,"By bonding at a precisely chosen block that makes newRatio = 0, tokensNeeded evaluates to 0 and settleAuction() can drain the basket regardless of balances."
71,fa1836e0615e,Medium,Accounting Error,Asset Theft,Bonding mints dpxETH with a collateral discount but deducts a fixed amount of protocol WETH instead of accounting for actual user input. Repeated bonding can drain WETH reserves and block future bonds.
72,9cc1dc4ae06a,Medium,Arithmetic,Rounding Error,Calculations round down and do not adapt when the contract lacks enough tokens. safeRewardTransfer can send less than expected while accounting treats the reward as paid which creates user shortfall and inconsistent accounting.
73,d562802cb53a,High,Accounting Error,Implementation Error,"paymaster's _maxRefundedGas = gasLeft + reservedGas, without subtracting spentOnPubdata. This way _maxRefundedGas will be much larger than the correct value. paymaster will refund the used spentOnPubdata to the user"
74,b7fc4d82013a,Medium,Accounting Error,"Implementation Error, Incorrect Parameter","When handleFees is called, totalSupply and ibRatio changes accordingly, but for newIbRatio calculation tokens minted in handleFees is not included. Therefore, ibRatio is calculated higher than it should be."
75,d562802cb53a,Medium,Logic error,"Does not match with Doc, Implementation Error",In StateTransitionManager::unfreezeChain function call unfreezeDiamond instead of freezeDiamond on IZkSyncStateTransition(stateTransition[_chainId]) instance.
76,40cc38c69cca,Medium,DoS,Implementation Error,"The mint() function redundantly includes a nonReentrant modifier, despite calling mintTo() which already has it, causing malfunction due to double reentrancy guard and blocking minting functionality."
77,e169bbefc6e2,High,ERC4626,Inflation Attack,A first depositor can manipulate vault asset accounting by donating a large amount before later deposits. Subsequent users may receive too few or zero shares for their deposited assets.
78,9cc1dc4ae06a,Medium,Input Validation,Invalid Validation,Adding _lpToken to a pool does not check that it differs from the CVX reward token. If _lpToken is CVX newly minted rewards inflate measured lpSupply and dilute existing stakers.
79,40cc38c69cca,Medium,"DoS, Input Validation",Invalid Validation,"function setBondPercentDiv should validate that newBondPercentDiv is not 0, or bondForRebalance will experience division by zero error otherwise."
80,40cc38c69cca,Medium,"Arithmetic, DoS, Input Validation","Invalid Validation, Precision Loss","If all users burn their shares, the totalSupply becomes zero. Subsequent calls to handleFees() will attempt to divide by zero, causing the contract to revert and rendering the Basket permanently unusable."
81,b7fc4d82013a,Medium,"DoS, Input Validation",Invalid Validation,"A malicious publisher can set minIbRatio to an extreme value during an auction proposal, making the auction impossible to settle and locking all user funds in the basket."
82,e169bbefc6e2,Medium,Input Validation,"Bypass Mechanism, Invalid Validation",The noContract modifier relies on contract code size and can be bypassed from a constructor before code is deployed. This allows contract-based callers to pass validation intended for EOAs.
83,b7fc4d82013a,Medium,"ERC20, Reentrancy",Invalid Validation,"Basket.initialize() calls approveUnderlying(auction) without guarding against an untrusted ERC-20 approve() hook, allowing reentrancy into initialize() to overwrite critical addresses (factory, auction) and hide the malicious token."
84,40cc38c69cca,Medium,"DoS, Input Validation",Invalid Validation,The function Factory.setBondPercentDiv() allows the owner to set the state variable Factory.bondPercentDiv to zero.If Factory.bondPercentDiv equals zero then the function Auction.bondForRebalance() will always revert due to a division by zero.
85,40cc38c69cca,Medium,"DoS, Input Validation",Invalid Validation,The function Factory.setAuctionDecrement() allows the owner to set the state variable Factory.auctionDecrement to zero.If Factory.auctionDecrement equals zero then the function Auction.settleAuction() will always revert due to a division by zero.
86,e169bbefc6e2,High,Reentrancy,Violating CEI / Missing nonReentrant,"If a token transfers control to the sender during deposit, the vault can be reentered before accounting is complete. This allows share or balance manipulation during token transfer."
87,40cc38c69cca,Medium,Reentrancy,Violating CEI / Missing nonReentrant,function createBasket in Factory should also be nonReentrant as it interacts with various tokens inside the loop and these tokens may contain callback hooks.
88,9cc1dc4ae06a,Medium,Reentrancy,Violating CEI / Missing nonReentrant,User state is updated after sending reward tokens. If the reward token has transfer hooks or is upgraded to ERC777 an attacker can reenter and claim again before state is updated.
89,fa1836e0615e,Medium,"Flashloan, MEV",Price Manipulation / Arbitrage opportunity,"Because bond is permissionless and automatically calls reLP, an attacker can use a flash loan to move the RDPX-ETH price before reLP executes. The protocol trades at the manipulated price and the attacker arbitrages the reversal."
90,fa1836e0615e,Medium,"Arithmetic, ERC4626",Price Manipulation / Arbitrage opportunity,redeem calculates returned RDPX from the user's share of vault supply instead of current market price. A user can deposit before a price increase and later redeem more RDPX than intended.
91,198fa93fabdd,Medium,TWAP,Price Manipulation / Arbitrage opportunity,"The current implementation of TWAV is based on a short observation period, making it susceptible to price manipulation."
92,d9b35c0c87a4,Medium,Logic error,Bypass Mechanism,"Penalty recovery uses the minimum of operatorSD and poolThreshold.minThreshold instead of the full penalty amount. When operatorShare is much larger, most of the penalty can remain unrecovered."
93,a3e15237ea08,High,Logic error,Invariant Violation,THORChain_Router emits TransferOut with the original recipient even when a failed native-token send is bounced back to the vault. Off-chain accounting can record the wrong receiver and break protocol invariants.
94,fa1836e0615e,Medium,"Arithmetic, Slippage","Does not match with Doc, Invalid  Slippage Control / Missing slippage check","minTokenAAmount is calculated with the wrong formula during the liquidity flow. The slippage check uses an incorrect bound, so trades may execute outside the user's intended protection."
95,9cc1dc4ae06a,Medium,Logic error,"Does not match with Doc, Incorrect Parameter",unlockInWeeks - unlockTime compares seconds even though the logic intends to compare weeks. The greater than two check becomes two seconds instead of two weeks so locks can be extended earlier than documented.
96,d562802cb53a,Medium,"Logic error, Upgradeable",Does not match with Doc,"The StateTransitionManager contract lacks a way to invoke executeUpgrade() or upgradeChainFromVersion(), preventing forced upgrades of deployed STs in urgent high-risk situations and undermining the documented safeguard mechanism."
97,d9b35c0c87a4,Medium,Pause,Does not match with Doc,Several contracts inherit PausableUpgradeable but do not implement pause and unpause controls. The documented emergency pause mechanism is therefore unavailable for those contracts.
98,fa1836e0615e,Medium,Slippage,Invalid  Slippage Control / Missing slippage check,"When minAmount is zero and _ethToDpxEth is true, the code uses getDpxEthPrice instead of getEthPrice to compute minOut. The resulting slippage bound is incorrect."
99,e169bbefc6e2,Medium,Slippage,Invalid  Slippage Control / Missing slippage check,Reward tokens are swapped directly to WETH through a fixed path that may not have enough liquidity. Users can receive far less output when a better route exists.
100,e7921851ec01,Medium,DoS,State Update Inconsistency,"D3MakerFreeSlot.setNewTokenAndReplace removes the old token from tokenMMInfoMap but leaves its index in priceListInfo.tokenIndexMap, so the old token is still treated as configured and cannot be re-added with setNewToken or setNewTokenAndReplace."
101,51c6dc5fd57f,Medium,Access Control,State Update Inconsistency,An approved M earner can keep earning after governance removes it from the approved list because disapproval does not force stopEarning or remove the account from totalEarningSupply.
102,51c6dc5fd57f,Medium,"DoS, Arithmetic",Missing Upper/Lower Bound Check,"A malicious undercollateralized minter can repeatedly call updateCollateral in a short period and compound penalties until principalOfTotalActiveOwedM approaches the uint112 limit, breaking critical minting and accounting functions."
103,51c6dc5fd57f,Medium,"Access Control, Input Validation","Bypass Mechanism, Invalid Validation","The updateCollateral validator threshold can be bypassed because one compromised validator can reuse historical validator data to update a minter state, allowing stale collateral status to be accepted without the intended quorum."
104,1167ec3a176e,High,Access Control,Asset Theft,"A restricted ArrakisStandardManager executor can call rebalance with a malicious payload that steals accrued manager fees and deposits them back into pool liquidity, deleting value owed to the manager."
105,1167ec3a176e,High,Accounting Error,State Update Inconsistency,"When a new module receives its first deposit, ValantisHOTModulePublic assumes only dust reserves and can send all supplied liquidity to the vault manager instead of accounting it as user vault liquidity."
106,1167ec3a176e,High,"Access Control, Accounting Error",Asset Theft,A malicious restricted executor can exploit rebalance with rebasing-token reserve changes to mint shares cheaply and drain all vault reserves.
107,1167ec3a176e,High,Access Control,Asset Theft,"After an admin whitelists a new module, a malicious executor can call ArrakisStandardManager.setModule with malicious payloads and then withdraw through initializePosition to drain the vault."
108,1167ec3a176e,High,"DoS, Arithmetic",Incorrect Parameter,"Adding liquidity can revert because ValantisHOTModulePublic calculates the token amounts to pull from ArrakisPublicVaultRouter higher than the amounts the user sent, so valid add-liquidity transactions are denied."
109,1167ec3a176e,High,Slippage,Missing minOut / maxAmount,"ArrakisMetaVaultPrivate.fund lacks slippage protection, allowing an attacker to front-run a private vault deposit and force liquidity to be added at an unfavorable unbalanced price."
110,1167ec3a176e,Medium,ERC20,safeApprove,"USDT-style approvals are unsupported because the swap executor relies on OpenZeppelin 4.9.5 approval behavior without forceApprove or first zeroing the allowance, so swaps using USDT can revert."
111,592eed5791df,Medium,Arithmetic,Token Decimal,"USDC rewards use 6 decimal precision, and frequent reward updates can round each reward-per-token increment to zero, preventing the intended weekly USDC distribution from reaching stakers."
112,103f39b0f29b,Medium,Arithmetic,Rounding Error,"When a pair is configured with the maximum fee, RubiconFeeController rounds the fee down and ProtocolFees then recomputes a different expected amount, causing otherwise valid swaps to revert."
113,73f6a793d916,High,"DoS, Input Validation",Bypass Mechanism,The clone-with-immutable-args pattern lets forged calldata control the delegated implementation address; a selfdestructing implementation can brick vesting escrow vaults and permanently block normal use.
114,9470d2cf198f,Medium,"Input Validation, Arithmetic",Token Decimal,"Launch.updateParticipation compares token amounts with currency amounts without normalizing decimals, so a payment token with fewer decimals lets users bypass maxTokenAmountPerUser."
115,9470d2cf198f,Medium,Accounting Error,State Update Inconsistency,"When a user reduces participation, Launch.updateParticipation subtracts refundCurrencyAmount from userTokenAmount in _userTokensByLaunchGroup, corrupting token accounting and causing refund loss or DoS."
116,9ddd6b83c27e,High,ERC20,safeApprove,"If a user mistakenly approves DnGmxJuniorVault tokens to WithdrawPeriphery, anyone can call withdrawToken or redeemToken and withdraw or redeem that user's junior vault tokens."
117,9ddd6b83c27e,High,"Input Validation, Liquidation",Invalid Validation,"DnGmxJuniorVaultManager._rebalanceBorrow only handles the case where both ETH and BTC exposures breach thresholds; if only one asset needs rebalancing, the vault can remain unhedged and become liquidatable."
118,9ddd6b83c27e,Medium,DoS,Bypass Mechanism,"DnGmxJuniorVaultManager.harvestFees converts WETH fees into USDC and stakes them for the senior vault, indirectly increasing junior-vault debt and pushing borrowedUSDC above the borrow cap, which DoSes vault operations."
119,9ddd6b83c27e,Medium,Arithmetic,Incorrect Parameter,"DnGmxJuniorVaultManager uses usdcPrice and MAX_PRECISION in the wrong numerator/denominator order when computing price-adjusted values, producing incorrect amounts."
120,9ddd6b83c27e,Medium,"Slippage, Arithmetic",Token Decimal,"WithdrawPeriphery._convertToToken computes slippage amounts in 6 decimals for every output token, so redemption to WETH or WBTC has ineffective slippage protection."
121,9ddd6b83c27e,Medium,Slippage,Incorrect Parameter,"WithdrawPeriphery defines MAX_BPS as 1000 instead of the expected 10000, allowing user slippage parameters to be interpreted 10x larger than intended."
122,9ddd6b83c27e,Medium,ERC4626,Inflation Attack,"An early DnGmxSeniorVault depositor can mint a tiny number of shares and donate aUSDC to manipulate the share exchange rate, causing later depositors to receive too few shares and lose value."
123,9ddd6b83c27e,Medium,Accounting Error,Incorrect Parameter,DnGmxJuniorVaultManager._totalAssets does not consistently maximize or minimize NAV as requested; under some market states maximize=true returns a lower value than maximize=false.
124,ee25ec7abd40,High,DoS,Incorrect Parameter,Migrated withdrawals set an outer Portal gas limit of calldata cost plus 200000 and an inner CrossDomainMessenger gas limit of zero; withdrawals needing more than the effective gas budget become permanently bricked.
125,ee25ec7abd40,High,"Cross-Chain, Replay Attack",State Update Inconsistency,"After Bedrock migration wipes L2CrossDomainMessenger successfulMessages storage, legacy withdrawals can be relayed again, enabling replay and double spending of bridged assets."
126,ee25ec7abd40,High,DoS,1/64 Gas Rule,"SafeCall.callWithMinGas does not fully account for EIP-150 and EIP-2929 gas forwarding rules, so a withdrawal can be finalized with less gas than specified and lose funds."
127,ee25ec7abd40,Medium,DoS,Bad Condition,"CrossDomainMessenger replayability is not guaranteed because SafeCall.callWithMinGas can leave insufficient post-call gas for the caller, causing messages to be marked or handled in a way that loses user funds."
128,ee25ec7abd40,Medium,Cross-Chain,Incorrect Parameter,"CrossDomainMessenger undercounts gas for cross-chain messages, creating an L1/L2 intrinsic gas discrepancy that can make valid messages fail or be priced incorrectly."
129,ee25ec7abd40,Medium,DoS,Implementation Error,"Migration witness parsing can be halted by a malicious call to a nonexistent function in OVM_L2ToL1MessagePasser, causing ReadWitnessData to error until the data is cleaned."
130,ee25ec7abd40,Medium,DoS,1/64 Gas Rule,"L1CrossDomainMessenger reverts on low gas in situations where the portal gas check passed, so low-gas finalization can still fail and strand cross-domain funds."
131,ee25ec7abd40,Medium,DoS,Incorrect Parameter,"The required gas limit during deposit transaction handling is calculated incorrectly, allowing a carefully chosen gas limit to bypass intended L1 gas burning behavior."
132,ee25ec7abd40,Medium,DoS,Out of Gas,"Long L2-to-L1 messages can pass callWithMinGas but still run out of gas during relay because baseGas underestimates the cost of long calldata, causing users to lose bridged funds."
133,27c6f2a68058,High,Access Control,Arbitrary Add/Remove/Set/Call,"ChiikawaToken.mint is public and lacks onlyOwner or any authorization check, allowing any address to mint unlimited CHIIKAWA tokens and dilute or steal token value."
134,348856fe60ac,Medium,DoS,Missing Time Constraint,"BlackStar.receive lets anyone reset releaseTime by sending ETH directly to the contract, so an attacker can repeatedly send dust before expiry and indefinitely delay the owner withdrawal."
135,c2426a2ab283,High,"Reentrancy, ERC721",onERC721Received callback,ChiikawaSticker.claim calls _safeMint before clearing canClaim[msg.sender]; a malicious ERC721 receiver can reenter claim from onERC721Received and mint multiple NFTs from one purchase.
136,a8884f87db1a,High,Accounting Error,State Update Inconsistency,"IdentityStaking.release restores selfStakes or communityStakes after a slash but does not restore userTotalStaked, breaking the staking invariant and causing later withdrawals to underflow or strand released funds."
137,b155c4de6012,Medium,Access Control,Cannot Revoke,"DelegateToken.approve lets an operator approve itself for a tokenId, and revoking setApprovalForAll does not clear that token-specific approval, so the old operator can still transferFrom after revocation."
138,b155c4de6012,Medium,DoS,Nonce,"CreateOfferer requires its local nonce to match Seaport contractNonce, but Seaport increments contract offerer nonces even for skipped invalid orders, permanently desynchronizing the offerer and DoSing future orders."
139,e99e64a8abf1,High,Input Validation,Invariant Violation,"EvolvingProteus.depositGivenInputAmount and withdrawGivenOutputAmount route through _reserveTokenSpecified without calling _checkBalances on the final reserves, allowing operations that move the pool outside the required balance ratio invariant."
140,98b7c1691811,High,"Arithmetic, DoS",Missing Upper/Lower Bound Check,"A first XDEFIDistribution locker can use a dust unit supply and direct reward transfer to make _pointsPerUnit extremely large, causing later lock or unlock calculations to overflow and freeze user funds."
141,98b7c1691811,High,Reentrancy,Violating CEI / Missing nonReentrant,"XDEFIDistribution._lock calls _safeMint before totalDepositedXDEFI and position accounting are updated, allowing an ERC721 receiver callback to reenter before state updates and steal rewards."
142,98b7c1691811,Medium,"ERC721, DoS",Duplicate Value,"XDEFIDistribution derives new tokenIds from points and totalSupply + 1, so after unlock and merge burn existing NFTs the same tokenId can be generated again and _safeMint reverts."
143,0315ba9d8121,High,Accounting Error,State Update Inconsistency,"BendDAO YieldStakingBase stores minted shares from Etherfi or Lido deposits as if they were asset amounts, so getAccountYieldBalance misaccounts yield among NFTs sharing a YieldAccount."
144,0315ba9d8121,High,Input Validation,Invalid Validation,"BendDAO isolateRepay validates only that onBehalf is nonzero and not that it owns each NFT, letting a repayment against one loan corrupt another user's isolate borrow accounting."
145,0315ba9d8121,High,"ERC721, DoS",State Update Inconsistency,"BendDAO erc721DecreaseIsolateSupplyOnLiquidate clears owner and supplyMode but leaves lockerAddr set, so a liquidated NFT redeposited as cross collateral becomes locked and cannot be withdrawn."
146,0315ba9d8121,High,"Arithmetic, DoS",State Update Inconsistency,"BendDAO isolate liquidation subtracts the current borrow amount from totalBidAmout even though only the earlier bid amount was escrowed, so interest growth can underflow and lock the auctioned NFT."
147,0315ba9d8121,High,Liquidation,Cannot partial liquidations,"BendDAO has no on-chain bad debt handling path when collateral value is insufficient, so undercollateralized ERC20 or ERC721 positions can leave suppliers unable to withdraw liquidity."
148,0315ba9d8121,High,ERC721,onERC721Received callback,"BendDAO YieldAccount cannot receive Etherfi WithdrawRequestNFT safe mints because it lacks onERC721Received, making Etherfi yield unstake requests revert and locking positions."
149,0315ba9d8121,High,Access Control,Asset Theft,"BendDAO executeIsolateLiquidate transfers the collateral NFT to params.msgSender without checking that the caller is the winning bidder, allowing anyone to claim auctioned collateral after the auction."
150,0315ba9d8121,High,Logic error,Incorrect Parameter,"BendDAO botAdmin unstake and repay flows read yieldAccounts[msg.sender] instead of the borrower's yield account, so the bot cannot close risky yield positions as intended."
151,8a20eb1e521f,Medium,Logic error,Invalid Validation,"Badger LeverageMacroBase reverses the gte and lte comparisons in _doCheckValueType, so post-operation CDP validation can pass when it should fail or fail valid operations."
152,8a20eb1e521f,Medium,call / delegatecall,Missing Return Check,"Badger ZapRouterBase stakes ETH into Lido using a low-level call and ignores the success flag, so Lido deposit reverts are not bubbled and later CDP logic can continue with missing collateral."
153,485f7b9ccb0a,Medium,Logic error,State Update Inconsistency,"ThrusterTreasure.enterTickets only checks winningTickets[currentRound][0], so users can still enter after higher-index prizes have already been drawn and receive tickets with unequal prize eligibility."
154,485f7b9ccb0a,Medium,Accounting Error,Reward Manipulation,"ThrusterTreasure.claimPrizesForRound transfers each prize's full deposited amount for every winning ticket instead of dividing by the number of winners, overpaying winners and draining prize funds."
155,485f7b9ccb0a,Medium,Input Validation,Incorrect Parameter,"ThrusterTreasure.setMaxPrizeCount can change maxPrizeCount after prizes are configured, so claims iterate over a different prize count than the round was created with and prizes can be skipped or exposed."
156,485f7b9ccb0a,Medium,Logic error,Incorrect Parameter,"ThrusterPoolDeployer has incorrect Blast gas claiming logic, causing claimed gas accounting or recipient behavior to differ from the factory's intended pool gas distribution."
157,485f7b9ccb0a,Medium,Accounting Error,State Update Inconsistency,"ThrusterFactory.setYieldCut changes the protocol yield cut without first claiming accumulated fees for all pools, applying the new cut to fees accrued under the old rate."
158,54405135ebf3,High,"Accounting Error, Arithmetic",Scaling,"Canto asD.withdrawCarry assumes CNOTE exchangeRateCurrent is scaled by 1e28 even though CNOTE uses 1e18 scaling, so maximumWithdrawable is understated and owner interest remains locked."
159,54405135ebf3,Medium,Slippage,Missing minOut / maxAmount,"Canto Market buy, sell, mintNFT, and burnNFT functions lack slippage bounds for bonding-curve prices and fees, allowing users to receive worse execution than expected."
160,54405135ebf3,Medium,Accounting Error,Reward Manipulation,"Canto Market reward accounting fails when a user buys additional tokens while already holding shares, causing previously accrued holder rewards to be lost."
161,7bbe3d81960c,High,Input Validation,"Does not match with Doc, Incorrect Parameter","Canto coinswap config sets the default ETH max swap amount to 1e17 even though the specification states 0.01 ETH, making the risk limit ten times larger than documented."
162,7bbe3d81960c,Medium,Logic error,Bad Condition,"Canto onboarding continues after TradeInputForExactOutput errors and later subtracts swappedAmount from the converted amount, trusting a return value from an error state."
163,fee749ecd513,High,Liquidation,Invalid Validation,"Yield Witch.auction permits the auctioneer address to be zero, so collateral tokens that revert on transfers to address(0) make the auction non-liquidatable and let bad debt persist."
164,fee749ecd513,High,Accounting Error,Incorrect Parameter,"Yield Witch _calcAuction promotes the debt amount to the full vault debt when the proportional amount is below the minimum, which also moves the whole collateral instead of the intended proportional collateral."
165,4ef0b4d678ab,High,Reentrancy,ERC777 Callback,"Caviar Pair.buy transfers fractional tokens before pulling the ERC777-compatible base token, allowing a token callback to reenter while reserves are inconsistent and buy at a discount."
166,4ef0b4d678ab,High,Accounting Error,Incorrect Parameter,"Caviar Pair.add quotes LP shares from current reserves in a way that can mint too few LP tokens for liquidity providers, causing losses when adding liquidity."
167,4ef0b4d678ab,High,Accounting Error,Inflation Attack,"Caviar first depositor can manipulate the initial liquidity share calculation and break subsequent share minting, letting later depositors receive too few LP shares."
168,4ef0b4d678ab,Medium,Input Validation,Missing deadline,"Caviar swap and liquidity functions lack deadline checks, so pending transactions can be executed later under unfavorable market conditions."
169,4ef0b4d678ab,Medium,Arithmetic,Token Decimal,"Caviar price calculations assume an 18-decimal price format even when the base token has different decimals, producing incorrectly scaled prices."
170,4ef0b4d678ab,Medium,Arithmetic,Rounding Error,"Caviar Pair.buyQuote can round the required input down to zero or too little for small trades, allowing free or underpriced fractional token purchases."
171,4ef0b4d678ab,Medium,ERC721,Asset Theft,Caviar NFT wrapping and unwrapping lets attackers swap tokenIds without paying a fee and capture token-specific airdrops held by the pair.
172,4ef0b4d678ab,Medium,MEV,Price Manipulation / Arbitrage opportunity,"Caviar Pair.price reads direct token balances for reserves, so attackers can manipulate the quoted price by transferring tokens directly to the pair."
173,099243e83259,High,ERC4626,Inflation Attack,An attacker can withdraw all ETH staked by users in a Giant pool. Both GiantSavETHVaultPool and GiantMevAndFeesPool are affected.
174,099243e83259,High,ERC4626,Inflation Attack,The SyndicateRewardsProcessor's internal _distributeETHRewardsToUserForToken() function is called from external claimRewards() function in the StakingFundsVault contract. This function is called by LP Token holders to claim their accumulated rewards based on their LP Token holdings and already claimed rewards. The accumulated rewards due
175,099243e83259,High,ERC4626,Inflation Attack,"The root of the problem is in the _distributeETHRewardsToUserForToken which makes a call to distribute the ether rewards. With this call, the recipient can execute an reentrancy attack calling several times the different function to steal founds or take advantage of other users/protocol."
176,099243e83259,High,ERC4626,Inflation Attack,A malicious user can steal all claimable ETH belonging to free floating SLOT holders.
177,099243e83259,High,ERC4626,Inflation Attack,Stakers to the MEV+fees vault can steal funds from the new stakers who staked after a validator was registered and the derivatives were minted. A single staker who staked 4 ETH can steal all funds deposited by new stakers.
178,099243e83259,High,ERC4626,Inflation Attack,"The code below violates the check effect pattern, the code banned the public key to mark the public key invalid to not let the msg.sender withdraw again after sending the ETH. Note the section: If the _recipient is a smart contract, it can re-enter the withdraw function to withdraw another 4 ETH multiple times before the public key is banned. As s"
179,099243e83259,High,ERC4626,Inflation Attack,"If users deposit ETH into a validator that cannot be staked, the lifecycle status can become stuck. Depositors cannot receive funds or rewards or rotate to another token, making the pool insolvent."
180,099243e83259,High,ERC4626,Inflation Attack,Any malicious user could make the rewards in GiantMevAndFeesPool inaccessible to all other users.
181,099243e83259,High,ERC4626,Inflation Attack,"Any user being the first to claim rewards from GiantMevAndFeesPool, can get all the previously generated rewards whatever the amount and even if he did not participate to generate those rewards."
182,099243e83259,High,ERC4626,Inflation Attack,The contract GiantMevAndFeesPool override the function totalRewardsReceived: return address(this).balance + totalClaimed - idleETH; The function totalRewardsReceived is used as the current rewards balance to caculate the unprocessed rewards in the function SyndicateRewardsProcessor._updateAccumulatedETHPerLP uint256 received = totalRewardsReceive
183,099243e83259,High,ERC4626,Inflation Attack,"The GiantLP with a transferHookProcessor will call transferHookProcessor.beforeTokenTransfer(_from, _to, _amount) when it's transferred / minted / burned. But the to address is address(0x00) in the erc20 _burn function. The GiantMevAndFeesPool.beforeTokenTransfer will call the function SyndicateRewardsProcessor._distributeETHRewardsToUserFor"
184,e0d2d83ea351,High,"Accounting Error, ERC20","Does not match with Doc, Fee On Transfer Token","If ERC777 tokens are used for rewards, the entire balance of rewards in the staking contract can get drained by an attacker."
185,099243e83259,High,ERC4626,Inflation Attack,"GiantMevAndFeesPool does not reduce claimed accounting when LP tokens are transferred away. The sender can keep stale claimed state, causing future ETH reward calculations to underpay or misallocate rewards."
186,e0d2d83ea351,High,"Accounting Error, ERC20","Does not match with Doc, Fee On Transfer Token","The first depositor can be front run by an attacker and as a result will lose a considerable part of the assets provided. The vault calculates the amount of shares to be minted upon deposit to every user via the convertToShares() function: When the pool has no share supply, the amount of shares to be minted is equal to the assets provided. An att"
187,099243e83259,High,ERC4626,Inflation Attack,real LPTokens can be transferred out of GiantMevAndFeesPool through fake _stakingFundsVaults provided by an attacker.
188,e0d2d83ea351,High,ERC1155,State Update Inconsistency,Malicious vault owner can use Malicious _beefyBooster to steal the adapter's token.
189,099243e83259,High,"DAO, Governance",Bad Condition,The contract GiantMevAndFeesPool override the function totalRewardsReceived: return address(this).balance + totalClaimed - idleETH; The function totalRewardsReceived is used as the current rewards balance to caculate the unprocessed rewards in the function SyndicateRewardsProcessor._updateAccumulatedETHPerLP uint256 received = totalRewardsReceive
190,e0d2d83ea351,High,"Access Control, DAO",Centralization Risk,"Anyone who uses same adapter has the ability to pause it. The guardian has pause authority, but the contract does not override transferOwnership. Only the current guardian (owner) can change the guardian, preventing normal ownership transfer."
191,a1ee58021528,High,"Access Control, Upgradeable",Unauthorized Upgrade,"FabricateMIRClaim and FabricateANCClaim should only be issued by the Hub contract (the central hub for all minted bLuna managed by Lido). However, execute_fabricate_anchor_claim and execute_fabricate_mir_claim do not restrict the caller, allowing anyone to submit these msgs."
192,099243e83259,High,ERC4626,Inflation Attack,"withdrawUnusedETHToGiantPool will withdraw any eth from the vault if staking has not commenced(knot status is INITIALS_REGISTERED), the eth will be drawn successful to the giant pool. However, idleETH variable is not updated. idleETH is the available ETH for withdrawing and depositing eth for staking. Since there is no other places that updates"
193,099243e83259,High,Liquidation,Does not match with Doc,"GiantMevAndFeesPool.withdrawETH calls lpTokenETH.burn, then GiantMevAndFeesPool.beforeTokenTransfer, followed by a call to _distributeETHRewardsToUserForToken sends ETH to the user, which allows the user to call any function in the fallback. While GiantMevAndFeesPool.withdrawETH has the nonReentrant modifier, GiantMevAndFeesPool.claimRewards does"
194,099243e83259,High,ERC4626,Inflation Attack,"Variable idleETH in giant pools is storing total amount of ETH sat idle ready for either withdrawal or depositing into a liquid staking network and whenever a deposit or withdraw happens contract adjust the value of idleETH of contract, but in function bringUnusedETHBackIntoGiantPool() which brings unused ETH from savETH vault to giant pool t"
195,e0d2d83ea351,High,"DAO, Governance",Bad Condition,"When the reward speed is changed in MultiRewardStaking, the new end time is calculated based off of the balance of the reward token owned by the contract. This, however, is not the same as the number of reward tokens that are left to be distributed since some of those tokens may be owed to users who have not collected their rewards yet. As a resu"
196,ba93b3b8d7cf,High,Input Validation,Bad Condition,"The check for value transfer success is made after the return statement in _withdrawFromYieldPool of LidoVault. buyOption() only checks if msg.value >= premium rather than strictly equal, allowing users to accidentally overpay, with the excess amount being directly collected by the vault creator."
197,099243e83259,High,ERC4626,Inflation Attack,"If a user stakes some sETH, and after some time decides to unstake some amount of sETH, later s/he will not be qualified or be less qualified to claim ETH on the remaining staked sETH."
198,e0d2d83ea351,High,"DAO, Governance",Bad Condition,"MultiRewardStaking computes supplierDelta incorrectly, allowing reward claims to exceed the funded balance and drain reward tokens. The issue can make reward distribution fail or pay more than intended."
199,099243e83259,High,ERC4626,Inflation Attack,Function _distributeETHRewardsToUserForToken() is used to distribute remaining reward of user and it's called in _onWithdraw() of GiantMevAndFeesPool. but function withdrawETH() in GiantPoolBase don't call either of them and burn user giant LP token balance so if user withdraw his funds and has some remaining ETH rewards he would lose tho
200,e0d2d83ea351,High,ERC20,Fee On Transfer Token,"Protocol loses fees because highWaterMark is updated every time someone deposit, withdraw, mint. mint() uses the input parameter collateral to determine the actual amount received, overlooking the fact that fee-on-transfer ERC20 tokens can lead to a shortage of collateral. This results in a failed check and prevents support for such tokens."
201,dd17040a53bc,High,"Arithmetic, DoS",Precision Loss,"Impact When enough basket token owners exit, it will be impossible to exit pool with the last MIN_AMOUNT tokens because of this check. This will result in locking some t"
202,099243e83259,High,DoS,Incorrect Parameter,When depositETH() is called in giant pool it calls _onDepositETH() which calls _setClaimedToMax() to make sure new ETH stakers are not entitled to ETH earned by but this can cause users to lose their remaining rewards when they deposits. code should first transfer user remaining rewards when deposit happens.
203,dd17040a53bc,High,Logic error,Missing Approval,"Under certain circumstances, e.g. annualizedFee being minted to feeBeneficiary between the time user sent the transaction and the transaction being packed into the block and causing amounts of underlying tokens for each basketToken to decrease. It's possible or even most certainly that there will be some leftover basket"
204,ba93b3b8d7cf,High,Slippage,Hardcoded Parameter,"GeneralVault uses a hardcoded 99 percent slippage control. If the underlying yield token price falls or a swap executes at a poor rate, withdrawals can lock or lose user funds instead of enforcing a caller-chosen minimum."
205,b2a8c124d062,High,Slippage,Invalid  Slippage Control / Missing slippage check,"Yearn vault withdrawals can return less underlying than the requested amount, but the adapter treats the requested amount as exact. Missing slippage control can leave users with fewer assets than expected."
206,9befb133ee74,High,"Access Control, Upgradeable",Unauthorized Upgrade,"distributeStrategyGainLoss is externally callable and only indirectly validates callers through vault adaptor state. If that validation is insufficient, unauthorized actors can distribute harvest gains or losses."
207,e6e43dfea59f,High,"Access Control, Upgradeable",Unauthorized Upgrade,"distributeStrategyGainLoss is externally callable and only indirectly validates callers through vault adaptor state. If that validation is insufficient, unauthorized actors can distribute harvest gains or losses."
208,a1ee58021528,High,MEV,Front Run,"The implementation only takes two attributes: asset and price. And the last_updated_time of the record will always be set to the current block.time. This makes it possible for the price feeds to be disrupted when the network is congested, or the endpoint is down for a while, or the feeder bot handled the message queue inappropriately, as"
209,e0d2d83ea351,High,ERC1155,Reward Manipulation,"Attacker can deploy vaults with a malicious Staking contract. In ERC1155, using totalSupply() + 1 as the new tokenId may lead to duplication, which can result in incorrect asset allocation."
210,9befb133ee74,High,"Accounting Error, Cross-Chain",Rebase Token,"There are a few underflows that are converted via a typecast afterwards to the expected value. If solidity 0.8.x would be used, then the code would revert. * int256(a-b) where a and b are uint: For example, if a=1 and b=2, then the intermediate result would be uint(-1) == 2256-1 * int256(-x)"
211,e6e43dfea59f,High,"Accounting Error, Cross-Chain",Rebase Token,"There are a few underflows that are converted via a typecast afterwards to the expected value. If solidity 0.8.x would be used, then the code would revert. * int256(a-b) where a and b are uint: For example, if a=1 and b=2, then the intermediate result would be uint(-1) == 2256-1 * int256(-x)"
212,e0d2d83ea351,High,"Arithmetic, ERC721, Governance",Incorrect Parameter,"Affected contract: MultiRewardStaking When assets are withdrawn for user Alice by an approved user Bob to a receiver that is not Alice, the rewards are never accrued and the resulting staking rewards are lost forever. This is because accrueRewards is called on caller and receiver but never owner. Third-party withdrawals are allo"
213,97843b77b287,High,"Arithmetic, DoS",Front Run,"The SherXERC20.payOffDebtAll function iterates over all protocols of the token. If _a single project_ does not have enough funds to cover the premium payments, the transactions come to a halt, see _payOffDebt: Many core functions require paying off debt first and can therefore revert whe"
214,9befb133ee74,High,"Accounting Error, Cross-Chain",Rebase Token,"The safetyCheck function has several issues that impact how precise the checks are: 1. Only checks if the a/b and a/c ratios are within BASIS_POINTS. By transitivity, b/c is only within 2 * BASIS_POINTS if a/b and a/c are in range. For a more precise check whether both USDC and USDT are with"
215,e6e43dfea59f,High,"Accounting Error, Cross-Chain",Rebase Token,"The safetyCheck function has several issues that impact how precise the checks are: 1. Only checks if the a/b and a/c ratios are within BASIS_POINTS. By transitivity, b/c is only within 2 * BASIS_POINTS if a/b and a/c are in range. For a more precise check whether both USDC and USDT are with"
216,7b5e1803022e,High,ERC4626,Rounding Error,"Notional wfCashERC4626 rounds previewWithdraw and previewMint in the wrong direction by relying on convertToShares, breaking ERC4626 expectations and causing integrations to miscalculate shares or assets."
217,7100a75d6ebd,High,Chainlink,Stale Value,"Juicebox uses Chainlink latestRoundData without freshness checks. Stale oracle prices can be accepted and misprice payments, distributions, allowances, overflow, and token minting logic."
218,099243e83259,High,ERC4626,Inflation Attack,Function withdrawDETH() in GiantSavETHVaultPool allows a user to burn their giant LP in exchange for dETH that is ready to withdraw from a set of savETH vaults. This function make external calls to user provided addresses without checking those addresses and send increased dETH balance of contract during the call to user. User can provide malic
219,9befb133ee74,High,ERC20,Missing Return Check,"The function sortVaultsByDelta doesn't always work as expected. Suppose all the delta's are positive, and delta1 >= delta2 >= delta3 > 0. Then maxIndex = 0. And (delta < minDelta (==0) ) is never true, so minIndex = 0. Then (assuming bigFirst==true): This is clearly not what is wanted, all vault"
220,e6e43dfea59f,High,ERC20,Missing Return Check,"The function sortVaultsByDelta doesn't always work as expected. Suppose all the delta's are positive, and delta1 >= delta2 >= delta3 > 0. Then maxIndex = 0. And (delta < minDelta (==0) ) is never true, so minIndex = 0. Then (assuming bigFirst==true): This is clearly not what is wanted, all vault"
221,7100a75d6ebd,High,DoS,Front Run,"Juicebox token changes can be front-run. An attacker can call changeTokenFor before the project owner and bind the token to an attacker-controlled project, blocking the intended token migration and potentially taking token ownership."
222,a1ee58021528,High,Accounting Error,"Invariant Violation, State Update Inconsistency",It seems that the owner is only allowed to spend amount uptil config.spend_limit. However it was observed that this config.spend_limit is never decreased even if owner has spend an amount. This makes config.spend_limit useless as owner can simply send 2-multiple transactions each of config.spend_limit which will all pass and hence bypassing
223,e0d2d83ea351,High,"Accounting Error, ERC20",Fee On Transfer Token,A malicious strategy has access to the adapter's storage and can therefore freely change any values.
224,1d8f1f43cde9,High,Arithmetic,Token Decimal,The oracle does not correctly compound the monthly APRs - it resets on fulfill. Note that the oraclePrice storage variable is only set in _updateCPIData as part of the oracle fulf
225,dd17040a53bc,Medium,ERC20,Not EIP Compliant,The ERC20.transfer() and ERC20.transferFrom() functions return a boolean value indicating success. This parameter needs to be checked for success. Some tokens do not revert if the transfer failed but return false instead. See: - SingleNativeTokenExitV2.exit's
226,9befb133ee74,Medium,Chainlink,Stale Value,The Chainlink API (latestAnswer) used in the Buoy3Pool oracle wrappers is deprecated: > This API is deprecated. Please see API Reference for the latest Price Feed API. Chainlink Docs It seems lik
227,e6e43dfea59f,Medium,Chainlink,Stale Value,The Chainlink API (latestAnswer) used in the Buoy3Pool oracle wrappers is deprecated: > This API is deprecated. Please see API Reference for the latest Price Feed API. Chainlink Docs It seems lik
228,9befb133ee74,Medium,Chainlink,Deprecated Library,"The oracle wrapper uses Chainlink's deprecated latestAnswer API instead of latestRoundData. Deprecated feeds can stop working or return stale values, causing price logic to use invalid oracle data."
229,e6e43dfea59f,Medium,Chainlink,Deprecated Library,"The oracle wrapper uses Chainlink's deprecated latestAnswer API instead of latestRoundData. Deprecated feeds can stop working or return stale values, causing price logic to use invalid oracle data."
230,7100a75d6ebd,Medium,Access Control,Centralization Risk,"The owner of the JBToken contract can mint arbitrary amount of tokens. In general, the owner of the JBToken contract is the JBTokenStore contract, and the minting of the tokens is controlled by the JBController contract, but when the changeTokenOf function of the JBController contract is called, the owner will be transferred to"
231,b2a8c124d062,Medium,Input Validation,Invalid Validation,"The notional removal check uses a strict greater-than comparison instead of allowing equality. Dust notional amounts can remain after removeNotional or transferNotionalFrom, corrupting vault accounting."
232,9befb133ee74,Medium,Arithmetic,Token Decimal,"The two BaseVaultAdaptor.calculateShare functions compute share = amount.mul(uint256(10)decimals).div(sharePrice) This assumes that the sharePrice is always in _token_ decimals and that _token_ decimals is the same as _vault_ decimals. Both these assumptions happen to be correct for Yearn vaults, but that will not nec"
233,e6e43dfea59f,Medium,Arithmetic,Token Decimal,"The two BaseVaultAdaptor.calculateShare functions compute share = amount.mul(uint256(10)decimals).div(sharePrice) This assumes that the sharePrice is always in _token_ decimals and that _token_ decimals is the same as _vault_ decimals. Both these assumptions happen to be correct for Yearn vaults, but that will not nec"
234,7100a75d6ebd,Medium,Logic error,Implementation Error,"The check if the newly provided project splits contain the currently locked splits does not check the JBSplit struct properties preferClaimed and preferAddToBalance. According to the docs in JBSplit.sol, *"".if the split should be unchangeable until the specified time, with the exception of extending the lock"
235,a4d91fb1550f,Medium,"Accounting Error, Cross-Chain",Rebase Token,The DInterest.deposit function takes a depositAmount parameter but this parameter is not the actual transferred amount for fee-on-transfer / deflationary (or other rebasing) tokens. The actual deposited amount might be lower than the specified depositAmount of the function parameter. This would lead to wrong interest rate calculations on the
236,e0d2d83ea351,Medium,Slippage,Invalid  Slippage Control / Missing slippage check,"YearnAdapter unwrap hardcodes maxLoss to 100 percent when calling the Yearn vault withdraw function. Users cannot set acceptable slippage, so withdrawals can return far less than expected."
237,e0d2d83ea351,Medium,"Accounting Error, ERC20","Does not match with Doc, Fee On Transfer Token","If you are making a Lock fund for escrow using a fee on transfer token then contract will receive less amount (X-fees) but will record full amount (X). This becomes a problem as when claim is made then call will fail due to lack of funds. Worse, one user will unknowingly take the missing fees part from another user deposited escrow fund."
238,e0d2d83ea351,Medium,ERC4626,Rounding Error,"Users lose their entire investment when making a deposit and resulting shares are zero. _deposit checks totalSupply() instead of converting to assets, allowing users to exceed the global lending limit."
239,7b5e1803022e,Medium,"ERC721, Reentrancy",Violating CEI / Missing nonReentrant,"Receiving ERC777-compatible tokens can transfer control before final balance accounting is complete. Without a reentrancy guard, a token hook can reenter and break the expected SetToken accounting flow."
240,7100a75d6ebd,Medium,ERC20,Not EIP Compliant,The payment terminal assumes ERC20 transfers either succeed or revert and does not safely handle non-standard return values. Tokens that return false can be treated as successful transfers.
241,dd17040a53bc,Medium,call / delegatecall,Missing Return Check,"Impact The return value of the low-level call is not checked, so if the call fails, the Ether will be locked in the contract. If the low level is used to prevent blocking operations, consider logging failed calls. add condition to check return"
242,7b5e1803022e,Medium,Logic error,Implementation Error,"Control is transferred to the receiver when receiving the ERC777. They are able to transfer the ERC777 to another account, at which time the before and after balance calculation will be incorrect. uint256 balanceBefore = IERC20(asset()).balanceOf(receiver); if (msg.sender != owner) { _spendAllowance(owner, msg.sender, shares"
243,a4d91fb1550f,Medium,"Accounting Error, Cross-Chain",Rebase Token,"In contract MPHMinter, the function distributeFundingRewards does not check whether the contract itself is the owner of mph. If the contract is not the owner of mph, mph.ownerMint could revert, causing functions such as withdraw, rolloverDeposit, payInterestToFunders in the contract DInterest to revert as well. Recommend adding a"
244,af8e4af75dc2,Medium,ERC20,Not EIP Compliant,ERC20 implementations are not always consistent. Some implementations of transfer and transferFrom could return 'false' on failure instead of reverting. It is safer to wrap such calls into require() statements to these failures.
245,7100a75d6ebd,Medium,DoS,Out of Gas,A Juicebox project owner can create a honeypot with a very large number of payout splits. distributeReservedTokensOf can then exceed the block gas limit and grief callers who attempt to distribute reserved tokens.
246,af8e4af75dc2,Medium,"Arithmetic, DoS",Front Run,"In repay() users can repay their debt. function repay(address user, uint amount) public { uint debt = debts[user]; require(debt >= amount, ""Insufficient debt""); debts[user] -= amount; totalDebt -= amount; dbr.onRepay(user, amount); dola.transferFrom(msg.sender, address(this), amount); emit Repay(user, msg.sender, amount); } There is a require c"
247,e169bbefc6e2,Medium,Chainlink,Deprecated Library,"JPEG'd Chainlink pricer uses deprecated latestAnswer instead of latestRoundData, allowing stale or unsupported oracle data to drive vault pricing."
248,af8e4af75dc2,Medium,Liquidation,Unfair Liquidation,Liquidation logic can leave a borrower less healthy after collateral is seized and debt is repaid. Repeated liquidation actions can unfairly penalize borrowers instead of restoring collateral-to-debt health.
249,2c5e13b4e147,Medium,Input Validation,Invalid Validation,"Since the _tokenContract can be any token, it is possible that loans will be created with tokens that support fee on transfer. If a fee on transfer asset token is chosen, other user's funds might be drained."
250,7100a75d6ebd,Medium,"Chainlink, Oracle","Invalid Validation, Price Manipulation / Arbitrage opportunity","A configured Chainlink feed can revert in latestRoundData, and feeds cannot be replaced after setup. A bad feed can block price queries and DoS price-dependent payments or accounting."
251,af8e4af75dc2,Medium,Reentrancy,Violating CEI / Missing nonReentrant,"Inverse markets can use ERC777 collateral. During withdrawal, token hooks can reenter before escrow accounting is complete, allowing collateral to be drained while the loan remains outstanding."
252,7100a75d6ebd,Medium,"Chainlink, DoS, Liquidation",Price Manipulation / Arbitrage opportunity,Currency conversions can mix units and pricing assumptions inconsistently when valuing collateral or payments. Incorrect conversion can misprice redemptions or liquidations and create arbitrage opportunities.
253,ba93b3b8d7cf,Medium,Logic error,"Missing Functionality, No Recovery Mechanism","Now there are no checks for the amounts to be transferred via _transferYield and _processTreasury. As reward token list is external and an arbitrary token can end up there, in the case when such token doesn't allow for zero amount transfers, the reward retrieval can become unavailable. I.e. processYield() can be fully blocked f"
254,97843b77b287,Medium,Logic error,"Incorrect Parameter, Missing Upper/Lower Bound Check","The sherlock smart contract system uses internal bookkeeping of arbitrary ERC20 token balances. It doesn't assert that the ERC20 doesn't implement some non-standard behavior. For example, deflationary tokens, or tokens with a transfer fee, will result in incorrect internal balances. In summary, a"
255,af8e4af75dc2,Medium,Liquidation,Unfair Liquidation,"forceReplenish can be invoked while a borrower is already in a liquidation state, increasing debt or fees at the worst time. This can worsen the borrower's position and make liquidation unfair."
256,dd17040a53bc,Medium,Access Control,"Does not match with Doc, Implementation Error","Impact The APY of the annualized fee is dependent on the frequency of the execution of the BasketFacet::chargeOutstandingAnnualizedFee(). If it is called more frequently, the compounding is more fr"
257,dd17040a53bc,Medium,"DoS, Input Validation",Invalid Validation,"after that fee is calculated, it is minted to the feeBeneficiary. simply minting the exact amount results lower fee than it should be. Impact feeBeneficiary will get less fees than it should. let's assume that the basket assets are worth 1M dollars, and totalSupply = 1M. the result of calcOutStandi"
258,dd17040a53bc,Medium,DoS,Incorrect Parameter,"Impact There's a griefing attack vulnerability in the function joinTokenSingle in SingleTokenJoin.sol as well as SingleTokenJoinV2.sol which makes any user transaction fail with ""FAILED_OUTPUT_AMOUNT"". The JoinTokenStru"
259,ba93b3b8d7cf,Medium,Logic error,"Missing Functionality, No Recovery Mechanism",Withdrawing ETH collateral via the withdrawCollateral function using type(uint256).max for the _amount parameter reverts the transaction due to _asset being the zero-address and IERC20Detailed(_asset).decimals() not working for native ETH.
260,7100a75d6ebd,Medium,Input Validation,Invalid Validation,"Some ERC20 tokens, such as USDT, allow for charging a fee any time transfer() or transferFrom() is called. If a contract does not allow for amounts to change after transfers, subsequent transfer operations based on the original amount will revert() due to the contrac"
261,7b5e1803022e,Medium,"DoS, Pause",1/64 Gas Rule,"In the _isWrappedFCash check, the notionalTradeModule check whether the component is a wrappedCash with the following logic. The above logic is dangerous when _fCashPosition do not revert on getDecodedID but instead give a wrong format of return value. The contract would try to decode the return value into returns("
262,b2a8c124d062,Medium,Slippage,Invalid  Slippage Control / Missing slippage check,"Yearn vault integration is broken. YearnTokenAdapter.unwrap() hardcodes the slippage control parameter to MAXIMUM_SLIPPAGE=10_000 (which is 100%) when calling IYearnVaultV2.withdraw().Setting maxLoss in IYearnVaultV2.withdraw() to 10_000 means there's no slippage check, resulting in the possibility of all funds lost."
263,a1ee58021528,Medium,Logic error,"Incorrect Parameter, Missing Upper/Lower Bound Check","Polls are created by targeting the receive_cw20 function which is queried whenever the contract receives tokens. By setting the hook message to Cw20HookMsg::CreatePoll, the sender is able to create a poll, assuming the amount sent satisfies the minimum deposit amount. Users can also choose to call ExecuteMsg::SnapshotPoll or"
264,1d8f1f43cde9,Medium,"DoS, Governance",Missing Upper/Lower Bound Check,"vcon address is allowed to be updated by GOVERNOR in Core, however, this change will not be reflected in CoreRef._vcon. Moreover, since CoreRef._vcon cannot be updated due to contract design, it is also impossible to fix this manually. We are not yet sure how vcon will be used throughout the volt protocol, since deta"
265,7100a75d6ebd,Medium,Arithmetic,Precision Loss,"The JBPayoutRedemptionPaymentTerminal._feeAmount function is used to calculate the fee based on a given _amount, a fee rate _fee and an optional discount _feeDiscount. However, the current implementation calculates the fee in a way that leads to inaccuracy and to fewer fees"
266,97843b77b287,Medium,Access Control,"Does not match with Doc, Implementation Error","When a large payout occurs, it will lower unallocatedSherX. This could mean some parties might not be able to get their Yield. The first couple of users (for which harvest is called or which transfer tokens) will be able to get their full Yield, until the moment unallocatedSherX is depleted. The next users don't get any"
267,dd17040a53bc,Medium,Access Control,Missing Initialization,"Impact The initialization status is defined by the name and symbol. It is possible it set them back to an empty string, uninitializing the contract and letting the initialize(.) function be called aga"
268,af8e4af75dc2,Medium,Liquidation,Does not match with Doc,User can free from liquidation fee if its escrow balance less than the calculated liquidation fee.
269,ba93b3b8d7cf,Medium,Input Validation,Bad Condition,depositCollateral can record collateral in a way that diverges from the value actually received or credited. Users may lose value during deposit because accounting and real balances become inconsistent.
270,b2a8c124d062,Medium,DoS,Invalid Validation,Swivel.setFee() is implemented wrongly. Swivel.feenominators won't be set as expected.
271,8f18f7d5c396,Medium,DoS,payable / receive(),"When users swap to native ETH, the balance check compares native token balance with wrapped token balance. This mismatch can make valid swaps revert or leave funds stuck in the contract."
272,dd17040a53bc,Medium,DoS,Incorrect Parameter,BasketFacet join logic can allow total supply to exceed the configured maxCap. Users joining the pool with certain amounts can bypass the cap check and mint more basket tokens than intended.
273,dd17040a53bc,Medium,Input Validation,"Hardcoded Parameter, Invalid Validation","Impact Some functions, like rebalance() in RebalanceManagerV3 use _deadline as a time limit for swapExactTokensForTokens() Other functions, like _joinTokenSingle() of SingleTokenJoinV2.sol and _exit() of SingleNativeTokenExitV2() use block.timestamp, although a deadline field is present"
274,1d8f1f43cde9,Medium,"Arithmetic, Oracle",Implementation Error,"The OracleRef assumes that the backup oracle uses the same normalizer as the main oracle. This generally isn't the case as it could be a completely different oracle, not even operated by Chainlink. If the main oracle fails, the backup oracle could be scaled by a wrong amount and return a wrong price which could lead"
275,1d8f1f43cde9,Medium,DoS,Duplicate Value,"When the bufferCap is updated for an address in _updateAddress, the address's allowed buffer (bufferStored) is replenished to the entire bufferCap. The address could frontrun the updateAddress call and spend their entire buffer, then the buffer is replenished and they can spend their entire buffer a second time."
276,8f18f7d5c396,Medium,Input Validation,"Invalid Validation, No Recovery Mechanism","executeTrades checks the received amount before transferring tokens to the user. Fee-on-transfer tokens can reduce the final user amount below finalAmountMin, leaving users underprotected."
277,a1ee58021528,Medium,"Chainlink, Oracle",Stale Value,"The collector contract allows anyone to sweep, swapping an asset token to ANC through astro port. Note that belief_price is not set and config.max_spread might not be set as well or misconfigured. This allows an attacker to create a contract to perform a sandwich attack to make a profit on this trade. > A common attack in DeFi is the sand"
278,fa1836e0615e,Medium,Slippage,Missing minOut / maxAmount,"Dopex bond and add-liquidity flows lack caller-controlled minimum output and maximum input bounds, exposing bonders to unfavorable execution when pool prices move."
279,af8e4af75dc2,Medium,Arithmetic,Token Decimal,The Oracle contract normalizes prices in both viewPrices and getPrices functions to adjust for potential decimal differences between feed and token decimals and the expected return value. However these functions assume that feedDecimals and tokenDecimals won't exceed 18 since the normalization calculation is 36 - feedDecimals - tokenDeci
280,a1ee58021528,Medium,Access Control,"Does not match with Doc, Implementation Error","During the code review, It has been observed that reward calculation has been done with execute_epoch_operations function. However, the config are stored in the storage. When the anc_purchase_factor is updated by the owner, the execute_epoch_operations is not called."
281,af8e4af75dc2,Medium,"Arithmetic, DoS",Front Run,A borrower can keep collateral at a precise level to borrow DOLA without accruing the intended interest. In stable collateral markets this can persist and deprive the protocol of expected interest.
282,7b5e1803022e,Medium,DoS,"Implementation Error, Incorrect Parameter","fCash with the wrong maturity or asset can be sent to a deterministic wrapper address before deployment. Once deployed, the wrapper sees multiple fCash assets and minting becomes impossible."
283,a1ee58021528,Medium,"DoS, Input Validation",Invalid Validation,"In the current implementation of CrossAnchorBridge, all require that ""Check that token is a whitelisted token"" is commented out. As a result, users may send transcations with the non-whitelisted tokens and as they can not be processd properly on the Terra side, the funds can be frozen on the brige contract or on the Terra side."
284,af8e4af75dc2,Medium,Zksync,EVM Compatibility,The two-day feature of the oracle can be gamed where you only have to manipulate the oracle for \~2 blocks.
285,97843b77b287,Medium,Logic error,"Incorrect Parameter, Missing Upper/Lower Bound Check","The _doSherX function does not attempt to pay off the accrued premiums (""pay off debt"") for most tokens, only for the ones that would otherwise revert the tx: The amounts = LibSherX.calcUnderlying(totalSherX) array is an optimistic view assuming all outstanding, accrued premiums would indeed be paid until now. However, it"
286,ba93b3b8d7cf,Medium,TWAP,"Front Run, Reward Manipulation","An attacker can use MEV to make a very large stablecoin deposit just before an admin yield-distribution transaction, skewing the yield snapshot and unfairly taking rewards from existing depositors."
287,7100a75d6ebd,Medium,DoS,Out of Gas,"Juicebox processFees loops over all held fees for a project. If heldFees grows too large, processing fees can exceed the block gas limit and permanently DoS fee distribution."
288,b2a8c124d062,Medium,Cross-Chain,"Does not match with Doc, No Recovery Mechanism","ZcToken.withdraw will send user 0 tokens if called after maturity deadline but before market is set mature. When performing cross-chain transactions, there's a risk of the transaction getting stuck. It's necessary to add options for refunding or canceling the transaction."
289,af8e4af75dc2,Medium,"Chainlink, DoS, Liquidation",Price Manipulation / Arbitrage opportunity,"Based on the current implementation, when the protocol wants to use Chainlink oracle data feed for getting a collateral token's price, the fixed price for the token should not be set. When the fixed price is not set for the token, calling the Oracle contract's viewPrice or getPrice function will execute uint price = feeds[token].feed.latestA"
290,a1ee58021528,Medium,Cross-Chain,No Recovery Mechanism,"The hub contract allows config updates to the token_contract config values in anchor-bAsset-contracts/contracts/anchor_basset_hub/src/config.rs. Such updates can cause wrong amounts of tokens to be calculated during processing of undelegations, since the amount of unbonded bLuna tokens is stored for batched unbonding as requested_with_fee"
291,dd17040a53bc,Medium,Uniswap,Implementation Error,"SingleNativeTokenExitV2 allows the user to exit and execute trades via multiple exchanges. When finishing the trades and sending a single output token back to the user, the contract takes that token from the last swap in the first exchange's trades. There is nothing in the struct that signifies th"
292,2c5e13b4e147,Medium,Pause,Does not match with Doc,"In case a hack is occuring or an exploit is discovered, the team (or validators in this case) should be able to pause functionality until the necessary changes are made to the system. Additionally, the gravity.sol contract should be manged by proxy so that upgrades can be made by the validators. Because an attack would probabl"
293,fa1836e0615e,Medium,ERC4626,Inflation Attack,"An early Dopex LP depositor can manipulate PerpetualAtlanticVaultLP share price before later deposits, causing new users to receive an unfairly small share of the vault."
294,dd17040a53bc,Medium,call / delegatecall,Missing Return Check,"Impact The CallFacet.sol contract has the function _call: function _call( address _target, bytes memory _calldata, uint256 _value ) internal { require(address(this).balance >= _value, ""ETH_BALANCE_TOO_LOW""); (bool success, ) = _target.call{value: _value}(_calldata); require(success, ""CALL_FAILED""); emit Call(ms"
295,af8e4af75dc2,Medium,ERC20,Missing Return Check,"If a user wants to completely forceReplenish a borrower with deficit, the borrower or any other malicious party can front run this with a dust amount to prevent the replenish."
296,af8e4af75dc2,Medium,"Arithmetic, DoS",Front Run,"If a DBR deficit is not forceReplenished promptly, a borrower can continue using the market without paying the intended replenishment cost. Delayed replenishment creates an undercharged borrowing window."
297,af8e4af75dc2,Medium,Chainlink,Deprecated Library,"Calling the Oracle contract's viewPrice or getPrice uses Chainlink latestAnswer and only checks price > 0. latestAnswer is deprecated and does not prove the price is fresh, so stale oracle data can be accepted."
298,b2a8c124d062,Medium,DoS,Invalid Validation,"Due to missing modifier, User will be able to redeem zcTokens and withdraw underlying even in paused Market. This happens due to missing unpaused(p) modifier"
299,7b5e1803022e,Medium,"Chainlink, Oracle",Stale Value,For some fcash the asset token is underlying token (asset.tokenType == TokenType.NonMintable) and NotionalV2 will not handle minting or burning when it is called with useUnderlying==True for those fcashs (according to what I asked from sponsor). In summery most of the logics in NotionalTradeModule will not wo
300,7100a75d6ebd,Medium,DoS,Invalid Validation,The function of the protocol could be impacted. This demonstrates the discarding of one of the duplicated locked splits. In the beginning it launches a project with two identical locked splits. As the
301,af8e4af75dc2,Medium,Oracle,"Price Manipulation / Arbitrage opportunity, Stale Value","Usage of the 2 day low exchange rate when trying to liquidate is highly risky as it incentives even more malicious agents to control the price feed for a short period of time. By controlling shortly the feed, it puts at risk any debt opened for a 2 day period + the collateral released will be overshoot during the liquidation."
302,d9b35c0c87a4,High,Upgradeable,"Missing Initialization, Not EIP Compliant","VaultProxy implementation is left initializable. An attacker can initialize it with a malicious config and delegatecall into code that selfdestructs the implementation, breaking every cloned vault."
303,ba93b3b8d7cf,Medium,Access Control,Bypass Mechanism,Yields will not be able to be distributed to lenders because attempts to do so will revert.
304,afa60bc8003d,Medium,ERC4626,Inflation Attack,Solmate convertToShares uses assetDepositAmount * totalShareSupply / assetBalanceBeforeDeposit. A first depositor can manipulate the asset/share ratio so later deposits receive too few shares and lose value.
305,a1ee58021528,Medium,Cross-Chain,No Recovery Mechanism,"A permissionless harvest can create a sudden reward surge for current investors. An attacker can use a flash loan to enter before harvest and exit after, capturing yield without long-term exposure."
306,1d8f1f43cde9,Medium,Arithmetic,"Does not match with Doc, Incorrect Parameter","Division by 0 can lead to accidentally revert,. (An example of a similar issue - < It's internal function but since it is used in another internal functions that are used in public and neither of them has"
307,a1ee58021528,Medium,Accounting Error,State Update Inconsistency,"When unbonding, the pick_validator function is supposed to choose a random validator to unstake from. However, this randomness can be predicted knowing the block height which is very easy to predict. As validators are paid rewards proportional to their stake, choosing where to bond and unbond from directly impacts validator rewards. Combi"
308,af8e4af75dc2,Medium,Zksync,EVM Compatibility,"The FiRM Marketplace contract contains multiple governance functions for setting important values for a given debt market. Many of these are numeric values that affect ratios/levels for debt positions, fees, incentives, etc. In particular, Market.setCollateralFactorBps() sets the ratio for how much collateral is required for loans vs the debt t"
309,ba93b3b8d7cf,Medium,Input Validation,"Hardcoded Parameter, Invalid Validation","In YieldManager, UNISWAP_FEE is hardcoded, which reduce significantly the possibilities and will lead to non optimal routes. In particular, all swaps using ETH path wi"
310,afa60bc8003d,Medium,"Access Control, DoS",State Update Inconsistency,"storedTotalAssets is a cached value of total assets which will only include the unlockedRewards when the whole cycle ends. This makes it possible for storedTotalAssets -= amount to revert when the withdrawal amount exceeds storedTotalAssets, as the withdrawal amount may include part of the unlockedRewards in the cu"
311,7100a75d6ebd,Medium,DoS,Invalid Validation,"When the owner calls the changeTokenOf function of the JBController contract, the token corresponding to the current project will be changed, which will make the oldToken holder unable to redeem the overflowing assets."
312,a1ee58021528,Medium,DoS,Invalid Validation,"claim_rewards relies on distributor_contract spend, which reverts when rewards exceed the configured spend_limit. Once accumulated rewards pass that limit, users can no longer claim rewards."
313,b2a8c124d062,Medium,ERC20,Missing Return Check,"When creating ERC20.sol from Solmate, a require() in permit() was converted to a custom error incorrectly. It now reads: So if the recoveredAddress is non-zero and the recoveredAddress is not owner it will error. But if the recoveredAddress == 0x0 then it will pass this check. Anyone can permit themselves as a"
314,7100a75d6ebd,Medium,DoS,Invalid Validation,Payouts won't be able to be distributed if one of multiple beneficiaries decides to revert the transaction on receival.
315,afa60bc8003d,Medium,ERC20,Rebase Token,A malicious authorized user can steal all unclaimed rewards and break the reward accounting Even if the authorized user is benevolent the fact that there is a rug vector available may negatively impact the protocol's reputation. Furthermore since this contract is mean
316,9befb133ee74,Medium,DoS,Out of Gas,"The addSafeAddress() takes an address and adds it to a ""safe list"". This is used in eoaOnly() to give exemption to safe addresses that are trusted smart contracts, when all other smart contacts are prevented from protocol interaction. The stated purpose is to allow only such partner/trusted smart c"
317,e6e43dfea59f,Medium,DoS,Out of Gas,"The addSafeAddress() takes an address and adds it to a ""safe list"". This is used in eoaOnly() to give exemption to safe addresses that are trusted smart contracts, when all other smart contacts are prevented from protocol interaction. The stated purpose is to allow only such partner/trusted smart c"
318,b2a8c124d062,Medium,ERC20,Missing Return Check,ERC20 transfer return values are not handled safely in the affected flow. A token that returns false instead of reverting can cause accounting to proceed as if the transfer succeeded.
319,9befb133ee74,Medium,"Accounting Error, Cross-Chain",Rebase Token,The switchEoaOnly() allows the owner to disable preventSmartContracts (the project's plan apparently is to do so after the beta-period) which will allow any smart contract to interact with the protocol and potentially exploit any underlying flash loan vulnerabilities which are specified as an area of critical concern. Th
320,d9b35c0c87a4,Medium,Access Control,Centralization Risk,The OPERATOR role can arbitrarily reject or ignore validator keys in the permissionless pool. Validator participation therefore depends on a privileged actor and the pool can be made effectively permissioned.
321,e0d2d83ea351,Medium,ERC4626,Not EIP Compliant,Popcorn Vault accounting is not ERC4626 compliant: inconsistent share and asset conversion lets malicious users drain vault assets or make integrations rely on incorrect limits.
322,afa60bc8003d,Medium,Input Validation,Invalid Validation,"FlywheelCore.setFlywheelRewards can remove current reward funds from the current users' reach as it doesn't check that newFlywheelRewards' FlywheelCore is this contract. If it's not, by mistake or with a malicious intent, the users will lose the access to reward funds as this FlywheelCore will not be approved"
323,2c5e13b4e147,Medium,ERC20,Fee On Transfer Token,"The updateValset function don't check that the sum of the powers of the new validators in the new valset is greater than the threshold, which can lead to unwanted behavior. There are 2 main problems that can occur in that situation: 1. The sum of the new validators' powers will be lower than the state_powerThreshold 2. The sum of the new valida"
324,97843b77b287,Medium,DoS,Incorrect Parameter,"GovDev.sol has a function updateSolution to upgrade parts of the contract via the Diamond construction. Via updateSolution, any functionality can be changed and all the funds can be accessed/rugged. Even if this is well intended the project could still be called out resulting in a reputation risk, see for [example(http"
325,1d8f1f43cde9,Medium,Liquidation,Unfair Liquidation,"The RateLimited.setBufferCap function first updates the buffer and then sets the new cap, but does not apply the new cap to the updated buffer. Meaning, the updated buffer value can be larger than the new buffer cap which should never be the case. Actions consuming more than the new b"
326,1d8f1f43cde9,Medium,Reentrancy,Violating CEI / Missing nonReentrant,"NonCustodialPSM mints and redeems VOLT to a chosen stablecoin at the current market rate minus a fixed fee. It is assumed that the difference to be covered with pcvDeposit funds. That assumption is similar to one used in FEI protocol, but there no rate growth takes place as FEI to USD rate supposed to be stable, while VOLT to USD"
327,7100a75d6ebd,Medium,Reentrancy,Violating CEI / Missing nonReentrant,"Juicebox distributePayoutsOf sends ETH or ERC20/ERC777 tokens to split beneficiaries during payout distribution without a reentrancy guard, allowing beneficiary callbacks to reenter and corrupt payout accounting."
328,9befb133ee74,Medium,Arithmetic,Unsafe Downcast,"The protocol computes a factor when minting (and burning) tokens, which is the exchange rate of rebase to base tokens (base supply / total assets value), see GToken.factor(). The first user can manipulate this factor such that it always returns 0. Example: - Attacker deposits 100.0 DAI and mints 100 * 1e18 PWRD: De"
329,d9b35c0c87a4,Medium,Oracle,Stale Value,StaderOracle stores SD price submissions from different reportable blocks in the same prices array. Mixed block data can finalize a corrupted price and delete valid pending submissions for the later block.
330,afa60bc8003d,Medium,"DoS, Liquidation",Missing Functionality,"In _decrementWeightUntilFree, the free weight is calculated by balanceOf[user] - getUserWeight[user] plus weight freed from non-deprecated gauges. The non-deprecated criteria is unnecessary and lead to incorrect accounting of free weight."
331,a1ee58021528,Medium,Arithmetic,Precision Loss,"The borrow rate uses a simple interest formula to compute the accrued debt, instead of a compounding formula. This means the actual borrow rate and interest for suppliers depend on how often updates are made. This difference should be negligible in highly active markets, but it could lead to a lower borrow rate in low-activity markets, leading"
332,a1ee58021528,Medium,Logic error,"Incorrect Parameter, Missing Upper/Lower Bound Check",The staking contract keeps track of *shares* of each user. When withdrawing from the staking contract the amount parameter is converted to shares and this value is decreased (shares = amount / total_balance * total_share). This shares calculation rounds down which allows stealing tokens. The current code seems to try to protect ag
333,a1ee58021528,Medium,"Logic error, Oracle","Implementation Error, Price Manipulation / Arbitrage opportunity","swap_to_stable_denom sends multiple swap submessages but only handles the final reply. Failed or partial swaps can leave rewards misrouted or incorrectly priced, enabling manipulation."
334,7b5e1803022e,Medium,Reentrancy,Violating CEI / Missing nonReentrant,Notional redeem logic can transfer control to the receiver before final balance accounting. A malicious receiver can alter token balances during the callback and change the amount returned by redeem.
335,a1ee58021528,Medium,Cross-Chain,No Recovery Mechanism,"Rewards are accrued before bEth balance changes, so users can manipulate balance updates around claim and transfer operations. This can distort global reward indexes and leave rewards unrecoverable."
336,7b5e1803022e,Medium,DoS,"Implementation Error, Incorrect Parameter","If maturity is reached and user has asked for redeem with opts.transferfCash as true, then if (hasMatured()) turns true at wfCashLogic.solL216 causing fcash to be cashed out in underlying token and then sent to receiver. So receiver obtains underlying when fcash was expected. The sender wont get an error thinking fcash"
337,afa60bc8003d,Medium,DoS,payable / receive(),"xTRIBE gauge allocation can use storedTotalAssets that includes rewards not yet unlocked, making calculated weights larger than the true total. Downstream reward distribution can be skewed or DoSed."
338,afa60bc8003d,Medium,"Accounting Error, Governance, Input Validation",Invalid Validation,"The _incrementGaugeWeight function is used to increase the user's weight on the gauge. However, in the _incrementGaugeWeight function, it is only checked that the gauge parameter is not in _deprecatedGauges, but not checked that the gauge parameter is in _gauges. If the user accidentally uses the wrong ga"
339,0315ba9d8121,Medium,Chainlink,"Deprecated Library, Stale Value","BendDAO PriceOracle checks only updatedAt != 0 and answeredInRound >= roundId, so stale Chainlink prices from deprecated feed handling can be accepted without heartbeat validation."
340,0315ba9d8121,Medium,"Pause, Accounting Error",State Update Inconsistency,"BendDAO borrow interest continues compounding while a pool or asset is paused even though users cannot repay, creating liquidation risk immediately after unpause."
341,0315ba9d8121,Medium,"ERC20, DoS",Bad Condition,BendDAO isolate auctions and liquidations can be DoSed when the debt token blacklists a bidder or borrower and refund or remaining-bid transfers revert.
342,0315ba9d8121,Medium,DoS,No Recovery Mechanism,BendDAO Etherfi withdrawal request invalidation by the Etherfi owner can leave yield debt stuck because the protocol lacks a recovery path for invalidated requests.
343,0315ba9d8121,Medium,"DoS, Cross-Chain",EVM Compatibility,BendDAO wrapNativeTokenInWallet always reverts on Arbitrum because its native-token wrapping assumptions are incompatible with the deployed environment.
344,0315ba9d8121,Medium,"Input Validation, DoS",Missing Upper/Lower Bound Check,"BendDAO YieldEthStakingLido lacks a maximum stake amount, so unstaking can exceed Lido withdrawal NFT limits and prevent token retrieval."
345,0315ba9d8121,Medium,Accounting Error,Incorrect Parameter,"BendDAO executeYieldBorrowERC20 checks yieldCap using the wrong accounting basis, allowing incorrect yield borrow capacity decisions."
346,0315ba9d8121,Medium,"Accounting Error, ERC20",Fee On Transfer Token,"BendDAO ERC20 accounting assumes transferred amounts equal requested amounts in several flows, causing fee-on-transfer tokens to break balances or over-credit deposits."
347,0315ba9d8121,Medium,"ERC721, DoS",Missing Functionality,"BendDAO isolated borrowers are forced to borrow again before they can unlock NFTs, creating an unnecessary DoS path for users who want to close positions."
348,0315ba9d8121,Medium,"ERC20, DoS",Bad Condition,"BendDAO isolateRedeem can revert for tokens that reject zero-value transfers, preventing otherwise valid redemption flows."
349,0315ba9d8121,Medium,Liquidation,Unfair Liquidation,"BendDAO collateral parameter updates can make existing borrowers arbitrarily liquidatable without user action, creating unfair liquidation risk."
350,0315ba9d8121,Medium,"Chainlink, Oracle",Stale Value,"BendDAO price feeds on Arbitrum and Optimism do not check the L2 sequencer uptime feed, so stale prices can be used while the sequencer is down."
351,0315ba9d8121,Medium,"Liquidation, Slippage",Missing minOut / maxAmount,"BendDAO cross liquidation lacks a maximum liquidation price, allowing liquidation execution at an unexpectedly unfavorable price."
352,0315ba9d8121,Medium,Accounting Error,Incorrect Parameter,"BendDAO IsolateLogic.executeIsolateLiquidate updates utilization and rates from incorrect liquidation amounts, corrupting supply and borrow rate accounting."
353,0315ba9d8121,Medium,Access Control,No Recovery Mechanism,"BendDAO collected fines in the yield staking contract cannot be retrieved, leaving protocol funds stuck without an administrative recovery path."
354,0315ba9d8121,Medium,DoS,Bypass Mechanism,"BendDAO borrowers can block the bot from repaying and closing risky yield positions, bypassing the intended forced-risk-management mechanism."
355,0315ba9d8121,Medium,Input Validation,Missing Time Constraint,"BendDAO changing auctionDuration affects auctions already in progress, altering settlement timing after participants have acted."
356,0315ba9d8121,Medium,Accounting Error,State Update Inconsistency,BendDAO updating the fee factor without synchronizing accrued state can apply the new fee setting to prior accounting periods.
357,0315ba9d8121,Medium,Accounting Error,State Update Inconsistency,"BendDAO configurator can change an interest rate model without first updating accrued interest, leaving rates calculated from stale model state."
358,0315ba9d8121,Medium,Logic error,Incorrect Parameter,"BendDAO unwrapNativeTokenInWallet uses an incorrect receiver address, causing unwrapped native tokens to be sent to the wrong account."
359,099243e83259,Medium,DoS,Bad Condition,Stakehouse giant pool withdrawals can be frozen by an attacker who manipulates pool state so users cannot withdraw from giant pools.
360,099243e83259,Medium,Input Validation,Invalid Validation,"Stakehouse allows LP token rotation toward a banned BLS public key, bypassing the intended validator safety restrictions."
361,099243e83259,Medium,DoS,payable / receive(),"Stakehouse giant pools cannot receive ETH back from vaults in some flows, causing returned funds to revert or become stuck."
362,099243e83259,Medium,Logic error,Bad Condition,Stakehouse GiantPool withdrawal logic checks the ETH amount in a way that can reject valid withdrawals and lock user funds.
363,099243e83259,Medium,Access Control,Invalid Validation,"Stakehouse permits adding a non-EOA representative where an EOA is expected, weakening node-runner control assumptions."
364,099243e83259,Medium,Accounting Error,Incorrect Parameter,"Stakehouse GiantPool can withdraw the wrong LPToken, causing users to receive or burn incorrect pool accounting assets."
365,099243e83259,Medium,Access Control,Role Takeover,Stakehouse OwnableSmartWallet supports multiple approvals that can combine into an unintended ownership transfer.
366,099243e83259,Medium,"DAO, Access Control",Arbitrary Add/Remove/Set/Call,Stakehouse DAO admin can use arbitrary smart-wallet execution to steal node-operator funds from the registered smart wallet.
367,099243e83259,Medium,Access Control,Centralization Risk,Stakehouse DAO or LSDN owner has privileged control that can steal funds from a node runner.
368,099243e83259,Medium,Input Validation,Missing Upper/Lower Bound Check,Stakehouse rotateLPTokens can let a user stake more ETH than maxStakingAmountPerValidator and DoS later LiquidStakingManager staking.
369,099243e83259,Medium,Input Validation,Invalid Validation,Stakehouse banned BLS public keys can still be registered because registration does not enforce the ban list consistently.
370,099243e83259,Medium,DoS,Bypass Mechanism,"Stakehouse syndicate staking can be griefed by staking a very small amount, blocking or distorting later reward flows."
371,099243e83259,Medium,Input Validation,Incorrect Parameter,Stakehouse GiantPool batchRotateLPTokens uses a static minimum balance where the required minimum should be dynamically calculated.
372,d9b35c0c87a4,Medium,Accounting Error,State Update Inconsistency,depositETHOverTargetWeight can maliciously modify poolIdArrayIndexForExcessDeposit. Corrupting that index routes later excess ETH deposits to the wrong pool and breaks allocation accounting.
373,099243e83259,Medium,Accounting Error,State Update Inconsistency,"Stakehouse GiantMevAndFeesPool.previewAccumulatedETH does not update the accumulated variable correctly inside the loop, underreporting rewards."
374,099243e83259,Medium,Accounting Error,Peg / Depeg,"Stakehouse dETH, ETH, and LPTokenETH can depeg when ETH2 slashing changes backing value without a corresponding protocol adjustment."
375,099243e83259,Medium,Input Validation,Bypass Mechanism,"Stakehouse relies on Address.isContract to detect EOAs, but constructor calls can bypass this check."
376,099243e83259,Medium,"Access Control, DAO",Centralization Risk,"Stakehouse DAO commission settings can be set to 100 percent, causing node runners to lose all staking rewards."
377,099243e83259,Medium,Accounting Error,State Update Inconsistency,"Stakehouse GiantLP transfers do not preserve all reward accounting, so users can lose accrued rewards after transferring LP tokens."
378,099243e83259,Medium,Input Validation,Incorrect Parameter,"Stakehouse smartWallet address derivation is not guaranteed to match the expected wallet, so ETH can be sent to an incorrect address."
379,099243e83259,Medium,Accounting Error,No Recovery Mechanism,Stakehouse EIP1559 rewards received by a syndicate before any knots are registered can be permanently lost.
380,099243e83259,Medium,call / delegatecall,Refund Failed,"Stakehouse executeAsSmartWallet can receive ETH that is not forwarded or refunded correctly, causing sent ETH to be lost."
381,099243e83259,Medium,DoS,Implementation Error,"Stakehouse updateNodeRunnerWhitelistStatus always reverts, preventing intended whitelist maintenance."
382,099243e83259,Medium,Access Control,Missing Functionality,Stakehouse cannot ban a known malicious node runner before the corresponding smart wallet is created.
383,099243e83259,Medium,Input Validation,Invalid Validation,"Stakehouse _assertUserHasEnoughGiantLPToClaimVaultLP checks the wrong LP requirements, allowing invalid claims or blocking valid ones."
384,099243e83259,Medium,"DAO, Access Control",Centralization Risk,Stakehouse malicious or compromised DAO can restrict actions of node runners who are not malicious.
385,099243e83259,Medium,MEV,Front Run,Stakehouse rotateNodeRunnerOfSmartWallet is vulnerable to frontrunning that can change the intended node runner rotation outcome.
386,099243e83259,Medium,DoS,Bad Condition,Stakehouse reward claims from syndicate can fail for valid BLS keys if the first supplied BLS key is no longer active.
387,099243e83259,Medium,Accounting Error,Reward Manipulation,Stakehouse users receive fewer rewards than eligible when the first passed BLS key is inactive and later valid keys are skipped.
388,099243e83259,Medium,DoS,Bypass Mechanism,Stakehouse giant pools can be griefed so user holdings cannot be staked even though users supplied ETH.
389,099243e83259,Medium,DoS,Bypass Mechanism,Stakehouse vaults can be griefed into a state where they are no longer usable for deposits.
390,af8e4af75dc2,Medium,Accounting Error,State Update Inconsistency,"Inverse users can avoid paying DBR fees by periodically updating accrued fees, keeping debt accounting from settling the intended deficit."
391,af8e4af75dc2,Medium,Input Validation,Missing Initialization,"Inverse avoidable market misconfiguration can make INVEscrow fail to mint xINV tokens, breaking escrowed reward behavior."
392,af8e4af75dc2,Medium,Oracle,Incorrect Parameter,"Inverse viewPrice does not always report the dampened oracle price, so callers can receive a price inconsistent with protocol liquidation assumptions."
393,b2a8c124d062,Medium,DoS,Missing Time Constraint,"Swivel VaultTracker functions can only be called once after maturity, causing later post-maturity calls to fail unexpectedly."
394,b2a8c124d062,Medium,Access Control,Incorrect Parameter,"Swivel VaultTracker is initialized with the wrong admin, leaving privileged actions controlled by an unintended account."
395,b2a8c124d062,Medium,Accounting Error,No Recovery Mechanism,"Swivel has no mechanism to absorb losses from an underlying protocol, so an external protocol loss can become catastrophic for users."
396,b2a8c124d062,Medium,Logic error,Implementation Error,Swivel contains an interface definition error that makes integrations call incompatible function signatures.
397,7b5e1803022e,Medium,Input Validation,Invalid Validation,"Notional fCash of the wrong maturity or asset can be sent to a wrapper before deployment, causing the wrapper to initialize around invalid assets."
398,7b5e1803022e,Medium,DoS,Bad Condition,Notional users may be unable to purchase or redeem SetToken because fCash position handling can revert in supported trading paths.
399,7100a75d6ebd,Medium,Input Validation,Missing Time Constraint,"Juicebox funding-cycle configuration lacks a mustStartAtOrAfter check, allowing reconfiguration timing that violates project expectations."
400,7100a75d6ebd,Medium,Access Control,State Update Inconsistency,Juicebox locked splits can be updated despite being intended to remain immutable until their lock expires.
