Property,repo_path,severity,tag,subtag,description
1,fa1836e0615e,High,ERC721,Missing Functionality,cause: 合約未實作支援 ERC721 傳輸或授權的邏輯，僅能接收 impact: 經過 recoverERC721 移轉的 ERC721 被永久鎖定
2,a3e15237ea08,High,Accounting Error,Rebase Token,"Root cause: - THORChain_Router tracks does not properly handle rebasing tokens. This is because the system records a static token amount at the time of locking, while the actual token balance may change due to rebasing. - it tracks vault allowances in fragment units, but AMPL rebases change the fragment <-> gons conversion - since allowances don’t rebase while real balances do, a pre‑rebase allowance can later withdraw more gons (value) than intended, draining value from subsequent deposits. - In the case of a positive rebase (balance increases), the user may receive fewer tokens than they are entitled to, resulting in a loss for the user. - In the case of a negative rebase (balance decreases), the system may attempt to transfer more tokens than it actually holds, causing the transaction to revert and funds to become stuck (DoS). PoC: 1. malicious deposits 1000 tokens with _gonsPerFragment == 1, which then executes the following 2 operations: - safeAmount = safeTransferFrom(asset, amount): - tcRouter has 1000 gons (_gonBalances[tcRouter] == 1000) - tcRouter has 1000 balances (_gonsPerFragment == 1) - _vaultAllowance[vault][asset] += safeAmount: malicious has allowance 1000 2. After the rebase, _gonsPerFragment == 2 - tcRouter now has 1000 gons, e.g. 500 balances (_gonsPerFragment == 2) - But malicious still has 1000 allowance 3. victim deposits 1000 tokens with _gonsPerFragment == 2 - safeAmount = safeTransferFrom(asset, amount): - tcRouter has 3000 gons, e.g. 1500 balances (_gonsPerFragment == 2) - _vaultAllowance[vault][asset] += safeAmount: victim has allowance 1000 4. malicious calls transferOut(), which calls ampl.transfer() - tcRouter transfer 2000 gons to malicious (_gonsPerFragment == 2) - tcRouter now has only 1000 gons. e.g. 500 balances - malicious has 2000 gons, e.g. 1000 balances 5. vitim now can only transferOut 500 tokens although it deposits 1000 tokens"
3,a3e15237ea08,Medium,"Accounting Error, DoS, ERC20",Fee On Transfer Token,"Root cause: Router assumes transfer(to, A) delivers A, then instructs the aggregator to act on A. However with Fee-on-Transfer tokens, only A - f arrived, so the aggregator either reverts (tokens get stuck) or pays the shortfall from its own funds (grief/steal). Deep Dive: - In the ERC‑20 path of _transferOutAndCallV5 the Router does two things in sequence: - First deposit the tokens to the aggregator (target) solidity // Router sends `fromAmount` to the aggregator (bool transferSuccess, bytes memory data) = aggregationPayload.fromAsset.call( abi.encodeWithSignature( ""transfer(address,uint256)"", aggregationPayload.target, aggregationPayload.fromAmount ) ); - Immediately call the aggregator (swapOutV5) with the same fromAmount - However, if the token is fee‑on‑transfer, the aggregator actually receives less in step1, which result in - DoS: If the aggregator has no spare tokens, then swapOutV5 will fail since try to forward fromAmount, but only fromAmount - fee was received. The low-level call returns false, and the router doesn’t revert (by design). Therefore, the tokens remain stuck in the aggregator - grief/steal of aggregator's funds: If the aggregator has spare tokens, it will use its own balance to satisfy fromAmount"
4,40cc38c69cca,Medium,Accounting Error,Fee On Transfer Token,Fee on transfer tokens transfer less tokens in than what would be expect.This means that the protocol request incorrect amounts when dealing with these tokens.
5,d562802cb53a,Medium,Upgradeable,Bad Condition,"During certain upgrade migration timing conditions, a user could finalize a withdrawal on the old L1ERC20Bridge and then withdraw again on the new L1SharedBridge, enabling a potential double withdrawal."
6,fa1836e0615e,High,DoS,"Bad Condition, State Update Inconsistency",cause: _totalCollateral - loss 和 collateral.balanceOf(address(this)) 必須完全一致的 require，會因為攻擊者將抵押資產傳入協議，導致兩者不一致 impact: 導致 settle 功能永久失效，admin 也無法修正
7,d9b35c0c87a4,Medium,DoS,Bad Condition,submitExchangeRateData 與 submitSDPrice 這兩個函數都依賴於多個 trusted nodes 提交數據。當 trustedNodesCount 改變時，計算出來的門檻數會變，但已有的 submissionCount 並不會隨之調整。如果在提交過程中信任節點數被減少，就有可能再也無法達到共識，造成永久卡死
8,b7fc4d82013a,Medium,DoS,Bad Condition,"newRatio is calculated and compared with minIbRatio in settleAuction().However, if newRatio is less than minIbRatio, settleAuction() will always fail and there is no way for the bonder to cancel and get a refund."
9,bb3018c8812c,Medium,DoS,Bad Condition,"Cause: During the validation process of MagicSpend.validatePaymasterUserOp(), only a single withdrawAmount check against the contract’s balance is performed. However, when multiple UserOps are batched in EntryPoint, the single-balance check cannot ensure that the total requested funds do not exceed the contract balance. Impact: When EntryPoint executes multiple UserOps() in a batch, if the total requested funds exceed the MagicSpend contract balance, subsequent postOp() executions will fail due to insufficient funds, leading to transaction reverts."
10,d562802cb53a,Medium,DoS,Missing Initialization,"The l1LegacyBridge is not assigned during L2SharedBridge.initialize(), causing deposits sent via the old L1ERC20Bridge to fail before the upgrade is completed."
11,804fe35b0164,Medium,Upgradeable,Missing Initialization,no constructor and no initializers
12,9cc1dc4ae06a,Medium,Input Validation,Missing Time Constraint,Missing block.timestamp <= endTime allows sponsorship after endTime even though the reward unlock period is over. Funds can still be deposited but can never become valid reward allocations.
13,c20104cb90d7,Medium,ERC20,Missing Return Check,"The contract does not properly check the return value of ERC20 token transfer functions, this can result in failed token transfers being incorrectly treated as successful, and cause transaction reverts for tokens like USDT that do not return a boolean success value."
14,d9b35c0c87a4,Medium,DoS,Duplicate Value,updatePollAddress 內部呼叫了 verifyNewPool，導致 poolId 如果存在 verifyNewPool 會 revert，所以更新不了 pool address
15,9cc1dc4ae06a,Medium,Input Validation,Duplicate Value,add does not reject duplicate lpToken values so multiple pools can point to the same LP token. lpSupply uses lpToken.balanceOf(address(this)) which double counts the same balance and misallocates rewards.
16,e169bbefc6e2,High,DoS,"Duplicate Value, Invalid Validation",當兩個用戶同時對同一 NFT index 提交提案並 finalize 時，後提交的用戶的提案將覆蓋前一用戶的鎖定計劃，導致前用戶無法提取其鎖定的 JPEG，造成資金損失
17,d9b35c0c87a4,Medium,Input Validation,Duplicate Value,如果將已經是 admin 的地址傳給 updateAdmin，會導致該 admin 失去 admin 身分
18,fa1836e0615e,Medium,Pause,State Update Inconsistency,cause: redeem 缺少檢查合約是否暫停的條件，沒有 whenNotPaused impact: redeem 依然可被任意調用
19,d9b35c0c87a4,Medium,Logic error,State Update Inconsistency,結算懲罰時只考慮驗證者在 ValidatorWithdrawalVault 合約中的餘額來支付懲罰金額，但沒有考慮驗證者在另一個合約的餘額，導致操作員本來有足夠的總收益抵扣懲罰，卻被錯誤地判定為懲罰 subtag += bad condition
20,9cc1dc4ae06a,Medium,Accounting Error,State Update Inconsistency,When _withUpdate is false in add or set totalAllocPoint changes without massUpdatePools. Other pools keep stale accounting and receive incorrect reward shares.
21,fa1836e0615e,Medium,Arithmetic,State Update Inconsistency,cause: 當使用者執行債券操作且 putOptionsRequired 為 true 時，計算使用者需支付的 premium 是依據當前的 block.timestamp 與 nextFundingPaymentTimestamp 所決定的 timeToExpiry。由於使用者可控制操作時機，會導致相同價格與數量下，在靠近 funding 更新時執行，可支付較少溢價 impact: 造成不公平的價格條件與套利空間
22,9cc1dc4ae06a,Medium,DAO,State Update Inconsistency,Total voting power is computed from total locked tokens while individual voting weights only track delegated amounts. The mismatch distorts governance thresholds and can make governance fail.
23,9cc1dc4ae06a,Medium,DAO,"Does not match with Doc, State Update Inconsistency",Users who lock AURA and receive vlAURA get no voting power unless they explicitly choose a delegate. The docs imply locked users should have voting power but accounting only records delegated balances.
24,bb3018c8812c,High,"Cross-Chain, Replay Attack",State Update Inconsistency,"Cause: Users can upgrade their account’s owners via either directly onto the contract with a regular transaction or via an ERC-4337 EntryPoint transaction calling executeWithoutChainIdValidation. If a user chooses to use a combination of these methods, it’s very likely that the addresses at a particular ownership index differ across chains. Therefore, if a user later calls removeOwnerAtIndex on another chain, it will end up removing different addresses on different chains. The root cause is that removeOwnerAtIndex can be replayed cross-chain despite the same index may point to a different owner, combined with the lack of last owner guard. Impact: Accidentally remove their only accessible owner, permanently locking the account. In severe cases, this can result in irreversible asset loss. In minimal cases, the user can only manually add back the mistakenly removed owner."
25,fa1836e0615e,Medium,Accounting Error,State Update Inconsistency,cause: sync 負責同步合約中資產的餘額，但並非在所有會導致資產餘額變化的場景下都被呼叫 impact: 資產餘額不同步，使合約或外部調用基於錯誤餘額做出判斷或計算
26,fa1836e0615e,Medium,ERC721,State Update Inconsistency,cause: 執行 ERC721 token 轉移操作時，owner 值未被更新。該值僅在 mint 階段設定，之後再也不變 impact: 可能錯誤表示 token 擁有者
27,fa1836e0615e,High,"Accounting Error, Arithmetic, DoS",State Update Inconsistency,cause: addToDelegate 會增加 totalWethDelegated，但 withdraw 並未同步扣除該值，造成狀態不一致。調用 sync 時，會用錯誤的 totalWethDelegated 值減去實際儲備，導致 WETH 儲備被低估，而當 admin 呼叫 lowerDepeg 穩定匯率時，由於儲備被低估，將觸發 underflow 並導致交易 revert impact: lowerDepeg 無法執行，讓系統失去維持 dpxETH/ETH 匯率的能力
28,b7fc4d82013a,High,Accounting Error,State Update Inconsistency,"When totalSupply is 0, handleFees does not update lastFee, causing an inflated time difference on the next fee calculation and minting excess fee tokens, diluting existing holders’ value."
29,198fa93fabdd,Medium,Pause,State Update Inconsistency,System state can still be changed in the paused status.
30,fa1836e0615e,Medium,Arithmetic,Precision Loss,cause: 檢查提領資產數量時，VaultLP 中 WETH 作為抵押品的全部被鎖定並轉換成 RDPX時，VaultLP 內實際 WETH 抵押品餘額會變成 0，導致 totalCollateral 回傳 0 impact: 所有持有 VaultLP shares 的用戶在計算可提領資產時，無法通過 require 限制，導致無法提領任何 RDPX 補償
31,fa1836e0615e,High,DoS,"Invalid Validation, Precision Loss",cause: 當 putOptionsRequired 為 true 時，其中時間到期參數 timeToExpiry 被直接傳入 getOptionPrice，換算後若小於 864 秒，會導致 timeToExpiry 為 0 impact: 每當距離 nextFundingPaymentTimestamp 少於 864 秒時，只要 putOptionsRequired 為 true，則所有的 bond 操作都會無條件失敗
32,b7fc4d82013a,Medium,Arithmetic,Precision Loss,"The fee calculation tries to calculate a fee such that fee/(supply+fee) = %fee using a simple interest formula (i.e. no compounding), this lead to slightly less fee collected when fee are collected more frequently (small timeDiff) vs less frequently (big timeDiff)."
33,e169bbefc6e2,Medium,Arithmetic,Precision Loss,先除後乘導致除完變成 0，傳給乘法還是 0
34,b7fc4d82013a,Medium,Arithmetic,Precision Loss,"In fees calculation, division is being used in the midst of the calculation, not at the end of it.This leads to lost precision in fee amount (as solidity doesn't save remainder of division)."
35,c20104cb90d7,Medium,Access Control,Centralization Risk,The owner can mint all of the NFTs.
36,fa1836e0615e,Medium,Access Control,Centralization Risk,cause: bond 完成後會自動呼叫 reLP。由於 bond 對所有人開放，攻擊者可以控制何時呼叫 reLP，並藉由事前操縱流動性池價格，影響 reLP 執行時的移除流動性與 swap impact: 攻擊者可以 flash loan 借入大量 ETH，先買入 rDPX 抬高價格，再呼叫 bond 觸發 reLP，讓合約在高價位時執行不利的流動性操作，然後於價格回穩時將 rDPX 出售套利
37,b7fc4d82013a,Medium,Access Control,Centralization Risk,"The factory can change auctionMultiplier/auctionDecrement mid-auction, altering profitability; with extreme settings (multiplier=0, decrement=max), newRatio=0 and tokensNeeded=0, enabling settlement to drain all tokens."
38,d9b35c0c87a4,Medium,Access Control,Centralization Risk,OPERATOR 擁有太多權限，SPOF
39,804fe35b0164,Medium,Access Control,Centralization Risk,Hacked owner or malicious owner can immediately steal all assets on the platform
40,9cc1dc4ae06a,Medium,"Access Control, Logic error","Bad Condition, Centralization Risk",If AuraLocker is shut down the lock-rewards path reverts. Users can only take the unlocked withdrawal path with a 20 percent penalty causing admin-induced loss.
41,c20104cb90d7,Medium,Access Control,Centralization Risk,changing the Start Price or the Lowest price in the middle of the auction could allow the owner to manipulate the price.
42,fa1836e0615e,Medium,Uniswap,No Recovery Mechanism,cause: 從 Uniswap V2 移除 WETH-RDPX 流動性並進行部分 WETH 換成 RDPX 後，再重新添加流動性的計算邏輯不準確，有時會 revert 或遺留少量的 WETH impact: 造成 dust 堆積，進而影響整體 LP 價值
43,9cc1dc4ae06a,Medium,"Input Validation, Logic error","Invalid Validation, No Recovery Mechanism",If claimRewards is called without Options.LockCvx the contract can still transfer CVX from the user when depositCvxMaxAmount is positive. Since no locking action follows those tokens remain stuck without recovery.
44,fa1836e0615e,High,"DoS, Uniswap",Incorrect Parameter,cause: 錯誤假設整個 UniswapV2 池中的流動性完全由協議控制 impact: 將池中所有資產視為協議資產用來計算 lpToRemove，導致協議可能嘗試提取超過實際 LP 持有量的流動性，造成 revert
45,a3e15237ea08,Medium,DoS,Incorrect Parameter,"The ETH path in _transferOutAndCallV5 re‑uses the same msg.value for every item in the batch, and because the target address is fully attacker‑controlled and unvalidated, the router ends up sending msg.value once per loop iteration, hence drains its own ETH balance. Deep Dive: - The functions transferOutAndCallV5() and batchTransferOutAndCallV5() both internally invoke _transferOutAndCallV5(). This function, in turn, calls the swapOutV5() function on the aggregationPayload.target, which should be the THORChain_Aggregator contract - However, the aggregationPayload is a struct passed as a parameter, which allows anyone to set the aggregationPayload.target address to their preference without any validation. - Even worse, Batch reuses the same msg.value per iteration: - In batchTransferOutAndCallV5, the loop calls _transferOutAndCallV5(aggregationPayloads[i]) N times. - Inside _transferOutAndCallV5, it always sends msg.value to target. There is no decrement and no per‑item value split. - Results in one unit of msg.value leaves the router per iteration—to the attacker’s target or back to msg.sender, which is still attacker"
46,b7fc4d82013a,Medium,Accounting Error,Incorrect Parameter,"The fee calculation is based on the totalSupply of the basket token. But some amount of the totalSupply represents the fees paid to the publisher/ protocol owner. Therefore the fees are ""overcharged”."
47,9cc1dc4ae06a,Medium,"Accounting Error, Arithmetic",Incorrect Parameter,When all user locks are expired the kick reward uses only the last lock amount multiplied by expired epochs instead of the total expired locked balance. Users receive less reward than owed.
48,e169bbefc6e2,High,DoS,Incorrect Parameter,策略在遷移時因為將 JPEG 資產列入黑名單，導致合約嘗試執行 withdraw() 時失敗並 revert，造成策略遷移無法成功
49,b7fc4d82013a,Medium,Accounting Error,Incorrect Parameter,The fee calculation is wrong. It should only get divided by BASE and not (BASE - feePct)
50,e169bbefc6e2,High,DoS,Incorrect Parameter,沒傳入參數給 earned()，導致整個呼叫被 revert
51,fa1836e0615e,High,Arithmetic,"Hardcoded Parameter, Token Decimal",cause: roundUp 中的 roundingPrecision 固定為 1e6 ，在某些市場價格下，計算出來的 strike price 值會被四捨五入回 1e6，即原始價格 impact: 導致 strike price 不再為預期的 25% OTM，而實際變成 ITM，違反了合約設計中「使用 25% OTM PUT option 保護抵押資產」的邏輯
52,e169bbefc6e2,Medium,Arithmetic,Token Decimal,yVault.getPricePerFullShare() 以 1e18 計算 price per share，缺少非 1e18 token 的考量
53,fa1836e0615e,High,Arithmetic,Token Decimal,cause: oracle 回傳的價格為 1e18 精度，但多個合約假設該價格為 1e8 精度 impact: 計算產生數值偏差，造成膨脹、縮水、錯誤轉帳、underflow
54,d9b35c0c87a4,Medium,Logic error,Reward Manipulation,資金分配時，沒有正確考慮當前資金不足時不應該前進 index 的情況，導致惡意用戶可以透過微小轉帳，將下一輪的 Validator 資金分配導向自己想要的 Pool 不一定是 logic error
55,e169bbefc6e2,Medium,Input Validation,Reward Manipulation,當 _lpToken 與獎勵代幣 jpeg 相同時，合約使用 lpToken.balanceOf(address(this)) 作為流動性池供應量（lpSupply）的依據。當獎勵被鑄造進來時，也會累加到 lpSupply，導致分母變大大，reward 被稀釋
56,9cc1dc4ae06a,Medium,DoS,Reward Manipulation,distributeOther lets anyone call notifyRewardAmount. This resets the reward period and re-spreads undistributed rewards over a new seven day window. An attacker can cheaply delay reward distribution for normal users.
57,fa1836e0615e,High,DoS,Front Run,cause: 結算價格門檻是公開可預測的，使用者能預先知道 put option 被結算的時間，且協議允許多餘擔保品可以隨時贖回，讓用戶能在損失發生前退出 LP impact: 沒有撤回擔保品的 LP 承擔更多損失，或是多數用戶都贖回導致 vault 被清空，造成 DoS
58,9cc1dc4ae06a,Medium,DoS,Front Run,The contract requires each asset balance to exactly equal _request.maxAmountsIn[i]. An attacker can front-run by sending 1 wei to the contract so the equality fails and the liquidity provider transaction reverts.
59,bb3018c8812c,Medium,DoS,"Front Run, Nonce","Cause: MagicSpend.validatePaymasterUserOp() and MagicSpend.withdraw() use the same signature. Impact: Malicious users can submit a transaction via the paymaster and then front-run with a withdraw() call, causing validatePaymasterUserOp() to revert because the nonce has already been consumed."
60,40cc38c69cca,High,DoS,Front Run,"A malicious actor can snipe the mempool to bond as soon as an auction starts; because only the bonder can settle and the bond can’t be burned for 24 hours, the auction and funds remain frozen."
61,d9b35c0c87a4,Medium,Pause,Front Run,MEV bot 在合約 pause 前迅叫 addBid，一次性對多個正在進行的拍賣出價，導致無人能夠再出價和接近結束的拍賣無法被反超
62,d9b35c0c87a4,Medium,Access Control,Front Run,distributeRewards 沒有限制呼叫權限，攻擊者可以在呼叫 settleFunds 之前呼叫 distributeRewards 讓 operatorShare < penaltyAmount 導致 validator 面臨損失
63,9cc1dc4ae06a,Medium,DoS,"Bad Condition, Front Run",An attacker can front-run a transaction that adds rewards to a past epoch by adding dust rewards to a later epoch. The victim transaction for the past epoch then hits the require check and fails.
64,d9b35c0c87a4,Medium,"Logic error, MEV",Front Run,因為競標的 endBlock 為固定，所以除了 MEV 之外其他人沒有動機參與
65,d9b35c0c87a4,Medium,"Chainlink, Oracle",Stale Value,沒有足夠的保護防止 oracle 的價格過時
66,c20104cb90d7,Medium,DoS,Out of Gas,Use of .send() May Revert if The Recipient's Fallback Function Consumes More Than 2300 Gas
67,9cc1dc4ae06a,Medium,DoS,Out of Gas,massUpdatePools is public and loops over poolInfo.length without a bound. As pools grow the updatePool loop can exceed the block gas limit and prevent reward updates.
68,9cc1dc4ae06a,Medium,DoS,Out of Gas,_getReward iterates from epochIndex to tokenEpochs. If a user waits too long to claim the loop can exceed the block gas limit and make rewards permanently unclaimable.
69,40cc38c69cca,Medium,Input Validation,"Asset Theft, Invalid Validation","The newRatio decreases over time without a lower bound. A malicious actor can wait until newRatio < ibRatio or near zero, bond and settle the auction, and effectively steal most of the basket’s assets with minimal required collateral."
70,b7fc4d82013a,Medium,MEV,Asset Theft,"By bonding at a precisely chosen block that makes newRatio = 0, tokensNeeded evaluates to 0 and settleAuction() can drain the basket regardless of balances."
71,fa1836e0615e,Medium,Accounting Error,Asset Theft,cause: 使用者透過 bonding 機制鑄造 dpxETH 時，可享有抵押資產的折扣，但未依據實際用戶提供的 WETH 數量調整儲備使用量，而是固定從合約儲備中扣除 _amount / 2 的 WETH 作為流動性提供，導致過度消耗儲備的 WETH impact: 若 WETH 被耗盡，則合約將無法再處理後續的 bonding 操作
72,9cc1dc4ae06a,Medium,Arithmetic,Rounding Error,Calculations round down and do not adapt when the contract lacks enough tokens. safeRewardTransfer can send less than expected while accounting treats the reward as paid which creates user shortfall and inconsistent accounting.
73,d562802cb53a,High,Accounting Error,Implementation Error,"paymaster's _maxRefundedGas = gasLeft + reservedGas, without subtracting spentOnPubdata. This way _maxRefundedGas will be much larger than the correct value. paymaster will refund the used spentOnPubdata to the user"
74,b7fc4d82013a,Medium,Accounting Error,"Implementation Error, Incorrect Parameter","When handleFees is called, totalSupply and ibRatio changes accordingly, but for newIbRatio calculation tokens minted in handleFees is not included. Therefore, ibRatio is calculated higher than it should be."
75,d562802cb53a,Medium,Logic error,"Does not match with Doc, Implementation Error",In StateTransitionManager::unfreezeChain function call unfreezeDiamond instead of freezeDiamond on IZkSyncStateTransition(stateTransition[_chainId]) instance.
76,40cc38c69cca,Medium,DoS,Implementation Error,"The mint() function redundantly includes a nonReentrant modifier, despite calling mintTo() which already has it, causing malfunction due to double reentrancy guard and blocking minting functionality."
77,e169bbefc6e2,High,ERC4626,Inflation Attack,通過大量捐贈操縱 asset amount，用戶可能不會收到存款對應的 share 屬於 logic error 還是 arithmetic
78,9cc1dc4ae06a,Medium,Input Validation,Invalid Validation,Adding _lpToken to a pool does not check that it differs from the CVX reward token. If _lpToken is CVX newly minted rewards inflate measured lpSupply and dilute existing stakers.
79,40cc38c69cca,Medium,"DoS, Input Validation",Invalid Validation,"function setBondPercentDiv should validate that newBondPercentDiv is not 0, or bondForRebalance will experience division by zero error otherwise."
80,40cc38c69cca,Medium,"Arithmetic, DoS, Input Validation","Invalid Validation, Precision Loss","If all users burn their shares, the totalSupply becomes zero. Subsequent calls to handleFees() will attempt to divide by zero, causing the contract to revert and rendering the Basket permanently unusable."
81,b7fc4d82013a,Medium,"DoS, Input Validation",Invalid Validation,"A malicious publisher can set minIbRatio to an extreme value during an auction proposal, making the auction impossible to settle and locking all user funds in the basket."
82,e169bbefc6e2,Medium,Input Validation,"Bypass Mechanism, Invalid Validation",noContract modifier 無法防止在 constructor 的呼叫（額外標籤，create2）
83,b7fc4d82013a,Medium,"ERC20, Reentrancy",Invalid Validation,"Basket.initialize() calls approveUnderlying(auction) without guarding against an untrusted ERC-20 approve() hook, allowing reentrancy into initialize() to overwrite critical addresses (factory, auction) and hide the malicious token."
84,40cc38c69cca,Medium,"DoS, Input Validation",Invalid Validation,The function Factory.setBondPercentDiv() allows the owner to set the state variable Factory.bondPercentDiv to zero.If Factory.bondPercentDiv equals zero then the function Auction.bondForRebalance() will always revert due to a division by zero.
85,40cc38c69cca,Medium,"DoS, Input Validation",Invalid Validation,The function Factory.setAuctionDecrement() allows the owner to set the state variable Factory.auctionDecrement to zero.If Factory.auctionDecrement equals zero then the function Auction.settleAuction() will always revert due to a division by zero.
86,e169bbefc6e2,High,Reentrancy,Violating CEI / Missing nonReentrant,如果 token 會將控制權交給 sender 則會導致 reentrancy
87,40cc38c69cca,Medium,Reentrancy,Violating CEI / Missing nonReentrant,function createBasket in Factory should also be nonReentrant as it interacts with various tokens inside the loop and these tokens may contain callback hooks.
88,9cc1dc4ae06a,Medium,Reentrancy,Violating CEI / Missing nonReentrant,User state is updated after sending reward tokens. If the reward token has transfer hooks or is upgraded to ERC777 an attacker can reenter and claim again before state is updated.
89,fa1836e0615e,Medium,"Flashloan, MEV",Price Manipulation / Arbitrage opportunity,cause: bond 完成後會自動呼叫 reLP。由於 bond 對所有人開放，攻擊者可以控制何時呼叫 reLP，並藉由事前操縱流動性池價格，影響 reLP 執行時的移除流動性與 swap impact: 攻擊者可以 flash loan 借入大量 ETH，先買入 rDPX 抬高價格，再呼叫 bond 觸發 reLP，讓合約在高價位時執行不利的流動性操作，然後於價格回穩時將 rDPX 出售套利
90,fa1836e0615e,Medium,"Arithmetic, ERC4626",Price Manipulation / Arbitrage opportunity,cause: redeem 算返回的 RDPX 時並未使用當前市價，而是根據 share 占 vault 總供應量的比例計算，所以實際返回的 RDPX 數量取決於 deposit 當下的 vault 狀態，而非 redeem 時的實際市價 impact: 使用者可以在 RDPX 價格上升後利用原有價格兌回更多的 RDPX
91,198fa93fabdd,Medium,TWAP,Price Manipulation / Arbitrage opportunity,"The current implementation of TWAV is based on a short observation period, making it susceptible to price manipulation."
92,d9b35c0c87a4,Medium,Logic error,Bypass Mechanism,"實際扣除的金額是 min(operatorSD, poolThreshold.minThreshold)當 penaltyAmount 遠小於 operatorShare 時，很大比例的罰金無法被收回 看和罰金 slash 相關的"
93,a3e15237ea08,High,Logic error,Invariant Violation,"Root cause: One of the main invariant of the protocol is that all the events ThorChain_Router emits should be correct, but it breaks in the edge cases of the transferOut(), _transferOutV5(), transferOutAndCall() and _transferOutAndCallV5(), which emit the wrong to when the Native Tokens transfer fails Deep Dive: - transferOut(): Used by the vaults to transfer either the Native Tokens or ERC20 tokens to any address to. It first transfers the funds to the specified to address and then emits the TransferOut event - In case the Native Tokens transfer to the to address fails, it just refunds or bounce back the ethers to the vault address (msg.sender) > It's very likely since the function uses solidity's .send to transfer the funds, which has gas limit (2300) - The problem is in the above case, the event TransferOut will be wrong - the ethers receiver will be in vault, not the input to, - to doesn't get updated to the vault's address, so the function in the end emits the original to - As a result, ThorChain is getting informed that the ether receiver is still input tosolidity function transferOut(address payable to, address asset, uint amount, string memory memo) public payable nonReentrant { uint safeAmount; if (asset == address(0)) { safeAmount = msg.value; bool success = to.send(safeAmount); // Send ETH. if (!success) { payable(address(msg.sender)).transfer(safeAmount); // For failure, bounce back to vault & continue. } } else { ..... } ///@audit-issue H worng event `to` incase of the bounce back - PoC: `Should bounce back ethers but emits wrong event` emit TransferOut(msg.sender, to, asset, safeAmount, memo); }"
94,fa1836e0615e,Medium,"Arithmetic, Slippage","Does not match with Doc, Invalid  Slippage Control / Missing slippage check",cause: mintokenAAmount 的計算根據錯誤的公式 impact: 交易滑點無法正常控制
95,9cc1dc4ae06a,Medium,Logic error,"Does not match with Doc, Incorrect Parameter",unlockInWeeks - unlockTime compares seconds even though the logic intends to compare weeks. The greater than two check becomes two seconds instead of two weeks so locks can be extended earlier than documented.
96,d562802cb53a,Medium,"Logic error, Upgradeable",Does not match with Doc,"The StateTransitionManager contract lacks a way to invoke executeUpgrade() or upgradeChainFromVersion(), preventing forced upgrades of deployed STs in urgent high-risk situations and undermining the documented safeguard mechanism."
97,d9b35c0c87a4,Medium,Pause,Does not match with Doc,一些合約繼承了 PausableUpgradeable 但卻沒有實作 pause 和 unpause
98,fa1836e0615e,Medium,Slippage,Invalid  Slippage Control / Missing slippage check,cause: 當 minAmount = 0 且 _ethToDpxEth = true 時，使用了 getDpxEthPrice 計算 ETH 換 dpxETH 的 minOut 值，應該使用 getEthPrice impact: 計算出來的 slippage 預期值 minOut 不正確
99,e169bbefc6e2,Medium,Slippage,Invalid  Slippage Control / Missing slippage check,rewrad token 是直接 swap 到 weth，但不一定是最佳路徑，可能會因為 low liquidity 而只會換到很小數量的 weth
100,e7921851ec01,Medium,DoS,State Update Inconsistency,"D3MakerFreeSlot.setNewTokenAndReplace removes the old token from tokenMMInfoMap but leaves its index in priceListInfo.tokenIndexMap, so the old token is still treated as configured and cannot be re-added with setNewToken or setNewTokenAndReplace."
101,51c6dc5fd57f,Medium,Access Control,State Update Inconsistency,An approved M earner can keep earning after governance removes it from the approved list because disapproval does not force stopEarning or remove the account from totalEarningSupply.
102,51c6dc5fd57f,Medium,"DoS, Arithmetic",Missing Upper/Lower Bound Check,"A malicious undercollateralized minter can repeatedly call updateCollateral in a short period and compound penalties until principalOfTotalActiveOwedM approaches the uint112 limit, breaking critical minting and accounting functions."
103,51c6dc5fd57f,Medium,"Access Control, Input Validation","Bypass Mechanism, Invalid Validation","The updateCollateral validator threshold can be bypassed because one compromised validator can reuse historical validator data to update a minter state, allowing stale collateral status to be accepted without the intended quorum."
104,1167ec3a176e,High,Access Control,Asset Theft,"A restricted ArrakisStandardManager executor can call rebalance with a malicious payload that steals accrued manager fees and deposits them back into pool liquidity, deleting value owed to the manager."
105,1167ec3a176e,High,Accounting Error,State Update Inconsistency,"When a new module receives its first deposit, ValantisHOTModulePublic assumes only dust reserves and can send all supplied liquidity to the vault manager instead of accounting it as user vault liquidity."
106,1167ec3a176e,High,"Access Control, Accounting Error",Asset Theft,A malicious restricted executor can exploit rebalance with rebasing-token reserve changes to mint shares cheaply and drain all vault reserves.
107,1167ec3a176e,High,Access Control,Asset Theft,"After an admin whitelists a new module, a malicious executor can call ArrakisStandardManager.setModule with malicious payloads and then withdraw through initializePosition to drain the vault."
108,1167ec3a176e,High,"DoS, Arithmetic",Incorrect Parameter,"Adding liquidity can revert because ValantisHOTModulePublic calculates the token amounts to pull from ArrakisPublicVaultRouter higher than the amounts the user sent, so valid add-liquidity transactions are denied."
109,1167ec3a176e,High,Slippage,Missing minOut / maxAmount,"ArrakisMetaVaultPrivate.fund lacks slippage protection, allowing an attacker to front-run a private vault deposit and force liquidity to be added at an unfavorable unbalanced price."
110,1167ec3a176e,Medium,ERC20,safeApprove,"USDT-style approvals are unsupported because the swap executor relies on OpenZeppelin 4.9.5 approval behavior without forceApprove or first zeroing the allowance, so swaps using USDT can revert."
111,592eed5791df,Medium,Arithmetic,Token Decimal,"USDC rewards use 6 decimal precision, and frequent reward updates can round each reward-per-token increment to zero, preventing the intended weekly USDC distribution from reaching stakers."
112,103f39b0f29b,Medium,Arithmetic,Rounding Error,"When a pair is configured with the maximum fee, RubiconFeeController rounds the fee down and ProtocolFees then recomputes a different expected amount, causing otherwise valid swaps to revert."
113,73f6a793d916,High,"DoS, Input Validation",Bypass Mechanism,The clone-with-immutable-args pattern lets forged calldata control the delegated implementation address; a selfdestructing implementation can brick vesting escrow vaults and permanently block normal use.
114,9470d2cf198f,Medium,"Input Validation, Arithmetic",Token Decimal,"Launch.updateParticipation compares token amounts with currency amounts without normalizing decimals, so a payment token with fewer decimals lets users bypass maxTokenAmountPerUser."
115,9470d2cf198f,Medium,Accounting Error,State Update Inconsistency,"When a user reduces participation, Launch.updateParticipation subtracts refundCurrencyAmount from userTokenAmount in _userTokensByLaunchGroup, corrupting token accounting and causing refund loss or DoS."
116,9ddd6b83c27e,High,ERC20,safeApprove,"If a user mistakenly approves DnGmxJuniorVault tokens to WithdrawPeriphery, anyone can call withdrawToken or redeemToken and withdraw or redeem that user’s junior vault tokens."
117,9ddd6b83c27e,High,"Input Validation, Liquidation",Invalid Validation,"DnGmxJuniorVaultManager._rebalanceBorrow only handles the case where both ETH and BTC exposures breach thresholds; if only one asset needs rebalancing, the vault can remain unhedged and become liquidatable."
118,9ddd6b83c27e,Medium,DoS,Bypass Mechanism,"DnGmxJuniorVaultManager.harvestFees converts WETH fees into USDC and stakes them for the senior vault, indirectly increasing junior-vault debt and pushing borrowedUSDC above the borrow cap, which DoSes vault operations."
119,9ddd6b83c27e,Medium,Arithmetic,Incorrect Parameter,"DnGmxJuniorVaultManager uses usdcPrice and MAX_PRECISION in the wrong numerator/denominator order when computing price-adjusted values, producing incorrect amounts."
120,9ddd6b83c27e,Medium,"Slippage, Arithmetic",Token Decimal,"WithdrawPeriphery._convertToToken computes slippage amounts in 6 decimals for every output token, so redemption to WETH or WBTC has ineffective slippage protection."
121,9ddd6b83c27e,Medium,Slippage,Incorrect Parameter,"WithdrawPeriphery defines MAX_BPS as 1000 instead of the expected 10000, allowing user slippage parameters to be interpreted 10x larger than intended."
122,9ddd6b83c27e,Medium,ERC4626,Inflation Attack,"An early DnGmxSeniorVault depositor can mint a tiny number of shares and donate aUSDC to manipulate the share exchange rate, causing later depositors to receive too few shares and lose value."
123,9ddd6b83c27e,Medium,Accounting Error,Incorrect Parameter,DnGmxJuniorVaultManager._totalAssets does not consistently maximize or minimize NAV as requested; under some market states maximize=true returns a lower value than maximize=false.
124,ee25ec7abd40,High,DoS,Incorrect Parameter,Migrated withdrawals set an outer Portal gas limit of calldata cost plus 200000 and an inner CrossDomainMessenger gas limit of zero; withdrawals needing more than the effective gas budget become permanently bricked.
125,ee25ec7abd40,High,"Cross-Chain, Replay Attack",State Update Inconsistency,"After Bedrock migration wipes L2CrossDomainMessenger successfulMessages storage, legacy withdrawals can be relayed again, enabling replay and double spending of bridged assets."
126,ee25ec7abd40,High,DoS,1/64 Gas Rule,"SafeCall.callWithMinGas does not fully account for EIP-150 and EIP-2929 gas forwarding rules, so a withdrawal can be finalized with less gas than specified and lose funds."
127,ee25ec7abd40,Medium,DoS,Bad Condition,"CrossDomainMessenger replayability is not guaranteed because SafeCall.callWithMinGas can leave insufficient post-call gas for the caller, causing messages to be marked or handled in a way that loses user funds."
128,ee25ec7abd40,Medium,Cross-Chain,Incorrect Parameter,"CrossDomainMessenger undercounts gas for cross-chain messages, creating an L1/L2 intrinsic gas discrepancy that can make valid messages fail or be priced incorrectly."
129,ee25ec7abd40,Medium,DoS,Implementation Error,"Migration witness parsing can be halted by a malicious call to a nonexistent function in OVM_L2ToL1MessagePasser, causing ReadWitnessData to error until the data is cleaned."
130,ee25ec7abd40,Medium,DoS,1/64 Gas Rule,"L1CrossDomainMessenger reverts on low gas in situations where the portal gas check passed, so low-gas finalization can still fail and strand cross-domain funds."
131,ee25ec7abd40,Medium,DoS,Incorrect Parameter,"The required gas limit during deposit transaction handling is calculated incorrectly, allowing a carefully chosen gas limit to bypass intended L1 gas burning behavior."
132,ee25ec7abd40,Medium,DoS,Out of Gas,"Long L2-to-L1 messages can pass callWithMinGas but still run out of gas during relay because baseGas underestimates the cost of long calldata, causing users to lose bridged funds."
133,27c6f2a68058,High,Access Control,Arbitrary Add/Remove/Set/Call,"ChiikawaToken.mint is public and lacks onlyOwner or any authorization check, allowing any address to mint unlimited CHIIKAWA tokens and dilute or steal token value."
134,348856fe60ac,Medium,DoS,Missing Time Constraint,"BlackStar.receive lets anyone reset releaseTime by sending ETH directly to the contract, so an attacker can repeatedly send dust before expiry and indefinitely delay the owner withdrawal."
135,c2426a2ab283,High,"Reentrancy, ERC721",onERC721Received callback,ChiikawaSticker.claim calls _safeMint before clearing canClaim[msg.sender]; a malicious ERC721 receiver can reenter claim from onERC721Received and mint multiple NFTs from one purchase.
136,a8884f87db1a,High,Accounting Error,State Update Inconsistency,"IdentityStaking.release restores selfStakes or communityStakes after a slash but does not restore userTotalStaked, breaking the staking invariant and causing later withdrawals to underflow or strand released funds."
137,b155c4de6012,Medium,Access Control,Cannot Revoke,"DelegateToken.approve lets an operator approve itself for a tokenId, and revoking setApprovalForAll does not clear that token-specific approval, so the old operator can still transferFrom after revocation."
138,b155c4de6012,Medium,DoS,Nonce,"CreateOfferer requires its local nonce to match Seaport contractNonce, but Seaport increments contract offerer nonces even for skipped invalid orders, permanently desynchronizing the offerer and DoSing future orders."
139,e99e64a8abf1,High,Input Validation,Invariant Violation,"EvolvingProteus.depositGivenInputAmount and withdrawGivenOutputAmount route through _reserveTokenSpecified without calling _checkBalances on the final reserves, allowing operations that move the pool outside the required balance ratio invariant."
140,98b7c1691811,High,"Arithmetic, DoS",Missing Upper/Lower Bound Check,"A first XDEFIDistribution locker can use a dust unit supply and direct reward transfer to make _pointsPerUnit extremely large, causing later lock or unlock calculations to overflow and freeze user funds."
141,98b7c1691811,High,Reentrancy,onERC721Received callback,"XDEFIDistribution._lock calls _safeMint before totalDepositedXDEFI and position accounting are updated, allowing an ERC721 receiver callback to reenter updateDistribution and steal rewards."
142,98b7c1691811,Medium,"ERC721, DoS",Duplicate Value,"XDEFIDistribution derives new tokenIds from points and totalSupply + 1, so after unlock and merge burn existing NFTs the same tokenId can be generated again and _safeMint reverts."
143,0315ba9d8121,High,Accounting Error,State Update Inconsistency,"BendDAO YieldStakingBase stores minted shares from Etherfi or Lido deposits as if they were asset amounts, so getAccountYieldBalance misaccounts yield among NFTs sharing a YieldAccount."
144,0315ba9d8121,High,Input Validation,Invalid Validation,"BendDAO isolateRepay validates only that onBehalf is nonzero and not that it owns each NFT, letting a repayment against one loan corrupt another user's isolate borrow accounting."
145,0315ba9d8121,High,"ERC721, DoS",State Update Inconsistency,"BendDAO erc721DecreaseIsolateSupplyOnLiquidate clears owner and supplyMode but leaves lockerAddr set, so a liquidated NFT redeposited as cross collateral becomes locked and cannot be withdrawn."
146,0315ba9d8121,High,"Arithmetic, DoS",State Update Inconsistency,"BendDAO isolate liquidation subtracts the current borrow amount from totalBidAmout even though only the earlier bid amount was escrowed, so interest growth can underflow and lock the auctioned NFT."
147,0315ba9d8121,High,Liquidation,Cannot partial liquidations,"BendDAO has no on-chain bad debt handling path when collateral value is insufficient, so undercollateralized ERC20 or ERC721 positions can leave suppliers unable to withdraw liquidity."
148,0315ba9d8121,High,ERC721,onERC721Received callback,"BendDAO YieldAccount cannot receive Etherfi WithdrawRequestNFT safe mints because it lacks onERC721Received, making Etherfi yield unstake requests revert and locking positions."
149,0315ba9d8121,High,Access Control,Asset Theft,"BendDAO executeIsolateLiquidate transfers the collateral NFT to params.msgSender without checking that the caller is the winning bidder, allowing anyone to claim auctioned collateral after the auction."
150,0315ba9d8121,High,Logic error,Incorrect Parameter,"BendDAO botAdmin unstake and repay flows read yieldAccounts[msg.sender] instead of the borrower's yield account, so the bot cannot close risky yield positions as intended."
151,8a20eb1e521f,Medium,Logic error,Invalid Validation,"Badger LeverageMacroBase reverses the gte and lte comparisons in _doCheckValueType, so post-operation CDP validation can pass when it should fail or fail valid operations."
152,8a20eb1e521f,Medium,call / delegatecall,Missing Return Check,"Badger ZapRouterBase stakes ETH into Lido using a low-level call and ignores the success flag, so Lido deposit reverts are not bubbled and later CDP logic can continue with missing collateral."
153,485f7b9ccb0a,Medium,Logic error,State Update Inconsistency,"ThrusterTreasure.enterTickets only checks winningTickets[currentRound][0], so users can still enter after higher-index prizes have already been drawn and receive tickets with unequal prize eligibility."
154,485f7b9ccb0a,Medium,Accounting Error,Reward Manipulation,"ThrusterTreasure.claimPrizesForRound transfers each prize's full deposited amount for every winning ticket instead of dividing by the number of winners, overpaying winners and draining prize funds."
155,485f7b9ccb0a,Medium,Input Validation,Incorrect Parameter,"ThrusterTreasure.setMaxPrizeCount can change maxPrizeCount after prizes are configured, so claims iterate over a different prize count than the round was created with and prizes can be skipped or exposed."
156,485f7b9ccb0a,Medium,Logic error,Incorrect Parameter,"ThrusterPoolDeployer has incorrect Blast gas claiming logic, causing claimed gas accounting or recipient behavior to differ from the factory's intended pool gas distribution."
157,485f7b9ccb0a,Medium,Accounting Error,State Update Inconsistency,"ThrusterFactory.setYieldCut changes the protocol yield cut without first claiming accumulated fees for all pools, applying the new cut to fees accrued under the old rate."
158,54405135ebf3,High,"Accounting Error, Arithmetic",Scaling,"Canto asD.withdrawCarry assumes CNOTE exchangeRateCurrent is scaled by 1e28 even though CNOTE uses 1e18 scaling, so maximumWithdrawable is understated and owner interest remains locked."
159,54405135ebf3,Medium,Slippage,Missing minOut / maxAmount,"Canto Market buy, sell, mintNFT, and burnNFT functions lack slippage bounds for bonding-curve prices and fees, allowing users to receive worse execution than expected."
160,54405135ebf3,Medium,Accounting Error,Reward Manipulation,"Canto Market reward accounting fails when a user buys additional tokens while already holding shares, causing previously accrued holder rewards to be lost."
161,7bbe3d81960c,High,Input Validation,"Does not match with Doc, Incorrect Parameter","Canto coinswap config sets the default ETH max swap amount to 1e17 even though the specification states 0.01 ETH, making the risk limit ten times larger than documented."
162,7bbe3d81960c,Medium,Logic error,Bad Condition,"Canto onboarding continues after TradeInputForExactOutput errors and later subtracts swappedAmount from the converted amount, trusting a return value from an error state."
163,fee749ecd513,High,Liquidation,Invalid Validation,"Yield Witch.auction permits the auctioneer address to be zero, so collateral tokens that revert on transfers to address(0) make the auction non-liquidatable and let bad debt persist."
164,fee749ecd513,High,Accounting Error,Incorrect Parameter,"Yield Witch _calcAuction promotes the debt amount to the full vault debt when the proportional amount is below the minimum, which also moves the whole collateral instead of the intended proportional collateral."
165,4ef0b4d678ab,High,Reentrancy,ERC777 Callback,"Caviar Pair.buy transfers fractional tokens before pulling the ERC777-compatible base token, allowing a token callback to reenter while reserves are inconsistent and buy at a discount."
166,4ef0b4d678ab,High,Accounting Error,Incorrect Parameter,"Caviar Pair.add quotes LP shares from current reserves in a way that can mint too few LP tokens for liquidity providers, causing losses when adding liquidity."
167,4ef0b4d678ab,High,Accounting Error,Inflation Attack,"Caviar first depositor can manipulate the initial liquidity share calculation and break subsequent share minting, letting later depositors receive too few LP shares."
168,4ef0b4d678ab,Medium,Input Validation,Missing deadline,"Caviar swap and liquidity functions lack deadline checks, so pending transactions can be executed later under unfavorable market conditions."
169,4ef0b4d678ab,Medium,Arithmetic,Token Decimal,"Caviar price calculations assume an 18-decimal price format even when the base token has different decimals, producing incorrectly scaled prices."
170,4ef0b4d678ab,Medium,Arithmetic,Rounding Error,"Caviar Pair.buyQuote can round the required input down to zero or too little for small trades, allowing free or underpriced fractional token purchases."
171,4ef0b4d678ab,Medium,ERC721,Asset Theft,Caviar NFT wrapping and unwrapping lets attackers swap tokenIds without paying a fee and capture token-specific airdrops held by the pair.
172,4ef0b4d678ab,Medium,MEV,Price Manipulation / Arbitrage opportunity,"Caviar Pair.price reads direct token balances for reserves, so attackers can manipulate the quoted price by transferring tokens directly to the pair."
173,099243e83259,High,ERC4626,Inflation Attack,An attacker can withdraw all ETH staked by users in a Giant pool. Both `GiantSavETHVaultPool` and `GiantMevAndFeesPool` are affected.
174,099243e83259,High,ERC4626,Inflation Attack,The SyndicateRewardsProcessor's internal `_distributeETHRewardsToUserForToken()` function is called from external `claimRewards()` function in the `StakingFundsVault` contract. This function is called by LP Token holders to claim their accumulated rewards based on their LP Token holdings and already claimed rewards.<br> The accumulated rewards `due
175,099243e83259,High,ERC4626,Inflation Attack,"The root of the problem is in the `_distributeETHRewardsToUserForToken` which makes a call to distribute the ether rewards. With this call, the recipient can execute an reentrancy attack calling several times the different function to steal founds or take advantage of other users/protocol."
176,099243e83259,High,ERC4626,Inflation Attack,A malicious user can steal all claimable ETH belonging to free floating SLOT holders...
177,099243e83259,High,ERC4626,Inflation Attack,Stakers to the MEV+fees vault can steal funds from the new stakers who staked after a validator was registered and the derivatives were minted. A single staker who staked 4 ETH can steal all funds deposited by new stakers.
178,099243e83259,High,ERC4626,Inflation Attack,"The code below violates the check effect pattern, the code banned the public key to mark the public key invalid to not let the msg.sender withdraw again after sending the ETH. Note the section: If the \_recipient is a smart contract, it can re-enter the withdraw function to withdraw another 4 ETH multiple times before the public key is banned. As s"
179,099243e83259,High,ERC4626,Inflation Attack,"* Permanent freeze of funds - users who deposited ETH for staking will not be able to receive their funds, rewards or rotate to another token. The protocol becomes insolvent, it cannot pay anything to the users. * Protocol's LifecycleStatus state machine is broken Other impacts: * Users deposit funds to an unstakable validator (node runner has alre"
180,099243e83259,High,ERC4626,Inflation Attack,Any malicious user could make the rewards in GiantMevAndFeesPool inaccessible to all other users...
181,099243e83259,High,ERC4626,Inflation Attack,"Any user being the first to claim rewards from GiantMevAndFeesPool, can get all the previously generated rewards whatever the amount and even if he did not participate to generate those rewards..."
182,099243e83259,High,ERC4626,Inflation Attack,The contract GiantMevAndFeesPool override the function totalRewardsReceived: return address(this).balance + totalClaimed - idleETH; The function totalRewardsReceived is used as the current rewards balance to caculate the unprocessed rewards in the function `SyndicateRewardsProcessor._updateAccumulatedETHPerLP` uint256 received = totalRewardsReceive
183,099243e83259,High,ERC4626,Inflation Attack,"The GiantLP with a transferHookProcessor will call `transferHookProcessor.beforeTokenTransfer(_from, _to, _amount)` when it's transferred / minted / burned. But the `to` address is address(0x00) in the erc20 `_burn` function. The GiantMevAndFeesPool.beforeTokenTransfer will call the function `SyndicateRewardsProcessor._distributeETHRewardsToUserFor"
184,e0d2d83ea351,High,"Accounting Error, ERC20","Does not match with Doc, Fee On Transfer Token","If ERC777 tokens are used for rewards, the entire balance of rewards in the staking contract can get drained by an attacker."
185,099243e83259,High,ERC4626,Inflation Attack,"When a user transfers away GiantMevAndFeesPool tokens, the pool's claimed\[] computed is left unchanged and still corresponds to what they had claimed with their old (higher) number of tokens. (See GiantMevAndFeesPool afterTokenTransfer() - no adjustment is made to claimed\[] on the from side.) As a result, their claimed\[] may be higher than the m"
186,e0d2d83ea351,High,"Accounting Error, ERC20","Does not match with Doc, Fee On Transfer Token","The first depositor can be front run by an attacker and as a result will lose a considerable part of the assets provided. The vault calculates the amount of shares to be minted upon deposit to every user via the `convertToShares()` function: When the pool has no share supply, the amount of shares to be minted is equal to the assets provided. An att"
187,099243e83259,High,ERC4626,Inflation Attack,real `LPTokens` can be transferred out of `GiantMevAndFeesPool` through fake `_stakingFundsVaults` provided by an attacker.
188,e0d2d83ea351,High,ERC1155,State Update Inconsistency,Malicious vault owner can use Malicious `\_beefyBooster` to steal the adapter's token.
189,099243e83259,High,"DAO, Governance",Bad Condition,The contract GiantMevAndFeesPool override the function totalRewardsReceived: return address(this).balance + totalClaimed - idleETH; The function totalRewardsReceived is used as the current rewards balance to caculate the unprocessed rewards in the function `SyndicateRewardsProcessor._updateAccumulatedETHPerLP` uint256 received = totalRewardsReceive
190,e0d2d83ea351,High,"Access Control, DAO",Centralization Risk,"Anyone who uses same adapter has the ability to pause it. The guardian has pause authority, but the contract does not override transferOwnership. Only the current guardian (owner) can change the guardian, preventing normal ownership transfer."
191,a1ee58021528,High,"Access Control, Upgradeable",Unauthorized Upgrade,"`FabricateMIRClaim` and `FabricateANCClaim` should only be issued by the Hub contract (the central hub for all minted bLuna managed by Lido). However, `execute_fabricate_anchor_claim` and `execute_fabricate_mir_claim` do not restrict the caller, allowing anyone to submit these msgs."
192,099243e83259,High,ERC4626,Inflation Attack,"`withdrawUnusedETHToGiantPool` will withdraw any eth from the vault if staking has not commenced(knot status is `INITIALS_REGISTERED`), the eth will be drawn successful to the giant pool. However, idleETH variable is not updated. idleETH is the available ETH for withdrawing and depositing eth for staking. Since there is no other places that updates"
193,099243e83259,High,Liquidation,Does not match with Doc,"GiantMevAndFeesPool.withdrawETH calls lpTokenETH.burn, then GiantMevAndFeesPool.beforeTokenTransfer, followed by a call to \_distributeETHRewardsToUserForToken sends ETH to the user, which allows the user to call any function in the fallback. While GiantMevAndFeesPool.withdrawETH has the nonReentrant modifier, GiantMevAndFeesPool.claimRewards does "
194,099243e83259,High,ERC4626,Inflation Attack,"Variable `idleETH` in giant pools is storing total amount of ETH sat idle ready for either withdrawal or depositing into a liquid staking network and whenever a deposit or withdraw happens contract adjust the value of `idleETH` of contract, but in function `bringUnusedETHBackIntoGiantPool()` which brings unused ETH from savETH vault to giant pool t"
195,e0d2d83ea351,High,"DAO, Governance",Bad Condition,"When the reward speed is changed in `MultiRewardStaking`, the new end time is calculated based off of the balance of the reward token owned by the contract. This, however, is not the same as the number of reward tokens that are left to be distributed since some of those tokens may be owed to users who have not collected their rewards yet. As a resu"
196,ba93b3b8d7cf,High,Input Validation,Bad Condition,"The check for value transfer success is made after the return statement in `_withdrawFromYieldPool` of `LidoVault`. buyOption() only checks if msg.value >= premium rather than strictly equal, allowing users to accidentally overpay, with the excess amount being directly collected by the vault creator."
197,099243e83259,High,ERC4626,Inflation Attack,"If a user stakes some sETH, and after some time decides to unstake some amount of sETH, later s/he will not be qualified or be less qualified to claim ETH on the remaining staked sETH."
198,e0d2d83ea351,High,"DAO, Governance",Bad Condition,"Any user can drain the entire reward fund in MultiRewardStaking due to incorrect calculation of `supplierDelta`. The cancel function uses a strict ""greater than"" check ($>$) for the proposal threshold, whereas the propose function allows equality ($\ge$), enabling anyone to cancel a proposal if the proposer's voting power exactly equals the threshold."
199,099243e83259,High,ERC4626,Inflation Attack,Function `_distributeETHRewardsToUserForToken()` is used to distribute remaining reward of user and it's called in `_onWithdraw()` of `GiantMevAndFeesPool`. but function `withdrawETH()` in `GiantPoolBase` don't call either of them and burn user giant LP token balance so if user withdraw his funds and has some remaining ETH rewards he would lose tho
200,e0d2d83ea351,High,ERC20,Fee On Transfer Token,"Protocol loses fees because highWaterMark is updated every time someone deposit, withdraw, mint. mint() uses the input parameter collateral to determine the actual amount received, overlooking the fact that fee-on-transfer ERC20 tokens can lead to a shortage of collateral. This results in a failed check and prevents support for such tokens."
201,dd17040a53bc,High,"Arithmetic, DoS",Precision Loss,"_Submitted by Czar102, also found by csanuragjain_ #### Impact When enough basket token owners exit, it will be impossible to exit pool with the last `MIN_AMOUNT` tokens because of [this](https://github.com/code-423n4/2021-12-amun/blob/main/contracts/basket/contracts/facets/Basket/BasketFacet.sol#L228-L231) check. This will result in locking some t"
202,099243e83259,High,DoS,Incorrect Parameter,When `depositETH()` is called in giant pool it calls `_onDepositETH()` which calls `_setClaimedToMax()` to make sure new ETH stakers are not entitled to ETH earned by but this can cause users to lose their remaining rewards when they deposits. code should first transfer user remaining rewards when deposit happens.
203,dd17040a53bc,High,Logic error,Missing Approval,"_Submitted by WatchPug_ Under certain circumstances, e.g. `annualizedFee` being minted to `feeBeneficiary` between the time user sent the transaction and the transaction being packed into the block and causing amounts of underlying tokens for each basketToken to decrease. It's possible or even most certainly that there will be some leftover basket "
204,ba93b3b8d7cf,High,Slippage,Missing minOut / maxAmount,"_Submitted by jonah1005, also found by berndartmueller, Picodes, IllIllI, sorrynotsorry, and WatchPug_ GeneralVault set a hardcoded slippage control of 99%. However, the underlying yield tokens price may go down.<br> If Luna/UST things happen again, users' funds may get locked.<br> Moreover, the withdrawal of the lidoVault takes a swap from the cur"
205,b2a8c124d062,High,Slippage,Invalid  Slippage Control / Missing slippage check,"_Submitted by scaraven, also found by Franfran_ As defined in the docs for Euler, ERC4626, Compound and Aave, when withdrawing and depositing funds the `amount` specified corresponds excactly to how many of the underlying assets are deposited or withdrawn. However, as specified by [Yearn](https://docs.yearn.finance/vaults/smart-contracts/vault#with"
206,9befb133ee74,High,"Access Control, Upgradeable",Unauthorized Upgrade,"_Submitted by 0xRajeev, also found by pauliax and gpersoon_ The `distributeStrategyGainLoss()` function distributes any gains or losses generated from a harvest and is expected to be called only by valid protocol vault adaptors. It is an externally visible function and the access control is indirectly enforced on `msg.sender` by checking that `vaul"
207,e6e43dfea59f,High,"Access Control, Upgradeable",Unauthorized Upgrade,"_Submitted by 0xRajeev, also found by pauliax and gpersoon_ The `distributeStrategyGainLoss()` function distributes any gains or losses generated from a harvest and is expected to be called only by valid protocol vault adaptors. It is an externally visible function and the access control is indirectly enforced on `msg.sender` by checking that `vaul"
208,a1ee58021528,High,MEV,Front Run,"The implementation only takes two attributes: `asset` and `price`. And the `last_updated_time` of the record will always be set to the current `block.time`. This makes it possible for the price feeds to be disrupted when the network is congested, or the endpoint is down for a while, or the `feeder` bot handled the message queue inappropriately, as "
209,e0d2d83ea351,High,ERC1155,Reward Manipulation,"Attacker can deploy vaults with a malicious Staking contract. In ERC1155, using totalSupply() + 1 as the new tokenId may lead to duplication, which can result in incorrect asset allocation."
210,9befb133ee74,High,"Accounting Error, Cross-Chain",Rebase Token,"_Submitted by gpersoon, also found by cmichel_ There are a few underflows that are converted via a typecast afterwards to the expected value. If solidity 0.8.x would be used, then the code would revert. * `int256(a-b)` where a and b are uint: For example, if `a=1` and `b=2`, then the intermediate result would be `uint(-1) == 2**256-1` * `int256(-x)"
211,e6e43dfea59f,High,"Accounting Error, Cross-Chain",Rebase Token,"_Submitted by gpersoon, also found by cmichel_ There are a few underflows that are converted via a typecast afterwards to the expected value. If solidity 0.8.x would be used, then the code would revert. * `int256(a-b)` where a and b are uint: For example, if `a=1` and `b=2`, then the intermediate result would be `uint(-1) == 2**256-1` * `int256(-x)"
212,e0d2d83ea351,High,"Arithmetic, ERC721, Governance",Incorrect Parameter,"Affected contract: `MultiRewardStaking` When assets are withdrawn for user `Alice` by an approved user `Bob` to a receiver that is not `Alice`, the rewards are never accrued and the resulting **staking rewards are lost forever**. This is because `accrueRewards` is called on `caller` and `receiver` but never `owner`. Third-party withdrawals are allo"
213,97843b77b287,High,"Arithmetic, DoS",Front Run,"_Submitted by cmichel, also found by walker and gpersoon_ The `SherXERC20.payOffDebtAll` function iterates over all protocols of the token. If _a single project_ does not have enough funds to cover the premium payments, the transactions come to a halt, see `_payOffDebt`: Many core functions require paying off debt first and can therefore revert whe"
214,9befb133ee74,High,"Accounting Error, Cross-Chain",Rebase Token,"_Submitted by cmichel, also found by shw_ The `safetyCheck` function has several issues that impact how precise the checks are: 1. Only checks if the `a/b` and `a/c` ratios are within `BASIS_POINTS`. By transitivity, `b/c` is only within `2 * BASIS_POINTS` if `a/b` and `a/c` are in range. For a more precise check whether both USDC and USDT are with"
215,e6e43dfea59f,High,"Accounting Error, Cross-Chain",Rebase Token,"_Submitted by cmichel, also found by shw_ The `safetyCheck` function has several issues that impact how precise the checks are: 1. Only checks if the `a/b` and `a/c` ratios are within `BASIS_POINTS`. By transitivity, `b/c` is only within `2 * BASIS_POINTS` if `a/b` and `a/c` are in range. For a more precise check whether both USDC and USDT are with"
216,7b5e1803022e,High,Arithmetic,Token Decimal,"_Submitted by xiaoming90, also found by berndartmueller, GreyArt, jonah1005, kenzo, and minhquanym_"
217,7100a75d6ebd,High,Chainlink,Deprecated Library,"_Submitted by 0xNineDec, also found by 0x1f8b, 0x29A, 0x52, 0xdanial, 0xDjango, 0xf15ers, bardamu, cccz, Cheeezzyyyy, Chom, codexploder, defsec, Franfran, Alex the Entreprenerd, Green, hake, hansfriese, horsefacts, hubble, hyh, IllIllI, jonatascm, kebabsec, Meera, oyc&#95;109, pashov, rbserver, Ruhum, simon135, tabish, tintin, and zzzitron_"
218,099243e83259,High,ERC4626,Inflation Attack,Function `withdrawDETH()` in `GiantSavETHVaultPool` allows a user to burn their giant LP in exchange for dETH that is ready to withdraw from a set of savETH vaults. This function make external calls to user provided addresses without checking those addresses and send increased dETH balance of contract during the call to user. User can provide malic
219,9befb133ee74,High,ERC20,Missing Return Check,"_Submitted by gpersoon, also found by shw_ The function `sortVaultsByDelta` doesn't always work as expected. Suppose all the delta's are positive, and delta1 >= delta2 >= delta3 > 0. Then `maxIndex = 0`. And `(delta < minDelta (==0) )` is never true, so `minIndex = 0`. Then (assuming `bigFirst==true`): This is clearly not what is wanted, all `vault"
220,e6e43dfea59f,High,ERC20,Missing Return Check,"_Submitted by gpersoon, also found by shw_ The function `sortVaultsByDelta` doesn't always work as expected. Suppose all the delta's are positive, and delta1 >= delta2 >= delta3 > 0. Then `maxIndex = 0`. And `(delta < minDelta (==0) )` is never true, so `minIndex = 0`. Then (assuming `bigFirst==true`): This is clearly not what is wanted, all `vault"
221,7100a75d6ebd,High,"DoS, Governance",Missing Upper/Lower Bound Check,"_Submitted by philogy, also found by berndartmueller and Lambda_"
222,a1ee58021528,High,Accounting Error,"Invariant Violation, State Update Inconsistency",It seems that the owner is only allowed to spend amount uptil config.spend\_limit. However it was observed that this `config.spend_limit` is never decreased even if owner has spend an amount. This makes `config.spend_limit` useless as owner can simply send 2-multiple transactions each of `config.spend_limit` which will all pass and hence bypassing 
223,e0d2d83ea351,High,"Accounting Error, ERC20",Fee On Transfer Token,A malicious strategy has access to the adapter's storage and can therefore freely change any values.
224,1d8f1f43cde9,High,Arithmetic,Token Decimal,_Submitted by cmichel_ The oracle does not correctly compound the monthly APRs - it resets on `fulfill`.<br> Note that the [`oraclePrice` storage variable](https://github.com/code-423n4/2022-03-volt/blob/f1210bf3151095e4d371c9e9d7682d9031860bbd/contracts/oracle/ScalingPriceOracle.sol#L198) is only set in `_updateCPIData` as part of the oracle `fulf
225,dd17040a53bc,Medium,ERC20,Not EIP Compliant,"_Submitted by cmichel, also found by defsec, JMukesh, p4st13r4, and WatchPug_ The `ERC20.transfer()` and `ERC20.transferFrom()` functions return a boolean value indicating success. This parameter needs to be checked for success. Some tokens do **not** revert if the transfer failed but return `false` instead. See: - `SingleNativeTokenExitV2.exit`'s "
226,9befb133ee74,Medium,Chainlink,Stale Value,"_Submitted by cmichel, also found by 0xRajeev and a_delamo_ The Chainlink API (`latestAnswer`) used in the `Buoy3Pool` oracle wrappers is deprecated: > This API is deprecated. Please see API Reference for the latest Price Feed API. [Chainlink Docs](https://docs.chain.link/docs/deprecated-aggregatorinterface-api-reference/#latestanswer) It seems lik"
227,e6e43dfea59f,Medium,Chainlink,Stale Value,"_Submitted by cmichel, also found by 0xRajeev and a_delamo_ The Chainlink API (`latestAnswer`) used in the `Buoy3Pool` oracle wrappers is deprecated: > This API is deprecated. Please see API Reference for the latest Price Feed API. [Chainlink Docs](https://docs.chain.link/docs/deprecated-aggregatorinterface-api-reference/#latestanswer) It seems lik"
228,9befb133ee74,Medium,Chainlink,Deprecated Library,"_Submitted by shw_ According to Chainlink's documentation ([Deprecated API Reference](https://docs.chain.link/docs/deprecated-aggregatorinterface-api-reference/), [Migration Instructions](https://docs.chain.link/docs/migrating-to-flux-aggregator/#3-use-the-new-functions), and [API Reference](https://docs.chain.link/docs/price-feeds-api-reference/))"
229,e6e43dfea59f,Medium,Chainlink,Deprecated Library,"_Submitted by shw_ According to Chainlink's documentation ([Deprecated API Reference](https://docs.chain.link/docs/deprecated-aggregatorinterface-api-reference/), [Migration Instructions](https://docs.chain.link/docs/migrating-to-flux-aggregator/#3-use-the-new-functions), and [API Reference](https://docs.chain.link/docs/price-feeds-api-reference/))"
230,7100a75d6ebd,Medium,Access Control,Centralization Risk,"_Submitted by cccz_ The owner of the JBToken contract can mint arbitrary amount of tokens. In general, the owner of the JBToken contract is the JBTokenStore contract, and the minting of the tokens is controlled by the JBController contract, but when the changeTokenOf function of the JBController contract is called, the owner will be transferred to "
231,b2a8c124d062,Medium,Input Validation,Invalid Validation,"_Submitted by oyc&#95;109_ The comparison should be 'a >= vlt.notional' instead of a > vlt.notional. Otherwise dust amounts will always be left in vlt.notional when calling `removeNotional()` or `transferNotionalFrom()`. **[JTraversa (Swivel) confirmed, but disagreed with severity and commented](https://github.com/code-423n4/2022-07-swivel-findings"
232,9befb133ee74,Medium,Arithmetic,Token Decimal,"_Submitted by cmichel_ The two `BaseVaultAdaptor.calculateShare` functions compute `share = amount.mul(uint256(10)**decimals).div(sharePrice)` This assumes that the `sharePrice` is always in _token_ decimals and that _token_ decimals is the same as _vault_ decimals. Both these assumptions happen to be correct for Yearn vaults, but that will not nec"
233,e6e43dfea59f,Medium,Arithmetic,Token Decimal,"_Submitted by cmichel_ The two `BaseVaultAdaptor.calculateShare` functions compute `share = amount.mul(uint256(10)**decimals).div(sharePrice)` This assumes that the `sharePrice` is always in _token_ decimals and that _token_ decimals is the same as _vault_ decimals. Both these assumptions happen to be correct for Yearn vaults, but that will not nec"
234,7100a75d6ebd,Medium,Logic error,Implementation Error,"_Submitted by berndartmueller_ The check if the newly provided project splits contain the currently locked splits does not check the `JBSplit` struct properties `preferClaimed` and `preferAddToBalance`. According to the docs in `JBSplit.sol`, *""...if the split should be unchangeable until the specified time, with the exception of extending the lock"
235,a4d91fb1550f,Medium,"Accounting Error, Cross-Chain",Rebase Token,The `DInterest.deposit` function takes a `depositAmount` parameter but this parameter is not the actual transferred amount for fee-on-transfer / deflationary (or other rebasing) tokens. The actual deposited amount might be lower than the specified `depositAmount` of the function parameter. This would lead to wrong interest rate calculations on the 
236,e0d2d83ea351,Medium,Slippage,Invalid  Slippage Control / Missing slippage check,"Users can fail to withdraw deposited assets from a vault that uses `YearnAdapter` contract as its adapter because `maxLoss` input for calling corresponding Yearn vault's `withdraw` function cannot be specified. YearnTokenAdapter.unwrap() hardcodes the slippage control parameter to MAXIMUM_SLIPPAGE=10_000 (which is 100%) when calling IYearnVaultV2.withdraw().Setting maxLoss in IYearnVaultV2.withdraw() to 10_000 means there’s no slippage check, resulting in the possibility of all funds lost."
237,e0d2d83ea351,Medium,"Accounting Error, ERC20","Does not match with Doc, Fee On Transfer Token","If you are making a Lock fund for escrow using a fee on transfer token then contract will receive less amount (X-fees) but will record full amount (X). This becomes a problem as when claim is made then call will fail due to lack of funds. Worse, one user will unknowingly take the missing fees part from another user deposited escrow fund."
238,e0d2d83ea351,Medium,Logic error,Incorrect Parameter,"Users lose their entire investment when making a deposit and resulting shares are zero. _deposit checks totalSupply() instead of converting to assets, allowing users to exceed the global lending limit."
239,7b5e1803022e,Medium,"ERC721, Reentrancy",Violating CEI / Missing nonReentrant,DOS set token through erc777 hook. no reentrancy guard
240,7100a75d6ebd,Medium,ERC20,Not EIP Compliant,"_Submitted by horsefacts, also found by 0x1f8b, 0x29A, 0x52, 0xf15ers, AlleyCat, apostle0x01, berndartmueller, cccz, Ch&#95;301, Chom, cloudjunky, codexploder, cryptphi, delfin454000, durianSausage, fatherOfBlocks, Franfran, hake, hansfriese, hyh, IllIllI, jonatascm, Kaiziron, Limbooo, m&#95;Rassska, Meera, oyc&#95;109, peritoflores, rajatbeladiya,"
241,dd17040a53bc,Medium,call / delegatecall,Missing Return Check,"_Submitted by JMukesh, also found by certora_ #### Impact The return value of the low-level call is not checked, so if the call fails, the Ether will be locked in the contract. If the low level is used to prevent blocking operations, consider logging failed calls. #### Proof of Concept #### Recommended Mitigation Steps add condition to check return"
242,7b5e1803022e,Medium,Logic error,Implementation Error,"_Submitted by 0xDjango_ Control is transferred to the receiver when receiving the ERC777. They are able to transfer the ERC777 to another account, at which time the before and after balance calculation will be incorrect. uint256 balanceBefore = IERC20(asset()).balanceOf(receiver); if (msg.sender != owner) { _spendAllowance(owner, msg.sender, shares"
243,a4d91fb1550f,Medium,"Accounting Error, Cross-Chain",Rebase Token,"In contract `MPHMinter`, the function `distributeFundingRewards` does not check whether the contract itself is the owner of `mph`. If the contract is not the owner of `mph`, `mph.ownerMint` could revert, causing functions such as `withdraw`, `rolloverDeposit`, `payInterestToFunders` in the contract `DInterest` to revert as well. Recommend adding a "
244,af8e4af75dc2,Medium,ERC20,Not EIP Compliant,ERC20 implementations are not always consistent. Some implementations of transfer and transferFrom could return ‘false’ on failure instead of reverting. It is safer to wrap such calls into `require()` statements to these failures.
245,7100a75d6ebd,Medium,DoS,Out of Gas,"_Submitted by dirk&#95;y, also found by IllIllI, and ylv_"
246,af8e4af75dc2,Medium,"Arithmetic, DoS",Front Run,"In `repay()` users can repay their debt. function repay(address user, uint amount) public { uint debt = debts[user]; require(debt >= amount, ""Insufficient debt""); debts[user] -= amount; totalDebt -= amount; dbr.onRepay(user, amount); dola.transferFrom(msg.sender, address(this), amount); emit Repay(user, msg.sender, amount); } There is a `require` c"
247,2c5e13b4e147,Medium,ERC20,safeApprove,_Submitted by sorrynotsorry_ Calls to external contracts inside a loop are dangerous (especially if the loop index can be user-controlled) because it could lead to DoS if one of the calls reverts or execution runs out of gas. [Reference](https://swcregistry.io/docs/SWC-113)
248,af8e4af75dc2,Medium,Liquidation,Unfair Liquidation,"For a lending pool, borrower's debt healthness can be decided by the health factor, i.e. the collateral value divided by debt. ($C/D$) The less the health factor is, the borrower's collateral is more risky of being liquidated. Liquidation is supposed to make the borrower healthier (by paying debts and claiming some collateral), or else continuous l"
249,2c5e13b4e147,Medium,Input Validation,Invalid Validation,"_Submitted by wuwe1, also found by cccz, defsec, dipp, Dravee, GermanKuber, GimelSec, jah, reassor, and WatchPug_ Since the `_tokenContract` can be any token, it is possible that loans will be created with tokens that support fee on transfer. If a fee on transfer asset token is chosen, other user's funds might be drained."
250,7100a75d6ebd,Medium,"Chainlink, Oracle","Invalid Validation, Price Manipulation / Arbitrage opportunity","_Submitted by bardamu, also found by berndartmueller, codexploder, Alex the Entreprenerd, and horsefacts_ Call to `latestRoundData` could potentially revert and make it impossible to query any prices. Feeds cannot be changed after they are configured (<https://github.com/jbx-protocol/juice-contracts-v2-code4rena/blob/828bf2f3e719873daa08081cfa0d0a6"
251,af8e4af75dc2,Medium,"DoS, ERC777",ERC777 Callback,"Markets can be deployed with arbitrary tokens for the collateral, including ERC777 tokens (that are downwards-compatible with ERC20). However, when the system is used with those tokens, an attacker can drain his escrow contract completely while still having a loan. This happens because with ERC777 tokens, there is a `tokensToSend` hook that is exec"
252,7100a75d6ebd,Medium,"Chainlink, DoS, Liquidation",Price Manipulation / Arbitrage opportunity,"_Submitted by 0x52, also found by DimitarDimitrov_ Potentially inconsistent currency conversions."
253,ba93b3b8d7cf,Medium,Logic error,"Missing Functionality, No Recovery Mechanism","_Submitted by hyh_ Now there are no checks for the amounts to be transferred via \_transferYield and \_processTreasury. As reward token list is external and an arbitrary token can end up there, in the case when such token doesn't allow for zero amount transfers, the reward retrieval can become unavailable. I.e. processYield() can be fully blocked f"
254,97843b77b287,Medium,Logic error,"Incorrect Parameter, Missing Upper/Lower Bound Check","_Submitted by walker, also found by cmichel and shw_ The sherlock smart contract system uses internal bookkeeping of arbitrary ERC20 token balances. It doesn't assert that the ERC20 doesn't implement some non-standard behavior. For example, deflationary tokens, or tokens with a transfer fee, will result in incorrect internal balances. In summary, a"
255,af8e4af75dc2,Medium,Liquidation,Unfair Liquidation,Users able to invoke `forceReplenish()` when they are on liquidation position.
256,dd17040a53bc,Medium,Access Control,"Does not match with Doc, Implementation Error","_Submitted by Czar102_ #### Impact The APY of the annualized fee is dependent on the frequency of the execution of the [`BasketFacet::chargeOutstandingAnnualizedFee()`](https://github.com/code-423n4/2021-12-amun/blob/main/contracts/basket/contracts/facets/Basket/BasketFacet.sol#L265-L279). If it is called more frequently, the compounding is more fr"
257,dd17040a53bc,Medium,"DoS, Input Validation",Invalid Validation,"_Submitted by certora_ after that fee is calculated, it is minted to the feeBeneficiary. simply minting the exact amount results lower fee than it should be. #### Impact feeBeneficiary will get less fees than it should. #### Proof of Concept let's assume that the basket assets are worth 1M dollars, and totalSupply = 1M. the result of `calcOutStandi"
258,dd17040a53bc,Medium,DoS,Incorrect Parameter,"_Submitted by pmerkleplant, also found by certora, hyh, p4st13r4, pauliax, robee, and WatchPug_ #### Impact There's a griefing attack vulnerability in the function `joinTokenSingle` in `SingleTokenJoin.sol` as well as `SingleTokenJoinV2.sol` which makes any user transaction fail with ""FAILED_OUTPUT_AMOUNT"". ##### Proof of Concept The `JoinTokenStru"
259,ba93b3b8d7cf,Medium,Logic error,"Missing Functionality, No Recovery Mechanism","_Submitted by berndartmueller, also found by WatchPug_ Withdrawing ETH collateral via the `withdrawCollateral` function using `type(uint256).max` for the `_amount` parameter reverts the transaction due to `_asset` being the zero-address and `IERC20Detailed(_asset).decimals()` not working for native ETH. #### Proof of Concept"
260,7100a75d6ebd,Medium,Input Validation,Invalid Validation,"_Submitted by IllIllI, also found by cccz, hake, Meera, rbserver, and robee_ Some ERC20 tokens, such as USDT, allow for charging a fee any time `transfer()` or `transferFrom()` is called. If a contract does not allow for amounts to change after transfers, subsequent transfer operations based on the original amount will `revert()` due to the contrac"
261,7b5e1803022e,Medium,"DoS, Pause",1/64 Gas Rule,"_Submitted by jonah1005_ In the `_isWrappedFCash` check, the `notionalTradeModule` check whether the component is a wrappedCash with the following logic. The above logic is dangerous when `_fCashPosition` do not revert on `getDecodedID` but instead give a wrong format of return value. The contract would try to decode the return value into `returns("
262,b2a8c124d062,Medium,Slippage,Invalid  Slippage Control / Missing slippage check,"Yearn vault integration is broken. YearnTokenAdapter.unwrap() hardcodes the slippage control parameter to MAXIMUM_SLIPPAGE=10_000 (which is 100%) when calling IYearnVaultV2.withdraw().Setting maxLoss in IYearnVaultV2.withdraw() to 10_000 means there’s no slippage check, resulting in the possibility of all funds lost."
263,a1ee58021528,Medium,Logic error,"Incorrect Parameter, Missing Upper/Lower Bound Check","Polls are created by targeting the `receive_cw20` function which is queried whenever the contract receives tokens. By setting the hook message to `Cw20HookMsg::CreatePoll`, the sender is able to create a poll, assuming the amount sent satisfies the minimum deposit amount. Users can also choose to call `ExecuteMsg::SnapshotPoll` or"
264,1d8f1f43cde9,Medium,"DoS, Governance",Missing Upper/Lower Bound Check,"_Submitted by rayn_ `vcon` address is allowed to be updated by `GOVERNOR` in `Core`, however, this change will not be reflected in `CoreRef._vcon`. Moreover, since `CoreRef._vcon` cannot be updated due to contract design, it is also impossible to fix this manually. We are not yet sure how `vcon` will be used throughout the volt protocol, since deta"
265,7100a75d6ebd,Medium,Arithmetic,Precision Loss,"_Submitted by berndartmueller, also found by 0x52, hyh, and Ruhum_ The `JBPayoutRedemptionPaymentTerminal._feeAmount` function is used to calculate the fee based on a given `_amount`, a fee rate `_fee` and an optional discount `_feeDiscount`. However, the current implementation calculates the fee in a way that leads to inaccuracy and to fewer fees "
266,97843b77b287,Medium,Access Control,"Does not match with Doc, Implementation Error","_Submitted by gpersoon_ When a large payout occurs, it will lower `unallocatedSherX`. This could mean some parties might not be able to get their Yield. The first couple of users (for which harvest is called or which transfer tokens) will be able to get their full Yield, until the moment `unallocatedSherX` is depleted. The next users don't get any "
267,dd17040a53bc,Medium,Access Control,Missing Initialization,"_Submitted by Czar102_ #### Impact The initialization status is defined by the [name and symbol](https://github.com/code-423n4/2021-12-amun/blob/main/contracts/basket/contracts/facets/ERC20/ERC20Facet.sol#L25-L28). It is possible it set them back to an empty string, uninitializing the contract and letting the `initialize(..)` function be called aga"
268,af8e4af75dc2,Medium,Liquidation,Does not match with Doc,User can free from liquidation fee if its escrow balance less than the calculated liquidation fee.
269,ba93b3b8d7cf,Medium,Input Validation,Bad Condition,"_Submitted by rotcivegaf, also found by AuditsAreUS, berndartmueller, cccz, MaratCerby, dipp, and StErMi_ Possible lost value in `depositCollateral` function call"
270,b2a8c124d062,Medium,DoS,Invalid Validation,"_Submitted by hansfriese, also found by jonatascm_ `Swivel.setFee()` is implemented wrongly. Swivel.feenominators won't be set as expected."
271,8f18f7d5c396,Medium,DoS,payable / receive(),"_Submitted by WatchPug, also found by daejunpark, gpersoon, hickuphh3, kenzo, and pmerkleplant_. When users swap to native token (ETH), the `initialBalance` should use the balance of `wrappedNativeToken` instead of native token balance, because `finalBalance` is the balance of `wrappedNativeToken`. In the current implementation, when the `toToken` "
272,dd17040a53bc,Medium,DoS,Incorrect Parameter,"_Submitted by Czar102, also found by gpersoon, gzeon, kenzo, and WatchPug_ #### Impact Total supply of the token may exceed the `maxCap` introduced. This can happen when a user wants to join the pool. The [check in `BasketFacet::joinPool(...)`](https://github.com/code-423n4/2021-12-amun/blob/main/contracts/basket/contracts/facets/BasketFacet"
273,dd17040a53bc,Medium,Input Validation,"Hardcoded Parameter, Invalid Validation","_Submitted by gpersoon, also found by kenzo and robee_ #### Impact Some functions, like rebalance() in RebalanceManagerV3 use \_deadline as a time limit for swapExactTokensForTokens() Other functions, like \_joinTokenSingle() of SingleTokenJoinV2.sol and \_exit() of SingleNativeTokenExitV2() use block.timestamp, although a deadline field is present"
274,1d8f1f43cde9,Medium,"Arithmetic, Oracle",Implementation Error,"_Submitted by cmichel_ The `OracleRef` assumes that the backup oracle uses the same normalizer as the main oracle.<br> This generally isn't the case as it could be a completely different oracle, not even operated by Chainlink.<br> If the main oracle fails, the backup oracle could be scaled by a wrong amount and return a wrong price which could lead"
275,1d8f1f43cde9,Medium,DoS,Duplicate Value,"_Submitted by cmichel_ When the `bufferCap` is updated for an address in `_updateAddress`, the address's allowed buffer (`bufferStored`) is replenished to the entire `bufferCap`. The address could frontrun the `updateAddress` call and spend their entire buffer, then the buffer is replenished and they can spend their entire buffer a second time."
276,8f18f7d5c396,Medium,Input Validation,"Invalid Validation, No Recovery Mechanism","_Submitted by kenzo_. Slingshot's `executeTrades` checks that the trade result amount (to be sent to the user) is bigger than `finalAmountMin`, and *after that* sends the user the amount. But if the token charges fee on transfer, the final transfer to the user will decrease the amount the user is getting, maybe below `finalAmountMin`. #### Proof of"
277,a1ee58021528,Medium,"Chainlink, Oracle",Stale Value,"The collector contract allows anyone to `sweep`, swapping an asset token to ANC through astro port.<br> Note that `belief_price` is not set and `config.max_spread` might not be set as well or misconfigured. This allows an attacker to create a contract to perform a sandwich attack to make a profit on this trade. > A common attack in DeFi is the sand"
278,2c5e13b4e147,Medium,Input Validation,Invalid Validation,"No checks for non-Cudos tokens mean that non-Cudos ERC20 tokens will be lost to the contract, with the user not having any chance of retrieving them. However, the admin can retrieve them through withdrawERC20. Impact is that users lose their funds, but admins gain them. The mistakes could be mitigated on the contract, by checking against a list of "
279,af8e4af75dc2,Medium,Arithmetic,Token Decimal,The `Oracle` contract normalizes prices in both `viewPrices` and `getPrices` functions to adjust for potential decimal differences between feed and token decimals and the expected return value. However these functions assume that `feedDecimals` and `tokenDecimals` won't exceed 18 since the normalization calculation is `36 - feedDecimals - tokenDeci
280,a1ee58021528,Medium,Access Control,"Does not match with Doc, Implementation Error","During the code review, It has been observed that reward calculation has been done with execute\_epoch\_operations function. However, the config are stored in the storage. When the anc\_purchase\_factor is updated by the owner, the execute\_epoch\_operations is not called."
281,af8e4af75dc2,Medium,"Arithmetic, DoS",Front Run,A user can borrow DOLA interest-free. This requires the user to precisely manage their collateral. This issue might become especially troublesome if a Market is opened with some stablecoin as the collateral (because price fluctuations would become negligible and carefully managing collateral level would be easy). This issue is harder to exploit (bu
282,7b5e1803022e,Medium,DoS,"Implementation Error, Incorrect Parameter","_Submitted by 0x52, also found by jonah1005 and unforgiven_ Minting becomes impossible"
283,a1ee58021528,Medium,"DoS, Input Validation",Invalid Validation,"In the current implementation of `CrossAnchorBridge`, all `require` that ""Check that `token` is a whitelisted token"" is commented out. As a result, users may send transcations with the non-whitelisted tokens and as they can not be processd properly on the Terra side, the funds can be frozen on the brige contract or on the Terra side."
284,af8e4af75dc2,Medium,Zksync,EVM Compatibility,The two-day feature of the oracle can be gamed where you only have to manipulate the oracle for \~2 blocks.
285,97843b77b287,Medium,Logic error,"Incorrect Parameter, Missing Upper/Lower Bound Check","_Submitted by cmichel_ The `_doSherX` function does not attempt to pay off the accrued premiums (""pay off debt"") for most tokens, only for the ones that would otherwise revert the tx: The `amounts = LibSherX.calcUnderlying(totalSherX)` array is an optimistic view assuming all outstanding, accrued premiums would indeed be paid until now. However, it"
286,ba93b3b8d7cf,Medium,"DoS, Flashloan",State Update Inconsistency,"_Submitted by mtz, also found by 0x52, hyh, jonah1005, leastwood, and sorrynotsorry_ An attacker can use MEV (via gas auction or Flashbots or control of miners) to cause an unfair division of yield. By providing a very large (relative to the size of all other stablecoin deposits combined) stablecoin deposit Just-in-Time before an admin's call to [d"
287,7100a75d6ebd,Medium,Accounting Error,Incorrect Parameter,"_Submitted by oyc&#95;109, also found by 0x52, IllIllI, and pashov_"
288,b2a8c124d062,Medium,Cross-Chain,"Does not match with Doc, No Recovery Mechanism","ZcToken.withdraw will send user 0 tokens if called after maturity deadline but before market is set mature. When performing cross-chain transactions, there's a risk of the transaction getting stuck. It's necessary to add options for refunding or canceling the transaction."
289,af8e4af75dc2,Medium,"Chainlink, DoS, Liquidation",Price Manipulation / Arbitrage opportunity,"Based on the current implementation, when the protocol wants to use Chainlink oracle data feed for getting a collateral token's price, the fixed price for the token should not be set. When the fixed price is not set for the token, calling the `Oracle` contract's `viewPrice` or `getPrice` function will execute `uint price = feeds[token].feed.latestA"
290,a1ee58021528,Medium,Cross-Chain,No Recovery Mechanism,"The hub contract allows config updates to the `token_contract` config values in `anchor-bAsset-contracts/contracts/anchor_basset_hub/src/config.rs`.<br> Such updates can cause wrong amounts of tokens to be calculated during processing of undelegations, since the amount of unbonded bLuna tokens is stored for batched unbonding as `requested_with_fee`"
291,dd17040a53bc,Medium,Uniswap,Implementation Error,"_Submitted by kenzo, also found by cmichel and hyh_ SingleNativeTokenExitV2 allows the user to exit and execute trades via multiple exchanges. When finishing the trades and sending a single output token back to the user, the contract takes that token from the last swap in the first exchange's trades. There is nothing in the struct that signifies th"
292,2c5e13b4e147,Medium,Pause,Does not match with Doc,"_Submitted by defsec_ In case a hack is occuring or an exploit is discovered, the team (or validators in this case) should be able to pause functionality until the necessary changes are made to the system. Additionally, the gravity.sol contract should be manged by proxy so that upgrades can be made by the validators. Because an attack would probabl"
293,b2a8c124d062,Medium,DoS,Invalid Validation,"_Submitted by bin2chen, also found by 0x52, 0xDjango, 0xSky, auditor0517, Picodes, rokinot, ronnyx2017, and scaraven_"
294,dd17040a53bc,Medium,call / delegatecall,Missing Return Check,"_Submitted by harleythedog_ #### Impact The `CallFacet.sol` contract has the function `_call` : function _call( address _target, bytes memory _calldata, uint256 _value ) internal { require(address(this).balance >= _value, ""ETH_BALANCE_TOO_LOW""); (bool success, ) = _target.call{value: _value}(_calldata); require(success, ""CALL_FAILED""); emit Call(ms"
295,af8e4af75dc2,Medium,ERC20,Missing Return Check,"If a user wants to completely `forceReplenish` a borrower with deficit, the borrower or any other malicious party can front run this with a dust amount to prevent the replenish."
296,af8e4af75dc2,Medium,"Arithmetic, DoS",Front Run,"When a user incurs a DBR deficit, a replenisher can call the `forceReplenish` function to force the user to replenish DBR. However, there is no guarantee that the `forceReplenish` function will always be called. When the `forceReplenish` function is not called, such as because that the replenisher does not notice the user's DBR deficit promptly, th"
297,af8e4af75dc2,Medium,ERC4626,Inflation Attack,"Calling the `Oracle` contract's `viewPrice` or `getPrice` function executes `uint price = feeds[token].feed.latestAnswer()` and `require(price > 0, ""Invalid feed price"")`. Besides that Chainlink's `latestAnswer` function is deprecated, only verifying that `price > 0` is true is also not enough to guarantee that the returned `price` is not stale. Us"
298,b2a8c124d062,Medium,DoS,Invalid Validation,"_Submitted by csanuragjain, also found by cccz_ Due to missing modifier, User will be able to redeem zcTokens and withdraw underlying even in paused Market. This happens due to missing unpaused(p) modifier"
299,7b5e1803022e,Medium,"Chainlink, Oracle",Stale Value,_Submitted by unforgiven_ For some `fcash` the asset token is underlying token (`asset.tokenType == TokenType.NonMintable`) and `NotionalV2` will not handle minting or burning when it is called with `useUnderlying==True` for those `fcash`s (according to what I asked from sponsor). In summery most of the logics in ` NotionalTradeModule ` will not wo
300,7100a75d6ebd,Medium,DoS,Invalid Validation,_Submitted by zzzitron_ The function of the protocol could be impacted. This [proof of concept](https://gist.github.com/zzzitron/a8c6067923a87af8e001c05442258370#file-2022-07-juiceboxv2-t-sol-L117-L163) demonstrates the discarding of one of the duplicated locked splits. In the beginning it launches a project with two identical locked splits. As the
301,af8e4af75dc2,Medium,Oracle,"Price Manipulation / Arbitrage opportunity, Stale Value","Usage of the 2 day low exchange rate when trying to liquidate is highly risky as it incentives even more malicious agents to control the price feed for a short period of time. By controlling shortly the feed, it puts at risk any debt opened for a 2 day period + the collateral released will be overshoot during the liquidation."
302,7b5e1803022e,Medium,Arithmetic,Token Decimal,"deposit. The YearnYield.getTokensForShares and getSharesForTokens functions in Yearn Vault calculations hardcode a division by 1e18, ignoring the actual precision of vault.decimals. This results in incorrect calculations when the underlying token does not have 18 decimals."
303,ba93b3b8d7cf,Medium,Access Control,Bypass Mechanism,"_Submitted by IllIllI, also found by leastwood and StErMi_ Yields will not be able to be distributed to lenders because attempts to do so will revert."
304,afa60bc8003d,Medium,MEV,Price Manipulation / Arbitrage opportunity,"_Submitted by VAD37_ Solmate `convertToShares` [function](https://github.com/Rari-Capital/solmate/blob/12421e3edee21cfb99bf5a6edd6169e6497511de/src/mixins/ERC4626.sol#L133) follow the formula: `assetDepositAmount * totalShareSupply / assetBalanceBeforeDeposit`. The share price always return 1:1 with asset token. If everything work normally, share p"
305,a1ee58021528,Medium,Cross-Chain,No Recovery Mechanism,"For yield farming aggregators, if the pending yield on an underlying strategy can be harvested and cause a surge of rewards to all existing investors, especially if the harvest can be triggered permissionlessly. Then the attacker can amplify the attack using a flash loan. This is a well-known attack vector on Ethereum. The root cause for this attac"
306,1d8f1f43cde9,Medium,Arithmetic,"Does not match with Doc, Incorrect Parameter","_Submitted by robee, also found by georgypetrov, cmichel, and IllIllI_ Division by 0 can lead to accidentally revert,<br> (An example of a similar issue - <https://github.com/code-423n4/2021-10-defiprotocol-findings/issues/84>) It's internal function but since it is used in another internal functions that are used in public and neither of them has "
307,a1ee58021528,Medium,Accounting Error,State Update Inconsistency,"When unbonding, the `pick_validator` function is supposed to choose a random validator to unstake from.<br> However, this randomness can be predicted knowing the block height which is very easy to predict. As validators are paid rewards proportional to their stake, choosing where to bond and unbond from directly impacts validator rewards.<br> Combi"
308,af8e4af75dc2,Medium,Zksync,EVM Compatibility,"The FiRM `Marketplace` contract contains multiple governance functions for setting important values for a given debt market. Many of these are numeric values that affect ratios/levels for debt positions, fees, incentives, etc. In particular, `Market.setCollateralFactorBps()` sets the ratio for how much collateral is required for loans vs the debt t"
309,ba93b3b8d7cf,Medium,Input Validation,"Hardcoded Parameter, Invalid Validation","_Submitted by Picodes, also found by hickuphh3_ In [`YieldManager`](https://github.com/code-423n4/2022-05-sturdy/blob/78f51a7a74ebe8adfd055bdbaedfddc05632566f/smart-contracts/YieldManager.sol#L48), `UNISWAP_FEE` is hardcoded, which reduce significantly the possibilities and will lead to non optimal routes. In particular, all swaps using ETH path wi"
310,afa60bc8003d,Medium,"Access Control, DoS",State Update Inconsistency,"_Submitted by WatchPug_ `storedTotalAssets` is a cached value of total assets which will only include the `unlockedRewards` when the whole cycle ends. This makes it possible for `storedTotalAssets -= amount` to revert when the withdrawal amount exceeds `storedTotalAssets`, as the withdrawal amount may include part of the `unlockedRewards` in the cu"
311,7100a75d6ebd,Medium,DoS,Invalid Validation,"_Submitted by cccz_ When the owner calls the changeTokenOf function of the JBController contract, the token corresponding to the current project will be changed, which will make the oldToken holder unable to redeem the overflowing assets."
312,a1ee58021528,Medium,DoS,Invalid Validation,"While `claim_rewards` from the `money-market`, it calls the `distributor_contract#spend()` to send the rewards. However, the `distributor_contract#spend()` function have a `spend_limit` config and it will revert if the amount is larger than the `spend_limit`. As a result, users won't be able to claim their rewards anymore once the amount of the rew"
313,b2a8c124d062,Medium,ERC20,Missing Return Check,"_Submitted by devtooligan_ When creating ERC20.sol from Solmate, a `require()` in `permit()` was converted to a custom error incorrectly. It now reads: So if the `recoveredAddress` is non-zero and the `recoveredAddress` is not `owner` it will error. But if the `recoveredAddress == 0x0` then it will pass this check. Anyone can permit themselves as a"
314,7100a75d6ebd,Medium,DoS,Invalid Validation,"_Submitted by hake, also found by cccz_ Payouts won't be able to be distributed if one of multiple beneficiaries decides to revert the transaction on receival."
315,afa60bc8003d,Medium,ERC20,Rebase Token,_Submitted by IllIllI_ A malicious authorized user can steal all unclaimed rewards and break the reward accounting Even if the authorized user is benevolent the fact that there is a rug vector available may [negatively impact the protocol's reputation](https://twitter.com/RugDocIO/status/1411732108029181960). Furthermore since this contract is mean
316,9befb133ee74,Medium,DoS,Out of Gas,"_Submitted by 0xRajeev, also found by pauliax_ The `addSafeAddress()` takes an address and adds it to a “safe list"". This is used in `eoaOnly()` to give exemption to safe addresses that are trusted smart contracts, when all other smart contacts are prevented from protocol interaction. The stated purpose is to allow only such partner/trusted smart c"
317,e6e43dfea59f,Medium,DoS,Out of Gas,"_Submitted by 0xRajeev, also found by pauliax_ The `addSafeAddress()` takes an address and adds it to a “safe list"". This is used in `eoaOnly()` to give exemption to safe addresses that are trusted smart contracts, when all other smart contacts are prevented from protocol interaction. The stated purpose is to allow only such partner/trusted smart c"
318,b2a8c124d062,Medium,ERC20,Missing Return Check,"_Submitted by 0xDjango, also found by 0x1f8b, 8olidity, arcoun, Bahurum, caventa, csanuragjain, hansfriese, joestakey, jonatascm, Lambda, oyc&#95;109, and ronnyx2017_"
319,9befb133ee74,Medium,"Accounting Error, Cross-Chain",Rebase Token,_Submitted by 0xRajeev_ The `switchEoaOnly()` allows the owner to disable `preventSmartContracts` (the project’s plan apparently is to do so after the beta-period) which will allow any smart contract to interact with the protocol and potentially exploit any underlying flash loan vulnerabilities which are specified as an area of critical concern. Th
320,e6e43dfea59f,Medium,"Accounting Error, Cross-Chain",Rebase Token,_Submitted by 0xRajeev_ The `switchEoaOnly()` allows the owner to disable `preventSmartContracts` (the project’s plan apparently is to do so after the beta-period) which will allow any smart contract to interact with the protocol and potentially exploit any underlying flash loan vulnerabilities which are specified as an area of critical concern. Th
321,2c5e13b4e147,Medium,Input Validation,Invalid Validation,"Ability for admin to drain all ERC20 funds stored in contract at will, meaning all ERC20 based Cudos tokens (and any other ERC20 tokens stored in the contract) could be extracted by anyone with admin role and later sold, leaving users funds bridged on Cudos Cosmos chain with no ERC20 representation stored across the bridge - similar in impact as th"
322,afa60bc8003d,Medium,Input Validation,Invalid Validation,"_Submitted by hyh, also found by rayn_ FlywheelCore.setFlywheelRewards can remove current reward funds from the current users' reach as it doesn't check that newFlywheelRewards' FlywheelCore is this contract. If it's not, by mistake or with a malicious intent, the users will lose the access to reward funds as this FlywheelCore will not be approved "
323,2c5e13b4e147,Medium,ERC20,Fee On Transfer Token,"The `updateValset` function don't check that the sum of the powers of the new validators in the new valset is greater than the threshold, which can lead to unwanted behavior. There are 2 main problems that can occur in that situation: 1. The sum of the new validators' powers will be lower than the `state_powerThreshold` 2. The sum of the new valida"
324,97843b77b287,Medium,DoS,Incorrect Parameter,"_Submitted by gpersoon_ `GovDev.so`l has a function `updateSolution` to upgrade parts of the contract via the Diamond construction. Via `updateSolution`, any functionality can be changed and all the funds can be accessed/rugged. Even if this is well intended the project could still be called out resulting in a reputation risk, see for [example(http"
325,1d8f1f43cde9,Medium,Liquidation,Unfair Liquidation,"_Submitted by cmichel, also found by rayn and catchup_ The `RateLimited.setBufferCap` function first updates the buffer and then sets the new cap, but does not apply the new cap to the updated buffer.<br> Meaning, the updated buffer value can be larger than the new buffer cap which should never be the case.<br> Actions consuming more than the new b"
326,1d8f1f43cde9,Medium,Reentrancy,Violating CEI / Missing nonReentrant,"_Submitted by hyh_ NonCustodialPSM mints and redeems VOLT to a chosen stablecoin at the current market rate minus a fixed fee. It is assumed that the difference to be covered with pcvDeposit funds. That assumption is similar to one used in FEI protocol, but there no rate growth takes place as FEI to USD rate supposed to be stable, while VOLT to USD"
327,7100a75d6ebd,Medium,DoS,Incorrect Parameter,"_Submitted by 0x29A, also found by AlleyCat and hubble_"
328,9befb133ee74,Medium,Arithmetic,Unsafe Downcast,"_Submitted by cmichel_ The protocol computes a `factor` when minting (and burning) tokens, which is the exchange rate of rebase to base tokens (base supply / total assets value), see `GToken.factor()`. The first user can manipulate this factor such that it always returns `0`. **Example:** - Attacker deposits 100.0 DAI and mints 100 * 1e18 PWRD: `De"
329,e6e43dfea59f,Medium,Arithmetic,Unsafe Downcast,"_Submitted by cmichel_ The protocol computes a `factor` when minting (and burning) tokens, which is the exchange rate of rebase to base tokens (base supply / total assets value), see `GToken.factor()`. The first user can manipulate this factor such that it always returns `0`. **Example:** - Attacker deposits 100.0 DAI and mints 100 * 1e18 PWRD: `De"
330,afa60bc8003d,Medium,"DoS, Liquidation",Missing Functionality,"_Submitted by gzeon_ In `_decrementWeightUntilFree`, the free weight is calculated by `balanceOf[user] - getUserWeight[user]` plus weight freed from non-deprecated gauges. The non-deprecated criteria is unnecessary and lead to incorrect accounting of free weight."
331,a1ee58021528,Medium,Arithmetic,Precision Loss,"The borrow rate uses a simple interest formula to compute the accrued debt, instead of a compounding formula. This means the actual borrow rate and interest for suppliers depend on how often updates are made.<br> This difference should be negligible in highly active markets, but it could lead to a lower borrow rate in low-activity markets, leading "
332,a1ee58021528,Medium,Logic error,"Incorrect Parameter, Missing Upper/Lower Bound Check",The staking contract keeps track of *shares* of each user.<br> When withdrawing from the staking contract the `amount` parameter is converted to `shares` and this value is decreased (`shares = amount / total_balance * total_share`).<br> This shares calculation rounds down which allows stealing tokens.<br> The current code seems to try to protect ag
333,a1ee58021528,Medium,"Logic error, Oracle","Implementation Error, Price Manipulation / Arbitrage opportunity","The `swap_to_stable_denom` function in the custody contracts swaps all other native tokens into a specific one. The function creates swap messages for all the other native tokens and adds them as sub-messages, and handles the reply only when the last sub-message succeeds. Upon receiving the reply, the contract sends the swapped tokens (i.e., reward"
334,7b5e1803022e,Medium,Governance,"Bad Condition, Does not match with Doc","_Submitted by xiaoming90, also found by berndartmueller_"
335,a1ee58021528,Medium,Cross-Chain,No Recovery Mechanism,"Rewards are dispersed to users as a percentage of the user's balance vs total balance (of `bEth`). Rewards are accumulated each time a user calls `execute_decrease_balance()`, `execute_increase_balance()` or `execute_claim_rewards()` as these functions will in term call `update_global_index()` before any balance adjustments. There is an attack vect"
336,7b5e1803022e,Medium,DoS,"Implementation Error, Incorrect Parameter","_Submitted by csanuragjain_ If maturity is reached and user has asked for redeem with opts.transferfCash as true, then if (hasMatured()) turns true at wfCashLogic.sol#L216 causing fcash to be cashed out in underlying token and then sent to receiver. So receiver obtains underlying when fcash was expected. The sender wont get an error thinking fcash "
337,afa60bc8003d,Medium,DoS,payable / receive(),"_Submitted by smiling\_heretic_ The impact depends really on how gauges are used by other contracts. The most obvious consequence I can imagine is that some other contract distributes rewards based on `calculateGaugeAllocation`. However, because `_getStoredWeight(_totalWeight, currentCycle)` is now larger than the real total sum of weights, all rewa"
338,afa60bc8003d,Medium,"Accounting Error, Governance, Input Validation",Invalid Validation,"_Submitted by cccz, also found by 0x52_ The \_incrementGaugeWeight function is used to increase the user's weight on the gauge. However, in the \_incrementGaugeWeight function, it is only checked that the gauge parameter is not in \_deprecatedGauges, but not checked that the gauge parameter is in \_gauges. If the user accidentally uses the wrong ga"
339,0315ba9d8121,Medium,"Chainlink, Oracle",Stale Value,"BendDAO PriceOracle checks only updatedAt != 0 and answeredInRound >= roundId, so stale Chainlink prices can be accepted without heartbeat validation."
340,0315ba9d8121,Medium,"Pause, Accounting Error",State Update Inconsistency,"BendDAO borrow interest continues compounding while a pool or asset is paused even though users cannot repay, creating liquidation risk immediately after unpause."
341,0315ba9d8121,Medium,"ERC20, DoS",Bad Condition,BendDAO isolate auctions and liquidations can be DoSed when the debt token blacklists a bidder or borrower and refund or remaining-bid transfers revert.
342,0315ba9d8121,Medium,DoS,No Recovery Mechanism,BendDAO Etherfi withdrawal request invalidation by the Etherfi owner can leave yield debt stuck because the protocol lacks a recovery path for invalidated requests.
343,0315ba9d8121,Medium,"DoS, Cross-Chain",EVM Compatibility,BendDAO wrapNativeTokenInWallet always reverts on Arbitrum because its native-token wrapping assumptions are incompatible with the deployed environment.
344,0315ba9d8121,Medium,"Input Validation, DoS",Missing Upper/Lower Bound Check,"BendDAO YieldEthStakingLido lacks a maximum stake amount, so unstaking can exceed Lido withdrawal NFT limits and prevent token retrieval."
345,0315ba9d8121,Medium,Accounting Error,Incorrect Parameter,"BendDAO executeYieldBorrowERC20 checks yieldCap using the wrong accounting basis, allowing incorrect yield borrow capacity decisions."
346,0315ba9d8121,Medium,"Accounting Error, ERC20",Fee On Transfer Token,"BendDAO ERC20 accounting assumes transferred amounts equal requested amounts in several flows, causing fee-on-transfer tokens to break balances or over-credit deposits."
347,0315ba9d8121,Medium,"ERC721, DoS",Missing Functionality,"BendDAO isolated borrowers are forced to borrow again before they can unlock NFTs, creating an unnecessary DoS path for users who want to close positions."
348,0315ba9d8121,Medium,"ERC20, DoS",Bad Condition,"BendDAO isolateRedeem can revert for tokens that reject zero-value transfers, preventing otherwise valid redemption flows."
349,0315ba9d8121,Medium,Liquidation,Unfair Liquidation,"BendDAO collateral parameter updates can make existing borrowers arbitrarily liquidatable without user action, creating unfair liquidation risk."
350,0315ba9d8121,Medium,"Chainlink, Oracle",Stale Value,"BendDAO price feeds on Arbitrum and Optimism do not check the L2 sequencer uptime feed, so stale prices can be used while the sequencer is down."
351,0315ba9d8121,Medium,"Liquidation, Slippage",Missing minOut / maxAmount,"BendDAO cross liquidation lacks a maximum liquidation price, allowing liquidation execution at an unexpectedly unfavorable price."
352,0315ba9d8121,Medium,Accounting Error,Incorrect Parameter,"BendDAO IsolateLogic.executeIsolateLiquidate updates utilization and rates from incorrect liquidation amounts, corrupting supply and borrow rate accounting."
353,0315ba9d8121,Medium,Access Control,No Recovery Mechanism,"BendDAO collected fines in the yield staking contract cannot be retrieved, leaving protocol funds stuck without an administrative recovery path."
354,0315ba9d8121,Medium,DoS,Bypass Mechanism,"BendDAO borrowers can block the bot from repaying and closing risky yield positions, bypassing the intended forced-risk-management mechanism."
355,0315ba9d8121,Medium,Input Validation,Missing Time Constraint,"BendDAO changing auctionDuration affects auctions already in progress, altering settlement timing after participants have acted."
356,0315ba9d8121,Medium,Accounting Error,State Update Inconsistency,BendDAO updating the fee factor without synchronizing accrued state can apply the new fee setting to prior accounting periods.
357,0315ba9d8121,Medium,Accounting Error,State Update Inconsistency,"BendDAO configurator can change an interest rate model without first updating accrued interest, leaving rates calculated from stale model state."
358,0315ba9d8121,Medium,Logic error,Incorrect Parameter,"BendDAO unwrapNativeTokenInWallet uses an incorrect receiver address, causing unwrapped native tokens to be sent to the wrong account."
359,099243e83259,Medium,DoS,Bad Condition,Stakehouse giant pool withdrawals can be frozen by an attacker who manipulates pool state so users cannot withdraw from giant pools.
360,099243e83259,Medium,Input Validation,Invalid Validation,"Stakehouse allows LP token rotation toward a banned BLS public key, bypassing the intended validator safety restrictions."
361,099243e83259,Medium,DoS,payable / receive(),"Stakehouse giant pools cannot receive ETH back from vaults in some flows, causing returned funds to revert or become stuck."
362,099243e83259,Medium,Logic error,Bad Condition,Stakehouse GiantPool withdrawal logic checks the ETH amount in a way that can reject valid withdrawals and lock user funds.
363,099243e83259,Medium,Access Control,Invalid Validation,"Stakehouse permits adding a non-EOA representative where an EOA is expected, weakening node-runner control assumptions."
364,099243e83259,Medium,Accounting Error,Incorrect Parameter,"Stakehouse GiantPool can withdraw the wrong LPToken, causing users to receive or burn incorrect pool accounting assets."
365,099243e83259,Medium,Access Control,Role Takeover,Stakehouse OwnableSmartWallet supports multiple approvals that can combine into an unintended ownership transfer.
366,099243e83259,Medium,"DAO, Access Control",Arbitrary Add/Remove/Set/Call,Stakehouse DAO admin can use arbitrary smart-wallet execution to steal node-operator funds from the registered smart wallet.
367,099243e83259,Medium,Access Control,Centralization Risk,Stakehouse DAO or LSDN owner has privileged control that can steal funds from a node runner.
368,099243e83259,Medium,Input Validation,Missing Upper/Lower Bound Check,Stakehouse rotateLPTokens can let a user stake more ETH than maxStakingAmountPerValidator and DoS later LiquidStakingManager staking.
369,099243e83259,Medium,Input Validation,Invalid Validation,Stakehouse banned BLS public keys can still be registered because registration does not enforce the ban list consistently.
370,099243e83259,Medium,DoS,Bypass Mechanism,"Stakehouse syndicate staking can be griefed by staking a very small amount, blocking or distorting later reward flows."
371,099243e83259,Medium,Input Validation,Incorrect Parameter,Stakehouse GiantPool batchRotateLPTokens uses a static minimum balance where the required minimum should be dynamically calculated.
372,099243e83259,Medium,"Cross-Chain, Replay Attack",State Update Inconsistency,Stakehouse deployLPToken is vulnerable to cross-chain replay because deployment messages lack sufficient chain-specific separation.
373,099243e83259,Medium,Accounting Error,State Update Inconsistency,"Stakehouse GiantMevAndFeesPool.previewAccumulatedETH does not update the accumulated variable correctly inside the loop, underreporting rewards."
374,099243e83259,Medium,Accounting Error,Peg / Depeg,"Stakehouse dETH, ETH, and LPTokenETH can depeg when ETH2 slashing changes backing value without a corresponding protocol adjustment."
375,099243e83259,Medium,Input Validation,Bypass Mechanism,"Stakehouse relies on Address.isContract to detect EOAs, but constructor calls can bypass this check."
376,099243e83259,Medium,"Access Control, DAO",Centralization Risk,"Stakehouse DAO commission settings can be set to 100 percent, causing node runners to lose all staking rewards."
377,099243e83259,Medium,Accounting Error,State Update Inconsistency,"Stakehouse GiantLP transfers do not preserve all reward accounting, so users can lose accrued rewards after transferring LP tokens."
378,099243e83259,Medium,Input Validation,Incorrect Parameter,"Stakehouse smartWallet address derivation is not guaranteed to match the expected wallet, so ETH can be sent to an incorrect address."
379,099243e83259,Medium,Accounting Error,No Recovery Mechanism,Stakehouse EIP1559 rewards received by a syndicate before any knots are registered can be permanently lost.
380,099243e83259,Medium,call / delegatecall,Refund Failed,"Stakehouse executeAsSmartWallet can receive ETH that is not forwarded or refunded correctly, causing sent ETH to be lost."
381,099243e83259,Medium,DoS,Implementation Error,"Stakehouse updateNodeRunnerWhitelistStatus always reverts, preventing intended whitelist maintenance."
382,099243e83259,Medium,Access Control,Missing Functionality,Stakehouse cannot ban a known malicious node runner before the corresponding smart wallet is created.
383,099243e83259,Medium,Input Validation,Invalid Validation,"Stakehouse _assertUserHasEnoughGiantLPToClaimVaultLP checks the wrong LP requirements, allowing invalid claims or blocking valid ones."
384,099243e83259,Medium,"DAO, Access Control",Centralization Risk,Stakehouse malicious or compromised DAO can restrict actions of node runners who are not malicious.
385,099243e83259,Medium,MEV,Front Run,Stakehouse rotateNodeRunnerOfSmartWallet is vulnerable to frontrunning that can change the intended node runner rotation outcome.
386,099243e83259,Medium,DoS,Bad Condition,Stakehouse reward claims from syndicate can fail for valid BLS keys if the first supplied BLS key is no longer active.
387,099243e83259,Medium,Accounting Error,Reward Manipulation,Stakehouse users receive fewer rewards than eligible when the first passed BLS key is inactive and later valid keys are skipped.
388,099243e83259,Medium,DoS,Bypass Mechanism,Stakehouse giant pools can be griefed so user holdings cannot be staked even though users supplied ETH.
389,099243e83259,Medium,DoS,Bypass Mechanism,Stakehouse vaults can be griefed into a state where they are no longer usable for deposits.
390,af8e4af75dc2,Medium,Accounting Error,State Update Inconsistency,"Inverse users can avoid paying DBR fees by periodically updating accrued fees, keeping debt accounting from settling the intended deficit."
391,af8e4af75dc2,Medium,Input Validation,Missing Initialization,"Inverse avoidable market misconfiguration can make INVEscrow fail to mint xINV tokens, breaking escrowed reward behavior."
392,af8e4af75dc2,Medium,Oracle,Incorrect Parameter,"Inverse viewPrice does not always report the dampened oracle price, so callers can receive a price inconsistent with protocol liquidation assumptions."
393,b2a8c124d062,Medium,DoS,Missing Time Constraint,"Swivel VaultTracker functions can only be called once after maturity, causing later post-maturity calls to fail unexpectedly."
394,b2a8c124d062,Medium,Access Control,Incorrect Parameter,"Swivel VaultTracker is initialized with the wrong admin, leaving privileged actions controlled by an unintended account."
395,b2a8c124d062,Medium,Accounting Error,No Recovery Mechanism,"Swivel has no mechanism to absorb losses from an underlying protocol, so an external protocol loss can become catastrophic for users."
396,b2a8c124d062,Medium,Logic error,Implementation Error,Swivel contains an interface definition error that makes integrations call incompatible function signatures.
397,7b5e1803022e,Medium,Input Validation,Invalid Validation,"Notional fCash of the wrong maturity or asset can be sent to a wrapper before deployment, causing the wrapper to initialize around invalid assets."
398,7b5e1803022e,Medium,DoS,Bad Condition,Notional users may be unable to purchase or redeem SetToken because fCash position handling can revert in supported trading paths.
399,7100a75d6ebd,Medium,Input Validation,Missing Time Constraint,"Juicebox funding-cycle configuration lacks a mustStartAtOrAfter check, allowing reconfiguration timing that violates project expectations."
400,7100a75d6ebd,Medium,Access Control,State Update Inconsistency,Juicebox locked splits can be updated despite being intended to remain immutable until their lock expires.
