Property,repo_path,severity,tag,subtag,description
1,0315ba9d8121,Medium,Input Validation,Invalid Validation,"ActivePool.sendCollaterals function internally call _sendCollateral, which uses whitelist.getIndex(_collateral) as if it were a validated lookup, but for a non-whitelisted token, it returns 0 (the same index as the first real whitelisted token). As a result, the code silently updates poolColl.amounts[0], i.e., the balance slot of the first whitelisted asset—while actually transferring some other (unsupported) token."
2,1167ec3a176e,Medium,Input Validation,Invalid Validation,"ActivePool.sendCollaterals function internally call _sendCollateral, which uses whitelist.getIndex(_collateral) as if it were a validated lookup, but for a non-whitelisted token, it returns 0 (the same index as the first real whitelisted token). As a result, the code silently updates poolColl.amounts[0], i.e., the balance slot of the first whitelisted asset—while actually transferring some other (unsupported) token."
3,2c5e13b4e147,Medium,Input Validation,Invalid Validation,"ActivePool.sendCollaterals function internally call _sendCollateral, which uses whitelist.getIndex(_collateral) as if it were a validated lookup, but for a non-whitelisted token, it returns 0 (the same index as the first real whitelisted token). As a result, the code silently updates poolColl.amounts[0], i.e., the balance slot of the first whitelisted asset—while actually transferring some other (unsupported) token."
4,b2a8c124d062,Medium,Input Validation,Invalid Validation,"ActivePool.sendCollaterals function internally call _sendCollateral, which uses whitelist.getIndex(_collateral) as if it were a validated lookup, but for a non-whitelisted token, it returns 0 (the same index as the first real whitelisted token). As a result, the code silently updates poolColl.amounts[0], i.e., the balance slot of the first whitelisted asset—while actually transferring some other (unsupported) token."
5,af8e4af75dc2,Medium,Input Validation,Invalid Validation,"ActivePool.sendCollaterals function internally call _sendCollateral, which uses whitelist.getIndex(_collateral) as if it were a validated lookup, but for a non-whitelisted token, it returns 0 (the same index as the first real whitelisted token). As a result, the code silently updates poolColl.amounts[0], i.e., the balance slot of the first whitelisted asset—while actually transferring some other (unsupported) token."
6,348856fe60ac,Medium,Input Validation,Invalid Validation,"ActivePool.sendCollaterals function internally call _sendCollateral, which uses whitelist.getIndex(_collateral) as if it were a validated lookup, but for a non-whitelisted token, it returns 0 (the same index as the first real whitelisted token). As a result, the code silently updates poolColl.amounts[0], i.e., the balance slot of the first whitelisted asset—while actually transferring some other (unsupported) token."
7,b155c4de6012,Medium,Input Validation,Invalid Validation,"ActivePool.sendCollaterals function internally call _sendCollateral, which uses whitelist.getIndex(_collateral) as if it were a validated lookup, but for a non-whitelisted token, it returns 0 (the same index as the first real whitelisted token). As a result, the code silently updates poolColl.amounts[0], i.e., the balance slot of the first whitelisted asset—while actually transferring some other (unsupported) token."
8,592eed5791df,Medium,Input Validation,Invalid Validation,"ActivePool.sendCollaterals function internally call _sendCollateral, which uses whitelist.getIndex(_collateral) as if it were a validated lookup, but for a non-whitelisted token, it returns 0 (the same index as the first real whitelisted token). As a result, the code silently updates poolColl.amounts[0], i.e., the balance slot of the first whitelisted asset—while actually transferring some other (unsupported) token."
9,804fe35b0164,Medium,Input Validation,Invalid Validation,"ActivePool.sendCollaterals function internally call _sendCollateral, which uses whitelist.getIndex(_collateral) as if it were a validated lookup, but for a non-whitelisted token, it returns 0 (the same index as the first real whitelisted token). As a result, the code silently updates poolColl.amounts[0], i.e., the balance slot of the first whitelisted asset—while actually transferring some other (unsupported) token."
10,98b7c1691811,Medium,Input Validation,Invalid Validation,"ActivePool.sendCollaterals function internally call _sendCollateral, which uses whitelist.getIndex(_collateral) as if it were a validated lookup, but for a non-whitelisted token, it returns 0 (the same index as the first real whitelisted token). As a result, the code silently updates poolColl.amounts[0], i.e., the balance slot of the first whitelisted asset—while actually transferring some other (unsupported) token."
11,b7fc4d82013a,Medium,Input Validation,Invalid Validation,"ActivePool.sendCollaterals function internally call _sendCollateral, which uses whitelist.getIndex(_collateral) as if it were a validated lookup, but for a non-whitelisted token, it returns 0 (the same index as the first real whitelisted token). As a result, the code silently updates poolColl.amounts[0], i.e., the balance slot of the first whitelisted asset—while actually transferring some other (unsupported) token."
12,c20104cb90d7,Medium,Input Validation,Invalid Validation,"ActivePool.sendCollaterals function internally call _sendCollateral, which uses whitelist.getIndex(_collateral) as if it were a validated lookup, but for a non-whitelisted token, it returns 0 (the same index as the first real whitelisted token). As a result, the code silently updates poolColl.amounts[0], i.e., the balance slot of the first whitelisted asset—while actually transferring some other (unsupported) token."
13,1d8f1f43cde9,Medium,Input Validation,Invalid Validation,"ActivePool.sendCollaterals function internally call _sendCollateral, which uses whitelist.getIndex(_collateral) as if it were a validated lookup, but for a non-whitelisted token, it returns 0 (the same index as the first real whitelisted token). As a result, the code silently updates poolColl.amounts[0], i.e., the balance slot of the first whitelisted asset—while actually transferring some other (unsupported) token."
14,9cc1dc4ae06a,Medium,Input Validation,Invalid Validation,"ActivePool.sendCollaterals function internally call _sendCollateral, which uses whitelist.getIndex(_collateral) as if it were a validated lookup, but for a non-whitelisted token, it returns 0 (the same index as the first real whitelisted token). As a result, the code silently updates poolColl.amounts[0], i.e., the balance slot of the first whitelisted asset—while actually transferring some other (unsupported) token."
15,c2426a2ab283,Medium,Input Validation,Invalid Validation,"ActivePool.sendCollaterals function internally call _sendCollateral, which uses whitelist.getIndex(_collateral) as if it were a validated lookup, but for a non-whitelisted token, it returns 0 (the same index as the first real whitelisted token). As a result, the code silently updates poolColl.amounts[0], i.e., the balance slot of the first whitelisted asset—while actually transferring some other (unsupported) token."
16,d562802cb53a,Medium,Input Validation,Invalid Validation,"ActivePool.sendCollaterals function internally call _sendCollateral, which uses whitelist.getIndex(_collateral) as if it were a validated lookup, but for a non-whitelisted token, it returns 0 (the same index as the first real whitelisted token). As a result, the code silently updates poolColl.amounts[0], i.e., the balance slot of the first whitelisted asset—while actually transferring some other (unsupported) token."
17,dd17040a53bc,Medium,Input Validation,Invalid Validation,"ActivePool.sendCollaterals function internally call _sendCollateral, which uses whitelist.getIndex(_collateral) as if it were a validated lookup, but for a non-whitelisted token, it returns 0 (the same index as the first real whitelisted token). As a result, the code silently updates poolColl.amounts[0], i.e., the balance slot of the first whitelisted asset—while actually transferring some other (unsupported) token."
18,e99e64a8abf1,Medium,Input Validation,Invalid Validation,"ActivePool.sendCollaterals function internally call _sendCollateral, which uses whitelist.getIndex(_collateral) as if it were a validated lookup, but for a non-whitelisted token, it returns 0 (the same index as the first real whitelisted token). As a result, the code silently updates poolColl.amounts[0], i.e., the balance slot of the first whitelisted asset—while actually transferring some other (unsupported) token."
19,a1ee58021528,Medium,Input Validation,Invalid Validation,"ActivePool.sendCollaterals function internally call _sendCollateral, which uses whitelist.getIndex(_collateral) as if it were a validated lookup, but for a non-whitelisted token, it returns 0 (the same index as the first real whitelisted token). As a result, the code silently updates poolColl.amounts[0], i.e., the balance slot of the first whitelisted asset—while actually transferring some other (unsupported) token."
20,40cc38c69cca,Medium,Accounting Error,State Update Inconsistency,"During initialization, there was no check to verify whether lpToken0 or lpToken1 was the same as output, which caused the trading fees accumulated during liquidity removal to be incorrectly counted toward the liquidity position and re-added. This resulted in LP rewards and fee distribution states being inconsistent with the actual assets."
21,e6e43dfea59f,Medium,Accounting Error,State Update Inconsistency,"During initialization, there was no check to verify whether lpToken0 or lpToken1 was the same as output, which caused the trading fees accumulated during liquidity removal to be incorrectly counted toward the liquidity position and re-added. This resulted in LP rewards and fee distribution states being inconsistent with the actual assets."
22,97843b77b287,Medium,Input Validation,Invalid Validation,"ActivePool.sendCollaterals function internally call _sendCollateral, which uses whitelist.getIndex(_collateral) as if it were a validated lookup, but for a non-whitelisted token, it returns 0 (the same index as the first real whitelisted token). As a result, the code silently updates poolColl.amounts[0], i.e., the balance slot of the first whitelisted asset—while actually transferring some other (unsupported) token."
23,099243e83259,Medium,Accounting Error,State Update Inconsistency,"During initialization, there was no check to verify whether lpToken0 or lpToken1 was the same as output, which caused the trading fees accumulated during liquidity removal to be incorrectly counted toward the liquidity position and re-added. This resulted in LP rewards and fee distribution states being inconsistent with the actual assets."
24,7bbe3d81960c,Medium,Input Validation,Invalid Validation,"ActivePool.sendCollaterals function internally call _sendCollateral, which uses whitelist.getIndex(_collateral) as if it were a validated lookup, but for a non-whitelisted token, it returns 0 (the same index as the first real whitelisted token). As a result, the code silently updates poolColl.amounts[0], i.e., the balance slot of the first whitelisted asset—while actually transferring some other (unsupported) token."
25,ba93b3b8d7cf,Medium,Input Validation,Invalid Validation,"ActivePool.sendCollaterals function internally call _sendCollateral, which uses whitelist.getIndex(_collateral) as if it were a validated lookup, but for a non-whitelisted token, it returns 0 (the same index as the first real whitelisted token). As a result, the code silently updates poolColl.amounts[0], i.e., the balance slot of the first whitelisted asset—while actually transferring some other (unsupported) token."
26,e7921851ec01,Medium,Input Validation,Invalid Validation,"ActivePool.sendCollaterals function internally call _sendCollateral, which uses whitelist.getIndex(_collateral) as if it were a validated lookup, but for a non-whitelisted token, it returns 0 (the same index as the first real whitelisted token). As a result, the code silently updates poolColl.amounts[0], i.e., the balance slot of the first whitelisted asset—while actually transferring some other (unsupported) token."
27,73f6a793d916,Medium,Input Validation,Invalid Validation,"ActivePool.sendCollaterals function internally call _sendCollateral, which uses whitelist.getIndex(_collateral) as if it were a validated lookup, but for a non-whitelisted token, it returns 0 (the same index as the first real whitelisted token). As a result, the code silently updates poolColl.amounts[0], i.e., the balance slot of the first whitelisted asset—while actually transferring some other (unsupported) token."
28,e169bbefc6e2,Medium,Input Validation,Invalid Validation,"ActivePool.sendCollaterals function internally call _sendCollateral, which uses whitelist.getIndex(_collateral) as if it were a validated lookup, but for a non-whitelisted token, it returns 0 (the same index as the first real whitelisted token). As a result, the code silently updates poolColl.amounts[0], i.e., the balance slot of the first whitelisted asset—while actually transferring some other (unsupported) token."
29,198fa93fabdd,Medium,Accounting Error,State Update Inconsistency,"During initialization, there was no check to verify whether lpToken0 or lpToken1 was the same as output, which caused the trading fees accumulated during liquidity removal to be incorrectly counted toward the liquidity position and re-added. This resulted in LP rewards and fee distribution states being inconsistent with the actual assets."
30,54405135ebf3,Medium,Accounting Error,State Update Inconsistency,"During initialization, there was no check to verify whether lpToken0 or lpToken1 was the same as output, which caused the trading fees accumulated during liquidity removal to be incorrectly counted toward the liquidity position and re-added. This resulted in LP rewards and fee distribution states being inconsistent with the actual assets."
31,8a20eb1e521f,Medium,Accounting Error,State Update Inconsistency,"During initialization, there was no check to verify whether lpToken0 or lpToken1 was the same as output, which caused the trading fees accumulated during liquidity removal to be incorrectly counted toward the liquidity position and re-added. This resulted in LP rewards and fee distribution states being inconsistent with the actual assets."
32,a8884f87db1a,Medium,Input Validation,Invalid Validation,"ActivePool.sendCollaterals function internally call _sendCollateral, which uses whitelist.getIndex(_collateral) as if it were a validated lookup, but for a non-whitelisted token, it returns 0 (the same index as the first real whitelisted token). As a result, the code silently updates poolColl.amounts[0], i.e., the balance slot of the first whitelisted asset—while actually transferring some other (unsupported) token."
33,fee749ecd513,Medium,Input Validation,Invalid Validation,"ActivePool.sendCollaterals function internally call _sendCollateral, which uses whitelist.getIndex(_collateral) as if it were a validated lookup, but for a non-whitelisted token, it returns 0 (the same index as the first real whitelisted token). As a result, the code silently updates poolColl.amounts[0], i.e., the balance slot of the first whitelisted asset—while actually transferring some other (unsupported) token."
34,0315ba9d8121,Medium,Accounting Error,State Update Inconsistency,"During initialization, there was no check to verify whether lpToken0 or lpToken1 was the same as output, which caused the trading fees accumulated during liquidity removal to be incorrectly counted toward the liquidity position and re-added. This resulted in LP rewards and fee distribution states being inconsistent with the actual assets."
35,1167ec3a176e,Medium,Accounting Error,State Update Inconsistency,"During initialization, there was no check to verify whether lpToken0 or lpToken1 was the same as output, which caused the trading fees accumulated during liquidity removal to be incorrectly counted toward the liquidity position and re-added. This resulted in LP rewards and fee distribution states being inconsistent with the actual assets."
36,2c5e13b4e147,Medium,Accounting Error,State Update Inconsistency,"During initialization, there was no check to verify whether lpToken0 or lpToken1 was the same as output, which caused the trading fees accumulated during liquidity removal to be incorrectly counted toward the liquidity position and re-added. This resulted in LP rewards and fee distribution states being inconsistent with the actual assets."
37,b2a8c124d062,Medium,Accounting Error,State Update Inconsistency,"During initialization, there was no check to verify whether lpToken0 or lpToken1 was the same as output, which caused the trading fees accumulated during liquidity removal to be incorrectly counted toward the liquidity position and re-added. This resulted in LP rewards and fee distribution states being inconsistent with the actual assets."
38,fa1836e0615e,Medium,Input Validation,Invalid Validation,"ActivePool.sendCollaterals function internally call _sendCollateral, which uses whitelist.getIndex(_collateral) as if it were a validated lookup, but for a non-whitelisted token, it returns 0 (the same index as the first real whitelisted token). As a result, the code silently updates poolColl.amounts[0], i.e., the balance slot of the first whitelisted asset—while actually transferring some other (unsupported) token."
39,af8e4af75dc2,Medium,Accounting Error,State Update Inconsistency,"During initialization, there was no check to verify whether lpToken0 or lpToken1 was the same as output, which caused the trading fees accumulated during liquidity removal to be incorrectly counted toward the liquidity position and re-added. This resulted in LP rewards and fee distribution states being inconsistent with the actual assets."
40,348856fe60ac,Medium,Accounting Error,State Update Inconsistency,"During initialization, there was no check to verify whether lpToken0 or lpToken1 was the same as output, which caused the trading fees accumulated during liquidity removal to be incorrectly counted toward the liquidity position and re-added. This resulted in LP rewards and fee distribution states being inconsistent with the actual assets."
41,b155c4de6012,Medium,Accounting Error,State Update Inconsistency,"During initialization, there was no check to verify whether lpToken0 or lpToken1 was the same as output, which caused the trading fees accumulated during liquidity removal to be incorrectly counted toward the liquidity position and re-added. This resulted in LP rewards and fee distribution states being inconsistent with the actual assets."
42,03196f805abb,Medium,Input Validation,Invalid Validation,"ActivePool.sendCollaterals function internally call _sendCollateral, which uses whitelist.getIndex(_collateral) as if it were a validated lookup, but for a non-whitelisted token, it returns 0 (the same index as the first real whitelisted token). As a result, the code silently updates poolColl.amounts[0], i.e., the balance slot of the first whitelisted asset—while actually transferring some other (unsupported) token."
43,9ddd6b83c27e,Medium,Input Validation,Invalid Validation,"ActivePool.sendCollaterals function internally call _sendCollateral, which uses whitelist.getIndex(_collateral) as if it were a validated lookup, but for a non-whitelisted token, it returns 0 (the same index as the first real whitelisted token). As a result, the code silently updates poolColl.amounts[0], i.e., the balance slot of the first whitelisted asset—while actually transferring some other (unsupported) token."
44,592eed5791df,Medium,Accounting Error,State Update Inconsistency,"During initialization, there was no check to verify whether lpToken0 or lpToken1 was the same as output, which caused the trading fees accumulated during liquidity removal to be incorrectly counted toward the liquidity position and re-added. This resulted in LP rewards and fee distribution states being inconsistent with the actual assets."
45,804fe35b0164,Medium,Accounting Error,State Update Inconsistency,"During initialization, there was no check to verify whether lpToken0 or lpToken1 was the same as output, which caused the trading fees accumulated during liquidity removal to be incorrectly counted toward the liquidity position and re-added. This resulted in LP rewards and fee distribution states being inconsistent with the actual assets."
46,98b7c1691811,Medium,Accounting Error,State Update Inconsistency,"During initialization, there was no check to verify whether lpToken0 or lpToken1 was the same as output, which caused the trading fees accumulated during liquidity removal to be incorrectly counted toward the liquidity position and re-added. This resulted in LP rewards and fee distribution states being inconsistent with the actual assets."
47,b7fc4d82013a,Medium,Accounting Error,State Update Inconsistency,"During initialization, there was no check to verify whether lpToken0 or lpToken1 was the same as output, which caused the trading fees accumulated during liquidity removal to be incorrectly counted toward the liquidity position and re-added. This resulted in LP rewards and fee distribution states being inconsistent with the actual assets."
48,c20104cb90d7,Medium,Accounting Error,State Update Inconsistency,"During initialization, there was no check to verify whether lpToken0 or lpToken1 was the same as output, which caused the trading fees accumulated during liquidity removal to be incorrectly counted toward the liquidity position and re-added. This resulted in LP rewards and fee distribution states being inconsistent with the actual assets."
49,4ef0b4d678ab,Medium,Input Validation,Invalid Validation,"ActivePool.sendCollaterals function internally call _sendCollateral, which uses whitelist.getIndex(_collateral) as if it were a validated lookup, but for a non-whitelisted token, it returns 0 (the same index as the first real whitelisted token). As a result, the code silently updates poolColl.amounts[0], i.e., the balance slot of the first whitelisted asset—while actually transferring some other (unsupported) token."
50,8f18f7d5c396,Medium,Input Validation,Invalid Validation,"ActivePool.sendCollaterals function internally call _sendCollateral, which uses whitelist.getIndex(_collateral) as if it were a validated lookup, but for a non-whitelisted token, it returns 0 (the same index as the first real whitelisted token). As a result, the code silently updates poolColl.amounts[0], i.e., the balance slot of the first whitelisted asset—while actually transferring some other (unsupported) token."
51,a3e15237ea08,Medium,Input Validation,Invalid Validation,"ActivePool.sendCollaterals function internally call _sendCollateral, which uses whitelist.getIndex(_collateral) as if it were a validated lookup, but for a non-whitelisted token, it returns 0 (the same index as the first real whitelisted token). As a result, the code silently updates poolColl.amounts[0], i.e., the balance slot of the first whitelisted asset—while actually transferring some other (unsupported) token."
52,1d8f1f43cde9,Medium,Accounting Error,State Update Inconsistency,"During initialization, there was no check to verify whether lpToken0 or lpToken1 was the same as output, which caused the trading fees accumulated during liquidity removal to be incorrectly counted toward the liquidity position and re-added. This resulted in LP rewards and fee distribution states being inconsistent with the actual assets."
53,9cc1dc4ae06a,Medium,Accounting Error,State Update Inconsistency,"During initialization, there was no check to verify whether lpToken0 or lpToken1 was the same as output, which caused the trading fees accumulated during liquidity removal to be incorrectly counted toward the liquidity position and re-added. This resulted in LP rewards and fee distribution states being inconsistent with the actual assets."
54,c2426a2ab283,Medium,Accounting Error,State Update Inconsistency,"During initialization, there was no check to verify whether lpToken0 or lpToken1 was the same as output, which caused the trading fees accumulated during liquidity removal to be incorrectly counted toward the liquidity position and re-added. This resulted in LP rewards and fee distribution states being inconsistent with the actual assets."
55,d562802cb53a,Medium,Accounting Error,State Update Inconsistency,"During initialization, there was no check to verify whether lpToken0 or lpToken1 was the same as output, which caused the trading fees accumulated during liquidity removal to be incorrectly counted toward the liquidity position and re-added. This resulted in LP rewards and fee distribution states being inconsistent with the actual assets."
56,dd17040a53bc,Medium,Accounting Error,State Update Inconsistency,"During initialization, there was no check to verify whether lpToken0 or lpToken1 was the same as output, which caused the trading fees accumulated during liquidity removal to be incorrectly counted toward the liquidity position and re-added. This resulted in LP rewards and fee distribution states being inconsistent with the actual assets."
57,e99e64a8abf1,Medium,Accounting Error,State Update Inconsistency,"During initialization, there was no check to verify whether lpToken0 or lpToken1 was the same as output, which caused the trading fees accumulated during liquidity removal to be incorrectly counted toward the liquidity position and re-added. This resulted in LP rewards and fee distribution states being inconsistent with the actual assets."
58,a1ee58021528,Medium,Accounting Error,State Update Inconsistency,"During initialization, there was no check to verify whether lpToken0 or lpToken1 was the same as output, which caused the trading fees accumulated during liquidity removal to be incorrectly counted toward the liquidity position and re-added. This resulted in LP rewards and fee distribution states being inconsistent with the actual assets."
59,97843b77b287,Medium,Accounting Error,State Update Inconsistency,"During initialization, there was no check to verify whether lpToken0 or lpToken1 was the same as output, which caused the trading fees accumulated during liquidity removal to be incorrectly counted toward the liquidity position and re-added. This resulted in LP rewards and fee distribution states being inconsistent with the actual assets."
60,ee25ec7abd40,Medium,Input Validation,Invalid Validation,"ActivePool.sendCollaterals function internally call _sendCollateral, which uses whitelist.getIndex(_collateral) as if it were a validated lookup, but for a non-whitelisted token, it returns 0 (the same index as the first real whitelisted token). As a result, the code silently updates poolColl.amounts[0], i.e., the balance slot of the first whitelisted asset—while actually transferring some other (unsupported) token."
61,1d8f1f43cde9,Medium,DoS,Bad Condition,"castDisapproval() only checks if the proposal is in the ""queued"" state in _preCastAssertions() and does not simultaneously check block.timestamp < minExecutionTime. This allows a proposal to be voted against even when it has reached the executable time, causing the proposal to immediately transition to a rejected state and resulting in a failed execution."
62,9cc1dc4ae06a,Medium,DoS,Bad Condition,"castDisapproval() only checks if the proposal is in the ""queued"" state in _preCastAssertions() and does not simultaneously check block.timestamp < minExecutionTime. This allows a proposal to be voted against even when it has reached the executable time, causing the proposal to immediately transition to a rejected state and resulting in a failed execution."
63,c2426a2ab283,Medium,DoS,Bad Condition,"castDisapproval() only checks if the proposal is in the ""queued"" state in _preCastAssertions() and does not simultaneously check block.timestamp < minExecutionTime. This allows a proposal to be voted against even when it has reached the executable time, causing the proposal to immediately transition to a rejected state and resulting in a failed execution."
64,7bbe3d81960c,Medium,Accounting Error,State Update Inconsistency,"During initialization, there was no check to verify whether lpToken0 or lpToken1 was the same as output, which caused the trading fees accumulated during liquidity removal to be incorrectly counted toward the liquidity position and re-added. This resulted in LP rewards and fee distribution states being inconsistent with the actual assets."
65,ba93b3b8d7cf,Medium,Accounting Error,State Update Inconsistency,"During initialization, there was no check to verify whether lpToken0 or lpToken1 was the same as output, which caused the trading fees accumulated during liquidity removal to be incorrectly counted toward the liquidity position and re-added. This resulted in LP rewards and fee distribution states being inconsistent with the actual assets."
66,e7921851ec01,Medium,Accounting Error,State Update Inconsistency,"During initialization, there was no check to verify whether lpToken0 or lpToken1 was the same as output, which caused the trading fees accumulated during liquidity removal to be incorrectly counted toward the liquidity position and re-added. This resulted in LP rewards and fee distribution states being inconsistent with the actual assets."
67,73f6a793d916,Medium,Accounting Error,State Update Inconsistency,"During initialization, there was no check to verify whether lpToken0 or lpToken1 was the same as output, which caused the trading fees accumulated during liquidity removal to be incorrectly counted toward the liquidity position and re-added. This resulted in LP rewards and fee distribution states being inconsistent with the actual assets."
68,e169bbefc6e2,Medium,Accounting Error,State Update Inconsistency,"During initialization, there was no check to verify whether lpToken0 or lpToken1 was the same as output, which caused the trading fees accumulated during liquidity removal to be incorrectly counted toward the liquidity position and re-added. This resulted in LP rewards and fee distribution states being inconsistent with the actual assets."
69,d562802cb53a,Medium,DoS,Bad Condition,"castDisapproval() only checks if the proposal is in the ""queued"" state in _preCastAssertions() and does not simultaneously check block.timestamp < minExecutionTime. This allows a proposal to be voted against even when it has reached the executable time, causing the proposal to immediately transition to a rejected state and resulting in a failed execution."
70,dd17040a53bc,Medium,DoS,Bad Condition,"castDisapproval() only checks if the proposal is in the ""queued"" state in _preCastAssertions() and does not simultaneously check block.timestamp < minExecutionTime. This allows a proposal to be voted against even when it has reached the executable time, causing the proposal to immediately transition to a rejected state and resulting in a failed execution."
71,e99e64a8abf1,Medium,DoS,Bad Condition,"castDisapproval() only checks if the proposal is in the ""queued"" state in _preCastAssertions() and does not simultaneously check block.timestamp < minExecutionTime. This allows a proposal to be voted against even when it has reached the executable time, causing the proposal to immediately transition to a rejected state and resulting in a failed execution."
72,a8884f87db1a,Medium,Accounting Error,State Update Inconsistency,"During initialization, there was no check to verify whether lpToken0 or lpToken1 was the same as output, which caused the trading fees accumulated during liquidity removal to be incorrectly counted toward the liquidity position and re-added. This resulted in LP rewards and fee distribution states being inconsistent with the actual assets."
73,fee749ecd513,Medium,Accounting Error,State Update Inconsistency,"During initialization, there was no check to verify whether lpToken0 or lpToken1 was the same as output, which caused the trading fees accumulated during liquidity removal to be incorrectly counted toward the liquidity position and re-added. This resulted in LP rewards and fee distribution states being inconsistent with the actual assets."
74,a1ee58021528,Medium,DoS,Bad Condition,"castDisapproval() only checks if the proposal is in the ""queued"" state in _preCastAssertions() and does not simultaneously check block.timestamp < minExecutionTime. This allows a proposal to be voted against even when it has reached the executable time, causing the proposal to immediately transition to a rejected state and resulting in a failed execution."
75,fa1836e0615e,Medium,Accounting Error,State Update Inconsistency,"During initialization, there was no check to verify whether lpToken0 or lpToken1 was the same as output, which caused the trading fees accumulated during liquidity removal to be incorrectly counted toward the liquidity position and re-added. This resulted in LP rewards and fee distribution states being inconsistent with the actual assets."
76,bb3018c8812c,Medium,Input Validation,Invalid Validation,"ActivePool.sendCollaterals function internally call _sendCollateral, which uses whitelist.getIndex(_collateral) as if it were a validated lookup, but for a non-whitelisted token, it returns 0 (the same index as the first real whitelisted token). As a result, the code silently updates poolColl.amounts[0], i.e., the balance slot of the first whitelisted asset—while actually transferring some other (unsupported) token."
77,97843b77b287,Medium,DoS,Bad Condition,"castDisapproval() only checks if the proposal is in the ""queued"" state in _preCastAssertions() and does not simultaneously check block.timestamp < minExecutionTime. This allows a proposal to be voted against even when it has reached the executable time, causing the proposal to immediately transition to a rejected state and resulting in a failed execution."
78,7bbe3d81960c,Medium,DoS,Bad Condition,"castDisapproval() only checks if the proposal is in the ""queued"" state in _preCastAssertions() and does not simultaneously check block.timestamp < minExecutionTime. This allows a proposal to be voted against even when it has reached the executable time, causing the proposal to immediately transition to a rejected state and resulting in a failed execution."
79,ba93b3b8d7cf,Medium,DoS,Bad Condition,"castDisapproval() only checks if the proposal is in the ""queued"" state in _preCastAssertions() and does not simultaneously check block.timestamp < minExecutionTime. This allows a proposal to be voted against even when it has reached the executable time, causing the proposal to immediately transition to a rejected state and resulting in a failed execution."
80,e7921851ec01,Medium,DoS,Bad Condition,"castDisapproval() only checks if the proposal is in the ""queued"" state in _preCastAssertions() and does not simultaneously check block.timestamp < minExecutionTime. This allows a proposal to be voted against even when it has reached the executable time, causing the proposal to immediately transition to a rejected state and resulting in a failed execution."
81,03196f805abb,Medium,Accounting Error,State Update Inconsistency,"During initialization, there was no check to verify whether lpToken0 or lpToken1 was the same as output, which caused the trading fees accumulated during liquidity removal to be incorrectly counted toward the liquidity position and re-added. This resulted in LP rewards and fee distribution states being inconsistent with the actual assets."
82,9ddd6b83c27e,Medium,Accounting Error,State Update Inconsistency,"During initialization, there was no check to verify whether lpToken0 or lpToken1 was the same as output, which caused the trading fees accumulated during liquidity removal to be incorrectly counted toward the liquidity position and re-added. This resulted in LP rewards and fee distribution states being inconsistent with the actual assets."
83,73f6a793d916,Medium,DoS,Bad Condition,"castDisapproval() only checks if the proposal is in the ""queued"" state in _preCastAssertions() and does not simultaneously check block.timestamp < minExecutionTime. This allows a proposal to be voted against even when it has reached the executable time, causing the proposal to immediately transition to a rejected state and resulting in a failed execution."
84,e169bbefc6e2,Medium,DoS,Bad Condition,"castDisapproval() only checks if the proposal is in the ""queued"" state in _preCastAssertions() and does not simultaneously check block.timestamp < minExecutionTime. This allows a proposal to be voted against even when it has reached the executable time, causing the proposal to immediately transition to a rejected state and resulting in a failed execution."
85,d9b35c0c87a4,Medium,Input Validation,Invalid Validation,"ActivePool.sendCollaterals function internally call _sendCollateral, which uses whitelist.getIndex(_collateral) as if it were a validated lookup, but for a non-whitelisted token, it returns 0 (the same index as the first real whitelisted token). As a result, the code silently updates poolColl.amounts[0], i.e., the balance slot of the first whitelisted asset—while actually transferring some other (unsupported) token."
86,a8884f87db1a,Medium,DoS,Bad Condition,"castDisapproval() only checks if the proposal is in the ""queued"" state in _preCastAssertions() and does not simultaneously check block.timestamp < minExecutionTime. This allows a proposal to be voted against even when it has reached the executable time, causing the proposal to immediately transition to a rejected state and resulting in a failed execution."
87,fee749ecd513,Medium,DoS,Bad Condition,"castDisapproval() only checks if the proposal is in the ""queued"" state in _preCastAssertions() and does not simultaneously check block.timestamp < minExecutionTime. This allows a proposal to be voted against even when it has reached the executable time, causing the proposal to immediately transition to a rejected state and resulting in a failed execution."
88,fa1836e0615e,Medium,DoS,Bad Condition,"castDisapproval() only checks if the proposal is in the ""queued"" state in _preCastAssertions() and does not simultaneously check block.timestamp < minExecutionTime. This allows a proposal to be voted against even when it has reached the executable time, causing the proposal to immediately transition to a rejected state and resulting in a failed execution."
89,54405135ebf3,Medium,Input Validation,Invalid Validation,"ActivePool.sendCollaterals function internally call _sendCollateral, which uses whitelist.getIndex(_collateral) as if it were a validated lookup, but for a non-whitelisted token, it returns 0 (the same index as the first real whitelisted token). As a result, the code silently updates poolColl.amounts[0], i.e., the balance slot of the first whitelisted asset—while actually transferring some other (unsupported) token."
90,ee25ec7abd40,Medium,Accounting Error,State Update Inconsistency,"During initialization, there was no check to verify whether lpToken0 or lpToken1 was the same as output, which caused the trading fees accumulated during liquidity removal to be incorrectly counted toward the liquidity position and re-added. This resulted in LP rewards and fee distribution states being inconsistent with the actual assets."
91,198fa93fabdd,High,Input Validation,Invalid Validation,"verify does not handle the case where ecrecover returns address(0) for invalid signatures, so setting signer/maker to address(0) can make arbitrary signatures pass and bypass authorization. In addition, idToOwner defaults unminted tokenIds to address(0), letting attackers target non-minted NFTs within the trade/transfer flow."
92,54405135ebf3,High,Input Validation,Invalid Validation,"verify does not handle the case where ecrecover returns address(0) for invalid signatures, so setting signer/maker to address(0) can make arbitrary signatures pass and bypass authorization. In addition, idToOwner defaults unminted tokenIds to address(0), letting attackers target non-minted NFTs within the trade/transfer flow."
93,8a20eb1e521f,High,Input Validation,Invalid Validation,"verify does not handle the case where ecrecover returns address(0) for invalid signatures, so setting signer/maker to address(0) can make arbitrary signatures pass and bypass authorization. In addition, idToOwner defaults unminted tokenIds to address(0), letting attackers target non-minted NFTs within the trade/transfer flow."
94,27c6f2a68058,Medium,Input Validation,Invalid Validation,"ActivePool.sendCollaterals function internally call _sendCollateral, which uses whitelist.getIndex(_collateral) as if it were a validated lookup, but for a non-whitelisted token, it returns 0 (the same index as the first real whitelisted token). As a result, the code silently updates poolColl.amounts[0], i.e., the balance slot of the first whitelisted asset—while actually transferring some other (unsupported) token."
95,03196f805abb,Medium,DoS,Bad Condition,"castDisapproval() only checks if the proposal is in the ""queued"" state in _preCastAssertions() and does not simultaneously check block.timestamp < minExecutionTime. This allows a proposal to be voted against even when it has reached the executable time, causing the proposal to immediately transition to a rejected state and resulting in a failed execution."
96,9ddd6b83c27e,Medium,DoS,Bad Condition,"castDisapproval() only checks if the proposal is in the ""queued"" state in _preCastAssertions() and does not simultaneously check block.timestamp < minExecutionTime. This allows a proposal to be voted against even when it has reached the executable time, causing the proposal to immediately transition to a rejected state and resulting in a failed execution."
97,0315ba9d8121,High,Input Validation,Invalid Validation,"verify does not handle the case where ecrecover returns address(0) for invalid signatures, so setting signer/maker to address(0) can make arbitrary signatures pass and bypass authorization. In addition, idToOwner defaults unminted tokenIds to address(0), letting attackers target non-minted NFTs within the trade/transfer flow."
98,1167ec3a176e,High,Input Validation,Invalid Validation,"verify does not handle the case where ecrecover returns address(0) for invalid signatures, so setting signer/maker to address(0) can make arbitrary signatures pass and bypass authorization. In addition, idToOwner defaults unminted tokenIds to address(0), letting attackers target non-minted NFTs within the trade/transfer flow."
99,2c5e13b4e147,High,Input Validation,Invalid Validation,"verify does not handle the case where ecrecover returns address(0) for invalid signatures, so setting signer/maker to address(0) can make arbitrary signatures pass and bypass authorization. In addition, idToOwner defaults unminted tokenIds to address(0), letting attackers target non-minted NFTs within the trade/transfer flow."
100,b2a8c124d062,High,Input Validation,Invalid Validation,"verify does not handle the case where ecrecover returns address(0) for invalid signatures, so setting signer/maker to address(0) can make arbitrary signatures pass and bypass authorization. In addition, idToOwner defaults unminted tokenIds to address(0), letting attackers target non-minted NFTs within the trade/transfer flow."
101,4ef0b4d678ab,Medium,DoS,Bad Condition,"castDisapproval() only checks if the proposal is in the ""queued"" state in _preCastAssertions() and does not simultaneously check block.timestamp < minExecutionTime. This allows a proposal to be voted against even when it has reached the executable time, causing the proposal to immediately transition to a rejected state and resulting in a failed execution."
102,8f18f7d5c396,Medium,DoS,Bad Condition,"castDisapproval() only checks if the proposal is in the ""queued"" state in _preCastAssertions() and does not simultaneously check block.timestamp < minExecutionTime. This allows a proposal to be voted against even when it has reached the executable time, causing the proposal to immediately transition to a rejected state and resulting in a failed execution."
103,a3e15237ea08,Medium,DoS,Bad Condition,"castDisapproval() only checks if the proposal is in the ""queued"" state in _preCastAssertions() and does not simultaneously check block.timestamp < minExecutionTime. This allows a proposal to be voted against even when it has reached the executable time, causing the proposal to immediately transition to a rejected state and resulting in a failed execution."
104,af8e4af75dc2,High,Input Validation,Invalid Validation,"verify does not handle the case where ecrecover returns address(0) for invalid signatures, so setting signer/maker to address(0) can make arbitrary signatures pass and bypass authorization. In addition, idToOwner defaults unminted tokenIds to address(0), letting attackers target non-minted NFTs within the trade/transfer flow."
105,348856fe60ac,High,Input Validation,Invalid Validation,"verify does not handle the case where ecrecover returns address(0) for invalid signatures, so setting signer/maker to address(0) can make arbitrary signatures pass and bypass authorization. In addition, idToOwner defaults unminted tokenIds to address(0), letting attackers target non-minted NFTs within the trade/transfer flow."
106,b155c4de6012,High,Input Validation,Invalid Validation,"verify does not handle the case where ecrecover returns address(0) for invalid signatures, so setting signer/maker to address(0) can make arbitrary signatures pass and bypass authorization. In addition, idToOwner defaults unminted tokenIds to address(0), letting attackers target non-minted NFTs within the trade/transfer flow."
107,afa60bc8003d,Medium,Input Validation,Invalid Validation,"ActivePool.sendCollaterals function internally call _sendCollateral, which uses whitelist.getIndex(_collateral) as if it were a validated lookup, but for a non-whitelisted token, it returns 0 (the same index as the first real whitelisted token). As a result, the code silently updates poolColl.amounts[0], i.e., the balance slot of the first whitelisted asset—while actually transferring some other (unsupported) token."
108,bb3018c8812c,Medium,Accounting Error,State Update Inconsistency,"During initialization, there was no check to verify whether lpToken0 or lpToken1 was the same as output, which caused the trading fees accumulated during liquidity removal to be incorrectly counted toward the liquidity position and re-added. This resulted in LP rewards and fee distribution states being inconsistent with the actual assets."
109,592eed5791df,High,Input Validation,Invalid Validation,"verify does not handle the case where ecrecover returns address(0) for invalid signatures, so setting signer/maker to address(0) can make arbitrary signatures pass and bypass authorization. In addition, idToOwner defaults unminted tokenIds to address(0), letting attackers target non-minted NFTs within the trade/transfer flow."
110,804fe35b0164,High,Input Validation,Invalid Validation,"verify does not handle the case where ecrecover returns address(0) for invalid signatures, so setting signer/maker to address(0) can make arbitrary signatures pass and bypass authorization. In addition, idToOwner defaults unminted tokenIds to address(0), letting attackers target non-minted NFTs within the trade/transfer flow."
111,98b7c1691811,High,Input Validation,Invalid Validation,"verify does not handle the case where ecrecover returns address(0) for invalid signatures, so setting signer/maker to address(0) can make arbitrary signatures pass and bypass authorization. In addition, idToOwner defaults unminted tokenIds to address(0), letting attackers target non-minted NFTs within the trade/transfer flow."
112,b7fc4d82013a,High,Input Validation,Invalid Validation,"verify does not handle the case where ecrecover returns address(0) for invalid signatures, so setting signer/maker to address(0) can make arbitrary signatures pass and bypass authorization. In addition, idToOwner defaults unminted tokenIds to address(0), letting attackers target non-minted NFTs within the trade/transfer flow."
113,c20104cb90d7,High,Input Validation,Invalid Validation,"verify does not handle the case where ecrecover returns address(0) for invalid signatures, so setting signer/maker to address(0) can make arbitrary signatures pass and bypass authorization. In addition, idToOwner defaults unminted tokenIds to address(0), letting attackers target non-minted NFTs within the trade/transfer flow."
114,27c6f2a68058,Medium,DoS,Bad Condition,"castDisapproval() only checks if the proposal is in the ""queued"" state in _preCastAssertions() and does not simultaneously check block.timestamp < minExecutionTime. This allows a proposal to be voted against even when it has reached the executable time, causing the proposal to immediately transition to a rejected state and resulting in a failed execution."
115,1d8f1f43cde9,High,Input Validation,Invalid Validation,"verify does not handle the case where ecrecover returns address(0) for invalid signatures, so setting signer/maker to address(0) can make arbitrary signatures pass and bypass authorization. In addition, idToOwner defaults unminted tokenIds to address(0), letting attackers target non-minted NFTs within the trade/transfer flow."
116,9cc1dc4ae06a,High,Input Validation,Invalid Validation,"verify does not handle the case where ecrecover returns address(0) for invalid signatures, so setting signer/maker to address(0) can make arbitrary signatures pass and bypass authorization. In addition, idToOwner defaults unminted tokenIds to address(0), letting attackers target non-minted NFTs within the trade/transfer flow."
117,c2426a2ab283,High,Input Validation,Invalid Validation,"verify does not handle the case where ecrecover returns address(0) for invalid signatures, so setting signer/maker to address(0) can make arbitrary signatures pass and bypass authorization. In addition, idToOwner defaults unminted tokenIds to address(0), letting attackers target non-minted NFTs within the trade/transfer flow."
118,485f7b9ccb0a,Medium,Input Validation,Invalid Validation,"ActivePool.sendCollaterals function internally call _sendCollateral, which uses whitelist.getIndex(_collateral) as if it were a validated lookup, but for a non-whitelisted token, it returns 0 (the same index as the first real whitelisted token). As a result, the code silently updates poolColl.amounts[0], i.e., the balance slot of the first whitelisted asset—while actually transferring some other (unsupported) token."
119,51c6dc5fd57f,Medium,DoS,Bad Condition,"castDisapproval() only checks if the proposal is in the ""queued"" state in _preCastAssertions() and does not simultaneously check block.timestamp < minExecutionTime. This allows a proposal to be voted against even when it has reached the executable time, causing the proposal to immediately transition to a rejected state and resulting in a failed execution."
120,ee25ec7abd40,Medium,DoS,Bad Condition,"castDisapproval() only checks if the proposal is in the ""queued"" state in _preCastAssertions() and does not simultaneously check block.timestamp < minExecutionTime. This allows a proposal to be voted against even when it has reached the executable time, causing the proposal to immediately transition to a rejected state and resulting in a failed execution."
121,a3e15237ea08,Medium,Accounting Error,State Update Inconsistency,"During initialization, there was no check to verify whether lpToken0 or lpToken1 was the same as output, which caused the trading fees accumulated during liquidity removal to be incorrectly counted toward the liquidity position and re-added. This resulted in LP rewards and fee distribution states being inconsistent with the actual assets."
122,d9b35c0c87a4,Medium,Accounting Error,State Update Inconsistency,"During initialization, there was no check to verify whether lpToken0 or lpToken1 was the same as output, which caused the trading fees accumulated during liquidity removal to be incorrectly counted toward the liquidity position and re-added. This resulted in LP rewards and fee distribution states being inconsistent with the actual assets."
123,a4d91fb1550f,Medium,Input Validation,Invalid Validation,"ActivePool.sendCollaterals function internally call _sendCollateral, which uses whitelist.getIndex(_collateral) as if it were a validated lookup, but for a non-whitelisted token, it returns 0 (the same index as the first real whitelisted token). As a result, the code silently updates poolColl.amounts[0], i.e., the balance slot of the first whitelisted asset—while actually transferring some other (unsupported) token."
124,e0d2d83ea351,Medium,DoS,Bad Condition,"castDisapproval() only checks if the proposal is in the ""queued"" state in _preCastAssertions() and does not simultaneously check block.timestamp < minExecutionTime. This allows a proposal to be voted against even when it has reached the executable time, causing the proposal to immediately transition to a rejected state and resulting in a failed execution."
125,d562802cb53a,High,Input Validation,Invalid Validation,"verify does not handle the case where ecrecover returns address(0) for invalid signatures, so setting signer/maker to address(0) can make arbitrary signatures pass and bypass authorization. In addition, idToOwner defaults unminted tokenIds to address(0), letting attackers target non-minted NFTs within the trade/transfer flow."
126,dd17040a53bc,High,Input Validation,Invalid Validation,"verify does not handle the case where ecrecover returns address(0) for invalid signatures, so setting signer/maker to address(0) can make arbitrary signatures pass and bypass authorization. In addition, idToOwner defaults unminted tokenIds to address(0), letting attackers target non-minted NFTs within the trade/transfer flow."
127,e99e64a8abf1,High,Input Validation,Invalid Validation,"verify does not handle the case where ecrecover returns address(0) for invalid signatures, so setting signer/maker to address(0) can make arbitrary signatures pass and bypass authorization. In addition, idToOwner defaults unminted tokenIds to address(0), letting attackers target non-minted NFTs within the trade/transfer flow."
128,7b5e1803022e,Medium,DoS,Bad Condition,"castDisapproval() only checks if the proposal is in the ""queued"" state in _preCastAssertions() and does not simultaneously check block.timestamp < minExecutionTime. This allows a proposal to be voted against even when it has reached the executable time, causing the proposal to immediately transition to a rejected state and resulting in a failed execution."
129,a1ee58021528,High,Input Validation,Invalid Validation,"verify does not handle the case where ecrecover returns address(0) for invalid signatures, so setting signer/maker to address(0) can make arbitrary signatures pass and bypass authorization. In addition, idToOwner defaults unminted tokenIds to address(0), letting attackers target non-minted NFTs within the trade/transfer flow."
130,099243e83259,Medium,DoS,Bad Condition,"castDisapproval() only checks if the proposal is in the ""queued"" state in _preCastAssertions() and does not simultaneously check block.timestamp < minExecutionTime. This allows a proposal to be voted against even when it has reached the executable time, causing the proposal to immediately transition to a rejected state and resulting in a failed execution."
131,27c6f2a68058,Medium,Accounting Error,State Update Inconsistency,"During initialization, there was no check to verify whether lpToken0 or lpToken1 was the same as output, which caused the trading fees accumulated during liquidity removal to be incorrectly counted toward the liquidity position and re-added. This resulted in LP rewards and fee distribution states being inconsistent with the actual assets."
132,592eed5791df,Medium,DoS,Out of Gas,"There is no upper limit on poolColl.tokens[], it increments each time when a new collateral is added. Eventually, as the count of collateral increases, gas cost of smart contract calls will raise and that there is no implemented function to reduce the array size."
133,804fe35b0164,Medium,DoS,Out of Gas,"There is no upper limit on poolColl.tokens[], it increments each time when a new collateral is added. Eventually, as the count of collateral increases, gas cost of smart contract calls will raise and that there is no implemented function to reduce the array size."
134,98b7c1691811,Medium,DoS,Out of Gas,"There is no upper limit on poolColl.tokens[], it increments each time when a new collateral is added. Eventually, as the count of collateral increases, gas cost of smart contract calls will raise and that there is no implemented function to reduce the array size."
135,c20104cb90d7,Medium,DoS,Out of Gas,"There is no upper limit on poolColl.tokens[], it increments each time when a new collateral is added. Eventually, as the count of collateral increases, gas cost of smart contract calls will raise and that there is no implemented function to reduce the array size."
136,97843b77b287,High,Input Validation,Invalid Validation,"verify does not handle the case where ecrecover returns address(0) for invalid signatures, so setting signer/maker to address(0) can make arbitrary signatures pass and bypass authorization. In addition, idToOwner defaults unminted tokenIds to address(0), letting attackers target non-minted NFTs within the trade/transfer flow."
137,8a20eb1e521f,Medium,Input Validation,Invalid Validation,"ActivePool.sendCollaterals function internally call _sendCollateral, which uses whitelist.getIndex(_collateral) as if it were a validated lookup, but for a non-whitelisted token, it returns 0 (the same index as the first real whitelisted token). As a result, the code silently updates poolColl.amounts[0], i.e., the balance slot of the first whitelisted asset—while actually transferring some other (unsupported) token."
138,198fa93fabdd,Medium,DoS,Bad Condition,"castDisapproval() only checks if the proposal is in the ""queued"" state in _preCastAssertions() and does not simultaneously check block.timestamp < minExecutionTime. This allows a proposal to be voted against even when it has reached the executable time, causing the proposal to immediately transition to a rejected state and resulting in a failed execution."
139,40cc38c69cca,Medium,DoS,Bad Condition,"castDisapproval() only checks if the proposal is in the ""queued"" state in _preCastAssertions() and does not simultaneously check block.timestamp < minExecutionTime. This allows a proposal to be voted against even when it has reached the executable time, causing the proposal to immediately transition to a rejected state and resulting in a failed execution."
140,198fa93fabdd,Medium,Arithmetic,Precision Loss,"AutomationMaster._getExchangeRate uses 1e8 fixed‑point calculation and integer division. When the ratio between the high‑price token and the low‑price token is less than 1e‑8, the result is truncated to zero, causing the minAmountReceived check to fail and allowing a malicious keeper to steal order funds."
141,54405135ebf3,Medium,Arithmetic,Precision Loss,"AutomationMaster._getExchangeRate uses 1e8 fixed‑point calculation and integer division. When the ratio between the high‑price token and the low‑price token is less than 1e‑8, the result is truncated to zero, causing the minAmountReceived check to fail and allowing a malicious keeper to steal order funds."
142,ba93b3b8d7cf,High,Input Validation,Invalid Validation,"verify does not handle the case where ecrecover returns address(0) for invalid signatures, so setting signer/maker to address(0) can make arbitrary signatures pass and bypass authorization. In addition, idToOwner defaults unminted tokenIds to address(0), letting attackers target non-minted NFTs within the trade/transfer flow."
143,e7921851ec01,High,Input Validation,Invalid Validation,"verify does not handle the case where ecrecover returns address(0) for invalid signatures, so setting signer/maker to address(0) can make arbitrary signatures pass and bypass authorization. In addition, idToOwner defaults unminted tokenIds to address(0), letting attackers target non-minted NFTs within the trade/transfer flow."
144,9befb133ee74,Medium,Input Validation,Invalid Validation,"ActivePool.sendCollaterals function internally call _sendCollateral, which uses whitelist.getIndex(_collateral) as if it were a validated lookup, but for a non-whitelisted token, it returns 0 (the same index as the first real whitelisted token). As a result, the code silently updates poolColl.amounts[0], i.e., the balance slot of the first whitelisted asset—while actually transferring some other (unsupported) token."
145,804fe35b0164,Medium,DoS,Bad Condition,"castDisapproval() only checks if the proposal is in the ""queued"" state in _preCastAssertions() and does not simultaneously check block.timestamp < minExecutionTime. This allows a proposal to be voted against even when it has reached the executable time, causing the proposal to immediately transition to a rejected state and resulting in a failed execution."
146,1167ec3a176e,Medium,Arithmetic,Precision Loss,"AutomationMaster._getExchangeRate uses 1e8 fixed‑point calculation and integer division. When the ratio between the high‑price token and the low‑price token is less than 1e‑8, the result is truncated to zero, causing the minAmountReceived check to fail and allowing a malicious keeper to steal order funds."
147,1d8f1f43cde9,Medium,DoS,Out of Gas,"There is no upper limit on poolColl.tokens[], it increments each time when a new collateral is added. Eventually, as the count of collateral increases, gas cost of smart contract calls will raise and that there is no implemented function to reduce the array size."
148,2c5e13b4e147,Medium,Arithmetic,Precision Loss,"AutomationMaster._getExchangeRate uses 1e8 fixed‑point calculation and integer division. When the ratio between the high‑price token and the low‑price token is less than 1e‑8, the result is truncated to zero, causing the minAmountReceived check to fail and allowing a malicious keeper to steal order funds."
149,9cc1dc4ae06a,Medium,DoS,Out of Gas,"There is no upper limit on poolColl.tokens[], it increments each time when a new collateral is added. Eventually, as the count of collateral increases, gas cost of smart contract calls will raise and that there is no implemented function to reduce the array size."
150,c2426a2ab283,Medium,DoS,Out of Gas,"There is no upper limit on poolColl.tokens[], it increments each time when a new collateral is added. Eventually, as the count of collateral increases, gas cost of smart contract calls will raise and that there is no implemented function to reduce the array size."
151,73f6a793d916,High,Input Validation,Invalid Validation,"verify does not handle the case where ecrecover returns address(0) for invalid signatures, so setting signer/maker to address(0) can make arbitrary signatures pass and bypass authorization. In addition, idToOwner defaults unminted tokenIds to address(0), letting attackers target non-minted NFTs within the trade/transfer flow."
152,e169bbefc6e2,High,Input Validation,Invalid Validation,"verify does not handle the case where ecrecover returns address(0) for invalid signatures, so setting signer/maker to address(0) can make arbitrary signatures pass and bypass authorization. In addition, idToOwner defaults unminted tokenIds to address(0), letting attackers target non-minted NFTs within the trade/transfer flow."
153,e0d2d83ea351,Medium,Input Validation,Invalid Validation,"ActivePool.sendCollaterals function internally call _sendCollateral, which uses whitelist.getIndex(_collateral) as if it were a validated lookup, but for a non-whitelisted token, it returns 0 (the same index as the first real whitelisted token). As a result, the code silently updates poolColl.amounts[0], i.e., the balance slot of the first whitelisted asset—while actually transferring some other (unsupported) token."
154,afa60bc8003d,Medium,Accounting Error,State Update Inconsistency,"During initialization, there was no check to verify whether lpToken0 or lpToken1 was the same as output, which caused the trading fees accumulated during liquidity removal to be incorrectly counted toward the liquidity position and re-added. This resulted in LP rewards and fee distribution states being inconsistent with the actual assets."
155,af8e4af75dc2,Medium,Arithmetic,Precision Loss,"AutomationMaster._getExchangeRate uses 1e8 fixed‑point calculation and integer division. When the ratio between the high‑price token and the low‑price token is less than 1e‑8, the result is truncated to zero, causing the minAmountReceived check to fail and allowing a malicious keeper to steal order funds."
156,a8884f87db1a,High,Input Validation,Invalid Validation,"verify does not handle the case where ecrecover returns address(0) for invalid signatures, so setting signer/maker to address(0) can make arbitrary signatures pass and bypass authorization. In addition, idToOwner defaults unminted tokenIds to address(0), letting attackers target non-minted NFTs within the trade/transfer flow."
157,fee749ecd513,High,Input Validation,Invalid Validation,"verify does not handle the case where ecrecover returns address(0) for invalid signatures, so setting signer/maker to address(0) can make arbitrary signatures pass and bypass authorization. In addition, idToOwner defaults unminted tokenIds to address(0), letting attackers target non-minted NFTs within the trade/transfer flow."
158,9470d2cf198f,Medium,Input Validation,Invalid Validation,"ActivePool.sendCollaterals function internally call _sendCollateral, which uses whitelist.getIndex(_collateral) as if it were a validated lookup, but for a non-whitelisted token, it returns 0 (the same index as the first real whitelisted token). As a result, the code silently updates poolColl.amounts[0], i.e., the balance slot of the first whitelisted asset—while actually transferring some other (unsupported) token."
159,b155c4de6012,Medium,Arithmetic,Precision Loss,"AutomationMaster._getExchangeRate uses 1e8 fixed‑point calculation and integer division. When the ratio between the high‑price token and the low‑price token is less than 1e‑8, the result is truncated to zero, causing the minAmountReceived check to fail and allowing a malicious keeper to steal order funds."
160,d562802cb53a,Medium,DoS,Out of Gas,"There is no upper limit on poolColl.tokens[], it increments each time when a new collateral is added. Eventually, as the count of collateral increases, gas cost of smart contract calls will raise and that there is no implemented function to reduce the array size."
161,dd17040a53bc,Medium,DoS,Out of Gas,"There is no upper limit on poolColl.tokens[], it increments each time when a new collateral is added. Eventually, as the count of collateral increases, gas cost of smart contract calls will raise and that there is no implemented function to reduce the array size."
162,e99e64a8abf1,Medium,DoS,Out of Gas,"There is no upper limit on poolColl.tokens[], it increments each time when a new collateral is added. Eventually, as the count of collateral increases, gas cost of smart contract calls will raise and that there is no implemented function to reduce the array size."
163,592eed5791df,Medium,Arithmetic,Precision Loss,"AutomationMaster._getExchangeRate uses 1e8 fixed‑point calculation and integer division. When the ratio between the high‑price token and the low‑price token is less than 1e‑8, the result is truncated to zero, causing the minAmountReceived check to fail and allowing a malicious keeper to steal order funds."
164,98b7c1691811,Medium,Arithmetic,Precision Loss,"AutomationMaster._getExchangeRate uses 1e8 fixed‑point calculation and integer division. When the ratio between the high‑price token and the low‑price token is less than 1e‑8, the result is truncated to zero, causing the minAmountReceived check to fail and allowing a malicious keeper to steal order funds."
165,a1ee58021528,Medium,DoS,Out of Gas,"There is no upper limit on poolColl.tokens[], it increments each time when a new collateral is added. Eventually, as the count of collateral increases, gas cost of smart contract calls will raise and that there is no implemented function to reduce the array size."
166,c20104cb90d7,Medium,Arithmetic,Precision Loss,"AutomationMaster._getExchangeRate uses 1e8 fixed‑point calculation and integer division. When the ratio between the high‑price token and the low‑price token is less than 1e‑8, the result is truncated to zero, causing the minAmountReceived check to fail and allowing a malicious keeper to steal order funds."
167,485f7b9ccb0a,Medium,Accounting Error,State Update Inconsistency,"During initialization, there was no check to verify whether lpToken0 or lpToken1 was the same as output, which caused the trading fees accumulated during liquidity removal to be incorrectly counted toward the liquidity position and re-added. This resulted in LP rewards and fee distribution states being inconsistent with the actual assets."
168,97843b77b287,Medium,DoS,Out of Gas,"There is no upper limit on poolColl.tokens[], it increments each time when a new collateral is added. Eventually, as the count of collateral increases, gas cost of smart contract calls will raise and that there is no implemented function to reduce the array size."
169,9ddd6b83c27e,High,Input Validation,Invalid Validation,"verify does not handle the case where ecrecover returns address(0) for invalid signatures, so setting signer/maker to address(0) can make arbitrary signatures pass and bypass authorization. In addition, idToOwner defaults unminted tokenIds to address(0), letting attackers target non-minted NFTs within the trade/transfer flow."
170,7100a75d6ebd,Medium,Input Validation,Invalid Validation,"ActivePool.sendCollaterals function internally call _sendCollateral, which uses whitelist.getIndex(_collateral) as if it were a validated lookup, but for a non-whitelisted token, it returns 0 (the same index as the first real whitelisted token). As a result, the code silently updates poolColl.amounts[0], i.e., the balance slot of the first whitelisted asset—while actually transferring some other (unsupported) token."
171,b155c4de6012,Medium,DoS,Bad Condition,"castDisapproval() only checks if the proposal is in the ""queued"" state in _preCastAssertions() and does not simultaneously check block.timestamp < minExecutionTime. This allows a proposal to be voted against even when it has reached the executable time, causing the proposal to immediately transition to a rejected state and resulting in a failed execution."
172,a4d91fb1550f,Medium,Accounting Error,State Update Inconsistency,"During initialization, there was no check to verify whether lpToken0 or lpToken1 was the same as output, which caused the trading fees accumulated during liquidity removal to be incorrectly counted toward the liquidity position and re-added. This resulted in LP rewards and fee distribution states being inconsistent with the actual assets."
173,1d8f1f43cde9,Medium,Arithmetic,Precision Loss,"AutomationMaster._getExchangeRate uses 1e8 fixed‑point calculation and integer division. When the ratio between the high‑price token and the low‑price token is less than 1e‑8, the result is truncated to zero, causing the minAmountReceived check to fail and allowing a malicious keeper to steal order funds."
174,9cc1dc4ae06a,Medium,Arithmetic,Precision Loss,"AutomationMaster._getExchangeRate uses 1e8 fixed‑point calculation and integer division. When the ratio between the high‑price token and the low‑price token is less than 1e‑8, the result is truncated to zero, causing the minAmountReceived check to fail and allowing a malicious keeper to steal order funds."
175,ba93b3b8d7cf,Medium,DoS,Out of Gas,"There is no upper limit on poolColl.tokens[], it increments each time when a new collateral is added. Eventually, as the count of collateral increases, gas cost of smart contract calls will raise and that there is no implemented function to reduce the array size."
176,c2426a2ab283,Medium,Arithmetic,Precision Loss,"AutomationMaster._getExchangeRate uses 1e8 fixed‑point calculation and integer division. When the ratio between the high‑price token and the low‑price token is less than 1e‑8, the result is truncated to zero, causing the minAmountReceived check to fail and allowing a malicious keeper to steal order funds."
177,e7921851ec01,Medium,DoS,Out of Gas,"There is no upper limit on poolColl.tokens[], it increments each time when a new collateral is added. Eventually, as the count of collateral increases, gas cost of smart contract calls will raise and that there is no implemented function to reduce the array size."
178,4ef0b4d678ab,High,Input Validation,Invalid Validation,"verify does not handle the case where ecrecover returns address(0) for invalid signatures, so setting signer/maker to address(0) can make arbitrary signatures pass and bypass authorization. In addition, idToOwner defaults unminted tokenIds to address(0), letting attackers target non-minted NFTs within the trade/transfer flow."
179,8f18f7d5c396,High,Input Validation,Invalid Validation,"verify does not handle the case where ecrecover returns address(0) for invalid signatures, so setting signer/maker to address(0) can make arbitrary signatures pass and bypass authorization. In addition, idToOwner defaults unminted tokenIds to address(0), letting attackers target non-minted NFTs within the trade/transfer flow."
180,a3e15237ea08,High,Input Validation,Invalid Validation,"verify does not handle the case where ecrecover returns address(0) for invalid signatures, so setting signer/maker to address(0) can make arbitrary signatures pass and bypass authorization. In addition, idToOwner defaults unminted tokenIds to address(0), letting attackers target non-minted NFTs within the trade/transfer flow."
181,103f39b0f29b,Medium,Input Validation,Invalid Validation,"ActivePool.sendCollaterals function internally call _sendCollateral, which uses whitelist.getIndex(_collateral) as if it were a validated lookup, but for a non-whitelisted token, it returns 0 (the same index as the first real whitelisted token). As a result, the code silently updates poolColl.amounts[0], i.e., the balance slot of the first whitelisted asset—while actually transferring some other (unsupported) token."
182,51c6dc5fd57f,Medium,Input Validation,Invalid Validation,"ActivePool.sendCollaterals function internally call _sendCollateral, which uses whitelist.getIndex(_collateral) as if it were a validated lookup, but for a non-whitelisted token, it returns 0 (the same index as the first real whitelisted token). As a result, the code silently updates poolColl.amounts[0], i.e., the balance slot of the first whitelisted asset—while actually transferring some other (unsupported) token."
183,1167ec3a176e,Medium,DoS,Bad Condition,"castDisapproval() only checks if the proposal is in the ""queued"" state in _preCastAssertions() and does not simultaneously check block.timestamp < minExecutionTime. This allows a proposal to be voted against even when it has reached the executable time, causing the proposal to immediately transition to a rejected state and resulting in a failed execution."
184,bb3018c8812c,Medium,DoS,Bad Condition,"castDisapproval() only checks if the proposal is in the ""queued"" state in _preCastAssertions() and does not simultaneously check block.timestamp < minExecutionTime. This allows a proposal to be voted against even when it has reached the executable time, causing the proposal to immediately transition to a rejected state and resulting in a failed execution."
185,73f6a793d916,Medium,DoS,Out of Gas,"There is no upper limit on poolColl.tokens[], it increments each time when a new collateral is added. Eventually, as the count of collateral increases, gas cost of smart contract calls will raise and that there is no implemented function to reduce the array size."
186,e169bbefc6e2,Medium,DoS,Out of Gas,"There is no upper limit on poolColl.tokens[], it increments each time when a new collateral is added. Eventually, as the count of collateral increases, gas cost of smart contract calls will raise and that there is no implemented function to reduce the array size."
187,a8884f87db1a,Medium,DoS,Out of Gas,"There is no upper limit on poolColl.tokens[], it increments each time when a new collateral is added. Eventually, as the count of collateral increases, gas cost of smart contract calls will raise and that there is no implemented function to reduce the array size."
188,d562802cb53a,Medium,Arithmetic,Precision Loss,"AutomationMaster._getExchangeRate uses 1e8 fixed‑point calculation and integer division. When the ratio between the high‑price token and the low‑price token is less than 1e‑8, the result is truncated to zero, causing the minAmountReceived check to fail and allowing a malicious keeper to steal order funds."
189,dd17040a53bc,Medium,Arithmetic,Precision Loss,"AutomationMaster._getExchangeRate uses 1e8 fixed‑point calculation and integer division. When the ratio between the high‑price token and the low‑price token is less than 1e‑8, the result is truncated to zero, causing the minAmountReceived check to fail and allowing a malicious keeper to steal order funds."
190,e99e64a8abf1,Medium,Arithmetic,Precision Loss,"AutomationMaster._getExchangeRate uses 1e8 fixed‑point calculation and integer division. When the ratio between the high‑price token and the low‑price token is less than 1e‑8, the result is truncated to zero, causing the minAmountReceived check to fail and allowing a malicious keeper to steal order funds."
191,fee749ecd513,Medium,DoS,Out of Gas,"There is no upper limit on poolColl.tokens[], it increments each time when a new collateral is added. Eventually, as the count of collateral increases, gas cost of smart contract calls will raise and that there is no implemented function to reduce the array size."
192,a1ee58021528,Medium,Arithmetic,Precision Loss,"AutomationMaster._getExchangeRate uses 1e8 fixed‑point calculation and integer division. When the ratio between the high‑price token and the low‑price token is less than 1e‑8, the result is truncated to zero, causing the minAmountReceived check to fail and allowing a malicious keeper to steal order funds."
193,d9b35c0c87a4,Medium,DoS,Bad Condition,"castDisapproval() only checks if the proposal is in the ""queued"" state in _preCastAssertions() and does not simultaneously check block.timestamp < minExecutionTime. This allows a proposal to be voted against even when it has reached the executable time, causing the proposal to immediately transition to a rejected state and resulting in a failed execution."
194,9befb133ee74,Medium,Accounting Error,State Update Inconsistency,"During initialization, there was no check to verify whether lpToken0 or lpToken1 was the same as output, which caused the trading fees accumulated during liquidity removal to be incorrectly counted toward the liquidity position and re-added. This resulted in LP rewards and fee distribution states being inconsistent with the actual assets."
195,099243e83259,High,Input Validation,Invalid Validation,"verify does not handle the case where ecrecover returns address(0) for invalid signatures, so setting signer/maker to address(0) can make arbitrary signatures pass and bypass authorization. In addition, idToOwner defaults unminted tokenIds to address(0), letting attackers target non-minted NFTs within the trade/transfer flow."
196,b155c4de6012,Medium,Access Control,Centralization Risk,"The veto function grants the vetoer absolute, permanent, and unrestricted power to block any proposal regardless of its state or community consensus, creating a single point of failure where a compromised or malicious actor can indefinitely paralyze the DAO's governance."
197,e0d2d83ea351,Medium,Accounting Error,State Update Inconsistency,"During initialization, there was no check to verify whether lpToken0 or lpToken1 was the same as output, which caused the trading fees accumulated during liquidity removal to be incorrectly counted toward the liquidity position and re-added. This resulted in LP rewards and fee distribution states being inconsistent with the actual assets."
198,9ddd6b83c27e,Medium,DoS,Out of Gas,"There is no upper limit on poolColl.tokens[], it increments each time when a new collateral is added. Eventually, as the count of collateral increases, gas cost of smart contract calls will raise and that there is no implemented function to reduce the array size."
199,e7921851ec01,Medium,Arithmetic,Precision Loss,"AutomationMaster._getExchangeRate uses 1e8 fixed‑point calculation and integer division. When the ratio between the high‑price token and the low‑price token is less than 1e‑8, the result is truncated to zero, causing the minAmountReceived check to fail and allowing a malicious keeper to steal order funds."
200,40cc38c69cca,High,Input Validation,Invalid Validation,"verify does not handle the case where ecrecover returns address(0) for invalid signatures, so setting signer/maker to address(0) can make arbitrary signatures pass and bypass authorization. In addition, idToOwner defaults unminted tokenIds to address(0), letting attackers target non-minted NFTs within the trade/transfer flow."
201,c20104cb90d7,Medium,Access Control,Centralization Risk,"The veto function grants the vetoer absolute, permanent, and unrestricted power to block any proposal regardless of its state or community consensus, creating a single point of failure where a compromised or malicious actor can indefinitely paralyze the DAO's governance."
202,54405135ebf3,Medium,DoS,Bad Condition,"castDisapproval() only checks if the proposal is in the ""queued"" state in _preCastAssertions() and does not simultaneously check block.timestamp < minExecutionTime. This allows a proposal to be voted against even when it has reached the executable time, causing the proposal to immediately transition to a rejected state and resulting in a failed execution."
203,9470d2cf198f,Medium,Accounting Error,State Update Inconsistency,"During initialization, there was no check to verify whether lpToken0 or lpToken1 was the same as output, which caused the trading fees accumulated during liquidity removal to be incorrectly counted toward the liquidity position and re-added. This resulted in LP rewards and fee distribution states being inconsistent with the actual assets."
204,4ef0b4d678ab,Medium,DoS,Out of Gas,"There is no upper limit on poolColl.tokens[], it increments each time when a new collateral is added. Eventually, as the count of collateral increases, gas cost of smart contract calls will raise and that there is no implemented function to reduce the array size."
205,73f6a793d916,Medium,Arithmetic,Precision Loss,"AutomationMaster._getExchangeRate uses 1e8 fixed‑point calculation and integer division. When the ratio between the high‑price token and the low‑price token is less than 1e‑8, the result is truncated to zero, causing the minAmountReceived check to fail and allowing a malicious keeper to steal order funds."
206,8f18f7d5c396,Medium,DoS,Out of Gas,"There is no upper limit on poolColl.tokens[], it increments each time when a new collateral is added. Eventually, as the count of collateral increases, gas cost of smart contract calls will raise and that there is no implemented function to reduce the array size."
207,a3e15237ea08,Medium,DoS,Out of Gas,"There is no upper limit on poolColl.tokens[], it increments each time when a new collateral is added. Eventually, as the count of collateral increases, gas cost of smart contract calls will raise and that there is no implemented function to reduce the array size."
208,e169bbefc6e2,Medium,Arithmetic,Precision Loss,"AutomationMaster._getExchangeRate uses 1e8 fixed‑point calculation and integer division. When the ratio between the high‑price token and the low‑price token is less than 1e‑8, the result is truncated to zero, causing the minAmountReceived check to fail and allowing a malicious keeper to steal order funds."
209,4ef0b4d678ab,Medium,Accounting Error,State Update Inconsistency,"During initialization, there was no check to verify whether lpToken0 or lpToken1 was the same as output, which caused the trading fees accumulated during liquidity removal to be incorrectly counted toward the liquidity position and re-added. This resulted in LP rewards and fee distribution states being inconsistent with the actual assets."
210,a8884f87db1a,Medium,Arithmetic,Precision Loss,"AutomationMaster._getExchangeRate uses 1e8 fixed‑point calculation and integer division. When the ratio between the high‑price token and the low‑price token is less than 1e‑8, the result is truncated to zero, causing the minAmountReceived check to fail and allowing a malicious keeper to steal order funds."
211,fee749ecd513,Medium,Arithmetic,Precision Loss,"AutomationMaster._getExchangeRate uses 1e8 fixed‑point calculation and integer division. When the ratio between the high‑price token and the low‑price token is less than 1e‑8, the result is truncated to zero, causing the minAmountReceived check to fail and allowing a malicious keeper to steal order funds."
212,9cc1dc4ae06a,Medium,Access Control,Centralization Risk,"The veto function grants the vetoer absolute, permanent, and unrestricted power to block any proposal regardless of its state or community consensus, creating a single point of failure where a compromised or malicious actor can indefinitely paralyze the DAO's governance."
213,c2426a2ab283,Medium,Access Control,Centralization Risk,"The veto function grants the vetoer absolute, permanent, and unrestricted power to block any proposal regardless of its state or community consensus, creating a single point of failure where a compromised or malicious actor can indefinitely paralyze the DAO's governance."
214,ee25ec7abd40,High,Input Validation,Invalid Validation,"verify does not handle the case where ecrecover returns address(0) for invalid signatures, so setting signer/maker to address(0) can make arbitrary signatures pass and bypass authorization. In addition, idToOwner defaults unminted tokenIds to address(0), letting attackers target non-minted NFTs within the trade/transfer flow."
215,7100a75d6ebd,Medium,Accounting Error,State Update Inconsistency,"During initialization, there was no check to verify whether lpToken0 or lpToken1 was the same as output, which caused the trading fees accumulated during liquidity removal to be incorrectly counted toward the liquidity position and re-added. This resulted in LP rewards and fee distribution states being inconsistent with the actual assets."
216,d562802cb53a,Medium,Access Control,Centralization Risk,"The veto function grants the vetoer absolute, permanent, and unrestricted power to block any proposal regardless of its state or community consensus, creating a single point of failure where a compromised or malicious actor can indefinitely paralyze the DAO's governance."
217,dd17040a53bc,Medium,Access Control,Centralization Risk,"The veto function grants the vetoer absolute, permanent, and unrestricted power to block any proposal regardless of its state or community consensus, creating a single point of failure where a compromised or malicious actor can indefinitely paralyze the DAO's governance."
218,e99e64a8abf1,Medium,Access Control,Centralization Risk,"The veto function grants the vetoer absolute, permanent, and unrestricted power to block any proposal regardless of its state or community consensus, creating a single point of failure where a compromised or malicious actor can indefinitely paralyze the DAO's governance."
219,afa60bc8003d,Medium,DoS,Bad Condition,"castDisapproval() only checks if the proposal is in the ""queued"" state in _preCastAssertions() and does not simultaneously check block.timestamp < minExecutionTime. This allows a proposal to be voted against even when it has reached the executable time, causing the proposal to immediately transition to a rejected state and resulting in a failed execution."
220,27c6f2a68058,Medium,DoS,Out of Gas,"There is no upper limit on poolColl.tokens[], it increments each time when a new collateral is added. Eventually, as the count of collateral increases, gas cost of smart contract calls will raise and that there is no implemented function to reduce the array size."
221,9ddd6b83c27e,Medium,Arithmetic,Precision Loss,"AutomationMaster._getExchangeRate uses 1e8 fixed‑point calculation and integer division. When the ratio between the high‑price token and the low‑price token is less than 1e‑8, the result is truncated to zero, causing the minAmountReceived check to fail and allowing a malicious keeper to steal order funds."
222,4ef0b4d678ab,Medium,Arithmetic,Precision Loss,"AutomationMaster._getExchangeRate uses 1e8 fixed‑point calculation and integer division. When the ratio between the high‑price token and the low‑price token is less than 1e‑8, the result is truncated to zero, causing the minAmountReceived check to fail and allowing a malicious keeper to steal order funds."
223,51c6dc5fd57f,Medium,DoS,Out of Gas,"There is no upper limit on poolColl.tokens[], it increments each time when a new collateral is added. Eventually, as the count of collateral increases, gas cost of smart contract calls will raise and that there is no implemented function to reduce the array size."
224,8f18f7d5c396,Medium,Arithmetic,Precision Loss,"AutomationMaster._getExchangeRate uses 1e8 fixed‑point calculation and integer division. When the ratio between the high‑price token and the low‑price token is less than 1e‑8, the result is truncated to zero, causing the minAmountReceived check to fail and allowing a malicious keeper to steal order funds."
225,a3e15237ea08,Medium,Arithmetic,Precision Loss,"AutomationMaster._getExchangeRate uses 1e8 fixed‑point calculation and integer division. When the ratio between the high‑price token and the low‑price token is less than 1e‑8, the result is truncated to zero, causing the minAmountReceived check to fail and allowing a malicious keeper to steal order funds."
226,ee25ec7abd40,Medium,DoS,Out of Gas,"There is no upper limit on poolColl.tokens[], it increments each time when a new collateral is added. Eventually, as the count of collateral increases, gas cost of smart contract calls will raise and that there is no implemented function to reduce the array size."
227,e0d2d83ea351,Medium,DoS,Out of Gas,"There is no upper limit on poolColl.tokens[], it increments each time when a new collateral is added. Eventually, as the count of collateral increases, gas cost of smart contract calls will raise and that there is no implemented function to reduce the array size."
228,e7921851ec01,Medium,Access Control,Centralization Risk,"The veto function grants the vetoer absolute, permanent, and unrestricted power to block any proposal regardless of its state or community consensus, creating a single point of failure where a compromised or malicious actor can indefinitely paralyze the DAO's governance."
229,485f7b9ccb0a,Medium,DoS,Bad Condition,"castDisapproval() only checks if the proposal is in the ""queued"" state in _preCastAssertions() and does not simultaneously check block.timestamp < minExecutionTime. This allows a proposal to be voted against even when it has reached the executable time, causing the proposal to immediately transition to a rejected state and resulting in a failed execution."
230,e6e43dfea59f,Medium,Arithmetic,Precision Loss,"AutomationMaster._getExchangeRate uses 1e8 fixed‑point calculation and integer division. When the ratio between the high‑price token and the low‑price token is less than 1e‑8, the result is truncated to zero, causing the minAmountReceived check to fail and allowing a malicious keeper to steal order funds."
231,73f6a793d916,Medium,Access Control,Centralization Risk,"The veto function grants the vetoer absolute, permanent, and unrestricted power to block any proposal regardless of its state or community consensus, creating a single point of failure where a compromised or malicious actor can indefinitely paralyze the DAO's governance."
232,e169bbefc6e2,Medium,Access Control,Centralization Risk,"The veto function grants the vetoer absolute, permanent, and unrestricted power to block any proposal regardless of its state or community consensus, creating a single point of failure where a compromised or malicious actor can indefinitely paralyze the DAO's governance."
233,a4d91fb1550f,Medium,DoS,Bad Condition,"castDisapproval() only checks if the proposal is in the ""queued"" state in _preCastAssertions() and does not simultaneously check block.timestamp < minExecutionTime. This allows a proposal to be voted against even when it has reached the executable time, causing the proposal to immediately transition to a rejected state and resulting in a failed execution."
234,e6e43dfea59f,Medium,DoS,Out of Gas,"There is no upper limit on poolColl.tokens[], it increments each time when a new collateral is added. Eventually, as the count of collateral increases, gas cost of smart contract calls will raise and that there is no implemented function to reduce the array size."
235,a8884f87db1a,Medium,Access Control,Centralization Risk,"The veto function grants the vetoer absolute, permanent, and unrestricted power to block any proposal regardless of its state or community consensus, creating a single point of failure where a compromised or malicious actor can indefinitely paralyze the DAO's governance."
236,fee749ecd513,Medium,Access Control,Centralization Risk,"The veto function grants the vetoer absolute, permanent, and unrestricted power to block any proposal regardless of its state or community consensus, creating a single point of failure where a compromised or malicious actor can indefinitely paralyze the DAO's governance."
237,099243e83259,Medium,Arithmetic,Precision Loss,"AutomationMaster._getExchangeRate uses 1e8 fixed‑point calculation and integer division. When the ratio between the high‑price token and the low‑price token is less than 1e‑8, the result is truncated to zero, causing the minAmountReceived check to fail and allowing a malicious keeper to steal order funds."
238,d9b35c0c87a4,High,Input Validation,Invalid Validation,"verify does not handle the case where ecrecover returns address(0) for invalid signatures, so setting signer/maker to address(0) can make arbitrary signatures pass and bypass authorization. In addition, idToOwner defaults unminted tokenIds to address(0), letting attackers target non-minted NFTs within the trade/transfer flow."
239,099243e83259,Medium,DoS,Out of Gas,"There is no upper limit on poolColl.tokens[], it increments each time when a new collateral is added. Eventually, as the count of collateral increases, gas cost of smart contract calls will raise and that there is no implemented function to reduce the array size."
240,40cc38c69cca,Medium,Arithmetic,Precision Loss,"AutomationMaster._getExchangeRate uses 1e8 fixed‑point calculation and integer division. When the ratio between the high‑price token and the low‑price token is less than 1e‑8, the result is truncated to zero, causing the minAmountReceived check to fail and allowing a malicious keeper to steal order funds."
241,198fa93fabdd,Medium,DoS,Out of Gas,"There is no upper limit on poolColl.tokens[], it increments each time when a new collateral is added. Eventually, as the count of collateral increases, gas cost of smart contract calls will raise and that there is no implemented function to reduce the array size."
242,40cc38c69cca,Medium,DoS,Out of Gas,"There is no upper limit on poolColl.tokens[], it increments each time when a new collateral is added. Eventually, as the count of collateral increases, gas cost of smart contract calls will raise and that there is no implemented function to reduce the array size."
243,9ddd6b83c27e,Medium,Access Control,Centralization Risk,"The veto function grants the vetoer absolute, permanent, and unrestricted power to block any proposal regardless of its state or community consensus, creating a single point of failure where a compromised or malicious actor can indefinitely paralyze the DAO's governance."
244,9befb133ee74,Medium,DoS,Bad Condition,"castDisapproval() only checks if the proposal is in the ""queued"" state in _preCastAssertions() and does not simultaneously check block.timestamp < minExecutionTime. This allows a proposal to be voted against even when it has reached the executable time, causing the proposal to immediately transition to a rejected state and resulting in a failed execution."
245,27c6f2a68058,High,Input Validation,Invalid Validation,"verify does not handle the case where ecrecover returns address(0) for invalid signatures, so setting signer/maker to address(0) can make arbitrary signatures pass and bypass authorization. In addition, idToOwner defaults unminted tokenIds to address(0), letting attackers target non-minted NFTs within the trade/transfer flow."
246,4ef0b4d678ab,Medium,Access Control,Centralization Risk,"The veto function grants the vetoer absolute, permanent, and unrestricted power to block any proposal regardless of its state or community consensus, creating a single point of failure where a compromised or malicious actor can indefinitely paralyze the DAO's governance."
247,8f18f7d5c396,Medium,Access Control,Centralization Risk,"The veto function grants the vetoer absolute, permanent, and unrestricted power to block any proposal regardless of its state or community consensus, creating a single point of failure where a compromised or malicious actor can indefinitely paralyze the DAO's governance."
248,a3e15237ea08,Medium,Access Control,Centralization Risk,"The veto function grants the vetoer absolute, permanent, and unrestricted power to block any proposal regardless of its state or community consensus, creating a single point of failure where a compromised or malicious actor can indefinitely paralyze the DAO's governance."
249,ee25ec7abd40,Medium,Arithmetic,Precision Loss,"AutomationMaster._getExchangeRate uses 1e8 fixed‑point calculation and integer division. When the ratio between the high‑price token and the low‑price token is less than 1e‑8, the result is truncated to zero, causing the minAmountReceived check to fail and allowing a malicious keeper to steal order funds."
250,8f18f7d5c396,Medium,"DoS, Input Validation",Invalid Validation,"_delegate allows users to delegate to address(0), which clears the owner’s voting checkpoints without updating their delegation status; consequently, _afterTokenTransfer later attempts to subtract votes from the now-zero balance, causing a revert that permanently bricks token transfers and burning."
251,9cc1dc4ae06a,Medium,"DoS, Input Validation",Invalid Validation,"_delegate allows users to delegate to address(0), which clears the owner’s voting checkpoints without updating their delegation status; consequently, _afterTokenTransfer later attempts to subtract votes from the now-zero balance, causing a revert that permanently bricks token transfers and burning."
252,a8884f87db1a,Medium,"DoS, Input Validation",Invalid Validation,"_delegate allows users to delegate to address(0), which clears the owner’s voting checkpoints without updating their delegation status; consequently, _afterTokenTransfer later attempts to subtract votes from the now-zero balance, causing a revert that permanently bricks token transfers and burning."
253,9470d2cf198f,Medium,DoS,Bad Condition,"castDisapproval() only checks if the proposal is in the ""queued"" state in _preCastAssertions() and does not simultaneously check block.timestamp < minExecutionTime. This allows a proposal to be voted against even when it has reached the executable time, causing the proposal to immediately transition to a rejected state and resulting in a failed execution."
254,afa60bc8003d,High,Input Validation,Invalid Validation,"verify does not handle the case where ecrecover returns address(0) for invalid signatures, so setting signer/maker to address(0) can make arbitrary signatures pass and bypass authorization. In addition, idToOwner defaults unminted tokenIds to address(0), letting attackers target non-minted NFTs within the trade/transfer flow."
255,27c6f2a68058,Medium,Governance,Bad Condition,"Once a user votes on a proposal, they cannot vote again—even if new votes are issued or revoked during the voting period. This creates inconsistencies between the recorded vote and the evolving total supply, potentially distorting quorum and outcome calculations, and undermining the reliability of governance results."
256,485f7b9ccb0a,Medium,Logic Error,Implementation Error,"After deployment, the admin address in the Kernel contract can only be changed to another contract, not to an EOA. Since only contracts like INSTR can call executeAction, and INSTR restricts targets to contracts, it's impossible to later assign admin rights to an EOA, which may have been the intended governance executor."
257,7100a75d6ebd,Medium,ERC20,Fee On Transfer Token,"When the asset or collateral is a fee-on-transfer token, the TimeswapConvenience contract cannot accurately calculate the actual amount received during transfers. This causes the Pair contract's validations to fail and the transaction to revert, as the Convenience contract does not account for the transfer fee deductions."
258,9470d2cf198f,Medium,ERC20,Fee On Transfer Token,"When the asset or collateral is a fee-on-transfer token, the TimeswapConvenience contract cannot accurately calculate the actual amount received during transfers. This causes the Pair contract's validations to fail and the transaction to revert, as the Convenience contract does not account for the transfer fee deductions."
259,9befb133ee74,Medium,Logic Error,Implementation Error,"After deployment, the admin address in the Kernel contract can only be changed to another contract, not to an EOA. Since only contracts like INSTR can call executeAction, and INSTR restricts targets to contracts, it's impossible to later assign admin rights to an EOA, which may have been the intended governance executor."
260,afa60bc8003d,Medium,ERC20,Fee On Transfer Token,"When the asset or collateral is a fee-on-transfer token, the TimeswapConvenience contract cannot accurately calculate the actual amount received during transfers. This causes the Pair contract's validations to fail and the transaction to revert, as the Convenience contract does not account for the transfer fee deductions."
261,af8e4af75dc2,Medium,DoS,Bad Condition,"castDisapproval() only checks if the proposal is in the ""queued"" state in _preCastAssertions() and does not simultaneously check block.timestamp < minExecutionTime. This allows a proposal to be voted against even when it has reached the executable time, causing the proposal to immediately transition to a rejected state and resulting in a failed execution."
262,103f39b0f29b,Medium,ERC20,Fee On Transfer Token,"When the asset or collateral is a fee-on-transfer token, the TimeswapConvenience contract cannot accurately calculate the actual amount received during transfers. This causes the Pair contract's validations to fail and the transaction to revert, as the Convenience contract does not account for the transfer fee deductions."
263,51c6dc5fd57f,Medium,Governance,Bad Condition,"Once a user votes on a proposal, they cannot vote again—even if new votes are issued or revoked during the voting period. This creates inconsistencies between the recorded vote and the evolving total supply, potentially distorting quorum and outcome calculations, and undermining the reliability of governance results."
264,a4d91fb1550f,Medium,Logic Error,Implementation Error,"After deployment, the admin address in the Kernel contract can only be changed to another contract, not to an EOA. Since only contracts like INSTR can call executeAction, and INSTR restricts targets to contracts, it's impossible to later assign admin rights to an EOA, which may have been the intended governance executor."
265,d9b35c0c87a4,Medium,Logic Error,Implementation Error,"After deployment, the admin address in the Kernel contract can only be changed to another contract, not to an EOA. Since only contracts like INSTR can call executeAction, and INSTR restricts targets to contracts, it's impossible to later assign admin rights to an EOA, which may have been the intended governance executor."
266,ee25ec7abd40,Medium,Governance,Bad Condition,"Once a user votes on a proposal, they cannot vote again—even if new votes are issued or revoked during the voting period. This creates inconsistencies between the recorded vote and the evolving total supply, potentially distorting quorum and outcome calculations, and undermining the reliability of governance results."
267,27c6f2a68058,Medium,Access Control,Centralization Risk,"The veto function grants the vetoer absolute, permanent, and unrestricted power to block any proposal regardless of its state or community consensus, creating a single point of failure where a compromised or malicious actor can indefinitely paralyze the DAO's governance."
268,27c6f2a68058,Medium,Reentrancy,Violating CEI / Missing nonReentrant,"The executeProposal() function resets the activeProposal state before executing the proposal instructions. An attacker can repeatedly re-enter and execute the same instructions through nested calls, potentially leading to unauthorized module installations or fund manipulation."
269,40cc38c69cca,Medium,ERC20,Fee On Transfer Token,"When the asset or collateral is a fee-on-transfer token, the TimeswapConvenience contract cannot accurately calculate the actual amount received during transfers. This causes the Pair contract's validations to fail and the transaction to revert, as the Convenience contract does not account for the transfer fee deductions."
270,9470d2cf198f,Medium,Logic Error,Implementation Error,"After deployment, the admin address in the Kernel contract can only be changed to another contract, not to an EOA. Since only contracts like INSTR can call executeAction, and INSTR restricts targets to contracts, it's impossible to later assign admin rights to an EOA, which may have been the intended governance executor."
271,afa60bc8003d,Medium,Logic Error,Implementation Error,"After deployment, the admin address in the Kernel contract can only be changed to another contract, not to an EOA. Since only contracts like INSTR can call executeAction, and INSTR restricts targets to contracts, it's impossible to later assign admin rights to an EOA, which may have been the intended governance executor."
272,e0d2d83ea351,Medium,Governance,Bad Condition,"Once a user votes on a proposal, they cannot vote again—even if new votes are issued or revoked during the voting period. This creates inconsistencies between the recorded vote and the evolving total supply, potentially distorting quorum and outcome calculations, and undermining the reliability of governance results."
273,099243e83259,Medium,"DoS, Input Validation",Invalid Validation,"_delegate allows users to delegate to address(0), which clears the owner’s voting checkpoints without updating their delegation status; consequently, _afterTokenTransfer later attempts to subtract votes from the now-zero balance, causing a revert that permanently bricks token transfers and burning."
274,51c6dc5fd57f,Medium,Access Control,Centralization Risk,"The veto function grants the vetoer absolute, permanent, and unrestricted power to block any proposal regardless of its state or community consensus, creating a single point of failure where a compromised or malicious actor can indefinitely paralyze the DAO's governance."
275,ee25ec7abd40,Medium,Access Control,Centralization Risk,"The veto function grants the vetoer absolute, permanent, and unrestricted power to block any proposal regardless of its state or community consensus, creating a single point of failure where a compromised or malicious actor can indefinitely paralyze the DAO's governance."
276,1167ec3a176e,Medium,DoS,Out of Gas,"There is no upper limit on poolColl.tokens[], it increments each time when a new collateral is added. Eventually, as the count of collateral increases, gas cost of smart contract calls will raise and that there is no implemented function to reduce the array size."
277,485f7b9ccb0a,High,Input Validation,Invalid Validation,"verify does not handle the case where ecrecover returns address(0) for invalid signatures, so setting signer/maker to address(0) can make arbitrary signatures pass and bypass authorization. In addition, idToOwner defaults unminted tokenIds to address(0), letting attackers target non-minted NFTs within the trade/transfer flow."
278,099243e83259,Medium,ERC20,Fee On Transfer Token,"When the asset or collateral is a fee-on-transfer token, the TimeswapConvenience contract cannot accurately calculate the actual amount received during transfers. This causes the Pair contract's validations to fail and the transaction to revert, as the Convenience contract does not account for the transfer fee deductions."
279,103f39b0f29b,Medium,Logic Error,Implementation Error,"After deployment, the admin address in the Kernel contract can only be changed to another contract, not to an EOA. Since only contracts like INSTR can call executeAction, and INSTR restricts targets to contracts, it's impossible to later assign admin rights to an EOA, which may have been the intended governance executor."
280,51c6dc5fd57f,Medium,Reentrancy,Violating CEI / Missing nonReentrant,"The executeProposal() function resets the activeProposal state before executing the proposal instructions. An attacker can repeatedly re-enter and execute the same instructions through nested calls, potentially leading to unauthorized module installations or fund manipulation."
281,7b5e1803022e,Medium,Governance,Bad Condition,"Once a user votes on a proposal, they cannot vote again—even if new votes are issued or revoked during the voting period. This creates inconsistencies between the recorded vote and the evolving total supply, potentially distorting quorum and outcome calculations, and undermining the reliability of governance results."
282,198fa93fabdd,Medium,"DoS, Input Validation",Invalid Validation,"_delegate allows users to delegate to address(0), which clears the owner’s voting checkpoints without updating their delegation status; consequently, _afterTokenTransfer later attempts to subtract votes from the now-zero balance, causing a revert that permanently bricks token transfers and burning."
283,2c5e13b4e147,Medium,Access Control,Centralization Risk,"The veto function grants the vetoer absolute, permanent, and unrestricted power to block any proposal regardless of its state or community consensus, creating a single point of failure where a compromised or malicious actor can indefinitely paralyze the DAO's governance."
284,a4d91fb1550f,High,Input Validation,Invalid Validation,"verify does not handle the case where ecrecover returns address(0) for invalid signatures, so setting signer/maker to address(0) can make arbitrary signatures pass and bypass authorization. In addition, idToOwner defaults unminted tokenIds to address(0), letting attackers target non-minted NFTs within the trade/transfer flow."
285,485f7b9ccb0a,Medium,Governance,Bad Condition,"Once a user votes on a proposal, they cannot vote again—even if new votes are issued or revoked during the voting period. This creates inconsistencies between the recorded vote and the evolving total supply, potentially distorting quorum and outcome calculations, and undermining the reliability of governance results."
286,9befb133ee74,Medium,Governance,Bad Condition,"Once a user votes on a proposal, they cannot vote again—even if new votes are issued or revoked during the voting period. This creates inconsistencies between the recorded vote and the evolving total supply, potentially distorting quorum and outcome calculations, and undermining the reliability of governance results."
287,e0d2d83ea351,Medium,Reentrancy,Violating CEI / Missing nonReentrant,"The executeProposal() function resets the activeProposal state before executing the proposal instructions. An attacker can repeatedly re-enter and execute the same instructions through nested calls, potentially leading to unauthorized module installations or fund manipulation."
288,e99e64a8abf1,Medium,"DoS, Input Validation",Invalid Validation,"_delegate allows users to delegate to address(0), which clears the owner’s voting checkpoints without updating their delegation status; consequently, _afterTokenTransfer later attempts to subtract votes from the now-zero balance, causing a revert that permanently bricks token transfers and burning."
289,d9b35c0c87a4,Medium,Arithmetic,Precision Loss,"AutomationMaster._getExchangeRate uses 1e8 fixed‑point calculation and integer division. When the ratio between the high‑price token and the low‑price token is less than 1e‑8, the result is truncated to zero, causing the minAmountReceived check to fail and allowing a malicious keeper to steal order funds."
290,099243e83259,Medium,Logic Error,Implementation Error,"After deployment, the admin address in the Kernel contract can only be changed to another contract, not to an EOA. Since only contracts like INSTR can call executeAction, and INSTR restricts targets to contracts, it's impossible to later assign admin rights to an EOA, which may have been the intended governance executor."
291,54405135ebf3,Medium,ERC20,Fee On Transfer Token,"When the asset or collateral is a fee-on-transfer token, the TimeswapConvenience contract cannot accurately calculate the actual amount received during transfers. This causes the Pair contract's validations to fail and the transaction to revert, as the Convenience contract does not account for the transfer fee deductions."
292,7b5e1803022e,Medium,Reentrancy,Violating CEI / Missing nonReentrant,"The executeProposal() function resets the activeProposal state before executing the proposal instructions. An attacker can repeatedly re-enter and execute the same instructions through nested calls, potentially leading to unauthorized module installations or fund manipulation."
293,a4d91fb1550f,Medium,Governance,Bad Condition,"Once a user votes on a proposal, they cannot vote again—even if new votes are issued or revoked during the voting period. This creates inconsistencies between the recorded vote and the evolving total supply, potentially distorting quorum and outcome calculations, and undermining the reliability of governance results."
294,d9b35c0c87a4,Medium,Governance,Bad Condition,"Once a user votes on a proposal, they cannot vote again—even if new votes are issued or revoked during the voting period. This creates inconsistencies between the recorded vote and the evolving total supply, potentially distorting quorum and outcome calculations, and undermining the reliability of governance results."
295,73f6a793d916,Medium,"DoS, Input Validation",Invalid Validation,"_delegate allows users to delegate to address(0), which clears the owner’s voting checkpoints without updating their delegation status; consequently, _afterTokenTransfer later attempts to subtract votes from the now-zero balance, causing a revert that permanently bricks token transfers and burning."
296,c2426a2ab283,Medium,"DoS, Input Validation",Invalid Validation,"_delegate allows users to delegate to address(0), which clears the owner’s voting checkpoints without updating their delegation status; consequently, _afterTokenTransfer later attempts to subtract votes from the now-zero balance, causing a revert that permanently bricks token transfers and burning."
297,d9b35c0c87a4,Medium,DoS,Out of Gas,"There is no upper limit on poolColl.tokens[], it increments each time when a new collateral is added. Eventually, as the count of collateral increases, gas cost of smart contract calls will raise and that there is no implemented function to reduce the array size."
298,1167ec3a176e,Medium,ERC20,Fee On Transfer Token,"When the asset or collateral is a fee-on-transfer token, the TimeswapConvenience contract cannot accurately calculate the actual amount received during transfers. This causes the Pair contract's validations to fail and the transaction to revert, as the Convenience contract does not account for the transfer fee deductions."
299,2c5e13b4e147,Medium,ERC20,Fee On Transfer Token,"When the asset or collateral is a fee-on-transfer token, the TimeswapConvenience contract cannot accurately calculate the actual amount received during transfers. This causes the Pair contract's validations to fail and the transaction to revert, as the Convenience contract does not account for the transfer fee deductions."
300,9470d2cf198f,Medium,Governance,Bad Condition,"Once a user votes on a proposal, they cannot vote again—even if new votes are issued or revoked during the voting period. This creates inconsistencies between the recorded vote and the evolving total supply, potentially distorting quorum and outcome calculations, and undermining the reliability of governance results."
301,afa60bc8003d,Medium,Governance,Bad Condition,"Once a user votes on a proposal, they cannot vote again—even if new votes are issued or revoked during the voting period. This creates inconsistencies between the recorded vote and the evolving total supply, potentially distorting quorum and outcome calculations, and undermining the reliability of governance results."
302,103f39b0f29b,Medium,Governance,Bad Condition,"Once a user votes on a proposal, they cannot vote again—even if new votes are issued or revoked during the voting period. This creates inconsistencies between the recorded vote and the evolving total supply, potentially distorting quorum and outcome calculations, and undermining the reliability of governance results."
303,54405135ebf3,Medium,Logic Error,Implementation Error,"After deployment, the admin address in the Kernel contract can only be changed to another contract, not to an EOA. Since only contracts like INSTR can call executeAction, and INSTR restricts targets to contracts, it's impossible to later assign admin rights to an EOA, which may have been the intended governance executor."
304,af8e4af75dc2,Medium,ERC20,Fee On Transfer Token,"When the asset or collateral is a fee-on-transfer token, the TimeswapConvenience contract cannot accurately calculate the actual amount received during transfers. This causes the Pair contract's validations to fail and the transaction to revert, as the Convenience contract does not account for the transfer fee deductions."
305,d9b35c0c87a4,Medium,Reentrancy,Violating CEI / Missing nonReentrant,"The executeProposal() function resets the activeProposal state before executing the proposal instructions. An attacker can repeatedly re-enter and execute the same instructions through nested calls, potentially leading to unauthorized module installations or fund manipulation."
306,27c6f2a68058,Medium,Arithmetic,Precision Loss,"AutomationMaster._getExchangeRate uses 1e8 fixed‑point calculation and integer division. When the ratio between the high‑price token and the low‑price token is less than 1e‑8, the result is truncated to zero, causing the minAmountReceived check to fail and allowing a malicious keeper to steal order funds."
307,54405135ebf3,Medium,DoS,Out of Gas,"There is no upper limit on poolColl.tokens[], it increments each time when a new collateral is added. Eventually, as the count of collateral increases, gas cost of smart contract calls will raise and that there is no implemented function to reduce the array size."
308,1167ec3a176e,Medium,Logic Error,Implementation Error,"After deployment, the admin address in the Kernel contract can only be changed to another contract, not to an EOA. Since only contracts like INSTR can call executeAction, and INSTR restricts targets to contracts, it's impossible to later assign admin rights to an EOA, which may have been the intended governance executor."
309,2c5e13b4e147,Medium,Logic Error,Implementation Error,"After deployment, the admin address in the Kernel contract can only be changed to another contract, not to an EOA. Since only contracts like INSTR can call executeAction, and INSTR restricts targets to contracts, it's impossible to later assign admin rights to an EOA, which may have been the intended governance executor."
310,afa60bc8003d,Medium,Reentrancy,Violating CEI / Missing nonReentrant,"The executeProposal() function resets the activeProposal state before executing the proposal instructions. An attacker can repeatedly re-enter and execute the same instructions through nested calls, potentially leading to unauthorized module installations or fund manipulation."
311,e7921851ec01,Medium,"DoS, Input Validation",Invalid Validation,"_delegate allows users to delegate to address(0), which clears the owner’s voting checkpoints without updating their delegation status; consequently, _afterTokenTransfer later attempts to subtract votes from the now-zero balance, causing a revert that permanently bricks token transfers and burning."
312,099243e83259,Medium,Access Control,Centralization Risk,"The veto function grants the vetoer absolute, permanent, and unrestricted power to block any proposal regardless of its state or community consensus, creating a single point of failure where a compromised or malicious actor can indefinitely paralyze the DAO's governance."
313,e0d2d83ea351,High,Input Validation,Invalid Validation,"verify does not handle the case where ecrecover returns address(0) for invalid signatures, so setting signer/maker to address(0) can make arbitrary signatures pass and bypass authorization. In addition, idToOwner defaults unminted tokenIds to address(0), letting attackers target non-minted NFTs within the trade/transfer flow."
314,099243e83259,Medium,Governance,Bad Condition,"Once a user votes on a proposal, they cannot vote again—even if new votes are issued or revoked during the voting period. This creates inconsistencies between the recorded vote and the evolving total supply, potentially distorting quorum and outcome calculations, and undermining the reliability of governance results."
315,103f39b0f29b,Medium,Reentrancy,Violating CEI / Missing nonReentrant,"The executeProposal() function resets the activeProposal state before executing the proposal instructions. An attacker can repeatedly re-enter and execute the same instructions through nested calls, potentially leading to unauthorized module installations or fund manipulation."
316,af8e4af75dc2,Medium,Logic Error,Implementation Error,"After deployment, the admin address in the Kernel contract can only be changed to another contract, not to an EOA. Since only contracts like INSTR can call executeAction, and INSTR restricts targets to contracts, it's impossible to later assign admin rights to an EOA, which may have been the intended governance executor."
317,1167ec3a176e,Medium,"DoS, Input Validation",Invalid Validation,"_delegate allows users to delegate to address(0), which clears the owner’s voting checkpoints without updating their delegation status; consequently, _afterTokenTransfer later attempts to subtract votes from the now-zero balance, causing a revert that permanently bricks token transfers and burning."
318,afa60bc8003d,Medium,Arithmetic,Precision Loss,"AutomationMaster._getExchangeRate uses 1e8 fixed‑point calculation and integer division. When the ratio between the high‑price token and the low‑price token is less than 1e‑8, the result is truncated to zero, causing the minAmountReceived check to fail and allowing a malicious keeper to steal order funds."
319,54405135ebf3,Medium,Governance,Bad Condition,"Once a user votes on a proposal, they cannot vote again—even if new votes are issued or revoked during the voting period. This creates inconsistencies between the recorded vote and the evolving total supply, potentially distorting quorum and outcome calculations, and undermining the reliability of governance results."
320,9cc1dc4ae06a,Medium,ERC20,Fee On Transfer Token,"When the asset or collateral is a fee-on-transfer token, the TimeswapConvenience contract cannot accurately calculate the actual amount received during transfers. This causes the Pair contract's validations to fail and the transaction to revert, as the Convenience contract does not account for the transfer fee deductions."
321,c2426a2ab283,Medium,ERC20,Fee On Transfer Token,"When the asset or collateral is a fee-on-transfer token, the TimeswapConvenience contract cannot accurately calculate the actual amount received during transfers. This causes the Pair contract's validations to fail and the transaction to revert, as the Convenience contract does not account for the transfer fee deductions."
322,afa60bc8003d,Medium,DoS,Out of Gas,"There is no upper limit on poolColl.tokens[], it increments each time when a new collateral is added. Eventually, as the count of collateral increases, gas cost of smart contract calls will raise and that there is no implemented function to reduce the array size."
323,1167ec3a176e,Medium,Governance,Bad Condition,"Once a user votes on a proposal, they cannot vote again—even if new votes are issued or revoked during the voting period. This creates inconsistencies between the recorded vote and the evolving total supply, potentially distorting quorum and outcome calculations, and undermining the reliability of governance results."
324,2c5e13b4e147,Medium,Governance,Bad Condition,"Once a user votes on a proposal, they cannot vote again—even if new votes are issued or revoked during the voting period. This creates inconsistencies between the recorded vote and the evolving total supply, potentially distorting quorum and outcome calculations, and undermining the reliability of governance results."
325,103f39b0f29b,High,Accounting Error,Incorrect Parameter,"The SavingsAccountUtil.depositFromSavingsAccount() function incorrectly returns _amount instead of the actual number of shares obtained when calling savingsAccountTransfer(). This will result in incorrect records of the pool's collateral assets when PPS ≠ 1, leading to fund locking or liquidation failures."
326,af8e4af75dc2,Medium,Access Control,State Update Inconsistency,"Accumulated but unclaimed rewards for suppliers and borrowers were not distributed before the admin replaced the reward distribution contract. Once the replacement occurs, users' previously accumulated rewards may become permanently unclaimable."
327,d9b35c0c87a4,Medium,ERC20,safeApprove,"There are 3 instances (CreditLine.sol#L647, CreditLine.sol#L779 , AaveYield.sol#L324) where the IERC20.approve() function is called only once without setting the allowance to zero. Some tokens, like USDT, require first reducing the address' allowance to zero by calling approve(_spender, 0)."
328,54405135ebf3,Medium,Reentrancy,Violating CEI / Missing nonReentrant,"The executeProposal() function resets the activeProposal state before executing the proposal instructions. An attacker can repeatedly re-enter and execute the same instructions through nested calls, potentially leading to unauthorized module installations or fund manipulation."
329,9cc1dc4ae06a,Medium,Logic Error,Implementation Error,"After deployment, the admin address in the Kernel contract can only be changed to another contract, not to an EOA. Since only contracts like INSTR can call executeAction, and INSTR restricts targets to contracts, it's impossible to later assign admin rights to an EOA, which may have been the intended governance executor."
330,af8e4af75dc2,Medium,Governance,Bad Condition,"Once a user votes on a proposal, they cannot vote again—even if new votes are issued or revoked during the voting period. This creates inconsistencies between the recorded vote and the evolving total supply, potentially distorting quorum and outcome calculations, and undermining the reliability of governance results."
331,c2426a2ab283,Medium,Logic Error,Implementation Error,"After deployment, the admin address in the Kernel contract can only be changed to another contract, not to an EOA. Since only contracts like INSTR can call executeAction, and INSTR restricts targets to contracts, it's impossible to later assign admin rights to an EOA, which may have been the intended governance executor."
332,d562802cb53a,Medium,ERC20,Fee On Transfer Token,"When the asset or collateral is a fee-on-transfer token, the TimeswapConvenience contract cannot accurately calculate the actual amount received during transfers. This causes the Pair contract's validations to fail and the transaction to revert, as the Convenience contract does not account for the transfer fee deductions."
333,dd17040a53bc,Medium,ERC20,Fee On Transfer Token,"When the asset or collateral is a fee-on-transfer token, the TimeswapConvenience contract cannot accurately calculate the actual amount received during transfers. This causes the Pair contract's validations to fail and the transaction to revert, as the Convenience contract does not account for the transfer fee deductions."
334,e99e64a8abf1,Medium,ERC20,Fee On Transfer Token,"When the asset or collateral is a fee-on-transfer token, the TimeswapConvenience contract cannot accurately calculate the actual amount received during transfers. This causes the Pair contract's validations to fail and the transaction to revert, as the Convenience contract does not account for the transfer fee deductions."
335,a3e15237ea08,Medium,"DoS, Input Validation",Invalid Validation,"_delegate allows users to delegate to address(0), which clears the owner’s voting checkpoints without updating their delegation status; consequently, _afterTokenTransfer later attempts to subtract votes from the now-zero balance, causing a revert that permanently bricks token transfers and burning."
336,2c5e13b4e147,Medium,Reentrancy,Violating CEI / Missing nonReentrant,"The executeProposal() function resets the activeProposal state before executing the proposal instructions. An attacker can repeatedly re-enter and execute the same instructions through nested calls, potentially leading to unauthorized module installations or fund manipulation."
337,af8e4af75dc2,Medium,Reentrancy,Violating CEI / Missing nonReentrant,"The executeProposal() function resets the activeProposal state before executing the proposal instructions. An attacker can repeatedly re-enter and execute the same instructions through nested calls, potentially leading to unauthorized module installations or fund manipulation."
338,d562802cb53a,Medium,Logic Error,Implementation Error,"After deployment, the admin address in the Kernel contract can only be changed to another contract, not to an EOA. Since only contracts like INSTR can call executeAction, and INSTR restricts targets to contracts, it's impossible to later assign admin rights to an EOA, which may have been the intended governance executor."
339,dd17040a53bc,Medium,Logic Error,Implementation Error,"After deployment, the admin address in the Kernel contract can only be changed to another contract, not to an EOA. Since only contracts like INSTR can call executeAction, and INSTR restricts targets to contracts, it's impossible to later assign admin rights to an EOA, which may have been the intended governance executor."
340,e99e64a8abf1,Medium,Logic Error,Implementation Error,"After deployment, the admin address in the Kernel contract can only be changed to another contract, not to an EOA. Since only contracts like INSTR can call executeAction, and INSTR restricts targets to contracts, it's impossible to later assign admin rights to an EOA, which may have been the intended governance executor."
341,9ddd6b83c27e,Medium,"DoS, Input Validation",Invalid Validation,"_delegate allows users to delegate to address(0), which clears the owner’s voting checkpoints without updating their delegation status; consequently, _afterTokenTransfer later attempts to subtract votes from the now-zero balance, causing a revert that permanently bricks token transfers and burning."
342,e169bbefc6e2,Medium,"DoS, Input Validation",Invalid Validation,"_delegate allows users to delegate to address(0), which clears the owner’s voting checkpoints without updating their delegation status; consequently, _afterTokenTransfer later attempts to subtract votes from the now-zero balance, causing a revert that permanently bricks token transfers and burning."
343,e7921851ec01,Medium,ERC20,Fee On Transfer Token,"When the asset or collateral is a fee-on-transfer token, the TimeswapConvenience contract cannot accurately calculate the actual amount received during transfers. This causes the Pair contract's validations to fail and the transaction to revert, as the Convenience contract does not account for the transfer fee deductions."
344,27c6f2a68058,Medium,"DoS, Input Validation",Invalid Validation,"_delegate allows users to delegate to address(0), which clears the owner’s voting checkpoints without updating their delegation status; consequently, _afterTokenTransfer later attempts to subtract votes from the now-zero balance, causing a revert that permanently bricks token transfers and burning."
345,73f6a793d916,Medium,ERC20,Fee On Transfer Token,"When the asset or collateral is a fee-on-transfer token, the TimeswapConvenience contract cannot accurately calculate the actual amount received during transfers. This causes the Pair contract's validations to fail and the transaction to revert, as the Convenience contract does not account for the transfer fee deductions."
346,e169bbefc6e2,Medium,ERC20,Fee On Transfer Token,"When the asset or collateral is a fee-on-transfer token, the TimeswapConvenience contract cannot accurately calculate the actual amount received during transfers. This causes the Pair contract's validations to fail and the transaction to revert, as the Convenience contract does not account for the transfer fee deductions."
347,2c5e13b4e147,High,Accounting Error,Incorrect Parameter,"The SavingsAccountUtil.depositFromSavingsAccount() function incorrectly returns _amount instead of the actual number of shares obtained when calling savingsAccountTransfer(). This will result in incorrect records of the pool's collateral assets when PPS ≠ 1, leading to fund locking or liquidation failures."
348,a8884f87db1a,Medium,ERC20,Fee On Transfer Token,"When the asset or collateral is a fee-on-transfer token, the TimeswapConvenience contract cannot accurately calculate the actual amount received during transfers. This causes the Pair contract's validations to fail and the transaction to revert, as the Convenience contract does not account for the transfer fee deductions."
349,e7921851ec01,Medium,Logic Error,Implementation Error,"After deployment, the admin address in the Kernel contract can only be changed to another contract, not to an EOA. Since only contracts like INSTR can call executeAction, and INSTR restricts targets to contracts, it's impossible to later assign admin rights to an EOA, which may have been the intended governance executor."
350,fee749ecd513,Medium,ERC20,Fee On Transfer Token,"When the asset or collateral is a fee-on-transfer token, the TimeswapConvenience contract cannot accurately calculate the actual amount received during transfers. This causes the Pair contract's validations to fail and the transaction to revert, as the Convenience contract does not account for the transfer fee deductions."
351,d562802cb53a,Medium,Access Control,State Update Inconsistency,"Accumulated but unclaimed rewards for suppliers and borrowers were not distributed before the admin replaced the reward distribution contract. Once the replacement occurs, users' previously accumulated rewards may become permanently unclaimable."
352,dd17040a53bc,Medium,Access Control,State Update Inconsistency,"Accumulated but unclaimed rewards for suppliers and borrowers were not distributed before the admin replaced the reward distribution contract. Once the replacement occurs, users' previously accumulated rewards may become permanently unclaimable."
353,51c6dc5fd57f,Medium,Governance,Incorrect Parameter,"In the Governor contract, parameters related to proposal (e.g., quorum & threshold) are depends on the total supply in the current timestamp but not the previous timestamp, so these values can be changed if total supply cahnges later in the same block because tehy are still eligible to vote.Attckers can lower the threshold and quorum by incresaing totalSupply."
354,73f6a793d916,Medium,Logic Error,Implementation Error,"After deployment, the admin address in the Kernel contract can only be changed to another contract, not to an EOA. Since only contracts like INSTR can call executeAction, and INSTR restricts targets to contracts, it's impossible to later assign admin rights to an EOA, which may have been the intended governance executor."
355,e169bbefc6e2,Medium,Logic Error,Implementation Error,"After deployment, the admin address in the Kernel contract can only be changed to another contract, not to an EOA. Since only contracts like INSTR can call executeAction, and INSTR restricts targets to contracts, it's impossible to later assign admin rights to an EOA, which may have been the intended governance executor."
356,51c6dc5fd57f,Medium,Logic Error,Implementation Error,"After deployment, the admin address in the Kernel contract can only be changed to another contract, not to an EOA. Since only contracts like INSTR can call executeAction, and INSTR restricts targets to contracts, it's impossible to later assign admin rights to an EOA, which may have been the intended governance executor."
357,8f18f7d5c396,Medium,DoS,payable / receive(),"In Swap.sol, using transfer() to send ETH is limited by a fixed gas cap of 2300.If the recipient is a contract without a payable fallback or a fallback that exceeds this limit, it will cause the transaction to fail and may result in funds becoming inaccessible."
358,a8884f87db1a,Medium,DoS,payable / receive(),"In Swap.sol, using transfer() to send ETH is limited by a fixed gas cap of 2300.If the recipient is a contract without a payable fallback or a fallback that exceeds this limit, it will cause the transaction to fail and may result in funds becoming inaccessible."
359,8f18f7d5c396,Medium,ERC20,Fee On Transfer Token,"When the asset or collateral is a fee-on-transfer token, the TimeswapConvenience contract cannot accurately calculate the actual amount received during transfers. This causes the Pair contract's validations to fail and the transaction to revert, as the Convenience contract does not account for the transfer fee deductions."
360,8f18f7d5c396,Medium,Governance,Bad Condition,"Once a user votes on a proposal, they cannot vote again—even if new votes are issued or revoked during the voting period. This creates inconsistencies between the recorded vote and the evolving total supply, potentially distorting quorum and outcome calculations, and undermining the reliability of governance results."
361,9ddd6b83c27e,Medium,Access Control,State Update Inconsistency,"Accumulated but unclaimed rewards for suppliers and borrowers were not distributed before the admin replaced the reward distribution contract. Once the replacement occurs, users' previously accumulated rewards may become permanently unclaimable."
362,4ef0b4d678ab,Medium,Access Control,State Update Inconsistency,"Accumulated but unclaimed rewards for suppliers and borrowers were not distributed before the admin replaced the reward distribution contract. Once the replacement occurs, users' previously accumulated rewards may become permanently unclaimable."
363,a3e15237ea08,Medium,Access Control,State Update Inconsistency,"Accumulated but unclaimed rewards for suppliers and borrowers were not distributed before the admin replaced the reward distribution contract. Once the replacement occurs, users' previously accumulated rewards may become permanently unclaimable."
364,51c6dc5fd57f,High,Reentrancy,Violating CEI / Missing nonReentrant,"onERC721Received calls _cleanupLoan to perform external NFT transfers before completing core state updates, violating the CEI pattern."
365,4ef0b4d678ab,High,Logic Error,Bad Condition,"The price decline formula in getDutchAuctionStrike() causes the price to reach the reserve price before the auction duration ends, resulting in a static price for the remaining time and reducing the actual effective time and efficiency of the auction process."
366,51c6dc5fd57f,High,Accounting Error,Incorrect Parameter,"The SavingsAccountUtil.depositFromSavingsAccount() function incorrectly returns _amount instead of the actual number of shares obtained when calling savingsAccountTransfer(). This will result in incorrect records of the pool's collateral assets when PPS ≠ 1, leading to fund locking or liquidation failures."
367,9ddd6b83c27e,Medium,Arithmetic,Unsafe Downcast,"The initialize function performs an unsafe cast of founderPct to uint8 when calculating the cumulative totalOwnership. If a founder's percentage is a multiple of 256 (e.g., 256, 512), the truncated value becomes 0, bypassing the ""maximum 100%"" check and allowing malicious founders to monopolize the base token distribution logic."
368,a3e15237ea08,Medium,Arithmetic,Unsafe Downcast,"The initialize function performs an unsafe cast of founderPct to uint8 when calculating the cumulative totalOwnership. If a founder's percentage is a multiple of 256 (e.g., 256, 512), the truncated value becomes 0, bypassing the ""maximum 100%"" check and allowing malicious founders to monopolize the base token distribution logic."
369,8a20eb1e521f,Medium,DoS,Bad Condition,"castDisapproval() only checks if the proposal is in the ""queued"" state in _preCastAssertions() and does not simultaneously check block.timestamp < minExecutionTime. This allows a proposal to be voted against even when it has reached the executable time, causing the proposal to immediately transition to a rejected state and resulting in a failed execution."
370,7100a75d6ebd,Medium,Logic Error,Implementation Error,"After deployment, the admin address in the Kernel contract can only be changed to another contract, not to an EOA. Since only contracts like INSTR can call executeAction, and INSTR restricts targets to contracts, it's impossible to later assign admin rights to an EOA, which may have been the intended governance executor."
371,e6e43dfea59f,Medium,Logic Error,Implementation Error,"After deployment, the admin address in the Kernel contract can only be changed to another contract, not to an EOA. Since only contracts like INSTR can call executeAction, and INSTR restricts targets to contracts, it's impossible to later assign admin rights to an EOA, which may have been the intended governance executor."
372,7100a75d6ebd,Medium,Governance,Bad Condition,"Once a user votes on a proposal, they cannot vote again—even if new votes are issued or revoked during the voting period. This creates inconsistencies between the recorded vote and the evolving total supply, potentially distorting quorum and outcome calculations, and undermining the reliability of governance results."
373,empty,empty,empty,empty,empty
374,empty,empty,empty,empty,empty
375,empty,empty,empty,empty,empty
376,empty,empty,empty,empty,empty
377,empty,empty,empty,empty,empty
378,empty,empty,empty,empty,empty
379,empty,empty,empty,empty,empty
380,empty,empty,empty,empty,empty
381,empty,empty,empty,empty,empty
382,empty,empty,empty,empty,empty
383,empty,empty,empty,empty,empty
384,empty,empty,empty,empty,empty
385,empty,empty,empty,empty,empty
386,empty,empty,empty,empty,empty
387,empty,empty,empty,empty,empty
388,empty,empty,empty,empty,empty
389,empty,empty,empty,empty,empty
390,empty,empty,empty,empty,empty
391,empty,empty,empty,empty,empty
392,empty,empty,empty,empty,empty
393,empty,empty,empty,empty,empty
394,empty,empty,empty,empty,empty
395,empty,empty,empty,empty,empty
396,empty,empty,empty,empty,empty
397,empty,empty,empty,empty,empty
398,empty,empty,empty,empty,empty
399,empty,empty,empty,empty,empty
400,empty,empty,empty,empty,empty
