Property,repo_path,severity,tag,subtag,description
1,0315ba9d8121,Medium,Accounting Error,State Update Inconsistency,"During initialization, there was no check to verify whether lpToken0 or lpToken1 was the same as output, which caused the trading fees accumulated during liquidity removal to be incorrectly counted toward the liquidity position and re-added. This resulted in LP rewards and fee distribution states being inconsistent with the actual assets."
2,0315ba9d8121,Medium,Input Validation,Invalid Validation,"ActivePool.sendCollaterals function internally call _sendCollateral, which uses whitelist.getIndex(_collateral) as if it were a validated lookup, but for a non-whitelisted token, it returns 0 (the same index as the first real whitelisted token). As a result, the code silently updates poolColl.amounts[0], i.e., the balance slot of the first whitelisted asset—while actually transferring some other (unsupported) token."
3,03196f805abb,Medium,Accounting Error,State Update Inconsistency,"During initialization, there was no check to verify whether lpToken0 or lpToken1 was the same as output, which caused the trading fees accumulated during liquidity removal to be incorrectly counted toward the liquidity position and re-added. This resulted in LP rewards and fee distribution states being inconsistent with the actual assets."
4,03196f805abb,Medium,DoS,Bad Condition,"castDisapproval() only checks if the proposal is in the ""queued"" state in _preCastAssertions() and does not simultaneously check block.timestamp < minExecutionTime. This allows a proposal to be voted against even when it has reached the executable time, causing the proposal to immediately transition to a rejected state and resulting in a failed execution."
5,03196f805abb,Medium,Input Validation,Invalid Validation,"ActivePool.sendCollaterals function internally call _sendCollateral, which uses whitelist.getIndex(_collateral) as if it were a validated lookup, but for a non-whitelisted token, it returns 0 (the same index as the first real whitelisted token). As a result, the code silently updates poolColl.amounts[0], i.e., the balance slot of the first whitelisted asset—while actually transferring some other (unsupported) token."
6,099243e83259,Medium,Access Control,Centralization Risk,"The veto function grants the vetoer absolute, permanent, and unrestricted power to block any proposal regardless of its state or community consensus, creating a single point of failure where a compromised or malicious actor can indefinitely paralyze the DAO's governance."
7,099243e83259,Medium,Accounting Error,State Update Inconsistency,"During initialization, there was no check to verify whether lpToken0 or lpToken1 was the same as output, which caused the trading fees accumulated during liquidity removal to be incorrectly counted toward the liquidity position and re-added. This resulted in LP rewards and fee distribution states being inconsistent with the actual assets."
8,099243e83259,Medium,Arithmetic,Precision Loss,"AutomationMaster._getExchangeRate uses 1e8 fixed‑point calculation and integer division. When the ratio between the high‑price token and the low‑price token is less than 1e‑8, the result is truncated to zero, causing the minAmountReceived check to fail and allowing a malicious keeper to steal order funds."
9,099243e83259,Medium,DoS,Bad Condition,"castDisapproval() only checks if the proposal is in the ""queued"" state in _preCastAssertions() and does not simultaneously check block.timestamp < minExecutionTime. This allows a proposal to be voted against even when it has reached the executable time, causing the proposal to immediately transition to a rejected state and resulting in a failed execution."
10,099243e83259,Medium,DoS,Out of Gas,"There is no upper limit on poolColl.tokens[], it increments each time when a new collateral is added. Eventually, as the count of collateral increases, gas cost of smart contract calls will raise and that there is no implemented function to reduce the array size."
11,103f39b0f29b,High,Accounting Error,Incorrect Parameter,"The SavingsAccountUtil.depositFromSavingsAccount() function incorrectly returns _amount instead of the actual number of shares obtained when calling savingsAccountTransfer(). This will result in incorrect records of the pool's collateral assets when PPS ≠ 1, leading to fund locking or liquidation failures."
12,103f39b0f29b,Medium,ERC20,Fee On Transfer Token,"When the asset or collateral is a fee-on-transfer token, the TimeswapConvenience contract cannot accurately calculate the actual amount received during transfers. This causes the Pair contract's validations to fail and the transaction to revert, as the Convenience contract does not account for the transfer fee deductions."
13,103f39b0f29b,Medium,Governance,Bad Condition,"Once a user votes on a proposal, they cannot vote again—even if new votes are issued or revoked during the voting period. This creates inconsistencies between the recorded vote and the evolving total supply, potentially distorting quorum and outcome calculations, and undermining the reliability of governance results."
14,103f39b0f29b,Medium,Input Validation,Invalid Validation,"ActivePool.sendCollaterals function internally call _sendCollateral, which uses whitelist.getIndex(_collateral) as if it were a validated lookup, but for a non-whitelisted token, it returns 0 (the same index as the first real whitelisted token). As a result, the code silently updates poolColl.amounts[0], i.e., the balance slot of the first whitelisted asset—while actually transferring some other (unsupported) token."
15,103f39b0f29b,Medium,Logic Error,Implementation Error,"After deployment, the admin address in the Kernel contract can only be changed to another contract, not to an EOA. Since only contracts like INSTR can call executeAction, and INSTR restricts targets to contracts, it's impossible to later assign admin rights to an EOA, which may have been the intended governance executor."
16,1167ec3a176e,Medium,Accounting Error,State Update Inconsistency,"During initialization, there was no check to verify whether lpToken0 or lpToken1 was the same as output, which caused the trading fees accumulated during liquidity removal to be incorrectly counted toward the liquidity position and re-added. This resulted in LP rewards and fee distribution states being inconsistent with the actual assets."
17,1167ec3a176e,Medium,Arithmetic,Precision Loss,"AutomationMaster._getExchangeRate uses 1e8 fixed‑point calculation and integer division. When the ratio between the high‑price token and the low‑price token is less than 1e‑8, the result is truncated to zero, causing the minAmountReceived check to fail and allowing a malicious keeper to steal order funds."
18,1167ec3a176e,Medium,DoS,Bad Condition,"castDisapproval() only checks if the proposal is in the ""queued"" state in _preCastAssertions() and does not simultaneously check block.timestamp < minExecutionTime. This allows a proposal to be voted against even when it has reached the executable time, causing the proposal to immediately transition to a rejected state and resulting in a failed execution."
19,1167ec3a176e,Medium,DoS,Out of Gas,"There is no upper limit on poolColl.tokens[], it increments each time when a new collateral is added. Eventually, as the count of collateral increases, gas cost of smart contract calls will raise and that there is no implemented function to reduce the array size."
20,1167ec3a176e,Medium,ERC20,Fee On Transfer Token,"When the asset or collateral is a fee-on-transfer token, the TimeswapConvenience contract cannot accurately calculate the actual amount received during transfers. This causes the Pair contract's validations to fail and the transaction to revert, as the Convenience contract does not account for the transfer fee deductions."
21,198fa93fabdd,Medium,Accounting Error,State Update Inconsistency,"During initialization, there was no check to verify whether lpToken0 or lpToken1 was the same as output, which caused the trading fees accumulated during liquidity removal to be incorrectly counted toward the liquidity position and re-added. This resulted in LP rewards and fee distribution states being inconsistent with the actual assets."
22,198fa93fabdd,Medium,Arithmetic,Precision Loss,"AutomationMaster._getExchangeRate uses 1e8 fixed‑point calculation and integer division. When the ratio between the high‑price token and the low‑price token is less than 1e‑8, the result is truncated to zero, causing the minAmountReceived check to fail and allowing a malicious keeper to steal order funds."
23,198fa93fabdd,Medium,DoS,Bad Condition,"castDisapproval() only checks if the proposal is in the ""queued"" state in _preCastAssertions() and does not simultaneously check block.timestamp < minExecutionTime. This allows a proposal to be voted against even when it has reached the executable time, causing the proposal to immediately transition to a rejected state and resulting in a failed execution."
24,198fa93fabdd,High,Input Validation,Invalid Validation,"verify does not handle the case where ecrecover returns address(0) for invalid signatures, so setting signer/maker to address(0) can make arbitrary signatures pass and bypass authorization. In addition, idToOwner defaults unminted tokenIds to address(0), letting attackers target non-minted NFTs within the trade/transfer flow."
25,1d8f1f43cde9,Medium,Accounting Error,State Update Inconsistency,"During initialization, there was no check to verify whether lpToken0 or lpToken1 was the same as output, which caused the trading fees accumulated during liquidity removal to be incorrectly counted toward the liquidity position and re-added. This resulted in LP rewards and fee distribution states being inconsistent with the actual assets."
26,1d8f1f43cde9,Medium,Arithmetic,Precision Loss,"AutomationMaster._getExchangeRate uses 1e8 fixed‑point calculation and integer division. When the ratio between the high‑price token and the low‑price token is less than 1e‑8, the result is truncated to zero, causing the minAmountReceived check to fail and allowing a malicious keeper to steal order funds."
27,1d8f1f43cde9,Medium,DoS,Bad Condition,"castDisapproval() only checks if the proposal is in the ""queued"" state in _preCastAssertions() and does not simultaneously check block.timestamp < minExecutionTime. This allows a proposal to be voted against even when it has reached the executable time, causing the proposal to immediately transition to a rejected state and resulting in a failed execution."
28,1d8f1f43cde9,Medium,DoS,Out of Gas,"There is no upper limit on poolColl.tokens[], it increments each time when a new collateral is added. Eventually, as the count of collateral increases, gas cost of smart contract calls will raise and that there is no implemented function to reduce the array size."
29,1d8f1f43cde9,Medium,Input Validation,Invalid Validation,"ActivePool.sendCollaterals function internally call _sendCollateral, which uses whitelist.getIndex(_collateral) as if it were a validated lookup, but for a non-whitelisted token, it returns 0 (the same index as the first real whitelisted token). As a result, the code silently updates poolColl.amounts[0], i.e., the balance slot of the first whitelisted asset—while actually transferring some other (unsupported) token."
30,27c6f2a68058,Medium,Access Control,Centralization Risk,"The veto function grants the vetoer absolute, permanent, and unrestricted power to block any proposal regardless of its state or community consensus, creating a single point of failure where a compromised or malicious actor can indefinitely paralyze the DAO's governance."
31,27c6f2a68058,Medium,Accounting Error,State Update Inconsistency,"During initialization, there was no check to verify whether lpToken0 or lpToken1 was the same as output, which caused the trading fees accumulated during liquidity removal to be incorrectly counted toward the liquidity position and re-added. This resulted in LP rewards and fee distribution states being inconsistent with the actual assets."
32,27c6f2a68058,Medium,Arithmetic,Precision Loss,"AutomationMaster._getExchangeRate uses 1e8 fixed‑point calculation and integer division. When the ratio between the high‑price token and the low‑price token is less than 1e‑8, the result is truncated to zero, causing the minAmountReceived check to fail and allowing a malicious keeper to steal order funds."
33,27c6f2a68058,Medium,DoS,Bad Condition,"castDisapproval() only checks if the proposal is in the ""queued"" state in _preCastAssertions() and does not simultaneously check block.timestamp < minExecutionTime. This allows a proposal to be voted against even when it has reached the executable time, causing the proposal to immediately transition to a rejected state and resulting in a failed execution."
34,27c6f2a68058,Medium,DoS,Out of Gas,"There is no upper limit on poolColl.tokens[], it increments each time when a new collateral is added. Eventually, as the count of collateral increases, gas cost of smart contract calls will raise and that there is no implemented function to reduce the array size."
35,2c5e13b4e147,Medium,Access Control,Centralization Risk,"The veto function grants the vetoer absolute, permanent, and unrestricted power to block any proposal regardless of its state or community consensus, creating a single point of failure where a compromised or malicious actor can indefinitely paralyze the DAO's governance."
36,2c5e13b4e147,Medium,Accounting Error,State Update Inconsistency,"During initialization, there was no check to verify whether lpToken0 or lpToken1 was the same as output, which caused the trading fees accumulated during liquidity removal to be incorrectly counted toward the liquidity position and re-added. This resulted in LP rewards and fee distribution states being inconsistent with the actual assets."
37,2c5e13b4e147,Medium,Arithmetic,Precision Loss,"AutomationMaster._getExchangeRate uses 1e8 fixed‑point calculation and integer division. When the ratio between the high‑price token and the low‑price token is less than 1e‑8, the result is truncated to zero, causing the minAmountReceived check to fail and allowing a malicious keeper to steal order funds."
38,2c5e13b4e147,Medium,ERC20,Fee On Transfer Token,"When the asset or collateral is a fee-on-transfer token, the TimeswapConvenience contract cannot accurately calculate the actual amount received during transfers. This causes the Pair contract's validations to fail and the transaction to revert, as the Convenience contract does not account for the transfer fee deductions."
39,2c5e13b4e147,Medium,Governance,Bad Condition,"Once a user votes on a proposal, they cannot vote again—even if new votes are issued or revoked during the voting period. This creates inconsistencies between the recorded vote and the evolving total supply, potentially distorting quorum and outcome calculations, and undermining the reliability of governance results."
40,348856fe60ac,Medium,Accounting Error,State Update Inconsistency,"During initialization, there was no check to verify whether lpToken0 or lpToken1 was the same as output, which caused the trading fees accumulated during liquidity removal to be incorrectly counted toward the liquidity position and re-added. This resulted in LP rewards and fee distribution states being inconsistent with the actual assets."
41,348856fe60ac,Medium,Input Validation,Invalid Validation,"ActivePool.sendCollaterals function internally call _sendCollateral, which uses whitelist.getIndex(_collateral) as if it were a validated lookup, but for a non-whitelisted token, it returns 0 (the same index as the first real whitelisted token). As a result, the code silently updates poolColl.amounts[0], i.e., the balance slot of the first whitelisted asset—while actually transferring some other (unsupported) token."
42,40cc38c69cca,Medium,Accounting Error,State Update Inconsistency,"During initialization, there was no check to verify whether lpToken0 or lpToken1 was the same as output, which caused the trading fees accumulated during liquidity removal to be incorrectly counted toward the liquidity position and re-added. This resulted in LP rewards and fee distribution states being inconsistent with the actual assets."
43,40cc38c69cca,Medium,Arithmetic,Precision Loss,"AutomationMaster._getExchangeRate uses 1e8 fixed‑point calculation and integer division. When the ratio between the high‑price token and the low‑price token is less than 1e‑8, the result is truncated to zero, causing the minAmountReceived check to fail and allowing a malicious keeper to steal order funds."
44,40cc38c69cca,Medium,DoS,Bad Condition,"castDisapproval() only checks if the proposal is in the ""queued"" state in _preCastAssertions() and does not simultaneously check block.timestamp < minExecutionTime. This allows a proposal to be voted against even when it has reached the executable time, causing the proposal to immediately transition to a rejected state and resulting in a failed execution."
45,40cc38c69cca,Medium,ERC20,Fee On Transfer Token,"When the asset or collateral is a fee-on-transfer token, the TimeswapConvenience contract cannot accurately calculate the actual amount received during transfers. This causes the Pair contract's validations to fail and the transaction to revert, as the Convenience contract does not account for the transfer fee deductions."
46,40cc38c69cca,High,Input Validation,Invalid Validation,"verify does not handle the case where ecrecover returns address(0) for invalid signatures, so setting signer/maker to address(0) can make arbitrary signatures pass and bypass authorization. In addition, idToOwner defaults unminted tokenIds to address(0), letting attackers target non-minted NFTs within the trade/transfer flow."
47,485f7b9ccb0a,Medium,Accounting Error,State Update Inconsistency,"During initialization, there was no check to verify whether lpToken0 or lpToken1 was the same as output, which caused the trading fees accumulated during liquidity removal to be incorrectly counted toward the liquidity position and re-added. This resulted in LP rewards and fee distribution states being inconsistent with the actual assets."
48,485f7b9ccb0a,Medium,DoS,Bad Condition,"castDisapproval() only checks if the proposal is in the ""queued"" state in _preCastAssertions() and does not simultaneously check block.timestamp < minExecutionTime. This allows a proposal to be voted against even when it has reached the executable time, causing the proposal to immediately transition to a rejected state and resulting in a failed execution."
49,485f7b9ccb0a,Medium,Governance,Bad Condition,"Once a user votes on a proposal, they cannot vote again—even if new votes are issued or revoked during the voting period. This creates inconsistencies between the recorded vote and the evolving total supply, potentially distorting quorum and outcome calculations, and undermining the reliability of governance results."
50,485f7b9ccb0a,Medium,Input Validation,Invalid Validation,"ActivePool.sendCollaterals function internally call _sendCollateral, which uses whitelist.getIndex(_collateral) as if it were a validated lookup, but for a non-whitelisted token, it returns 0 (the same index as the first real whitelisted token). As a result, the code silently updates poolColl.amounts[0], i.e., the balance slot of the first whitelisted asset—while actually transferring some other (unsupported) token."
51,485f7b9ccb0a,Medium,Logic Error,Implementation Error,"After deployment, the admin address in the Kernel contract can only be changed to another contract, not to an EOA. Since only contracts like INSTR can call executeAction, and INSTR restricts targets to contracts, it's impossible to later assign admin rights to an EOA, which may have been the intended governance executor."
52,4ef0b4d678ab,Medium,Access Control,Centralization Risk,"The veto function grants the vetoer absolute, permanent, and unrestricted power to block any proposal regardless of its state or community consensus, creating a single point of failure where a compromised or malicious actor can indefinitely paralyze the DAO's governance."
53,4ef0b4d678ab,Medium,Accounting Error,State Update Inconsistency,"During initialization, there was no check to verify whether lpToken0 or lpToken1 was the same as output, which caused the trading fees accumulated during liquidity removal to be incorrectly counted toward the liquidity position and re-added. This resulted in LP rewards and fee distribution states being inconsistent with the actual assets."
54,4ef0b4d678ab,Medium,Arithmetic,Precision Loss,"AutomationMaster._getExchangeRate uses 1e8 fixed‑point calculation and integer division. When the ratio between the high‑price token and the low‑price token is less than 1e‑8, the result is truncated to zero, causing the minAmountReceived check to fail and allowing a malicious keeper to steal order funds."
55,4ef0b4d678ab,Medium,DoS,Bad Condition,"castDisapproval() only checks if the proposal is in the ""queued"" state in _preCastAssertions() and does not simultaneously check block.timestamp < minExecutionTime. This allows a proposal to be voted against even when it has reached the executable time, causing the proposal to immediately transition to a rejected state and resulting in a failed execution."
56,4ef0b4d678ab,Medium,DoS,Out of Gas,"There is no upper limit on poolColl.tokens[], it increments each time when a new collateral is added. Eventually, as the count of collateral increases, gas cost of smart contract calls will raise and that there is no implemented function to reduce the array size."
57,51c6dc5fd57f,Medium,Access Control,Centralization Risk,"The veto function grants the vetoer absolute, permanent, and unrestricted power to block any proposal regardless of its state or community consensus, creating a single point of failure where a compromised or malicious actor can indefinitely paralyze the DAO's governance."
58,51c6dc5fd57f,High,Accounting Error,Incorrect Parameter,"The SavingsAccountUtil.depositFromSavingsAccount() function incorrectly returns _amount instead of the actual number of shares obtained when calling savingsAccountTransfer(). This will result in incorrect records of the pool's collateral assets when PPS ≠ 1, leading to fund locking or liquidation failures."
59,51c6dc5fd57f,Medium,DoS,Bad Condition,"castDisapproval() only checks if the proposal is in the ""queued"" state in _preCastAssertions() and does not simultaneously check block.timestamp < minExecutionTime. This allows a proposal to be voted against even when it has reached the executable time, causing the proposal to immediately transition to a rejected state and resulting in a failed execution."
60,51c6dc5fd57f,Medium,DoS,Out of Gas,"There is no upper limit on poolColl.tokens[], it increments each time when a new collateral is added. Eventually, as the count of collateral increases, gas cost of smart contract calls will raise and that there is no implemented function to reduce the array size."
61,51c6dc5fd57f,Medium,Governance,Bad Condition,"Once a user votes on a proposal, they cannot vote again—even if new votes are issued or revoked during the voting period. This creates inconsistencies between the recorded vote and the evolving total supply, potentially distorting quorum and outcome calculations, and undermining the reliability of governance results."
62,54405135ebf3,Medium,Accounting Error,State Update Inconsistency,"During initialization, there was no check to verify whether lpToken0 or lpToken1 was the same as output, which caused the trading fees accumulated during liquidity removal to be incorrectly counted toward the liquidity position and re-added. This resulted in LP rewards and fee distribution states being inconsistent with the actual assets."
63,54405135ebf3,Medium,Arithmetic,Precision Loss,"AutomationMaster._getExchangeRate uses 1e8 fixed‑point calculation and integer division. When the ratio between the high‑price token and the low‑price token is less than 1e‑8, the result is truncated to zero, causing the minAmountReceived check to fail and allowing a malicious keeper to steal order funds."
64,54405135ebf3,Medium,DoS,Bad Condition,"castDisapproval() only checks if the proposal is in the ""queued"" state in _preCastAssertions() and does not simultaneously check block.timestamp < minExecutionTime. This allows a proposal to be voted against even when it has reached the executable time, causing the proposal to immediately transition to a rejected state and resulting in a failed execution."
65,54405135ebf3,Medium,DoS,Out of Gas,"There is no upper limit on poolColl.tokens[], it increments each time when a new collateral is added. Eventually, as the count of collateral increases, gas cost of smart contract calls will raise and that there is no implemented function to reduce the array size."
66,54405135ebf3,Medium,ERC20,Fee On Transfer Token,"When the asset or collateral is a fee-on-transfer token, the TimeswapConvenience contract cannot accurately calculate the actual amount received during transfers. This causes the Pair contract's validations to fail and the transaction to revert, as the Convenience contract does not account for the transfer fee deductions."
67,592eed5791df,Medium,Accounting Error,State Update Inconsistency,"During initialization, there was no check to verify whether lpToken0 or lpToken1 was the same as output, which caused the trading fees accumulated during liquidity removal to be incorrectly counted toward the liquidity position and re-added. This resulted in LP rewards and fee distribution states being inconsistent with the actual assets."
68,592eed5791df,Medium,Arithmetic,Precision Loss,"AutomationMaster._getExchangeRate uses 1e8 fixed‑point calculation and integer division. When the ratio between the high‑price token and the low‑price token is less than 1e‑8, the result is truncated to zero, causing the minAmountReceived check to fail and allowing a malicious keeper to steal order funds."
69,592eed5791df,Medium,DoS,Out of Gas,"There is no upper limit on poolColl.tokens[], it increments each time when a new collateral is added. Eventually, as the count of collateral increases, gas cost of smart contract calls will raise and that there is no implemented function to reduce the array size."
70,592eed5791df,Medium,Input Validation,Invalid Validation,"ActivePool.sendCollaterals function internally call _sendCollateral, which uses whitelist.getIndex(_collateral) as if it were a validated lookup, but for a non-whitelisted token, it returns 0 (the same index as the first real whitelisted token). As a result, the code silently updates poolColl.amounts[0], i.e., the balance slot of the first whitelisted asset—while actually transferring some other (unsupported) token."
71,7100a75d6ebd,Medium,Accounting Error,State Update Inconsistency,"During initialization, there was no check to verify whether lpToken0 or lpToken1 was the same as output, which caused the trading fees accumulated during liquidity removal to be incorrectly counted toward the liquidity position and re-added. This resulted in LP rewards and fee distribution states being inconsistent with the actual assets."
72,7100a75d6ebd,Medium,ERC20,Fee On Transfer Token,"When the asset or collateral is a fee-on-transfer token, the TimeswapConvenience contract cannot accurately calculate the actual amount received during transfers. This causes the Pair contract's validations to fail and the transaction to revert, as the Convenience contract does not account for the transfer fee deductions."
73,7100a75d6ebd,Medium,Input Validation,Invalid Validation,"ActivePool.sendCollaterals function internally call _sendCollateral, which uses whitelist.getIndex(_collateral) as if it were a validated lookup, but for a non-whitelisted token, it returns 0 (the same index as the first real whitelisted token). As a result, the code silently updates poolColl.amounts[0], i.e., the balance slot of the first whitelisted asset—while actually transferring some other (unsupported) token."
74,73f6a793d916,Medium,Access Control,Centralization Risk,"The veto function grants the vetoer absolute, permanent, and unrestricted power to block any proposal regardless of its state or community consensus, creating a single point of failure where a compromised or malicious actor can indefinitely paralyze the DAO's governance."
75,73f6a793d916,Medium,Accounting Error,State Update Inconsistency,"During initialization, there was no check to verify whether lpToken0 or lpToken1 was the same as output, which caused the trading fees accumulated during liquidity removal to be incorrectly counted toward the liquidity position and re-added. This resulted in LP rewards and fee distribution states being inconsistent with the actual assets."
76,73f6a793d916,Medium,Arithmetic,Precision Loss,"AutomationMaster._getExchangeRate uses 1e8 fixed‑point calculation and integer division. When the ratio between the high‑price token and the low‑price token is less than 1e‑8, the result is truncated to zero, causing the minAmountReceived check to fail and allowing a malicious keeper to steal order funds."
77,73f6a793d916,Medium,DoS,Bad Condition,"castDisapproval() only checks if the proposal is in the ""queued"" state in _preCastAssertions() and does not simultaneously check block.timestamp < minExecutionTime. This allows a proposal to be voted against even when it has reached the executable time, causing the proposal to immediately transition to a rejected state and resulting in a failed execution."
78,73f6a793d916,Medium,DoS,Out of Gas,"There is no upper limit on poolColl.tokens[], it increments each time when a new collateral is added. Eventually, as the count of collateral increases, gas cost of smart contract calls will raise and that there is no implemented function to reduce the array size."
79,7b5e1803022e,Medium,DoS,Bad Condition,"castDisapproval() only checks if the proposal is in the ""queued"" state in _preCastAssertions() and does not simultaneously check block.timestamp < minExecutionTime. This allows a proposal to be voted against even when it has reached the executable time, causing the proposal to immediately transition to a rejected state and resulting in a failed execution."
80,7b5e1803022e,Medium,Governance,Bad Condition,"Once a user votes on a proposal, they cannot vote again—even if new votes are issued or revoked during the voting period. This creates inconsistencies between the recorded vote and the evolving total supply, potentially distorting quorum and outcome calculations, and undermining the reliability of governance results."
81,7b5e1803022e,Medium,Reentrancy,Violating CEI / Missing nonReentrant,"The executeProposal() function resets the activeProposal state before executing the proposal instructions. An attacker can repeatedly re-enter and execute the same instructions through nested calls, potentially leading to unauthorized module installations or fund manipulation."
82,7bbe3d81960c,Medium,Accounting Error,State Update Inconsistency,"During initialization, there was no check to verify whether lpToken0 or lpToken1 was the same as output, which caused the trading fees accumulated during liquidity removal to be incorrectly counted toward the liquidity position and re-added. This resulted in LP rewards and fee distribution states being inconsistent with the actual assets."
83,7bbe3d81960c,Medium,DoS,Bad Condition,"castDisapproval() only checks if the proposal is in the ""queued"" state in _preCastAssertions() and does not simultaneously check block.timestamp < minExecutionTime. This allows a proposal to be voted against even when it has reached the executable time, causing the proposal to immediately transition to a rejected state and resulting in a failed execution."
84,7bbe3d81960c,Medium,Input Validation,Invalid Validation,"ActivePool.sendCollaterals function internally call _sendCollateral, which uses whitelist.getIndex(_collateral) as if it were a validated lookup, but for a non-whitelisted token, it returns 0 (the same index as the first real whitelisted token). As a result, the code silently updates poolColl.amounts[0], i.e., the balance slot of the first whitelisted asset—while actually transferring some other (unsupported) token."
85,804fe35b0164,Medium,Accounting Error,State Update Inconsistency,"During initialization, there was no check to verify whether lpToken0 or lpToken1 was the same as output, which caused the trading fees accumulated during liquidity removal to be incorrectly counted toward the liquidity position and re-added. This resulted in LP rewards and fee distribution states being inconsistent with the actual assets."
86,804fe35b0164,Medium,DoS,Out of Gas,"There is no upper limit on poolColl.tokens[], it increments each time when a new collateral is added. Eventually, as the count of collateral increases, gas cost of smart contract calls will raise and that there is no implemented function to reduce the array size."
87,804fe35b0164,Medium,Input Validation,Invalid Validation,"ActivePool.sendCollaterals function internally call _sendCollateral, which uses whitelist.getIndex(_collateral) as if it were a validated lookup, but for a non-whitelisted token, it returns 0 (the same index as the first real whitelisted token). As a result, the code silently updates poolColl.amounts[0], i.e., the balance slot of the first whitelisted asset—while actually transferring some other (unsupported) token."
88,8a20eb1e521f,Medium,Accounting Error,State Update Inconsistency,"During initialization, there was no check to verify whether lpToken0 or lpToken1 was the same as output, which caused the trading fees accumulated during liquidity removal to be incorrectly counted toward the liquidity position and re-added. This resulted in LP rewards and fee distribution states being inconsistent with the actual assets."
89,8a20eb1e521f,High,Input Validation,Invalid Validation,"verify does not handle the case where ecrecover returns address(0) for invalid signatures, so setting signer/maker to address(0) can make arbitrary signatures pass and bypass authorization. In addition, idToOwner defaults unminted tokenIds to address(0), letting attackers target non-minted NFTs within the trade/transfer flow."
90,8f18f7d5c396,Medium,Access Control,Centralization Risk,"The veto function grants the vetoer absolute, permanent, and unrestricted power to block any proposal regardless of its state or community consensus, creating a single point of failure where a compromised or malicious actor can indefinitely paralyze the DAO's governance."
91,8f18f7d5c396,Medium,Arithmetic,Precision Loss,"AutomationMaster._getExchangeRate uses 1e8 fixed‑point calculation and integer division. When the ratio between the high‑price token and the low‑price token is less than 1e‑8, the result is truncated to zero, causing the minAmountReceived check to fail and allowing a malicious keeper to steal order funds."
92,8f18f7d5c396,Medium,DoS,Bad Condition,"castDisapproval() only checks if the proposal is in the ""queued"" state in _preCastAssertions() and does not simultaneously check block.timestamp < minExecutionTime. This allows a proposal to be voted against even when it has reached the executable time, causing the proposal to immediately transition to a rejected state and resulting in a failed execution."
93,8f18f7d5c396,Medium,DoS,Out of Gas,"There is no upper limit on poolColl.tokens[], it increments each time when a new collateral is added. Eventually, as the count of collateral increases, gas cost of smart contract calls will raise and that there is no implemented function to reduce the array size."
94,8f18f7d5c396,Medium,ERC20,Fee On Transfer Token,"When the asset or collateral is a fee-on-transfer token, the TimeswapConvenience contract cannot accurately calculate the actual amount received during transfers. This causes the Pair contract's validations to fail and the transaction to revert, as the Convenience contract does not account for the transfer fee deductions."
95,9470d2cf198f,Medium,Accounting Error,State Update Inconsistency,"During initialization, there was no check to verify whether lpToken0 or lpToken1 was the same as output, which caused the trading fees accumulated during liquidity removal to be incorrectly counted toward the liquidity position and re-added. This resulted in LP rewards and fee distribution states being inconsistent with the actual assets."
96,9470d2cf198f,Medium,DoS,Bad Condition,"castDisapproval() only checks if the proposal is in the ""queued"" state in _preCastAssertions() and does not simultaneously check block.timestamp < minExecutionTime. This allows a proposal to be voted against even when it has reached the executable time, causing the proposal to immediately transition to a rejected state and resulting in a failed execution."
97,9470d2cf198f,Medium,ERC20,Fee On Transfer Token,"When the asset or collateral is a fee-on-transfer token, the TimeswapConvenience contract cannot accurately calculate the actual amount received during transfers. This causes the Pair contract's validations to fail and the transaction to revert, as the Convenience contract does not account for the transfer fee deductions."
98,9470d2cf198f,Medium,Input Validation,Invalid Validation,"ActivePool.sendCollaterals function internally call _sendCollateral, which uses whitelist.getIndex(_collateral) as if it were a validated lookup, but for a non-whitelisted token, it returns 0 (the same index as the first real whitelisted token). As a result, the code silently updates poolColl.amounts[0], i.e., the balance slot of the first whitelisted asset—while actually transferring some other (unsupported) token."
99,9470d2cf198f,Medium,Logic Error,Implementation Error,"After deployment, the admin address in the Kernel contract can only be changed to another contract, not to an EOA. Since only contracts like INSTR can call executeAction, and INSTR restricts targets to contracts, it's impossible to later assign admin rights to an EOA, which may have been the intended governance executor."
100,97843b77b287,Medium,Accounting Error,State Update Inconsistency,"During initialization, there was no check to verify whether lpToken0 or lpToken1 was the same as output, which caused the trading fees accumulated during liquidity removal to be incorrectly counted toward the liquidity position and re-added. This resulted in LP rewards and fee distribution states being inconsistent with the actual assets."
101,97843b77b287,Medium,DoS,Bad Condition,"castDisapproval() only checks if the proposal is in the ""queued"" state in _preCastAssertions() and does not simultaneously check block.timestamp < minExecutionTime. This allows a proposal to be voted against even when it has reached the executable time, causing the proposal to immediately transition to a rejected state and resulting in a failed execution."
102,97843b77b287,Medium,Input Validation,Invalid Validation,"ActivePool.sendCollaterals function internally call _sendCollateral, which uses whitelist.getIndex(_collateral) as if it were a validated lookup, but for a non-whitelisted token, it returns 0 (the same index as the first real whitelisted token). As a result, the code silently updates poolColl.amounts[0], i.e., the balance slot of the first whitelisted asset—while actually transferring some other (unsupported) token."
103,98b7c1691811,Medium,Accounting Error,State Update Inconsistency,"During initialization, there was no check to verify whether lpToken0 or lpToken1 was the same as output, which caused the trading fees accumulated during liquidity removal to be incorrectly counted toward the liquidity position and re-added. This resulted in LP rewards and fee distribution states being inconsistent with the actual assets."
104,98b7c1691811,Medium,Arithmetic,Precision Loss,"AutomationMaster._getExchangeRate uses 1e8 fixed‑point calculation and integer division. When the ratio between the high‑price token and the low‑price token is less than 1e‑8, the result is truncated to zero, causing the minAmountReceived check to fail and allowing a malicious keeper to steal order funds."
105,98b7c1691811,Medium,DoS,Out of Gas,"There is no upper limit on poolColl.tokens[], it increments each time when a new collateral is added. Eventually, as the count of collateral increases, gas cost of smart contract calls will raise and that there is no implemented function to reduce the array size."
106,98b7c1691811,Medium,Input Validation,Invalid Validation,"ActivePool.sendCollaterals function internally call _sendCollateral, which uses whitelist.getIndex(_collateral) as if it were a validated lookup, but for a non-whitelisted token, it returns 0 (the same index as the first real whitelisted token). As a result, the code silently updates poolColl.amounts[0], i.e., the balance slot of the first whitelisted asset—while actually transferring some other (unsupported) token."
107,9befb133ee74,Medium,Accounting Error,State Update Inconsistency,"During initialization, there was no check to verify whether lpToken0 or lpToken1 was the same as output, which caused the trading fees accumulated during liquidity removal to be incorrectly counted toward the liquidity position and re-added. This resulted in LP rewards and fee distribution states being inconsistent with the actual assets."
108,9befb133ee74,Medium,DoS,Bad Condition,"castDisapproval() only checks if the proposal is in the ""queued"" state in _preCastAssertions() and does not simultaneously check block.timestamp < minExecutionTime. This allows a proposal to be voted against even when it has reached the executable time, causing the proposal to immediately transition to a rejected state and resulting in a failed execution."
109,9befb133ee74,Medium,Input Validation,Invalid Validation,"ActivePool.sendCollaterals function internally call _sendCollateral, which uses whitelist.getIndex(_collateral) as if it were a validated lookup, but for a non-whitelisted token, it returns 0 (the same index as the first real whitelisted token). As a result, the code silently updates poolColl.amounts[0], i.e., the balance slot of the first whitelisted asset—while actually transferring some other (unsupported) token."
110,9befb133ee74,Medium,Logic Error,Implementation Error,"After deployment, the admin address in the Kernel contract can only be changed to another contract, not to an EOA. Since only contracts like INSTR can call executeAction, and INSTR restricts targets to contracts, it's impossible to later assign admin rights to an EOA, which may have been the intended governance executor."
111,9cc1dc4ae06a,Medium,Access Control,Centralization Risk,"The veto function grants the vetoer absolute, permanent, and unrestricted power to block any proposal regardless of its state or community consensus, creating a single point of failure where a compromised or malicious actor can indefinitely paralyze the DAO's governance."
112,9cc1dc4ae06a,Medium,Accounting Error,State Update Inconsistency,"During initialization, there was no check to verify whether lpToken0 or lpToken1 was the same as output, which caused the trading fees accumulated during liquidity removal to be incorrectly counted toward the liquidity position and re-added. This resulted in LP rewards and fee distribution states being inconsistent with the actual assets."
113,9cc1dc4ae06a,Medium,Arithmetic,Precision Loss,"AutomationMaster._getExchangeRate uses 1e8 fixed‑point calculation and integer division. When the ratio between the high‑price token and the low‑price token is less than 1e‑8, the result is truncated to zero, causing the minAmountReceived check to fail and allowing a malicious keeper to steal order funds."
114,9cc1dc4ae06a,Medium,DoS,Bad Condition,"castDisapproval() only checks if the proposal is in the ""queued"" state in _preCastAssertions() and does not simultaneously check block.timestamp < minExecutionTime. This allows a proposal to be voted against even when it has reached the executable time, causing the proposal to immediately transition to a rejected state and resulting in a failed execution."
115,9cc1dc4ae06a,Medium,DoS,Out of Gas,"There is no upper limit on poolColl.tokens[], it increments each time when a new collateral is added. Eventually, as the count of collateral increases, gas cost of smart contract calls will raise and that there is no implemented function to reduce the array size."
116,9ddd6b83c27e,Medium,Access Control,Centralization Risk,"The veto function grants the vetoer absolute, permanent, and unrestricted power to block any proposal regardless of its state or community consensus, creating a single point of failure where a compromised or malicious actor can indefinitely paralyze the DAO's governance."
117,9ddd6b83c27e,Medium,Access Control,State Update Inconsistency,"Accumulated but unclaimed rewards for suppliers and borrowers were not distributed before the admin replaced the reward distribution contract. Once the replacement occurs, users' previously accumulated rewards may become permanently unclaimable."
118,9ddd6b83c27e,Medium,Accounting Error,State Update Inconsistency,"During initialization, there was no check to verify whether lpToken0 or lpToken1 was the same as output, which caused the trading fees accumulated during liquidity removal to be incorrectly counted toward the liquidity position and re-added. This resulted in LP rewards and fee distribution states being inconsistent with the actual assets."
119,9ddd6b83c27e,Medium,Arithmetic,Precision Loss,"AutomationMaster._getExchangeRate uses 1e8 fixed‑point calculation and integer division. When the ratio between the high‑price token and the low‑price token is less than 1e‑8, the result is truncated to zero, causing the minAmountReceived check to fail and allowing a malicious keeper to steal order funds."
120,9ddd6b83c27e,Medium,DoS,Bad Condition,"castDisapproval() only checks if the proposal is in the ""queued"" state in _preCastAssertions() and does not simultaneously check block.timestamp < minExecutionTime. This allows a proposal to be voted against even when it has reached the executable time, causing the proposal to immediately transition to a rejected state and resulting in a failed execution."
121,a1ee58021528,Medium,Accounting Error,State Update Inconsistency,"During initialization, there was no check to verify whether lpToken0 or lpToken1 was the same as output, which caused the trading fees accumulated during liquidity removal to be incorrectly counted toward the liquidity position and re-added. This resulted in LP rewards and fee distribution states being inconsistent with the actual assets."
122,a1ee58021528,Medium,Arithmetic,Precision Loss,"AutomationMaster._getExchangeRate uses 1e8 fixed‑point calculation and integer division. When the ratio between the high‑price token and the low‑price token is less than 1e‑8, the result is truncated to zero, causing the minAmountReceived check to fail and allowing a malicious keeper to steal order funds."
123,a1ee58021528,Medium,DoS,Bad Condition,"castDisapproval() only checks if the proposal is in the ""queued"" state in _preCastAssertions() and does not simultaneously check block.timestamp < minExecutionTime. This allows a proposal to be voted against even when it has reached the executable time, causing the proposal to immediately transition to a rejected state and resulting in a failed execution."
124,a1ee58021528,Medium,DoS,Out of Gas,"There is no upper limit on poolColl.tokens[], it increments each time when a new collateral is added. Eventually, as the count of collateral increases, gas cost of smart contract calls will raise and that there is no implemented function to reduce the array size."
125,a1ee58021528,Medium,Input Validation,Invalid Validation,"ActivePool.sendCollaterals function internally call _sendCollateral, which uses whitelist.getIndex(_collateral) as if it were a validated lookup, but for a non-whitelisted token, it returns 0 (the same index as the first real whitelisted token). As a result, the code silently updates poolColl.amounts[0], i.e., the balance slot of the first whitelisted asset—while actually transferring some other (unsupported) token."
126,a3e15237ea08,Medium,Access Control,Centralization Risk,"The veto function grants the vetoer absolute, permanent, and unrestricted power to block any proposal regardless of its state or community consensus, creating a single point of failure where a compromised or malicious actor can indefinitely paralyze the DAO's governance."
127,a3e15237ea08,Medium,Accounting Error,State Update Inconsistency,"During initialization, there was no check to verify whether lpToken0 or lpToken1 was the same as output, which caused the trading fees accumulated during liquidity removal to be incorrectly counted toward the liquidity position and re-added. This resulted in LP rewards and fee distribution states being inconsistent with the actual assets."
128,a3e15237ea08,Medium,Arithmetic,Precision Loss,"AutomationMaster._getExchangeRate uses 1e8 fixed‑point calculation and integer division. When the ratio between the high‑price token and the low‑price token is less than 1e‑8, the result is truncated to zero, causing the minAmountReceived check to fail and allowing a malicious keeper to steal order funds."
129,a3e15237ea08,Medium,DoS,Bad Condition,"castDisapproval() only checks if the proposal is in the ""queued"" state in _preCastAssertions() and does not simultaneously check block.timestamp < minExecutionTime. This allows a proposal to be voted against even when it has reached the executable time, causing the proposal to immediately transition to a rejected state and resulting in a failed execution."
130,a3e15237ea08,Medium,DoS,Out of Gas,"There is no upper limit on poolColl.tokens[], it increments each time when a new collateral is added. Eventually, as the count of collateral increases, gas cost of smart contract calls will raise and that there is no implemented function to reduce the array size."
131,a4d91fb1550f,Medium,Accounting Error,State Update Inconsistency,"During initialization, there was no check to verify whether lpToken0 or lpToken1 was the same as output, which caused the trading fees accumulated during liquidity removal to be incorrectly counted toward the liquidity position and re-added. This resulted in LP rewards and fee distribution states being inconsistent with the actual assets."
132,a4d91fb1550f,Medium,DoS,Bad Condition,"castDisapproval() only checks if the proposal is in the ""queued"" state in _preCastAssertions() and does not simultaneously check block.timestamp < minExecutionTime. This allows a proposal to be voted against even when it has reached the executable time, causing the proposal to immediately transition to a rejected state and resulting in a failed execution."
133,a4d91fb1550f,Medium,Governance,Bad Condition,"Once a user votes on a proposal, they cannot vote again—even if new votes are issued or revoked during the voting period. This creates inconsistencies between the recorded vote and the evolving total supply, potentially distorting quorum and outcome calculations, and undermining the reliability of governance results."
134,a4d91fb1550f,Medium,Input Validation,Invalid Validation,"ActivePool.sendCollaterals function internally call _sendCollateral, which uses whitelist.getIndex(_collateral) as if it were a validated lookup, but for a non-whitelisted token, it returns 0 (the same index as the first real whitelisted token). As a result, the code silently updates poolColl.amounts[0], i.e., the balance slot of the first whitelisted asset—while actually transferring some other (unsupported) token."
135,a4d91fb1550f,Medium,Logic Error,Implementation Error,"After deployment, the admin address in the Kernel contract can only be changed to another contract, not to an EOA. Since only contracts like INSTR can call executeAction, and INSTR restricts targets to contracts, it's impossible to later assign admin rights to an EOA, which may have been the intended governance executor."
136,a8884f87db1a,Medium,Access Control,Centralization Risk,"The veto function grants the vetoer absolute, permanent, and unrestricted power to block any proposal regardless of its state or community consensus, creating a single point of failure where a compromised or malicious actor can indefinitely paralyze the DAO's governance."
137,a8884f87db1a,Medium,Accounting Error,State Update Inconsistency,"During initialization, there was no check to verify whether lpToken0 or lpToken1 was the same as output, which caused the trading fees accumulated during liquidity removal to be incorrectly counted toward the liquidity position and re-added. This resulted in LP rewards and fee distribution states being inconsistent with the actual assets."
138,a8884f87db1a,Medium,Arithmetic,Precision Loss,"AutomationMaster._getExchangeRate uses 1e8 fixed‑point calculation and integer division. When the ratio between the high‑price token and the low‑price token is less than 1e‑8, the result is truncated to zero, causing the minAmountReceived check to fail and allowing a malicious keeper to steal order funds."
139,a8884f87db1a,Medium,DoS,Bad Condition,"castDisapproval() only checks if the proposal is in the ""queued"" state in _preCastAssertions() and does not simultaneously check block.timestamp < minExecutionTime. This allows a proposal to be voted against even when it has reached the executable time, causing the proposal to immediately transition to a rejected state and resulting in a failed execution."
140,a8884f87db1a,Medium,DoS,Out of Gas,"There is no upper limit on poolColl.tokens[], it increments each time when a new collateral is added. Eventually, as the count of collateral increases, gas cost of smart contract calls will raise and that there is no implemented function to reduce the array size."
141,af8e4af75dc2,Medium,Access Control,State Update Inconsistency,"Accumulated but unclaimed rewards for suppliers and borrowers were not distributed before the admin replaced the reward distribution contract. Once the replacement occurs, users' previously accumulated rewards may become permanently unclaimable."
142,af8e4af75dc2,Medium,Accounting Error,State Update Inconsistency,"During initialization, there was no check to verify whether lpToken0 or lpToken1 was the same as output, which caused the trading fees accumulated during liquidity removal to be incorrectly counted toward the liquidity position and re-added. This resulted in LP rewards and fee distribution states being inconsistent with the actual assets."
143,af8e4af75dc2,Medium,Arithmetic,Precision Loss,"AutomationMaster._getExchangeRate uses 1e8 fixed‑point calculation and integer division. When the ratio between the high‑price token and the low‑price token is less than 1e‑8, the result is truncated to zero, causing the minAmountReceived check to fail and allowing a malicious keeper to steal order funds."
144,af8e4af75dc2,Medium,DoS,Bad Condition,"castDisapproval() only checks if the proposal is in the ""queued"" state in _preCastAssertions() and does not simultaneously check block.timestamp < minExecutionTime. This allows a proposal to be voted against even when it has reached the executable time, causing the proposal to immediately transition to a rejected state and resulting in a failed execution."
145,af8e4af75dc2,Medium,ERC20,Fee On Transfer Token,"When the asset or collateral is a fee-on-transfer token, the TimeswapConvenience contract cannot accurately calculate the actual amount received during transfers. This causes the Pair contract's validations to fail and the transaction to revert, as the Convenience contract does not account for the transfer fee deductions."
146,afa60bc8003d,Medium,Accounting Error,State Update Inconsistency,"During initialization, there was no check to verify whether lpToken0 or lpToken1 was the same as output, which caused the trading fees accumulated during liquidity removal to be incorrectly counted toward the liquidity position and re-added. This resulted in LP rewards and fee distribution states being inconsistent with the actual assets."
147,afa60bc8003d,Medium,Arithmetic,Precision Loss,"AutomationMaster._getExchangeRate uses 1e8 fixed‑point calculation and integer division. When the ratio between the high‑price token and the low‑price token is less than 1e‑8, the result is truncated to zero, causing the minAmountReceived check to fail and allowing a malicious keeper to steal order funds."
148,afa60bc8003d,Medium,DoS,Bad Condition,"castDisapproval() only checks if the proposal is in the ""queued"" state in _preCastAssertions() and does not simultaneously check block.timestamp < minExecutionTime. This allows a proposal to be voted against even when it has reached the executable time, causing the proposal to immediately transition to a rejected state and resulting in a failed execution."
149,afa60bc8003d,Medium,DoS,Out of Gas,"There is no upper limit on poolColl.tokens[], it increments each time when a new collateral is added. Eventually, as the count of collateral increases, gas cost of smart contract calls will raise and that there is no implemented function to reduce the array size."
150,afa60bc8003d,Medium,ERC20,Fee On Transfer Token,"When the asset or collateral is a fee-on-transfer token, the TimeswapConvenience contract cannot accurately calculate the actual amount received during transfers. This causes the Pair contract's validations to fail and the transaction to revert, as the Convenience contract does not account for the transfer fee deductions."
151,b155c4de6012,Medium,Access Control,Centralization Risk,"The veto function grants the vetoer absolute, permanent, and unrestricted power to block any proposal regardless of its state or community consensus, creating a single point of failure where a compromised or malicious actor can indefinitely paralyze the DAO's governance."
152,b155c4de6012,Medium,Accounting Error,State Update Inconsistency,"During initialization, there was no check to verify whether lpToken0 or lpToken1 was the same as output, which caused the trading fees accumulated during liquidity removal to be incorrectly counted toward the liquidity position and re-added. This resulted in LP rewards and fee distribution states being inconsistent with the actual assets."
153,b155c4de6012,Medium,Arithmetic,Precision Loss,"AutomationMaster._getExchangeRate uses 1e8 fixed‑point calculation and integer division. When the ratio between the high‑price token and the low‑price token is less than 1e‑8, the result is truncated to zero, causing the minAmountReceived check to fail and allowing a malicious keeper to steal order funds."
154,b155c4de6012,Medium,DoS,Bad Condition,"castDisapproval() only checks if the proposal is in the ""queued"" state in _preCastAssertions() and does not simultaneously check block.timestamp < minExecutionTime. This allows a proposal to be voted against even when it has reached the executable time, causing the proposal to immediately transition to a rejected state and resulting in a failed execution."
155,b155c4de6012,Medium,Input Validation,Invalid Validation,"ActivePool.sendCollaterals function internally call _sendCollateral, which uses whitelist.getIndex(_collateral) as if it were a validated lookup, but for a non-whitelisted token, it returns 0 (the same index as the first real whitelisted token). As a result, the code silently updates poolColl.amounts[0], i.e., the balance slot of the first whitelisted asset—while actually transferring some other (unsupported) token."
156,b2a8c124d062,Medium,Accounting Error,State Update Inconsistency,"During initialization, there was no check to verify whether lpToken0 or lpToken1 was the same as output, which caused the trading fees accumulated during liquidity removal to be incorrectly counted toward the liquidity position and re-added. This resulted in LP rewards and fee distribution states being inconsistent with the actual assets."
157,b2a8c124d062,Medium,Input Validation,Invalid Validation,"ActivePool.sendCollaterals function internally call _sendCollateral, which uses whitelist.getIndex(_collateral) as if it were a validated lookup, but for a non-whitelisted token, it returns 0 (the same index as the first real whitelisted token). As a result, the code silently updates poolColl.amounts[0], i.e., the balance slot of the first whitelisted asset—while actually transferring some other (unsupported) token."
158,b7fc4d82013a,Medium,Accounting Error,State Update Inconsistency,"During initialization, there was no check to verify whether lpToken0 or lpToken1 was the same as output, which caused the trading fees accumulated during liquidity removal to be incorrectly counted toward the liquidity position and re-added. This resulted in LP rewards and fee distribution states being inconsistent with the actual assets."
159,b7fc4d82013a,Medium,Input Validation,Invalid Validation,"ActivePool.sendCollaterals function internally call _sendCollateral, which uses whitelist.getIndex(_collateral) as if it were a validated lookup, but for a non-whitelisted token, it returns 0 (the same index as the first real whitelisted token). As a result, the code silently updates poolColl.amounts[0], i.e., the balance slot of the first whitelisted asset—while actually transferring some other (unsupported) token."
160,ba93b3b8d7cf,Medium,Accounting Error,State Update Inconsistency,"During initialization, there was no check to verify whether lpToken0 or lpToken1 was the same as output, which caused the trading fees accumulated during liquidity removal to be incorrectly counted toward the liquidity position and re-added. This resulted in LP rewards and fee distribution states being inconsistent with the actual assets."
161,ba93b3b8d7cf,Medium,DoS,Bad Condition,"castDisapproval() only checks if the proposal is in the ""queued"" state in _preCastAssertions() and does not simultaneously check block.timestamp < minExecutionTime. This allows a proposal to be voted against even when it has reached the executable time, causing the proposal to immediately transition to a rejected state and resulting in a failed execution."
162,ba93b3b8d7cf,Medium,Input Validation,Invalid Validation,"ActivePool.sendCollaterals function internally call _sendCollateral, which uses whitelist.getIndex(_collateral) as if it were a validated lookup, but for a non-whitelisted token, it returns 0 (the same index as the first real whitelisted token). As a result, the code silently updates poolColl.amounts[0], i.e., the balance slot of the first whitelisted asset—while actually transferring some other (unsupported) token."
163,bb3018c8812c,Medium,Accounting Error,State Update Inconsistency,"During initialization, there was no check to verify whether lpToken0 or lpToken1 was the same as output, which caused the trading fees accumulated during liquidity removal to be incorrectly counted toward the liquidity position and re-added. This resulted in LP rewards and fee distribution states being inconsistent with the actual assets."
164,bb3018c8812c,Medium,DoS,Bad Condition,"castDisapproval() only checks if the proposal is in the ""queued"" state in _preCastAssertions() and does not simultaneously check block.timestamp < minExecutionTime. This allows a proposal to be voted against even when it has reached the executable time, causing the proposal to immediately transition to a rejected state and resulting in a failed execution."
165,bb3018c8812c,Medium,Input Validation,Invalid Validation,"ActivePool.sendCollaterals function internally call _sendCollateral, which uses whitelist.getIndex(_collateral) as if it were a validated lookup, but for a non-whitelisted token, it returns 0 (the same index as the first real whitelisted token). As a result, the code silently updates poolColl.amounts[0], i.e., the balance slot of the first whitelisted asset—while actually transferring some other (unsupported) token."
166,c20104cb90d7,Medium,Access Control,Centralization Risk,"The veto function grants the vetoer absolute, permanent, and unrestricted power to block any proposal regardless of its state or community consensus, creating a single point of failure where a compromised or malicious actor can indefinitely paralyze the DAO's governance."
167,c20104cb90d7,Medium,Accounting Error,State Update Inconsistency,"During initialization, there was no check to verify whether lpToken0 or lpToken1 was the same as output, which caused the trading fees accumulated during liquidity removal to be incorrectly counted toward the liquidity position and re-added. This resulted in LP rewards and fee distribution states being inconsistent with the actual assets."
168,c20104cb90d7,Medium,Arithmetic,Precision Loss,"AutomationMaster._getExchangeRate uses 1e8 fixed‑point calculation and integer division. When the ratio between the high‑price token and the low‑price token is less than 1e‑8, the result is truncated to zero, causing the minAmountReceived check to fail and allowing a malicious keeper to steal order funds."
169,c20104cb90d7,Medium,DoS,Out of Gas,"There is no upper limit on poolColl.tokens[], it increments each time when a new collateral is added. Eventually, as the count of collateral increases, gas cost of smart contract calls will raise and that there is no implemented function to reduce the array size."
170,c20104cb90d7,Medium,Input Validation,Invalid Validation,"ActivePool.sendCollaterals function internally call _sendCollateral, which uses whitelist.getIndex(_collateral) as if it were a validated lookup, but for a non-whitelisted token, it returns 0 (the same index as the first real whitelisted token). As a result, the code silently updates poolColl.amounts[0], i.e., the balance slot of the first whitelisted asset—while actually transferring some other (unsupported) token."
171,c2426a2ab283,Medium,Access Control,Centralization Risk,"The veto function grants the vetoer absolute, permanent, and unrestricted power to block any proposal regardless of its state or community consensus, creating a single point of failure where a compromised or malicious actor can indefinitely paralyze the DAO's governance."
172,c2426a2ab283,Medium,Accounting Error,State Update Inconsistency,"During initialization, there was no check to verify whether lpToken0 or lpToken1 was the same as output, which caused the trading fees accumulated during liquidity removal to be incorrectly counted toward the liquidity position and re-added. This resulted in LP rewards and fee distribution states being inconsistent with the actual assets."
173,c2426a2ab283,Medium,Arithmetic,Precision Loss,"AutomationMaster._getExchangeRate uses 1e8 fixed‑point calculation and integer division. When the ratio between the high‑price token and the low‑price token is less than 1e‑8, the result is truncated to zero, causing the minAmountReceived check to fail and allowing a malicious keeper to steal order funds."
174,c2426a2ab283,Medium,DoS,Bad Condition,"castDisapproval() only checks if the proposal is in the ""queued"" state in _preCastAssertions() and does not simultaneously check block.timestamp < minExecutionTime. This allows a proposal to be voted against even when it has reached the executable time, causing the proposal to immediately transition to a rejected state and resulting in a failed execution."
175,c2426a2ab283,Medium,DoS,Out of Gas,"There is no upper limit on poolColl.tokens[], it increments each time when a new collateral is added. Eventually, as the count of collateral increases, gas cost of smart contract calls will raise and that there is no implemented function to reduce the array size."
176,d562802cb53a,Medium,Access Control,Centralization Risk,"The veto function grants the vetoer absolute, permanent, and unrestricted power to block any proposal regardless of its state or community consensus, creating a single point of failure where a compromised or malicious actor can indefinitely paralyze the DAO's governance."
177,d562802cb53a,Medium,Accounting Error,State Update Inconsistency,"During initialization, there was no check to verify whether lpToken0 or lpToken1 was the same as output, which caused the trading fees accumulated during liquidity removal to be incorrectly counted toward the liquidity position and re-added. This resulted in LP rewards and fee distribution states being inconsistent with the actual assets."
178,d562802cb53a,Medium,Arithmetic,Precision Loss,"AutomationMaster._getExchangeRate uses 1e8 fixed‑point calculation and integer division. When the ratio between the high‑price token and the low‑price token is less than 1e‑8, the result is truncated to zero, causing the minAmountReceived check to fail and allowing a malicious keeper to steal order funds."
179,d562802cb53a,Medium,DoS,Bad Condition,"castDisapproval() only checks if the proposal is in the ""queued"" state in _preCastAssertions() and does not simultaneously check block.timestamp < minExecutionTime. This allows a proposal to be voted against even when it has reached the executable time, causing the proposal to immediately transition to a rejected state and resulting in a failed execution."
180,d562802cb53a,Medium,DoS,Out of Gas,"There is no upper limit on poolColl.tokens[], it increments each time when a new collateral is added. Eventually, as the count of collateral increases, gas cost of smart contract calls will raise and that there is no implemented function to reduce the array size."
181,d9b35c0c87a4,Medium,Accounting Error,State Update Inconsistency,"During initialization, there was no check to verify whether lpToken0 or lpToken1 was the same as output, which caused the trading fees accumulated during liquidity removal to be incorrectly counted toward the liquidity position and re-added. This resulted in LP rewards and fee distribution states being inconsistent with the actual assets."
182,d9b35c0c87a4,Medium,Arithmetic,Precision Loss,"AutomationMaster._getExchangeRate uses 1e8 fixed‑point calculation and integer division. When the ratio between the high‑price token and the low‑price token is less than 1e‑8, the result is truncated to zero, causing the minAmountReceived check to fail and allowing a malicious keeper to steal order funds."
183,d9b35c0c87a4,Medium,DoS,Bad Condition,"castDisapproval() only checks if the proposal is in the ""queued"" state in _preCastAssertions() and does not simultaneously check block.timestamp < minExecutionTime. This allows a proposal to be voted against even when it has reached the executable time, causing the proposal to immediately transition to a rejected state and resulting in a failed execution."
184,d9b35c0c87a4,Medium,DoS,Out of Gas,"There is no upper limit on poolColl.tokens[], it increments each time when a new collateral is added. Eventually, as the count of collateral increases, gas cost of smart contract calls will raise and that there is no implemented function to reduce the array size."
185,d9b35c0c87a4,Medium,ERC20,safeApprove,"There are 3 instances (CreditLine.sol#L647, CreditLine.sol#L779 , AaveYield.sol#L324) where the IERC20.approve() function is called only once without setting the allowance to zero. Some tokens, like USDT, require first reducing the address' allowance to zero by calling approve(_spender, 0)."
186,dd17040a53bc,Medium,Access Control,Centralization Risk,"The veto function grants the vetoer absolute, permanent, and unrestricted power to block any proposal regardless of its state or community consensus, creating a single point of failure where a compromised or malicious actor can indefinitely paralyze the DAO's governance."
187,dd17040a53bc,Medium,Accounting Error,State Update Inconsistency,"During initialization, there was no check to verify whether lpToken0 or lpToken1 was the same as output, which caused the trading fees accumulated during liquidity removal to be incorrectly counted toward the liquidity position and re-added. This resulted in LP rewards and fee distribution states being inconsistent with the actual assets."
188,dd17040a53bc,Medium,Arithmetic,Precision Loss,"AutomationMaster._getExchangeRate uses 1e8 fixed‑point calculation and integer division. When the ratio between the high‑price token and the low‑price token is less than 1e‑8, the result is truncated to zero, causing the minAmountReceived check to fail and allowing a malicious keeper to steal order funds."
189,dd17040a53bc,Medium,DoS,Bad Condition,"castDisapproval() only checks if the proposal is in the ""queued"" state in _preCastAssertions() and does not simultaneously check block.timestamp < minExecutionTime. This allows a proposal to be voted against even when it has reached the executable time, causing the proposal to immediately transition to a rejected state and resulting in a failed execution."
190,dd17040a53bc,Medium,DoS,Out of Gas,"There is no upper limit on poolColl.tokens[], it increments each time when a new collateral is added. Eventually, as the count of collateral increases, gas cost of smart contract calls will raise and that there is no implemented function to reduce the array size."
191,e0d2d83ea351,Medium,Accounting Error,State Update Inconsistency,"During initialization, there was no check to verify whether lpToken0 or lpToken1 was the same as output, which caused the trading fees accumulated during liquidity removal to be incorrectly counted toward the liquidity position and re-added. This resulted in LP rewards and fee distribution states being inconsistent with the actual assets."
192,e0d2d83ea351,Medium,DoS,Bad Condition,"castDisapproval() only checks if the proposal is in the ""queued"" state in _preCastAssertions() and does not simultaneously check block.timestamp < minExecutionTime. This allows a proposal to be voted against even when it has reached the executable time, causing the proposal to immediately transition to a rejected state and resulting in a failed execution."
193,e0d2d83ea351,Medium,DoS,Out of Gas,"There is no upper limit on poolColl.tokens[], it increments each time when a new collateral is added. Eventually, as the count of collateral increases, gas cost of smart contract calls will raise and that there is no implemented function to reduce the array size."
194,e0d2d83ea351,Medium,Governance,Bad Condition,"Once a user votes on a proposal, they cannot vote again—even if new votes are issued or revoked during the voting period. This creates inconsistencies between the recorded vote and the evolving total supply, potentially distorting quorum and outcome calculations, and undermining the reliability of governance results."
195,e0d2d83ea351,Medium,Input Validation,Invalid Validation,"ActivePool.sendCollaterals function internally call _sendCollateral, which uses whitelist.getIndex(_collateral) as if it were a validated lookup, but for a non-whitelisted token, it returns 0 (the same index as the first real whitelisted token). As a result, the code silently updates poolColl.amounts[0], i.e., the balance slot of the first whitelisted asset—while actually transferring some other (unsupported) token."
196,e169bbefc6e2,Medium,Access Control,Centralization Risk,"The veto function grants the vetoer absolute, permanent, and unrestricted power to block any proposal regardless of its state or community consensus, creating a single point of failure where a compromised or malicious actor can indefinitely paralyze the DAO's governance."
197,e169bbefc6e2,Medium,Accounting Error,State Update Inconsistency,"During initialization, there was no check to verify whether lpToken0 or lpToken1 was the same as output, which caused the trading fees accumulated during liquidity removal to be incorrectly counted toward the liquidity position and re-added. This resulted in LP rewards and fee distribution states being inconsistent with the actual assets."
198,e169bbefc6e2,Medium,Arithmetic,Precision Loss,"AutomationMaster._getExchangeRate uses 1e8 fixed‑point calculation and integer division. When the ratio between the high‑price token and the low‑price token is less than 1e‑8, the result is truncated to zero, causing the minAmountReceived check to fail and allowing a malicious keeper to steal order funds."
199,e169bbefc6e2,Medium,DoS,Bad Condition,"castDisapproval() only checks if the proposal is in the ""queued"" state in _preCastAssertions() and does not simultaneously check block.timestamp < minExecutionTime. This allows a proposal to be voted against even when it has reached the executable time, causing the proposal to immediately transition to a rejected state and resulting in a failed execution."
200,e169bbefc6e2,Medium,DoS,Out of Gas,"There is no upper limit on poolColl.tokens[], it increments each time when a new collateral is added. Eventually, as the count of collateral increases, gas cost of smart contract calls will raise and that there is no implemented function to reduce the array size."
201,e6e43dfea59f,Medium,Accounting Error,State Update Inconsistency,"During initialization, there was no check to verify whether lpToken0 or lpToken1 was the same as output, which caused the trading fees accumulated during liquidity removal to be incorrectly counted toward the liquidity position and re-added. This resulted in LP rewards and fee distribution states being inconsistent with the actual assets."
202,e6e43dfea59f,Medium,Arithmetic,Precision Loss,"AutomationMaster._getExchangeRate uses 1e8 fixed‑point calculation and integer division. When the ratio between the high‑price token and the low‑price token is less than 1e‑8, the result is truncated to zero, causing the minAmountReceived check to fail and allowing a malicious keeper to steal order funds."
203,e7921851ec01,Medium,Access Control,Centralization Risk,"The veto function grants the vetoer absolute, permanent, and unrestricted power to block any proposal regardless of its state or community consensus, creating a single point of failure where a compromised or malicious actor can indefinitely paralyze the DAO's governance."
204,e7921851ec01,Medium,Accounting Error,State Update Inconsistency,"During initialization, there was no check to verify whether lpToken0 or lpToken1 was the same as output, which caused the trading fees accumulated during liquidity removal to be incorrectly counted toward the liquidity position and re-added. This resulted in LP rewards and fee distribution states being inconsistent with the actual assets."
205,e7921851ec01,Medium,Arithmetic,Precision Loss,"AutomationMaster._getExchangeRate uses 1e8 fixed‑point calculation and integer division. When the ratio between the high‑price token and the low‑price token is less than 1e‑8, the result is truncated to zero, causing the minAmountReceived check to fail and allowing a malicious keeper to steal order funds."
206,e7921851ec01,Medium,DoS,Bad Condition,"castDisapproval() only checks if the proposal is in the ""queued"" state in _preCastAssertions() and does not simultaneously check block.timestamp < minExecutionTime. This allows a proposal to be voted against even when it has reached the executable time, causing the proposal to immediately transition to a rejected state and resulting in a failed execution."
207,e7921851ec01,Medium,DoS,Out of Gas,"There is no upper limit on poolColl.tokens[], it increments each time when a new collateral is added. Eventually, as the count of collateral increases, gas cost of smart contract calls will raise and that there is no implemented function to reduce the array size."
208,e99e64a8abf1,Medium,Access Control,Centralization Risk,"The veto function grants the vetoer absolute, permanent, and unrestricted power to block any proposal regardless of its state or community consensus, creating a single point of failure where a compromised or malicious actor can indefinitely paralyze the DAO's governance."
209,e99e64a8abf1,Medium,Accounting Error,State Update Inconsistency,"During initialization, there was no check to verify whether lpToken0 or lpToken1 was the same as output, which caused the trading fees accumulated during liquidity removal to be incorrectly counted toward the liquidity position and re-added. This resulted in LP rewards and fee distribution states being inconsistent with the actual assets."
210,e99e64a8abf1,Medium,Arithmetic,Precision Loss,"AutomationMaster._getExchangeRate uses 1e8 fixed‑point calculation and integer division. When the ratio between the high‑price token and the low‑price token is less than 1e‑8, the result is truncated to zero, causing the minAmountReceived check to fail and allowing a malicious keeper to steal order funds."
211,e99e64a8abf1,Medium,DoS,Bad Condition,"castDisapproval() only checks if the proposal is in the ""queued"" state in _preCastAssertions() and does not simultaneously check block.timestamp < minExecutionTime. This allows a proposal to be voted against even when it has reached the executable time, causing the proposal to immediately transition to a rejected state and resulting in a failed execution."
212,e99e64a8abf1,Medium,DoS,Out of Gas,"There is no upper limit on poolColl.tokens[], it increments each time when a new collateral is added. Eventually, as the count of collateral increases, gas cost of smart contract calls will raise and that there is no implemented function to reduce the array size."
213,ee25ec7abd40,Medium,Access Control,Centralization Risk,"The veto function grants the vetoer absolute, permanent, and unrestricted power to block any proposal regardless of its state or community consensus, creating a single point of failure where a compromised or malicious actor can indefinitely paralyze the DAO's governance."
214,ee25ec7abd40,Medium,Accounting Error,State Update Inconsistency,"During initialization, there was no check to verify whether lpToken0 or lpToken1 was the same as output, which caused the trading fees accumulated during liquidity removal to be incorrectly counted toward the liquidity position and re-added. This resulted in LP rewards and fee distribution states being inconsistent with the actual assets."
215,ee25ec7abd40,Medium,Arithmetic,Precision Loss,"AutomationMaster._getExchangeRate uses 1e8 fixed‑point calculation and integer division. When the ratio between the high‑price token and the low‑price token is less than 1e‑8, the result is truncated to zero, causing the minAmountReceived check to fail and allowing a malicious keeper to steal order funds."
216,ee25ec7abd40,Medium,DoS,Bad Condition,"castDisapproval() only checks if the proposal is in the ""queued"" state in _preCastAssertions() and does not simultaneously check block.timestamp < minExecutionTime. This allows a proposal to be voted against even when it has reached the executable time, causing the proposal to immediately transition to a rejected state and resulting in a failed execution."
217,ee25ec7abd40,Medium,DoS,Out of Gas,"There is no upper limit on poolColl.tokens[], it increments each time when a new collateral is added. Eventually, as the count of collateral increases, gas cost of smart contract calls will raise and that there is no implemented function to reduce the array size."
218,fa1836e0615e,Medium,Accounting Error,State Update Inconsistency,"During initialization, there was no check to verify whether lpToken0 or lpToken1 was the same as output, which caused the trading fees accumulated during liquidity removal to be incorrectly counted toward the liquidity position and re-added. This resulted in LP rewards and fee distribution states being inconsistent with the actual assets."
219,fa1836e0615e,Medium,DoS,Bad Condition,"castDisapproval() only checks if the proposal is in the ""queued"" state in _preCastAssertions() and does not simultaneously check block.timestamp < minExecutionTime. This allows a proposal to be voted against even when it has reached the executable time, causing the proposal to immediately transition to a rejected state and resulting in a failed execution."
220,fa1836e0615e,Medium,Input Validation,Invalid Validation,"ActivePool.sendCollaterals function internally call _sendCollateral, which uses whitelist.getIndex(_collateral) as if it were a validated lookup, but for a non-whitelisted token, it returns 0 (the same index as the first real whitelisted token). As a result, the code silently updates poolColl.amounts[0], i.e., the balance slot of the first whitelisted asset—while actually transferring some other (unsupported) token."
221,fee749ecd513,Medium,Access Control,Centralization Risk,"The veto function grants the vetoer absolute, permanent, and unrestricted power to block any proposal regardless of its state or community consensus, creating a single point of failure where a compromised or malicious actor can indefinitely paralyze the DAO's governance."
222,fee749ecd513,Medium,Accounting Error,State Update Inconsistency,"During initialization, there was no check to verify whether lpToken0 or lpToken1 was the same as output, which caused the trading fees accumulated during liquidity removal to be incorrectly counted toward the liquidity position and re-added. This resulted in LP rewards and fee distribution states being inconsistent with the actual assets."
223,fee749ecd513,Medium,Arithmetic,Precision Loss,"AutomationMaster._getExchangeRate uses 1e8 fixed‑point calculation and integer division. When the ratio between the high‑price token and the low‑price token is less than 1e‑8, the result is truncated to zero, causing the minAmountReceived check to fail and allowing a malicious keeper to steal order funds."
224,fee749ecd513,Medium,DoS,Bad Condition,"castDisapproval() only checks if the proposal is in the ""queued"" state in _preCastAssertions() and does not simultaneously check block.timestamp < minExecutionTime. This allows a proposal to be voted against even when it has reached the executable time, causing the proposal to immediately transition to a rejected state and resulting in a failed execution."
225,fee749ecd513,Medium,DoS,Out of Gas,"There is no upper limit on poolColl.tokens[], it increments each time when a new collateral is added. Eventually, as the count of collateral increases, gas cost of smart contract calls will raise and that there is no implemented function to reduce the array size."
226,198fa93fabdd,Medium,DoS,Out of Gas,"There is no upper limit on poolColl.tokens[], it increments each time when a new collateral is added. Eventually, as the count of collateral increases, gas cost of smart contract calls will raise and that there is no implemented function to reduce the array size."
227,804fe35b0164,Medium,DoS,Bad Condition,"castDisapproval() only checks if the proposal is in the ""queued"" state in _preCastAssertions() and does not simultaneously check block.timestamp < minExecutionTime. This allows a proposal to be voted against even when it has reached the executable time, causing the proposal to immediately transition to a rejected state and resulting in a failed execution."
228,97843b77b287,Medium,DoS,Out of Gas,"There is no upper limit on poolColl.tokens[], it increments each time when a new collateral is added. Eventually, as the count of collateral increases, gas cost of smart contract calls will raise and that there is no implemented function to reduce the array size."
229,9befb133ee74,Medium,Governance,Bad Condition,"Once a user votes on a proposal, they cannot vote again—even if new votes are issued or revoked during the voting period. This creates inconsistencies between the recorded vote and the evolving total supply, potentially distorting quorum and outcome calculations, and undermining the reliability of governance results."
230,ba93b3b8d7cf,Medium,DoS,Out of Gas,"There is no upper limit on poolColl.tokens[], it increments each time when a new collateral is added. Eventually, as the count of collateral increases, gas cost of smart contract calls will raise and that there is no implemented function to reduce the array size."
231,e6e43dfea59f,Medium,DoS,Out of Gas,"There is no upper limit on poolColl.tokens[], it increments each time when a new collateral is added. Eventually, as the count of collateral increases, gas cost of smart contract calls will raise and that there is no implemented function to reduce the array size."
232,0315ba9d8121,Medium,Access Control,Centralization Risk,"The veto function grants the vetoer absolute, permanent, and unrestricted power to block any proposal regardless of its state or community consensus, creating a single point of failure where a compromised or malicious actor can indefinitely paralyze the DAO's governance."
233,0315ba9d8121,Medium,Arithmetic,Precision Loss,"AutomationMaster._getExchangeRate uses 1e8 fixed‑point calculation and integer division. When the ratio between the high‑price token and the low‑price token is less than 1e‑8, the result is truncated to zero, causing the minAmountReceived check to fail and allowing a malicious keeper to steal order funds."
234,03196f805abb,Medium,Arithmetic,Precision Loss,"AutomationMaster._getExchangeRate uses 1e8 fixed‑point calculation and integer division. When the ratio between the high‑price token and the low‑price token is less than 1e‑8, the result is truncated to zero, causing the minAmountReceived check to fail and allowing a malicious keeper to steal order funds."
235,348856fe60ac,Medium,Access Control,Centralization Risk,"The veto function grants the vetoer absolute, permanent, and unrestricted power to block any proposal regardless of its state or community consensus, creating a single point of failure where a compromised or malicious actor can indefinitely paralyze the DAO's governance."
236,348856fe60ac,Medium,Arithmetic,Precision Loss,"AutomationMaster._getExchangeRate uses 1e8 fixed‑point calculation and integer division. When the ratio between the high‑price token and the low‑price token is less than 1e‑8, the result is truncated to zero, causing the minAmountReceived check to fail and allowing a malicious keeper to steal order funds."
237,7100a75d6ebd,Medium,Governance,Bad Condition,"Once a user votes on a proposal, they cannot vote again—even if new votes are issued or revoked during the voting period. This creates inconsistencies between the recorded vote and the evolving total supply, potentially distorting quorum and outcome calculations, and undermining the reliability of governance results."
238,7100a75d6ebd,Medium,Logic Error,Implementation Error,"After deployment, the admin address in the Kernel contract can only be changed to another contract, not to an EOA. Since only contracts like INSTR can call executeAction, and INSTR restricts targets to contracts, it's impossible to later assign admin rights to an EOA, which may have been the intended governance executor."
239,7b5e1803022e,Medium,ERC20,Fee On Transfer Token,"When the asset or collateral is a fee-on-transfer token, the TimeswapConvenience contract cannot accurately calculate the actual amount received during transfers. This causes the Pair contract's validations to fail and the transaction to revert, as the Convenience contract does not account for the transfer fee deductions."
240,7b5e1803022e,High,Logic Error,Bad Condition,"The price decline formula in getDutchAuctionStrike() causes the price to reach the reserve price before the auction duration ends, resulting in a static price for the remaining time and reducing the actual effective time and efficiency of the auction process."
241,7bbe3d81960c,Medium,Arithmetic,Precision Loss,"AutomationMaster._getExchangeRate uses 1e8 fixed‑point calculation and integer division. When the ratio between the high‑price token and the low‑price token is less than 1e‑8, the result is truncated to zero, causing the minAmountReceived check to fail and allowing a malicious keeper to steal order funds."
242,804fe35b0164,Medium,Arithmetic,Precision Loss,"AutomationMaster._getExchangeRate uses 1e8 fixed‑point calculation and integer division. When the ratio between the high‑price token and the low‑price token is less than 1e‑8, the result is truncated to zero, causing the minAmountReceived check to fail and allowing a malicious keeper to steal order funds."
243,8a20eb1e521f,Medium,Arithmetic,Precision Loss,"AutomationMaster._getExchangeRate uses 1e8 fixed‑point calculation and integer division. When the ratio between the high‑price token and the low‑price token is less than 1e‑8, the result is truncated to zero, causing the minAmountReceived check to fail and allowing a malicious keeper to steal order funds."
244,8a20eb1e521f,Medium,DoS,Bad Condition,"castDisapproval() only checks if the proposal is in the ""queued"" state in _preCastAssertions() and does not simultaneously check block.timestamp < minExecutionTime. This allows a proposal to be voted against even when it has reached the executable time, causing the proposal to immediately transition to a rejected state and resulting in a failed execution."
245,97843b77b287,Medium,Arithmetic,Precision Loss,"AutomationMaster._getExchangeRate uses 1e8 fixed‑point calculation and integer division. When the ratio between the high‑price token and the low‑price token is less than 1e‑8, the result is truncated to zero, causing the minAmountReceived check to fail and allowing a malicious keeper to steal order funds."
246,b2a8c124d062,Medium,Arithmetic,Precision Loss,"AutomationMaster._getExchangeRate uses 1e8 fixed‑point calculation and integer division. When the ratio between the high‑price token and the low‑price token is less than 1e‑8, the result is truncated to zero, causing the minAmountReceived check to fail and allowing a malicious keeper to steal order funds."
247,b2a8c124d062,Medium,ERC20,Fee On Transfer Token,"When the asset or collateral is a fee-on-transfer token, the TimeswapConvenience contract cannot accurately calculate the actual amount received during transfers. This causes the Pair contract's validations to fail and the transaction to revert, as the Convenience contract does not account for the transfer fee deductions."
248,b7fc4d82013a,Medium,Arithmetic,Precision Loss,"AutomationMaster._getExchangeRate uses 1e8 fixed‑point calculation and integer division. When the ratio between the high‑price token and the low‑price token is less than 1e‑8, the result is truncated to zero, causing the minAmountReceived check to fail and allowing a malicious keeper to steal order funds."
249,b7fc4d82013a,Medium,DoS,Out of Gas,"There is no upper limit on poolColl.tokens[], it increments each time when a new collateral is added. Eventually, as the count of collateral increases, gas cost of smart contract calls will raise and that there is no implemented function to reduce the array size."
250,ba93b3b8d7cf,Medium,Arithmetic,Precision Loss,"AutomationMaster._getExchangeRate uses 1e8 fixed‑point calculation and integer division. When the ratio between the high‑price token and the low‑price token is less than 1e‑8, the result is truncated to zero, causing the minAmountReceived check to fail and allowing a malicious keeper to steal order funds."
251,bb3018c8812c,Medium,Arithmetic,Precision Loss,"AutomationMaster._getExchangeRate uses 1e8 fixed‑point calculation and integer division. When the ratio between the high‑price token and the low‑price token is less than 1e‑8, the result is truncated to zero, causing the minAmountReceived check to fail and allowing a malicious keeper to steal order funds."
252,bb3018c8812c,Medium,ERC20,Fee On Transfer Token,"When the asset or collateral is a fee-on-transfer token, the TimeswapConvenience contract cannot accurately calculate the actual amount received during transfers. This causes the Pair contract's validations to fail and the transaction to revert, as the Convenience contract does not account for the transfer fee deductions."
253,e6e43dfea59f,Medium,"DoS, Input Validation",Invalid Validation,"_delegate allows users to delegate to address(0), which clears the owner’s voting checkpoints without updating their delegation status; consequently, _afterTokenTransfer later attempts to subtract votes from the now-zero balance, causing a revert that permanently bricks token transfers and burning."
254,e6e43dfea59f,Medium,ERC20,Fee On Transfer Token,"When the asset or collateral is a fee-on-transfer token, the TimeswapConvenience contract cannot accurately calculate the actual amount received during transfers. This causes the Pair contract's validations to fail and the transaction to revert, as the Convenience contract does not account for the transfer fee deductions."
255,fa1836e0615e,Medium,Arithmetic,Precision Loss,"AutomationMaster._getExchangeRate uses 1e8 fixed‑point calculation and integer division. When the ratio between the high‑price token and the low‑price token is less than 1e‑8, the result is truncated to zero, causing the minAmountReceived check to fail and allowing a malicious keeper to steal order funds."
256,099243e83259,Medium,ERC20,Fee On Transfer Token,"When the asset or collateral is a fee-on-transfer token, the TimeswapConvenience contract cannot accurately calculate the actual amount received during transfers. This causes the Pair contract's validations to fail and the transaction to revert, as the Convenience contract does not account for the transfer fee deductions."
257,099243e83259,Medium,Governance,Bad Condition,"Once a user votes on a proposal, they cannot vote again—even if new votes are issued or revoked during the voting period. This creates inconsistencies between the recorded vote and the evolving total supply, potentially distorting quorum and outcome calculations, and undermining the reliability of governance results."
258,099243e83259,High,Input Validation,Invalid Validation,"verify does not handle the case where ecrecover returns address(0) for invalid signatures, so setting signer/maker to address(0) can make arbitrary signatures pass and bypass authorization. In addition, idToOwner defaults unminted tokenIds to address(0), letting attackers target non-minted NFTs within the trade/transfer flow."
259,099243e83259,Medium,Logic Error,Implementation Error,"After deployment, the admin address in the Kernel contract can only be changed to another contract, not to an EOA. Since only contracts like INSTR can call executeAction, and INSTR restricts targets to contracts, it's impossible to later assign admin rights to an EOA, which may have been the intended governance executor."
260,103f39b0f29b,Medium,Reentrancy,Violating CEI / Missing nonReentrant,"The executeProposal() function resets the activeProposal state before executing the proposal instructions. An attacker can repeatedly re-enter and execute the same instructions through nested calls, potentially leading to unauthorized module installations or fund manipulation."
261,1167ec3a176e,Medium,Governance,Bad Condition,"Once a user votes on a proposal, they cannot vote again—even if new votes are issued or revoked during the voting period. This creates inconsistencies between the recorded vote and the evolving total supply, potentially distorting quorum and outcome calculations, and undermining the reliability of governance results."
262,1167ec3a176e,Medium,Input Validation,Invalid Validation,"ActivePool.sendCollaterals function internally call _sendCollateral, which uses whitelist.getIndex(_collateral) as if it were a validated lookup, but for a non-whitelisted token, it returns 0 (the same index as the first real whitelisted token). As a result, the code silently updates poolColl.amounts[0], i.e., the balance slot of the first whitelisted asset—while actually transferring some other (unsupported) token."
263,1167ec3a176e,Medium,Logic Error,Implementation Error,"After deployment, the admin address in the Kernel contract can only be changed to another contract, not to an EOA. Since only contracts like INSTR can call executeAction, and INSTR restricts targets to contracts, it's impossible to later assign admin rights to an EOA, which may have been the intended governance executor."
264,27c6f2a68058,Medium,Governance,Bad Condition,"Once a user votes on a proposal, they cannot vote again—even if new votes are issued or revoked during the voting period. This creates inconsistencies between the recorded vote and the evolving total supply, potentially distorting quorum and outcome calculations, and undermining the reliability of governance results."
265,27c6f2a68058,Medium,Input Validation,Invalid Validation,"ActivePool.sendCollaterals function internally call _sendCollateral, which uses whitelist.getIndex(_collateral) as if it were a validated lookup, but for a non-whitelisted token, it returns 0 (the same index as the first real whitelisted token). As a result, the code silently updates poolColl.amounts[0], i.e., the balance slot of the first whitelisted asset—while actually transferring some other (unsupported) token."
266,27c6f2a68058,Medium,Reentrancy,Violating CEI / Missing nonReentrant,"The executeProposal() function resets the activeProposal state before executing the proposal instructions. An attacker can repeatedly re-enter and execute the same instructions through nested calls, potentially leading to unauthorized module installations or fund manipulation."
267,2c5e13b4e147,Medium,Input Validation,Invalid Validation,"ActivePool.sendCollaterals function internally call _sendCollateral, which uses whitelist.getIndex(_collateral) as if it were a validated lookup, but for a non-whitelisted token, it returns 0 (the same index as the first real whitelisted token). As a result, the code silently updates poolColl.amounts[0], i.e., the balance slot of the first whitelisted asset—while actually transferring some other (unsupported) token."
268,2c5e13b4e147,Medium,Logic Error,Implementation Error,"After deployment, the admin address in the Kernel contract can only be changed to another contract, not to an EOA. Since only contracts like INSTR can call executeAction, and INSTR restricts targets to contracts, it's impossible to later assign admin rights to an EOA, which may have been the intended governance executor."
269,2c5e13b4e147,Medium,Reentrancy,Violating CEI / Missing nonReentrant,"The executeProposal() function resets the activeProposal state before executing the proposal instructions. An attacker can repeatedly re-enter and execute the same instructions through nested calls, potentially leading to unauthorized module installations or fund manipulation."
270,4ef0b4d678ab,Medium,Input Validation,Invalid Validation,"ActivePool.sendCollaterals function internally call _sendCollateral, which uses whitelist.getIndex(_collateral) as if it were a validated lookup, but for a non-whitelisted token, it returns 0 (the same index as the first real whitelisted token). As a result, the code silently updates poolColl.amounts[0], i.e., the balance slot of the first whitelisted asset—while actually transferring some other (unsupported) token."
271,4ef0b4d678ab,High,Logic Error,Bad Condition,"The price decline formula in getDutchAuctionStrike() causes the price to reach the reserve price before the auction duration ends, resulting in a static price for the remaining time and reducing the actual effective time and efficiency of the auction process."
272,51c6dc5fd57f,Medium,Governance,Incorrect Parameter,"In the Governor contract, parameters related to proposal (e.g., quorum & threshold) are depends on the total supply in the current timestamp but not the previous timestamp, so these values can be changed if total supply cahnges later in the same block because tehy are still eligible to vote.Attckers can lower the threshold and quorum by incresaing totalSupply."
273,51c6dc5fd57f,Medium,Input Validation,Invalid Validation,"ActivePool.sendCollaterals function internally call _sendCollateral, which uses whitelist.getIndex(_collateral) as if it were a validated lookup, but for a non-whitelisted token, it returns 0 (the same index as the first real whitelisted token). As a result, the code silently updates poolColl.amounts[0], i.e., the balance slot of the first whitelisted asset—while actually transferring some other (unsupported) token."
274,51c6dc5fd57f,Medium,Logic Error,Implementation Error,"After deployment, the admin address in the Kernel contract can only be changed to another contract, not to an EOA. Since only contracts like INSTR can call executeAction, and INSTR restricts targets to contracts, it's impossible to later assign admin rights to an EOA, which may have been the intended governance executor."
275,51c6dc5fd57f,Medium,Reentrancy,Violating CEI / Missing nonReentrant,"The executeProposal() function resets the activeProposal state before executing the proposal instructions. An attacker can repeatedly re-enter and execute the same instructions through nested calls, potentially leading to unauthorized module installations or fund manipulation."
276,54405135ebf3,Medium,Governance,Bad Condition,"Once a user votes on a proposal, they cannot vote again—even if new votes are issued or revoked during the voting period. This creates inconsistencies between the recorded vote and the evolving total supply, potentially distorting quorum and outcome calculations, and undermining the reliability of governance results."
277,54405135ebf3,Medium,Input Validation,Invalid Validation,"ActivePool.sendCollaterals function internally call _sendCollateral, which uses whitelist.getIndex(_collateral) as if it were a validated lookup, but for a non-whitelisted token, it returns 0 (the same index as the first real whitelisted token). As a result, the code silently updates poolColl.amounts[0], i.e., the balance slot of the first whitelisted asset—while actually transferring some other (unsupported) token."
278,54405135ebf3,Medium,Logic Error,Implementation Error,"After deployment, the admin address in the Kernel contract can only be changed to another contract, not to an EOA. Since only contracts like INSTR can call executeAction, and INSTR restricts targets to contracts, it's impossible to later assign admin rights to an EOA, which may have been the intended governance executor."
279,54405135ebf3,Medium,Reentrancy,Violating CEI / Missing nonReentrant,"The executeProposal() function resets the activeProposal state before executing the proposal instructions. An attacker can repeatedly re-enter and execute the same instructions through nested calls, potentially leading to unauthorized module installations or fund manipulation."
280,73f6a793d916,Medium,ERC20,Fee On Transfer Token,"When the asset or collateral is a fee-on-transfer token, the TimeswapConvenience contract cannot accurately calculate the actual amount received during transfers. This causes the Pair contract's validations to fail and the transaction to revert, as the Convenience contract does not account for the transfer fee deductions."
281,73f6a793d916,Medium,Input Validation,Invalid Validation,"ActivePool.sendCollaterals function internally call _sendCollateral, which uses whitelist.getIndex(_collateral) as if it were a validated lookup, but for a non-whitelisted token, it returns 0 (the same index as the first real whitelisted token). As a result, the code silently updates poolColl.amounts[0], i.e., the balance slot of the first whitelisted asset—while actually transferring some other (unsupported) token."
282,73f6a793d916,Medium,Logic Error,Implementation Error,"After deployment, the admin address in the Kernel contract can only be changed to another contract, not to an EOA. Since only contracts like INSTR can call executeAction, and INSTR restricts targets to contracts, it's impossible to later assign admin rights to an EOA, which may have been the intended governance executor."
283,8f18f7d5c396,Medium,Governance,Bad Condition,"Once a user votes on a proposal, they cannot vote again—even if new votes are issued or revoked during the voting period. This creates inconsistencies between the recorded vote and the evolving total supply, potentially distorting quorum and outcome calculations, and undermining the reliability of governance results."
284,8f18f7d5c396,Medium,Input Validation,Invalid Validation,"ActivePool.sendCollaterals function internally call _sendCollateral, which uses whitelist.getIndex(_collateral) as if it were a validated lookup, but for a non-whitelisted token, it returns 0 (the same index as the first real whitelisted token). As a result, the code silently updates poolColl.amounts[0], i.e., the balance slot of the first whitelisted asset—while actually transferring some other (unsupported) token."
285,9cc1dc4ae06a,Medium,ERC20,Fee On Transfer Token,"When the asset or collateral is a fee-on-transfer token, the TimeswapConvenience contract cannot accurately calculate the actual amount received during transfers. This causes the Pair contract's validations to fail and the transaction to revert, as the Convenience contract does not account for the transfer fee deductions."
286,9cc1dc4ae06a,Medium,Input Validation,Invalid Validation,"ActivePool.sendCollaterals function internally call _sendCollateral, which uses whitelist.getIndex(_collateral) as if it were a validated lookup, but for a non-whitelisted token, it returns 0 (the same index as the first real whitelisted token). As a result, the code silently updates poolColl.amounts[0], i.e., the balance slot of the first whitelisted asset—while actually transferring some other (unsupported) token."
287,9cc1dc4ae06a,Medium,Logic Error,Implementation Error,"After deployment, the admin address in the Kernel contract can only be changed to another contract, not to an EOA. Since only contracts like INSTR can call executeAction, and INSTR restricts targets to contracts, it's impossible to later assign admin rights to an EOA, which may have been the intended governance executor."
288,9ddd6b83c27e,Medium,DoS,Out of Gas,"There is no upper limit on poolColl.tokens[], it increments each time when a new collateral is added. Eventually, as the count of collateral increases, gas cost of smart contract calls will raise and that there is no implemented function to reduce the array size."
289,9ddd6b83c27e,Medium,Input Validation,Invalid Validation,"ActivePool.sendCollaterals function internally call _sendCollateral, which uses whitelist.getIndex(_collateral) as if it were a validated lookup, but for a non-whitelisted token, it returns 0 (the same index as the first real whitelisted token). As a result, the code silently updates poolColl.amounts[0], i.e., the balance slot of the first whitelisted asset—while actually transferring some other (unsupported) token."
290,a3e15237ea08,Medium,Input Validation,Invalid Validation,"ActivePool.sendCollaterals function internally call _sendCollateral, which uses whitelist.getIndex(_collateral) as if it were a validated lookup, but for a non-whitelisted token, it returns 0 (the same index as the first real whitelisted token). As a result, the code silently updates poolColl.amounts[0], i.e., the balance slot of the first whitelisted asset—while actually transferring some other (unsupported) token."
291,a8884f87db1a,Medium,ERC20,Fee On Transfer Token,"When the asset or collateral is a fee-on-transfer token, the TimeswapConvenience contract cannot accurately calculate the actual amount received during transfers. This causes the Pair contract's validations to fail and the transaction to revert, as the Convenience contract does not account for the transfer fee deductions."
292,a8884f87db1a,Medium,Input Validation,Invalid Validation,"ActivePool.sendCollaterals function internally call _sendCollateral, which uses whitelist.getIndex(_collateral) as if it were a validated lookup, but for a non-whitelisted token, it returns 0 (the same index as the first real whitelisted token). As a result, the code silently updates poolColl.amounts[0], i.e., the balance slot of the first whitelisted asset—while actually transferring some other (unsupported) token."
293,af8e4af75dc2,Medium,Governance,Bad Condition,"Once a user votes on a proposal, they cannot vote again—even if new votes are issued or revoked during the voting period. This creates inconsistencies between the recorded vote and the evolving total supply, potentially distorting quorum and outcome calculations, and undermining the reliability of governance results."
294,af8e4af75dc2,Medium,Input Validation,Invalid Validation,"ActivePool.sendCollaterals function internally call _sendCollateral, which uses whitelist.getIndex(_collateral) as if it were a validated lookup, but for a non-whitelisted token, it returns 0 (the same index as the first real whitelisted token). As a result, the code silently updates poolColl.amounts[0], i.e., the balance slot of the first whitelisted asset—while actually transferring some other (unsupported) token."
295,af8e4af75dc2,Medium,Logic Error,Implementation Error,"After deployment, the admin address in the Kernel contract can only be changed to another contract, not to an EOA. Since only contracts like INSTR can call executeAction, and INSTR restricts targets to contracts, it's impossible to later assign admin rights to an EOA, which may have been the intended governance executor."
296,af8e4af75dc2,Medium,Reentrancy,Violating CEI / Missing nonReentrant,"The executeProposal() function resets the activeProposal state before executing the proposal instructions. An attacker can repeatedly re-enter and execute the same instructions through nested calls, potentially leading to unauthorized module installations or fund manipulation."
297,afa60bc8003d,Medium,Governance,Bad Condition,"Once a user votes on a proposal, they cannot vote again—even if new votes are issued or revoked during the voting period. This creates inconsistencies between the recorded vote and the evolving total supply, potentially distorting quorum and outcome calculations, and undermining the reliability of governance results."
298,afa60bc8003d,Medium,Input Validation,Invalid Validation,"ActivePool.sendCollaterals function internally call _sendCollateral, which uses whitelist.getIndex(_collateral) as if it were a validated lookup, but for a non-whitelisted token, it returns 0 (the same index as the first real whitelisted token). As a result, the code silently updates poolColl.amounts[0], i.e., the balance slot of the first whitelisted asset—while actually transferring some other (unsupported) token."
299,afa60bc8003d,Medium,Logic Error,Implementation Error,"After deployment, the admin address in the Kernel contract can only be changed to another contract, not to an EOA. Since only contracts like INSTR can call executeAction, and INSTR restricts targets to contracts, it's impossible to later assign admin rights to an EOA, which may have been the intended governance executor."
300,afa60bc8003d,Medium,Reentrancy,Violating CEI / Missing nonReentrant,"The executeProposal() function resets the activeProposal state before executing the proposal instructions. An attacker can repeatedly re-enter and execute the same instructions through nested calls, potentially leading to unauthorized module installations or fund manipulation."
301,c2426a2ab283,Medium,ERC20,Fee On Transfer Token,"When the asset or collateral is a fee-on-transfer token, the TimeswapConvenience contract cannot accurately calculate the actual amount received during transfers. This causes the Pair contract's validations to fail and the transaction to revert, as the Convenience contract does not account for the transfer fee deductions."
302,c2426a2ab283,Medium,Input Validation,Invalid Validation,"ActivePool.sendCollaterals function internally call _sendCollateral, which uses whitelist.getIndex(_collateral) as if it were a validated lookup, but for a non-whitelisted token, it returns 0 (the same index as the first real whitelisted token). As a result, the code silently updates poolColl.amounts[0], i.e., the balance slot of the first whitelisted asset—while actually transferring some other (unsupported) token."
303,c2426a2ab283,Medium,Logic Error,Implementation Error,"After deployment, the admin address in the Kernel contract can only be changed to another contract, not to an EOA. Since only contracts like INSTR can call executeAction, and INSTR restricts targets to contracts, it's impossible to later assign admin rights to an EOA, which may have been the intended governance executor."
304,d562802cb53a,Medium,ERC20,Fee On Transfer Token,"When the asset or collateral is a fee-on-transfer token, the TimeswapConvenience contract cannot accurately calculate the actual amount received during transfers. This causes the Pair contract's validations to fail and the transaction to revert, as the Convenience contract does not account for the transfer fee deductions."
305,d562802cb53a,Medium,Input Validation,Invalid Validation,"ActivePool.sendCollaterals function internally call _sendCollateral, which uses whitelist.getIndex(_collateral) as if it were a validated lookup, but for a non-whitelisted token, it returns 0 (the same index as the first real whitelisted token). As a result, the code silently updates poolColl.amounts[0], i.e., the balance slot of the first whitelisted asset—while actually transferring some other (unsupported) token."
306,d562802cb53a,Medium,Logic Error,Implementation Error,"After deployment, the admin address in the Kernel contract can only be changed to another contract, not to an EOA. Since only contracts like INSTR can call executeAction, and INSTR restricts targets to contracts, it's impossible to later assign admin rights to an EOA, which may have been the intended governance executor."
307,d9b35c0c87a4,Medium,Governance,Bad Condition,"Once a user votes on a proposal, they cannot vote again—even if new votes are issued or revoked during the voting period. This creates inconsistencies between the recorded vote and the evolving total supply, potentially distorting quorum and outcome calculations, and undermining the reliability of governance results."
308,d9b35c0c87a4,Medium,Input Validation,Invalid Validation,"ActivePool.sendCollaterals function internally call _sendCollateral, which uses whitelist.getIndex(_collateral) as if it were a validated lookup, but for a non-whitelisted token, it returns 0 (the same index as the first real whitelisted token). As a result, the code silently updates poolColl.amounts[0], i.e., the balance slot of the first whitelisted asset—while actually transferring some other (unsupported) token."
309,d9b35c0c87a4,Medium,Logic Error,Implementation Error,"After deployment, the admin address in the Kernel contract can only be changed to another contract, not to an EOA. Since only contracts like INSTR can call executeAction, and INSTR restricts targets to contracts, it's impossible to later assign admin rights to an EOA, which may have been the intended governance executor."
310,d9b35c0c87a4,Medium,Reentrancy,Violating CEI / Missing nonReentrant,"The executeProposal() function resets the activeProposal state before executing the proposal instructions. An attacker can repeatedly re-enter and execute the same instructions through nested calls, potentially leading to unauthorized module installations or fund manipulation."
311,dd17040a53bc,Medium,ERC20,Fee On Transfer Token,"When the asset or collateral is a fee-on-transfer token, the TimeswapConvenience contract cannot accurately calculate the actual amount received during transfers. This causes the Pair contract's validations to fail and the transaction to revert, as the Convenience contract does not account for the transfer fee deductions."
312,dd17040a53bc,Medium,Input Validation,Invalid Validation,"ActivePool.sendCollaterals function internally call _sendCollateral, which uses whitelist.getIndex(_collateral) as if it were a validated lookup, but for a non-whitelisted token, it returns 0 (the same index as the first real whitelisted token). As a result, the code silently updates poolColl.amounts[0], i.e., the balance slot of the first whitelisted asset—while actually transferring some other (unsupported) token."
313,dd17040a53bc,Medium,Logic Error,Implementation Error,"After deployment, the admin address in the Kernel contract can only be changed to another contract, not to an EOA. Since only contracts like INSTR can call executeAction, and INSTR restricts targets to contracts, it's impossible to later assign admin rights to an EOA, which may have been the intended governance executor."
314,e0d2d83ea351,Medium,Reentrancy,Violating CEI / Missing nonReentrant,"The executeProposal() function resets the activeProposal state before executing the proposal instructions. An attacker can repeatedly re-enter and execute the same instructions through nested calls, potentially leading to unauthorized module installations or fund manipulation."
315,e169bbefc6e2,Medium,ERC20,Fee On Transfer Token,"When the asset or collateral is a fee-on-transfer token, the TimeswapConvenience contract cannot accurately calculate the actual amount received during transfers. This causes the Pair contract's validations to fail and the transaction to revert, as the Convenience contract does not account for the transfer fee deductions."
316,e169bbefc6e2,Medium,Input Validation,Invalid Validation,"ActivePool.sendCollaterals function internally call _sendCollateral, which uses whitelist.getIndex(_collateral) as if it were a validated lookup, but for a non-whitelisted token, it returns 0 (the same index as the first real whitelisted token). As a result, the code silently updates poolColl.amounts[0], i.e., the balance slot of the first whitelisted asset—while actually transferring some other (unsupported) token."
317,e169bbefc6e2,Medium,Logic Error,Implementation Error,"After deployment, the admin address in the Kernel contract can only be changed to another contract, not to an EOA. Since only contracts like INSTR can call executeAction, and INSTR restricts targets to contracts, it's impossible to later assign admin rights to an EOA, which may have been the intended governance executor."
318,e7921851ec01,Medium,ERC20,Fee On Transfer Token,"When the asset or collateral is a fee-on-transfer token, the TimeswapConvenience contract cannot accurately calculate the actual amount received during transfers. This causes the Pair contract's validations to fail and the transaction to revert, as the Convenience contract does not account for the transfer fee deductions."
319,e7921851ec01,Medium,Input Validation,Invalid Validation,"ActivePool.sendCollaterals function internally call _sendCollateral, which uses whitelist.getIndex(_collateral) as if it were a validated lookup, but for a non-whitelisted token, it returns 0 (the same index as the first real whitelisted token). As a result, the code silently updates poolColl.amounts[0], i.e., the balance slot of the first whitelisted asset—while actually transferring some other (unsupported) token."
320,e7921851ec01,Medium,Logic Error,Implementation Error,"After deployment, the admin address in the Kernel contract can only be changed to another contract, not to an EOA. Since only contracts like INSTR can call executeAction, and INSTR restricts targets to contracts, it's impossible to later assign admin rights to an EOA, which may have been the intended governance executor."
321,e99e64a8abf1,Medium,ERC20,Fee On Transfer Token,"When the asset or collateral is a fee-on-transfer token, the TimeswapConvenience contract cannot accurately calculate the actual amount received during transfers. This causes the Pair contract's validations to fail and the transaction to revert, as the Convenience contract does not account for the transfer fee deductions."
322,e99e64a8abf1,Medium,Input Validation,Invalid Validation,"ActivePool.sendCollaterals function internally call _sendCollateral, which uses whitelist.getIndex(_collateral) as if it were a validated lookup, but for a non-whitelisted token, it returns 0 (the same index as the first real whitelisted token). As a result, the code silently updates poolColl.amounts[0], i.e., the balance slot of the first whitelisted asset—while actually transferring some other (unsupported) token."
323,e99e64a8abf1,Medium,Logic Error,Implementation Error,"After deployment, the admin address in the Kernel contract can only be changed to another contract, not to an EOA. Since only contracts like INSTR can call executeAction, and INSTR restricts targets to contracts, it's impossible to later assign admin rights to an EOA, which may have been the intended governance executor."
324,ee25ec7abd40,Medium,Input Validation,Invalid Validation,"ActivePool.sendCollaterals function internally call _sendCollateral, which uses whitelist.getIndex(_collateral) as if it were a validated lookup, but for a non-whitelisted token, it returns 0 (the same index as the first real whitelisted token). As a result, the code silently updates poolColl.amounts[0], i.e., the balance slot of the first whitelisted asset—while actually transferring some other (unsupported) token."
325,fee749ecd513,Medium,ERC20,Fee On Transfer Token,"When the asset or collateral is a fee-on-transfer token, the TimeswapConvenience contract cannot accurately calculate the actual amount received during transfers. This causes the Pair contract's validations to fail and the transaction to revert, as the Convenience contract does not account for the transfer fee deductions."
326,fee749ecd513,Medium,Input Validation,Invalid Validation,"ActivePool.sendCollaterals function internally call _sendCollateral, which uses whitelist.getIndex(_collateral) as if it were a validated lookup, but for a non-whitelisted token, it returns 0 (the same index as the first real whitelisted token). As a result, the code silently updates poolColl.amounts[0], i.e., the balance slot of the first whitelisted asset—while actually transferring some other (unsupported) token."
327,099243e83259,Medium,"DoS, Input Validation",Invalid Validation,"_delegate allows users to delegate to address(0), which clears the owner’s voting checkpoints without updating their delegation status; consequently, _afterTokenTransfer later attempts to subtract votes from the now-zero balance, causing a revert that permanently bricks token transfers and burning."
328,1167ec3a176e,Medium,"DoS, Input Validation",Invalid Validation,"_delegate allows users to delegate to address(0), which clears the owner’s voting checkpoints without updating their delegation status; consequently, _afterTokenTransfer later attempts to subtract votes from the now-zero balance, causing a revert that permanently bricks token transfers and burning."
329,198fa93fabdd,Medium,"DoS, Input Validation",Invalid Validation,"_delegate allows users to delegate to address(0), which clears the owner’s voting checkpoints without updating their delegation status; consequently, _afterTokenTransfer later attempts to subtract votes from the now-zero balance, causing a revert that permanently bricks token transfers and burning."
330,27c6f2a68058,Medium,"DoS, Input Validation",Invalid Validation,"_delegate allows users to delegate to address(0), which clears the owner’s voting checkpoints without updating their delegation status; consequently, _afterTokenTransfer later attempts to subtract votes from the now-zero balance, causing a revert that permanently bricks token transfers and burning."
331,2c5e13b4e147,High,Accounting Error,Incorrect Parameter,"The SavingsAccountUtil.depositFromSavingsAccount() function incorrectly returns _amount instead of the actual number of shares obtained when calling savingsAccountTransfer(). This will result in incorrect records of the pool's collateral assets when PPS ≠ 1, leading to fund locking or liquidation failures."
332,40cc38c69cca,Medium,DoS,Out of Gas,"There is no upper limit on poolColl.tokens[], it increments each time when a new collateral is added. Eventually, as the count of collateral increases, gas cost of smart contract calls will raise and that there is no implemented function to reduce the array size."
333,4ef0b4d678ab,Medium,Access Control,State Update Inconsistency,"Accumulated but unclaimed rewards for suppliers and borrowers were not distributed before the admin replaced the reward distribution contract. Once the replacement occurs, users' previously accumulated rewards may become permanently unclaimable."
334,73f6a793d916,Medium,"DoS, Input Validation",Invalid Validation,"_delegate allows users to delegate to address(0), which clears the owner’s voting checkpoints without updating their delegation status; consequently, _afterTokenTransfer later attempts to subtract votes from the now-zero balance, causing a revert that permanently bricks token transfers and burning."
335,8f18f7d5c396,Medium,DoS,payable / receive(),"In Swap.sol, using transfer() to send ETH is limited by a fixed gas cap of 2300.If the recipient is a contract without a payable fallback or a fallback that exceeds this limit, it will cause the transaction to fail and may result in funds becoming inaccessible."
336,8f18f7d5c396,Medium,"DoS, Input Validation",Invalid Validation,"_delegate allows users to delegate to address(0), which clears the owner’s voting checkpoints without updating their delegation status; consequently, _afterTokenTransfer later attempts to subtract votes from the now-zero balance, causing a revert that permanently bricks token transfers and burning."
337,9470d2cf198f,Medium,Governance,Bad Condition,"Once a user votes on a proposal, they cannot vote again—even if new votes are issued or revoked during the voting period. This creates inconsistencies between the recorded vote and the evolving total supply, potentially distorting quorum and outcome calculations, and undermining the reliability of governance results."
338,9cc1dc4ae06a,Medium,"DoS, Input Validation",Invalid Validation,"_delegate allows users to delegate to address(0), which clears the owner’s voting checkpoints without updating their delegation status; consequently, _afterTokenTransfer later attempts to subtract votes from the now-zero balance, causing a revert that permanently bricks token transfers and burning."
339,9ddd6b83c27e,Medium,Arithmetic,Unsafe Downcast,"The initialize function performs an unsafe cast of founderPct to uint8 when calculating the cumulative totalOwnership. If a founder's percentage is a multiple of 256 (e.g., 256, 512), the truncated value becomes 0, bypassing the ""maximum 100%"" check and allowing malicious founders to monopolize the base token distribution logic."
340,9ddd6b83c27e,Medium,"DoS, Input Validation",Invalid Validation,"_delegate allows users to delegate to address(0), which clears the owner’s voting checkpoints without updating their delegation status; consequently, _afterTokenTransfer later attempts to subtract votes from the now-zero balance, causing a revert that permanently bricks token transfers and burning."
341,a3e15237ea08,Medium,Access Control,State Update Inconsistency,"Accumulated but unclaimed rewards for suppliers and borrowers were not distributed before the admin replaced the reward distribution contract. Once the replacement occurs, users' previously accumulated rewards may become permanently unclaimable."
342,a3e15237ea08,Medium,Arithmetic,Unsafe Downcast,"The initialize function performs an unsafe cast of founderPct to uint8 when calculating the cumulative totalOwnership. If a founder's percentage is a multiple of 256 (e.g., 256, 512), the truncated value becomes 0, bypassing the ""maximum 100%"" check and allowing malicious founders to monopolize the base token distribution logic."
343,a3e15237ea08,Medium,"DoS, Input Validation",Invalid Validation,"_delegate allows users to delegate to address(0), which clears the owner’s voting checkpoints without updating their delegation status; consequently, _afterTokenTransfer later attempts to subtract votes from the now-zero balance, causing a revert that permanently bricks token transfers and burning."
344,a8884f87db1a,Medium,DoS,payable / receive(),"In Swap.sol, using transfer() to send ETH is limited by a fixed gas cap of 2300.If the recipient is a contract without a payable fallback or a fallback that exceeds this limit, it will cause the transaction to fail and may result in funds becoming inaccessible."
345,a8884f87db1a,Medium,"DoS, Input Validation",Invalid Validation,"_delegate allows users to delegate to address(0), which clears the owner’s voting checkpoints without updating their delegation status; consequently, _afterTokenTransfer later attempts to subtract votes from the now-zero balance, causing a revert that permanently bricks token transfers and burning."
346,c2426a2ab283,Medium,"DoS, Input Validation",Invalid Validation,"_delegate allows users to delegate to address(0), which clears the owner’s voting checkpoints without updating their delegation status; consequently, _afterTokenTransfer later attempts to subtract votes from the now-zero balance, causing a revert that permanently bricks token transfers and burning."
347,d562802cb53a,Medium,Access Control,State Update Inconsistency,"Accumulated but unclaimed rewards for suppliers and borrowers were not distributed before the admin replaced the reward distribution contract. Once the replacement occurs, users' previously accumulated rewards may become permanently unclaimable."
348,dd17040a53bc,Medium,Access Control,State Update Inconsistency,"Accumulated but unclaimed rewards for suppliers and borrowers were not distributed before the admin replaced the reward distribution contract. Once the replacement occurs, users' previously accumulated rewards may become permanently unclaimable."
349,e169bbefc6e2,Medium,"DoS, Input Validation",Invalid Validation,"_delegate allows users to delegate to address(0), which clears the owner’s voting checkpoints without updating their delegation status; consequently, _afterTokenTransfer later attempts to subtract votes from the now-zero balance, causing a revert that permanently bricks token transfers and burning."
350,e7921851ec01,Medium,"DoS, Input Validation",Invalid Validation,"_delegate allows users to delegate to address(0), which clears the owner’s voting checkpoints without updating their delegation status; consequently, _afterTokenTransfer later attempts to subtract votes from the now-zero balance, causing a revert that permanently bricks token transfers and burning."
351,e99e64a8abf1,Medium,"DoS, Input Validation",Invalid Validation,"_delegate allows users to delegate to address(0), which clears the owner’s voting checkpoints without updating their delegation status; consequently, _afterTokenTransfer later attempts to subtract votes from the now-zero balance, causing a revert that permanently bricks token transfers and burning."
352,ee25ec7abd40,Medium,Governance,Bad Condition,"Once a user votes on a proposal, they cannot vote again—even if new votes are issued or revoked during the voting period. This creates inconsistencies between the recorded vote and the evolving total supply, potentially distorting quorum and outcome calculations, and undermining the reliability of governance results."
353,099243e83259,Medium,Reentrancy,Violating CEI / Missing nonReentrant,"The executeProposal() function resets the activeProposal state before executing the proposal instructions. An attacker can repeatedly re-enter and execute the same instructions through nested calls, potentially leading to unauthorized module installations or fund manipulation."
354,1167ec3a176e,Medium,Reentrancy,Violating CEI / Missing nonReentrant,"The executeProposal() function resets the activeProposal state before executing the proposal instructions. An attacker can repeatedly re-enter and execute the same instructions through nested calls, potentially leading to unauthorized module installations or fund manipulation."
355,198fa93fabdd,Medium,ERC20,Fee On Transfer Token,"When the asset or collateral is a fee-on-transfer token, the TimeswapConvenience contract cannot accurately calculate the actual amount received during transfers. This causes the Pair contract's validations to fail and the transaction to revert, as the Convenience contract does not account for the transfer fee deductions."
356,198fa93fabdd,Medium,Logic Error,Implementation Error,"After deployment, the admin address in the Kernel contract can only be changed to another contract, not to an EOA. Since only contracts like INSTR can call executeAction, and INSTR restricts targets to contracts, it's impossible to later assign admin rights to an EOA, which may have been the intended governance executor."
357,27c6f2a68058,Medium,Governance,Incorrect Parameter,"In the Governor contract, parameters related to proposal (e.g., quorum & threshold) are depends on the total supply in the current timestamp but not the previous timestamp, so these values can be changed if total supply cahnges later in the same block because tehy are still eligible to vote.Attckers can lower the threshold and quorum by incresaing totalSupply."
358,2c5e13b4e147,Medium,DoS,payable / receive(),"In Swap.sol, using transfer() to send ETH is limited by a fixed gas cap of 2300.If the recipient is a contract without a payable fallback or a fallback that exceeds this limit, it will cause the transaction to fail and may result in funds becoming inaccessible."
359,40cc38c69cca,Medium,Logic Error,Implementation Error,"After deployment, the admin address in the Kernel contract can only be changed to another contract, not to an EOA. Since only contracts like INSTR can call executeAction, and INSTR restricts targets to contracts, it's impossible to later assign admin rights to an EOA, which may have been the intended governance executor."
360,485f7b9ccb0a,Medium,Reentrancy,Violating CEI / Missing nonReentrant,"The executeProposal() function resets the activeProposal state before executing the proposal instructions. An attacker can repeatedly re-enter and execute the same instructions through nested calls, potentially leading to unauthorized module installations or fund manipulation."
361,4ef0b4d678ab,Medium,ERC20,safeApprove,"There are 3 instances (CreditLine.sol#L647, CreditLine.sol#L779 , AaveYield.sol#L324) where the IERC20.approve() function is called only once without setting the allowance to zero. Some tokens, like USDT, require first reducing the address' allowance to zero by calling approve(_spender, 0)."
362,51c6dc5fd57f,Medium,ERC20,safeApprove,"There are 3 instances (CreditLine.sol#L647, CreditLine.sol#L779 , AaveYield.sol#L324) where the IERC20.approve() function is called only once without setting the allowance to zero. Some tokens, like USDT, require first reducing the address' allowance to zero by calling approve(_spender, 0)."
363,73f6a793d916,Medium,Reentrancy,Violating CEI / Missing nonReentrant,"The executeProposal() function resets the activeProposal state before executing the proposal instructions. An attacker can repeatedly re-enter and execute the same instructions through nested calls, potentially leading to unauthorized module installations or fund manipulation."
364,8f18f7d5c396,Medium,Logic Error,Implementation Error,"After deployment, the admin address in the Kernel contract can only be changed to another contract, not to an EOA. Since only contracts like INSTR can call executeAction, and INSTR restricts targets to contracts, it's impossible to later assign admin rights to an EOA, which may have been the intended governance executor."
365,8f18f7d5c396,Medium,Reentrancy,Violating CEI / Missing nonReentrant,"The executeProposal() function resets the activeProposal state before executing the proposal instructions. An attacker can repeatedly re-enter and execute the same instructions through nested calls, potentially leading to unauthorized module installations or fund manipulation."
366,9470d2cf198f,Medium,Reentrancy,Violating CEI / Missing nonReentrant,"The executeProposal() function resets the activeProposal state before executing the proposal instructions. An attacker can repeatedly re-enter and execute the same instructions through nested calls, potentially leading to unauthorized module installations or fund manipulation."
367,9befb133ee74,Medium,Reentrancy,Violating CEI / Missing nonReentrant,"The executeProposal() function resets the activeProposal state before executing the proposal instructions. An attacker can repeatedly re-enter and execute the same instructions through nested calls, potentially leading to unauthorized module installations or fund manipulation."
368,9cc1dc4ae06a,Medium,Reentrancy,Violating CEI / Missing nonReentrant,"The executeProposal() function resets the activeProposal state before executing the proposal instructions. An attacker can repeatedly re-enter and execute the same instructions through nested calls, potentially leading to unauthorized module installations or fund manipulation."
369,9ddd6b83c27e,Medium,ERC20,Fee On Transfer Token,"When the asset or collateral is a fee-on-transfer token, the TimeswapConvenience contract cannot accurately calculate the actual amount received during transfers. This causes the Pair contract's validations to fail and the transaction to revert, as the Convenience contract does not account for the transfer fee deductions."
370,9ddd6b83c27e,High,MEV,Front Run,"UniV3Vault.tvl() excludes uncollected LP fees (pending yields), so deposit/mint prices shares using an understated TVL and mis-mints shares.An attacker can front-run collectEarnings() to buy shares too cheaply, then withdraw right after harvesting/reinvesting realizes the fees, capturing a portion of previously pending yields from existing holders."
371,a3e15237ea08,Medium,Chainlink,Stale Value,Function OlympusPrice.getCurrentPrice retrieves price using latestRoundData but the implementation is missing essential security checks which can result in stale and incorrect prices being returned.
372,a3e15237ea08,Medium,ERC20,Fee On Transfer Token,"When the asset or collateral is a fee-on-transfer token, the TimeswapConvenience contract cannot accurately calculate the actual amount received during transfers. This causes the Pair contract's validations to fail and the transaction to revert, as the Convenience contract does not account for the transfer fee deductions."
373,a3e15237ea08,High,MEV,Front Run,"UniV3Vault.tvl() excludes uncollected LP fees (pending yields), so deposit/mint prices shares using an understated TVL and mis-mints shares.An attacker can front-run collectEarnings() to buy shares too cheaply, then withdraw right after harvesting/reinvesting realizes the fees, capturing a portion of previously pending yields from existing holders."
374,a4d91fb1550f,Medium,Reentrancy,Violating CEI / Missing nonReentrant,"The executeProposal() function resets the activeProposal state before executing the proposal instructions. An attacker can repeatedly re-enter and execute the same instructions through nested calls, potentially leading to unauthorized module installations or fund manipulation."
375,a8884f87db1a,Medium,Logic Error,Implementation Error,"After deployment, the admin address in the Kernel contract can only be changed to another contract, not to an EOA. Since only contracts like INSTR can call executeAction, and INSTR restricts targets to contracts, it's impossible to later assign admin rights to an EOA, which may have been the intended governance executor."
376,a8884f87db1a,Medium,Reentrancy,Violating CEI / Missing nonReentrant,"The executeProposal() function resets the activeProposal state before executing the proposal instructions. An attacker can repeatedly re-enter and execute the same instructions through nested calls, potentially leading to unauthorized module installations or fund manipulation."
377,c2426a2ab283,Medium,Reentrancy,Violating CEI / Missing nonReentrant,"The executeProposal() function resets the activeProposal state before executing the proposal instructions. An attacker can repeatedly re-enter and execute the same instructions through nested calls, potentially leading to unauthorized module installations or fund manipulation."
378,d562802cb53a,Medium,Governance,Bad Condition,"Once a user votes on a proposal, they cannot vote again—even if new votes are issued or revoked during the voting period. This creates inconsistencies between the recorded vote and the evolving total supply, potentially distorting quorum and outcome calculations, and undermining the reliability of governance results."
379,dd17040a53bc,Medium,Governance,Bad Condition,"Once a user votes on a proposal, they cannot vote again—even if new votes are issued or revoked during the voting period. This creates inconsistencies between the recorded vote and the evolving total supply, potentially distorting quorum and outcome calculations, and undermining the reliability of governance results."
380,e0d2d83ea351,Medium,Arithmetic,Precision Loss,"AutomationMaster._getExchangeRate uses 1e8 fixed‑point calculation and integer division. When the ratio between the high‑price token and the low‑price token is less than 1e‑8, the result is truncated to zero, causing the minAmountReceived check to fail and allowing a malicious keeper to steal order funds."
381,e169bbefc6e2,Medium,Access Control,State Update Inconsistency,"Accumulated but unclaimed rewards for suppliers and borrowers were not distributed before the admin replaced the reward distribution contract. Once the replacement occurs, users' previously accumulated rewards may become permanently unclaimable."
382,e6e43dfea59f,Medium,Logic Error,Implementation Error,"After deployment, the admin address in the Kernel contract can only be changed to another contract, not to an EOA. Since only contracts like INSTR can call executeAction, and INSTR restricts targets to contracts, it's impossible to later assign admin rights to an EOA, which may have been the intended governance executor."
383,e7921851ec01,Medium,Access Control,State Update Inconsistency,"Accumulated but unclaimed rewards for suppliers and borrowers were not distributed before the admin replaced the reward distribution contract. Once the replacement occurs, users' previously accumulated rewards may become permanently unclaimable."
384,e99e64a8abf1,Medium,Governance,Bad Condition,"Once a user votes on a proposal, they cannot vote again—even if new votes are issued or revoked during the voting period. This creates inconsistencies between the recorded vote and the evolving total supply, potentially distorting quorum and outcome calculations, and undermining the reliability of governance results."
385,ee25ec7abd40,Medium,Reentrancy,Violating CEI / Missing nonReentrant,"The executeProposal() function resets the activeProposal state before executing the proposal instructions. An attacker can repeatedly re-enter and execute the same instructions through nested calls, potentially leading to unauthorized module installations or fund manipulation."
386,empty,empty,empty,empty,empty
387,empty,empty,empty,empty,empty
388,empty,empty,empty,empty,empty
389,empty,empty,empty,empty,empty
390,empty,empty,empty,empty,empty
391,empty,empty,empty,empty,empty
392,empty,empty,empty,empty,empty
393,empty,empty,empty,empty,empty
394,empty,empty,empty,empty,empty
395,empty,empty,empty,empty,empty
396,empty,empty,empty,empty,empty
397,empty,empty,empty,empty,empty
398,empty,empty,empty,empty,empty
399,empty,empty,empty,empty,empty
400,empty,empty,empty,empty,empty
