Property,repo_path,severity,tag,subtag,description
1,0315ba9d8121,Medium,Input Validation,Invalid Validation,"verify does not handle the case where ecrecover returns address(0) for invalid signatures, so setting signer/maker to address(0) can make arbitrary signatures pass and bypass authorization. in addition, idtoowner defaults unminted tokenids to address(0), letting attackers target non-minted nfts within the trade/transfer flow."
2,1167ec3a176e,Medium,Input Validation,Invalid Validation,the bidirectional mapping is not properly maintained. addtoken() overwrites vaults but does not remove the corresponding token from the tokens array.
3,2c5e13b4e147,Medium,Input Validation,Invalid Validation,"verify does not handle the case where ecrecover returns address(0) for invalid signatures, so setting signer/maker to address(0) can make arbitrary signatures pass and bypass authorization. in addition, idtoowner defaults unminted tokenids to address(0), letting attackers target non-minted nfts within the trade/transfer flow."
4,b2a8c124d062,Medium,Input Validation,Invalid Validation,"verify does not handle the case where ecrecover returns address(0) for invalid signatures, so setting signer/maker to address(0) can make arbitrary signatures pass and bypass authorization. in addition, idtoowner defaults unminted tokenids to address(0), letting attackers target non-minted nfts within the trade/transfer flow."
5,af8e4af75dc2,Medium,Input Validation,Invalid Validation,the bidirectional mapping is not properly maintained. addtoken() overwrites vaults but does not remove the corresponding token from the tokens array.
6,348856fe60ac,Medium,Input Validation,Invalid Validation,the bidirectional mapping is not properly maintained. addtoken() overwrites vaults but does not remove the corresponding token from the tokens array.
7,b155c4de6012,Medium,Input Validation,Invalid Validation,"verify does not handle the case where ecrecover returns address(0) for invalid signatures, so setting signer/maker to address(0) can make arbitrary signatures pass and bypass authorization. in addition, idtoowner defaults unminted tokenids to address(0), letting attackers target non-minted nfts within the trade/transfer flow."
8,592eed5791df,Medium,Input Validation,Invalid Validation,"verify does not handle the case where ecrecover returns address(0) for invalid signatures, so setting signer/maker to address(0) can make arbitrary signatures pass and bypass authorization. in addition, idtoowner defaults unminted tokenids to address(0), letting attackers target non-minted nfts within the trade/transfer flow."
9,804fe35b0164,Medium,Input Validation,Invalid Validation,"verify does not handle the case where ecrecover returns address(0) for invalid signatures, so setting signer/maker to address(0) can make arbitrary signatures pass and bypass authorization. in addition, idtoowner defaults unminted tokenids to address(0), letting attackers target non-minted nfts within the trade/transfer flow."
10,98b7c1691811,Medium,Input Validation,Invalid Validation,"verify does not handle the case where ecrecover returns address(0) for invalid signatures, so setting signer/maker to address(0) can make arbitrary signatures pass and bypass authorization. in addition, idtoowner defaults unminted tokenids to address(0), letting attackers target non-minted nfts within the trade/transfer flow."
11,b7fc4d82013a,Medium,Input Validation,Invalid Validation,the bidirectional mapping is not properly maintained. addtoken() overwrites vaults but does not remove the corresponding token from the tokens array.
12,c20104cb90d7,Medium,Input Validation,Invalid Validation,the bidirectional mapping is not properly maintained. addtoken() overwrites vaults but does not remove the corresponding token from the tokens array.
13,1d8f1f43cde9,Medium,Input Validation,Invalid Validation,"verify does not handle the case where ecrecover returns address(0) for invalid signatures, so setting signer/maker to address(0) can make arbitrary signatures pass and bypass authorization. in addition, idtoowner defaults unminted tokenids to address(0), letting attackers target non-minted nfts within the trade/transfer flow."
14,9cc1dc4ae06a,Medium,Input Validation,Invalid Validation,the bidirectional mapping is not properly maintained. addtoken() overwrites vaults but does not remove the corresponding token from the tokens array.
15,c2426a2ab283,Medium,Input Validation,Invalid Validation,"verify does not handle the case where ecrecover returns address(0) for invalid signatures, so setting signer/maker to address(0) can make arbitrary signatures pass and bypass authorization. in addition, idtoowner defaults unminted tokenids to address(0), letting attackers target non-minted nfts within the trade/transfer flow."
16,d562802cb53a,Medium,Input Validation,Invalid Validation,"verify does not handle the case where ecrecover returns address(0) for invalid signatures, so setting signer/maker to address(0) can make arbitrary signatures pass and bypass authorization. in addition, idtoowner defaults unminted tokenids to address(0), letting attackers target non-minted nfts within the trade/transfer flow."
17,dd17040a53bc,Medium,Input Validation,Invalid Validation,the bidirectional mapping is not properly maintained. addtoken() overwrites vaults but does not remove the corresponding token from the tokens array.
18,e99e64a8abf1,Medium,Input Validation,Invalid Validation,"verify does not handle the case where ecrecover returns address(0) for invalid signatures, so setting signer/maker to address(0) can make arbitrary signatures pass and bypass authorization. in addition, idtoowner defaults unminted tokenids to address(0), letting attackers target non-minted nfts within the trade/transfer flow."
19,a1ee58021528,Medium,Input Validation,Invalid Validation,"verify does not handle the case where ecrecover returns address(0) for invalid signatures, so setting signer/maker to address(0) can make arbitrary signatures pass and bypass authorization. in addition, idtoowner defaults unminted tokenids to address(0), letting attackers target non-minted nfts within the trade/transfer flow."
20,40cc38c69cca,Medium,Accounting Error,State Update Inconsistency,"in cases of insufficient funds for withdrawals, the share destruction calculation formula continues to use the old withdrawal amount parameter and does not recalculate with the updated actual withdrawal amount, resulting in users burning more shares than intended and causing unfair distribution."
21,e6e43dfea59f,Medium,Accounting Error,State Update Inconsistency,"in cases of insufficient funds for withdrawals, the share destruction calculation formula continues to use the old withdrawal amount parameter and does not recalculate with the updated actual withdrawal amount, resulting in users burning more shares than intended and causing unfair distribution."
22,97843b77b287,Medium,Input Validation,Invalid Validation,"verify does not handle the case where ecrecover returns address(0) for invalid signatures, so setting signer/maker to address(0) can make arbitrary signatures pass and bypass authorization. in addition, idtoowner defaults unminted tokenids to address(0), letting attackers target non-minted nfts within the trade/transfer flow."
23,099243e83259,Medium,Accounting Error,State Update Inconsistency,"in cases of insufficient funds for withdrawals, the share destruction calculation formula continues to use the old withdrawal amount parameter and does not recalculate with the updated actual withdrawal amount, resulting in users burning more shares than intended and causing unfair distribution."
24,7bbe3d81960c,Medium,Input Validation,Invalid Validation,the bidirectional mapping is not properly maintained. addtoken() overwrites vaults but does not remove the corresponding token from the tokens array.
25,ba93b3b8d7cf,Medium,Input Validation,Invalid Validation,the bidirectional mapping is not properly maintained. addtoken() overwrites vaults but does not remove the corresponding token from the tokens array.
26,e7921851ec01,Medium,Input Validation,Invalid Validation,"verify does not handle the case where ecrecover returns address(0) for invalid signatures, so setting signer/maker to address(0) can make arbitrary signatures pass and bypass authorization. in addition, idtoowner defaults unminted tokenids to address(0), letting attackers target non-minted nfts within the trade/transfer flow."
27,73f6a793d916,Medium,Input Validation,Invalid Validation,the bidirectional mapping is not properly maintained. addtoken() overwrites vaults but does not remove the corresponding token from the tokens array.
28,e169bbefc6e2,Medium,Input Validation,Invalid Validation,"verify does not handle the case where ecrecover returns address(0) for invalid signatures, so setting signer/maker to address(0) can make arbitrary signatures pass and bypass authorization. in addition, idtoowner defaults unminted tokenids to address(0), letting attackers target non-minted nfts within the trade/transfer flow."
29,198fa93fabdd,Medium,Accounting Error,State Update Inconsistency,"in cases of insufficient funds for withdrawals, the share destruction calculation formula continues to use the old withdrawal amount parameter and does not recalculate with the updated actual withdrawal amount, resulting in users burning more shares than intended and causing unfair distribution."
30,54405135ebf3,Medium,Accounting Error,State Update Inconsistency,"in cases of insufficient funds for withdrawals, the share destruction calculation formula continues to use the old withdrawal amount parameter and does not recalculate with the updated actual withdrawal amount, resulting in users burning more shares than intended and causing unfair distribution."
31,8a20eb1e521f,Medium,Accounting Error,State Update Inconsistency,"the withdrawal process fails to update the cached tvl of the rebase token (atoken), causing the system to use a stale value for share calculation and resulting in users missing out on accrued interest."
32,a8884f87db1a,Medium,Input Validation,Invalid Validation,the bidirectional mapping is not properly maintained. addtoken() overwrites vaults but does not remove the corresponding token from the tokens array.
33,fee749ecd513,Medium,Input Validation,Invalid Validation,the bidirectional mapping is not properly maintained. addtoken() overwrites vaults but does not remove the corresponding token from the tokens array.
34,0315ba9d8121,Medium,Accounting Error,State Update Inconsistency,"the withdrawal process fails to update the cached tvl of the rebase token (atoken), causing the system to use a stale value for share calculation and resulting in users missing out on accrued interest."
35,1167ec3a176e,Medium,Accounting Error,State Update Inconsistency,"the withdrawal process fails to update the cached tvl of the rebase token (atoken), causing the system to use a stale value for share calculation and resulting in users missing out on accrued interest."
36,2c5e13b4e147,Medium,Accounting Error,State Update Inconsistency,"the withdrawal process fails to update the cached tvl of the rebase token (atoken), causing the system to use a stale value for share calculation and resulting in users missing out on accrued interest."
37,b2a8c124d062,Medium,Accounting Error,State Update Inconsistency,"the withdrawal process fails to update the cached tvl of the rebase token (atoken), causing the system to use a stale value for share calculation and resulting in users missing out on accrued interest."
38,fa1836e0615e,Medium,Input Validation,Invalid Validation,"verify does not handle the case where ecrecover returns address(0) for invalid signatures, so setting signer/maker to address(0) can make arbitrary signatures pass and bypass authorization. in addition, idtoowner defaults unminted tokenids to address(0), letting attackers target non-minted nfts within the trade/transfer flow."
39,af8e4af75dc2,Medium,Accounting Error,State Update Inconsistency,"in cases of insufficient funds for withdrawals, the share destruction calculation formula continues to use the old withdrawal amount parameter and does not recalculate with the updated actual withdrawal amount, resulting in users burning more shares than intended and causing unfair distribution."
40,348856fe60ac,Medium,Accounting Error,State Update Inconsistency,"the withdrawal process fails to update the cached tvl of the rebase token (atoken), causing the system to use a stale value for share calculation and resulting in users missing out on accrued interest."
41,b155c4de6012,Medium,Accounting Error,State Update Inconsistency,"the withdrawal process fails to update the cached tvl of the rebase token (atoken), causing the system to use a stale value for share calculation and resulting in users missing out on accrued interest."
42,03196f805abb,Medium,Input Validation,Invalid Validation,"verify does not handle the case where ecrecover returns address(0) for invalid signatures, so setting signer/maker to address(0) can make arbitrary signatures pass and bypass authorization. in addition, idtoowner defaults unminted tokenids to address(0), letting attackers target non-minted nfts within the trade/transfer flow."
43,9ddd6b83c27e,Medium,Input Validation,Invalid Validation,"verify does not handle the case where ecrecover returns address(0) for invalid signatures, so setting signer/maker to address(0) can make arbitrary signatures pass and bypass authorization. in addition, idtoowner defaults unminted tokenids to address(0), letting attackers target non-minted nfts within the trade/transfer flow."
44,592eed5791df,Medium,Accounting Error,State Update Inconsistency,"in cases of insufficient funds for withdrawals, the share destruction calculation formula continues to use the old withdrawal amount parameter and does not recalculate with the updated actual withdrawal amount, resulting in users burning more shares than intended and causing unfair distribution."
45,804fe35b0164,Medium,Accounting Error,State Update Inconsistency,"in cases of insufficient funds for withdrawals, the share destruction calculation formula continues to use the old withdrawal amount parameter and does not recalculate with the updated actual withdrawal amount, resulting in users burning more shares than intended and causing unfair distribution."
46,98b7c1691811,Medium,Accounting Error,State Update Inconsistency,"the withdrawal process fails to update the cached tvl of the rebase token (atoken), causing the system to use a stale value for share calculation and resulting in users missing out on accrued interest."
47,b7fc4d82013a,Medium,Accounting Error,State Update Inconsistency,"in cases of insufficient funds for withdrawals, the share destruction calculation formula continues to use the old withdrawal amount parameter and does not recalculate with the updated actual withdrawal amount, resulting in users burning more shares than intended and causing unfair distribution."
48,c20104cb90d7,Medium,Accounting Error,State Update Inconsistency,"in cases of insufficient funds for withdrawals, the share destruction calculation formula continues to use the old withdrawal amount parameter and does not recalculate with the updated actual withdrawal amount, resulting in users burning more shares than intended and causing unfair distribution."
49,4ef0b4d678ab,Medium,Input Validation,Invalid Validation,"verify does not handle the case where ecrecover returns address(0) for invalid signatures, so setting signer/maker to address(0) can make arbitrary signatures pass and bypass authorization. in addition, idtoowner defaults unminted tokenids to address(0), letting attackers target non-minted nfts within the trade/transfer flow."
50,8f18f7d5c396,Medium,Input Validation,Invalid Validation,the bidirectional mapping is not properly maintained. addtoken() overwrites vaults but does not remove the corresponding token from the tokens array.
51,a3e15237ea08,Medium,Input Validation,Invalid Validation,"verify does not handle the case where ecrecover returns address(0) for invalid signatures, so setting signer/maker to address(0) can make arbitrary signatures pass and bypass authorization. in addition, idtoowner defaults unminted tokenids to address(0), letting attackers target non-minted nfts within the trade/transfer flow."
52,1d8f1f43cde9,Medium,Accounting Error,State Update Inconsistency,"the withdrawal process fails to update the cached tvl of the rebase token (atoken), causing the system to use a stale value for share calculation and resulting in users missing out on accrued interest."
53,9cc1dc4ae06a,Medium,Accounting Error,State Update Inconsistency,"the withdrawal process fails to update the cached tvl of the rebase token (atoken), causing the system to use a stale value for share calculation and resulting in users missing out on accrued interest."
54,c2426a2ab283,Medium,Accounting Error,State Update Inconsistency,"the withdrawal process fails to update the cached tvl of the rebase token (atoken), causing the system to use a stale value for share calculation and resulting in users missing out on accrued interest."
55,d562802cb53a,Medium,Accounting Error,State Update Inconsistency,"in cases of insufficient funds for withdrawals, the share destruction calculation formula continues to use the old withdrawal amount parameter and does not recalculate with the updated actual withdrawal amount, resulting in users burning more shares than intended and causing unfair distribution."
56,dd17040a53bc,Medium,Accounting Error,State Update Inconsistency,"in cases of insufficient funds for withdrawals, the share destruction calculation formula continues to use the old withdrawal amount parameter and does not recalculate with the updated actual withdrawal amount, resulting in users burning more shares than intended and causing unfair distribution."
57,e99e64a8abf1,Medium,Accounting Error,State Update Inconsistency,"the withdrawal process fails to update the cached tvl of the rebase token (atoken), causing the system to use a stale value for share calculation and resulting in users missing out on accrued interest."
58,a1ee58021528,Medium,Accounting Error,State Update Inconsistency,"in cases of insufficient funds for withdrawals, the share destruction calculation formula continues to use the old withdrawal amount parameter and does not recalculate with the updated actual withdrawal amount, resulting in users burning more shares than intended and causing unfair distribution."
59,97843b77b287,Medium,Accounting Error,State Update Inconsistency,"the withdrawal process fails to update the cached tvl of the rebase token (atoken), causing the system to use a stale value for share calculation and resulting in users missing out on accrued interest."
60,ee25ec7abd40,Medium,Input Validation,Invalid Validation,"verify does not handle the case where ecrecover returns address(0) for invalid signatures, so setting signer/maker to address(0) can make arbitrary signatures pass and bypass authorization. in addition, idtoowner defaults unminted tokenids to address(0), letting attackers target non-minted nfts within the trade/transfer flow."
61,1d8f1f43cde9,Medium,DoS,Bad Condition,"in safedecimals(), when data.length >= 32, it uses abi.decode to return a uint8. however, if data.length is greater than 32, it will cause abi.decode to revert."
62,9cc1dc4ae06a,Medium,DoS,Bad Condition,"in safedecimals(), when data.length >= 32, it uses abi.decode to return a uint8. however, if data.length is greater than 32, it will cause abi.decode to revert."
63,c2426a2ab283,Medium,DoS,Bad Condition,"in safedecimals(), when data.length >= 32, it uses abi.decode to return a uint8. however, if data.length is greater than 32, it will cause abi.decode to revert."
64,7bbe3d81960c,Medium,Accounting Error,State Update Inconsistency,"in cases of insufficient funds for withdrawals, the share destruction calculation formula continues to use the old withdrawal amount parameter and does not recalculate with the updated actual withdrawal amount, resulting in users burning more shares than intended and causing unfair distribution."
65,ba93b3b8d7cf,Medium,Accounting Error,State Update Inconsistency,"in cases of insufficient funds for withdrawals, the share destruction calculation formula continues to use the old withdrawal amount parameter and does not recalculate with the updated actual withdrawal amount, resulting in users burning more shares than intended and causing unfair distribution."
66,e7921851ec01,Medium,Accounting Error,State Update Inconsistency,"the withdrawal process fails to update the cached tvl of the rebase token (atoken), causing the system to use a stale value for share calculation and resulting in users missing out on accrued interest."
67,73f6a793d916,Medium,Accounting Error,State Update Inconsistency,"in cases of insufficient funds for withdrawals, the share destruction calculation formula continues to use the old withdrawal amount parameter and does not recalculate with the updated actual withdrawal amount, resulting in users burning more shares than intended and causing unfair distribution."
68,e169bbefc6e2,Medium,Accounting Error,State Update Inconsistency,"in cases of insufficient funds for withdrawals, the share destruction calculation formula continues to use the old withdrawal amount parameter and does not recalculate with the updated actual withdrawal amount, resulting in users burning more shares than intended and causing unfair distribution."
69,d562802cb53a,Medium,DoS,Bad Condition,"in safedecimals(), when data.length >= 32, it uses abi.decode to return a uint8. however, if data.length is greater than 32, it will cause abi.decode to revert."
70,dd17040a53bc,Medium,DoS,Bad Condition,"in safedecimals(), when data.length >= 32, it uses abi.decode to return a uint8. however, if data.length is greater than 32, it will cause abi.decode to revert."
71,e99e64a8abf1,Medium,DoS,Bad Condition,"in safedecimals(), when data.length >= 32, it uses abi.decode to return a uint8. however, if data.length is greater than 32, it will cause abi.decode to revert."
72,a8884f87db1a,Medium,Accounting Error,State Update Inconsistency,"the withdrawal process fails to update the cached tvl of the rebase token (atoken), causing the system to use a stale value for share calculation and resulting in users missing out on accrued interest."
73,fee749ecd513,Medium,Accounting Error,State Update Inconsistency,"the withdrawal process fails to update the cached tvl of the rebase token (atoken), causing the system to use a stale value for share calculation and resulting in users missing out on accrued interest."
74,a1ee58021528,Medium,DoS,Bad Condition,"in safedecimals(), when data.length >= 32, it uses abi.decode to return a uint8. however, if data.length is greater than 32, it will cause abi.decode to revert."
75,fa1836e0615e,Medium,Accounting Error,State Update Inconsistency,"the withdrawal process fails to update the cached tvl of the rebase token (atoken), causing the system to use a stale value for share calculation and resulting in users missing out on accrued interest."
76,bb3018c8812c,Medium,Input Validation,Invalid Validation,"verify does not handle the case where ecrecover returns address(0) for invalid signatures, so setting signer/maker to address(0) can make arbitrary signatures pass and bypass authorization. in addition, idtoowner defaults unminted tokenids to address(0), letting attackers target non-minted nfts within the trade/transfer flow."
77,97843b77b287,Medium,DoS,Bad Condition,"in safedecimals(), when data.length >= 32, it uses abi.decode to return a uint8. however, if data.length is greater than 32, it will cause abi.decode to revert."
78,7bbe3d81960c,Medium,DoS,Bad Condition,"in safedecimals(), when data.length >= 32, it uses abi.decode to return a uint8. however, if data.length is greater than 32, it will cause abi.decode to revert."
79,ba93b3b8d7cf,Medium,DoS,Bad Condition,"in safedecimals(), when data.length >= 32, it uses abi.decode to return a uint8. however, if data.length is greater than 32, it will cause abi.decode to revert."
80,e7921851ec01,Medium,DoS,Bad Condition,"in safedecimals(), when data.length >= 32, it uses abi.decode to return a uint8. however, if data.length is greater than 32, it will cause abi.decode to revert."
81,03196f805abb,Medium,Accounting Error,State Update Inconsistency,"in cases of insufficient funds for withdrawals, the share destruction calculation formula continues to use the old withdrawal amount parameter and does not recalculate with the updated actual withdrawal amount, resulting in users burning more shares than intended and causing unfair distribution."
82,9ddd6b83c27e,Medium,Accounting Error,State Update Inconsistency,"in cases of insufficient funds for withdrawals, the share destruction calculation formula continues to use the old withdrawal amount parameter and does not recalculate with the updated actual withdrawal amount, resulting in users burning more shares than intended and causing unfair distribution."
83,73f6a793d916,Medium,DoS,Bad Condition,"in safedecimals(), when data.length >= 32, it uses abi.decode to return a uint8. however, if data.length is greater than 32, it will cause abi.decode to revert."
84,e169bbefc6e2,Medium,DoS,Bad Condition,"in safedecimals(), when data.length >= 32, it uses abi.decode to return a uint8. however, if data.length is greater than 32, it will cause abi.decode to revert."
85,d9b35c0c87a4,Medium,Input Validation,Invalid Validation,the bidirectional mapping is not properly maintained. addtoken() overwrites vaults but does not remove the corresponding token from the tokens array.
86,a8884f87db1a,Medium,DoS,Bad Condition,"in safedecimals(), when data.length >= 32, it uses abi.decode to return a uint8. however, if data.length is greater than 32, it will cause abi.decode to revert."
87,fee749ecd513,Medium,DoS,Bad Condition,"in safedecimals(), when data.length >= 32, it uses abi.decode to return a uint8. however, if data.length is greater than 32, it will cause abi.decode to revert."
88,fa1836e0615e,Medium,DoS,Bad Condition,"in safedecimals(), when data.length >= 32, it uses abi.decode to return a uint8. however, if data.length is greater than 32, it will cause abi.decode to revert."
89,54405135ebf3,Medium,Input Validation,Invalid Validation,"verify does not handle the case where ecrecover returns address(0) for invalid signatures, so setting signer/maker to address(0) can make arbitrary signatures pass and bypass authorization. in addition, idtoowner defaults unminted tokenids to address(0), letting attackers target non-minted nfts within the trade/transfer flow."
90,ee25ec7abd40,Medium,Accounting Error,State Update Inconsistency,"in cases of insufficient funds for withdrawals, the share destruction calculation formula continues to use the old withdrawal amount parameter and does not recalculate with the updated actual withdrawal amount, resulting in users burning more shares than intended and causing unfair distribution."
91,198fa93fabdd,High,Input Validation,Invalid Validation,"verify does not handle the case where ecrecover returns address(0) for invalid signatures, so setting signer/maker to address(0) can make arbitrary signatures pass and bypass authorization. in addition, idtoowner defaults unminted tokenids to address(0), letting attackers target non-minted nfts within the trade/transfer flow."
92,54405135ebf3,High,Input Validation,Invalid Validation,"verify does not handle the case where ecrecover returns address(0) for invalid signatures, so setting signer/maker to address(0) can make arbitrary signatures pass and bypass authorization. in addition, idtoowner defaults unminted tokenids to address(0), letting attackers target non-minted nfts within the trade/transfer flow."
93,8a20eb1e521f,High,Input Validation,Invalid Validation,"verify does not handle the case where ecrecover returns address(0) for invalid signatures, so setting signer/maker to address(0) can make arbitrary signatures pass and bypass authorization. in addition, idtoowner defaults unminted tokenids to address(0), letting attackers target non-minted nfts within the trade/transfer flow."
94,27c6f2a68058,Medium,Input Validation,Invalid Validation,"verify does not handle the case where ecrecover returns address(0) for invalid signatures, so setting signer/maker to address(0) can make arbitrary signatures pass and bypass authorization. in addition, idtoowner defaults unminted tokenids to address(0), letting attackers target non-minted nfts within the trade/transfer flow."
95,03196f805abb,Medium,DoS,Bad Condition,"in safedecimals(), when data.length >= 32, it uses abi.decode to return a uint8. however, if data.length is greater than 32, it will cause abi.decode to revert."
96,9ddd6b83c27e,Medium,DoS,Bad Condition,"in safedecimals(), when data.length >= 32, it uses abi.decode to return a uint8. however, if data.length is greater than 32, it will cause abi.decode to revert."
97,0315ba9d8121,High,Input Validation,Invalid Validation,"verify does not handle the case where ecrecover returns address(0) for invalid signatures, so setting signer/maker to address(0) can make arbitrary signatures pass and bypass authorization. in addition, idtoowner defaults unminted tokenids to address(0), letting attackers target non-minted nfts within the trade/transfer flow."
98,1167ec3a176e,High,Input Validation,Invalid Validation,the bidirectional mapping is not properly maintained. addtoken() overwrites vaults but does not remove the corresponding token from the tokens array.
99,2c5e13b4e147,High,Input Validation,Invalid Validation,"verify does not handle the case where ecrecover returns address(0) for invalid signatures, so setting signer/maker to address(0) can make arbitrary signatures pass and bypass authorization. in addition, idtoowner defaults unminted tokenids to address(0), letting attackers target non-minted nfts within the trade/transfer flow."
100,b2a8c124d062,High,Input Validation,Invalid Validation,"verify does not handle the case where ecrecover returns address(0) for invalid signatures, so setting signer/maker to address(0) can make arbitrary signatures pass and bypass authorization. in addition, idtoowner defaults unminted tokenids to address(0), letting attackers target non-minted nfts within the trade/transfer flow."
101,4ef0b4d678ab,Medium,DoS,Bad Condition,"in safedecimals(), when data.length >= 32, it uses abi.decode to return a uint8. however, if data.length is greater than 32, it will cause abi.decode to revert."
102,8f18f7d5c396,Medium,DoS,Bad Condition,"in safedecimals(), when data.length >= 32, it uses abi.decode to return a uint8. however, if data.length is greater than 32, it will cause abi.decode to revert."
103,a3e15237ea08,Medium,DoS,Bad Condition,"in safedecimals(), when data.length >= 32, it uses abi.decode to return a uint8. however, if data.length is greater than 32, it will cause abi.decode to revert."
104,af8e4af75dc2,High,Input Validation,Invalid Validation,the bidirectional mapping is not properly maintained. addtoken() overwrites vaults but does not remove the corresponding token from the tokens array.
105,348856fe60ac,High,Input Validation,Invalid Validation,the bidirectional mapping is not properly maintained. addtoken() overwrites vaults but does not remove the corresponding token from the tokens array.
106,b155c4de6012,High,Input Validation,Invalid Validation,"verify does not handle the case where ecrecover returns address(0) for invalid signatures, so setting signer/maker to address(0) can make arbitrary signatures pass and bypass authorization. in addition, idtoowner defaults unminted tokenids to address(0), letting attackers target non-minted nfts within the trade/transfer flow."
107,afa60bc8003d,Medium,Input Validation,Invalid Validation,"verify does not handle the case where ecrecover returns address(0) for invalid signatures, so setting signer/maker to address(0) can make arbitrary signatures pass and bypass authorization. in addition, idtoowner defaults unminted tokenids to address(0), letting attackers target non-minted nfts within the trade/transfer flow."
108,bb3018c8812c,Medium,Accounting Error,State Update Inconsistency,"the withdrawal process fails to update the cached tvl of the rebase token (atoken), causing the system to use a stale value for share calculation and resulting in users missing out on accrued interest."
109,592eed5791df,High,Input Validation,Invalid Validation,"verify does not handle the case where ecrecover returns address(0) for invalid signatures, so setting signer/maker to address(0) can make arbitrary signatures pass and bypass authorization. in addition, idtoowner defaults unminted tokenids to address(0), letting attackers target non-minted nfts within the trade/transfer flow."
110,804fe35b0164,High,Input Validation,Invalid Validation,"verify does not handle the case where ecrecover returns address(0) for invalid signatures, so setting signer/maker to address(0) can make arbitrary signatures pass and bypass authorization. in addition, idtoowner defaults unminted tokenids to address(0), letting attackers target non-minted nfts within the trade/transfer flow."
111,98b7c1691811,High,Input Validation,Invalid Validation,"verify does not handle the case where ecrecover returns address(0) for invalid signatures, so setting signer/maker to address(0) can make arbitrary signatures pass and bypass authorization. in addition, idtoowner defaults unminted tokenids to address(0), letting attackers target non-minted nfts within the trade/transfer flow."
112,b7fc4d82013a,High,Input Validation,Invalid Validation,the bidirectional mapping is not properly maintained. addtoken() overwrites vaults but does not remove the corresponding token from the tokens array.
113,c20104cb90d7,High,Input Validation,Invalid Validation,the bidirectional mapping is not properly maintained. addtoken() overwrites vaults but does not remove the corresponding token from the tokens array.
114,27c6f2a68058,Medium,DoS,Bad Condition,"in safedecimals(), when data.length >= 32, it uses abi.decode to return a uint8. however, if data.length is greater than 32, it will cause abi.decode to revert."
115,1d8f1f43cde9,High,Input Validation,Invalid Validation,"verify does not handle the case where ecrecover returns address(0) for invalid signatures, so setting signer/maker to address(0) can make arbitrary signatures pass and bypass authorization. in addition, idtoowner defaults unminted tokenids to address(0), letting attackers target non-minted nfts within the trade/transfer flow."
116,9cc1dc4ae06a,High,Input Validation,Invalid Validation,the bidirectional mapping is not properly maintained. addtoken() overwrites vaults but does not remove the corresponding token from the tokens array.
117,c2426a2ab283,High,Input Validation,Invalid Validation,"verify does not handle the case where ecrecover returns address(0) for invalid signatures, so setting signer/maker to address(0) can make arbitrary signatures pass and bypass authorization. in addition, idtoowner defaults unminted tokenids to address(0), letting attackers target non-minted nfts within the trade/transfer flow."
118,485f7b9ccb0a,Medium,Input Validation,Invalid Validation,"verify does not handle the case where ecrecover returns address(0) for invalid signatures, so setting signer/maker to address(0) can make arbitrary signatures pass and bypass authorization. in addition, idtoowner defaults unminted tokenids to address(0), letting attackers target non-minted nfts within the trade/transfer flow."
119,51c6dc5fd57f,Medium,DoS,Bad Condition,"in safedecimals(), when data.length >= 32, it uses abi.decode to return a uint8. however, if data.length is greater than 32, it will cause abi.decode to revert."
120,ee25ec7abd40,Medium,DoS,Bad Condition,"in safedecimals(), when data.length >= 32, it uses abi.decode to return a uint8. however, if data.length is greater than 32, it will cause abi.decode to revert."
121,a3e15237ea08,Medium,Accounting Error,State Update Inconsistency,"the withdrawal process fails to update the cached tvl of the rebase token (atoken), causing the system to use a stale value for share calculation and resulting in users missing out on accrued interest."
122,d9b35c0c87a4,Medium,Accounting Error,State Update Inconsistency,"the withdrawal process fails to update the cached tvl of the rebase token (atoken), causing the system to use a stale value for share calculation and resulting in users missing out on accrued interest."
123,a4d91fb1550f,Medium,Input Validation,Invalid Validation,the bidirectional mapping is not properly maintained. addtoken() overwrites vaults but does not remove the corresponding token from the tokens array.
124,e0d2d83ea351,Medium,DoS,Bad Condition,"in safedecimals(), when data.length >= 32, it uses abi.decode to return a uint8. however, if data.length is greater than 32, it will cause abi.decode to revert."
125,d562802cb53a,High,Input Validation,Invalid Validation,"verify does not handle the case where ecrecover returns address(0) for invalid signatures, so setting signer/maker to address(0) can make arbitrary signatures pass and bypass authorization. in addition, idtoowner defaults unminted tokenids to address(0), letting attackers target non-minted nfts within the trade/transfer flow."
126,dd17040a53bc,High,Input Validation,Invalid Validation,the bidirectional mapping is not properly maintained. addtoken() overwrites vaults but does not remove the corresponding token from the tokens array.
127,e99e64a8abf1,High,Input Validation,Invalid Validation,"verify does not handle the case where ecrecover returns address(0) for invalid signatures, so setting signer/maker to address(0) can make arbitrary signatures pass and bypass authorization. in addition, idtoowner defaults unminted tokenids to address(0), letting attackers target non-minted nfts within the trade/transfer flow."
128,7b5e1803022e,Medium,DoS,Bad Condition,"in safedecimals(), when data.length >= 32, it uses abi.decode to return a uint8. however, if data.length is greater than 32, it will cause abi.decode to revert."
129,a1ee58021528,High,Input Validation,Invalid Validation,"verify does not handle the case where ecrecover returns address(0) for invalid signatures, so setting signer/maker to address(0) can make arbitrary signatures pass and bypass authorization. in addition, idtoowner defaults unminted tokenids to address(0), letting attackers target non-minted nfts within the trade/transfer flow."
130,099243e83259,Medium,DoS,Bad Condition,"in safedecimals(), when data.length >= 32, it uses abi.decode to return a uint8. however, if data.length is greater than 32, it will cause abi.decode to revert."
131,27c6f2a68058,Medium,Accounting Error,State Update Inconsistency,"the withdrawal process fails to update the cached tvl of the rebase token (atoken), causing the system to use a stale value for share calculation and resulting in users missing out on accrued interest."
132,592eed5791df,Medium,DoS,Out of Gas,"there is no upper limit on poolcoll.tokens[], it increments each time when a new collateral is added. eventually, as the count of collateral increases, gas cost of smart contract calls will raise and that there is no implemented function to reduce the array size."
133,804fe35b0164,Medium,DoS,Out of Gas,"there is no upper limit on poolcoll.tokens[], it increments each time when a new collateral is added. eventually, as the count of collateral increases, gas cost of smart contract calls will raise and that there is no implemented function to reduce the array size."
134,98b7c1691811,Medium,DoS,Out of Gas,"there is no upper limit on poolcoll.tokens[], it increments each time when a new collateral is added. eventually, as the count of collateral increases, gas cost of smart contract calls will raise and that there is no implemented function to reduce the array size."
135,c20104cb90d7,Medium,DoS,Out of Gas,"there is no upper limit on poolcoll.tokens[], it increments each time when a new collateral is added. eventually, as the count of collateral increases, gas cost of smart contract calls will raise and that there is no implemented function to reduce the array size."
136,97843b77b287,High,Input Validation,Invalid Validation,"verify does not handle the case where ecrecover returns address(0) for invalid signatures, so setting signer/maker to address(0) can make arbitrary signatures pass and bypass authorization. in addition, idtoowner defaults unminted tokenids to address(0), letting attackers target non-minted nfts within the trade/transfer flow."
137,8a20eb1e521f,Medium,Input Validation,Invalid Validation,"verify does not handle the case where ecrecover returns address(0) for invalid signatures, so setting signer/maker to address(0) can make arbitrary signatures pass and bypass authorization. in addition, idtoowner defaults unminted tokenids to address(0), letting attackers target non-minted nfts within the trade/transfer flow."
138,198fa93fabdd,Medium,DoS,Bad Condition,"in safedecimals(), when data.length >= 32, it uses abi.decode to return a uint8. however, if data.length is greater than 32, it will cause abi.decode to revert."
139,40cc38c69cca,Medium,DoS,Bad Condition,"in safedecimals(), when data.length >= 32, it uses abi.decode to return a uint8. however, if data.length is greater than 32, it will cause abi.decode to revert."
140,198fa93fabdd,Medium,Arithmetic,Precision Loss,"_updatebucketexchangerateandcalculaterewards performs division before multiplication, causing precision loss and systematically underpaying user rewards. the error grows with the amount of interest earned, making larger rewards more inaccurate."
141,54405135ebf3,Medium,Arithmetic,Precision Loss,"_updatebucketexchangerateandcalculaterewards performs division before multiplication, causing precision loss and systematically underpaying user rewards. the error grows with the amount of interest earned, making larger rewards more inaccurate."
142,ba93b3b8d7cf,High,Input Validation,Invalid Validation,the bidirectional mapping is not properly maintained. addtoken() overwrites vaults but does not remove the corresponding token from the tokens array.
143,e7921851ec01,High,Input Validation,Invalid Validation,"verify does not handle the case where ecrecover returns address(0) for invalid signatures, so setting signer/maker to address(0) can make arbitrary signatures pass and bypass authorization. in addition, idtoowner defaults unminted tokenids to address(0), letting attackers target non-minted nfts within the trade/transfer flow."
144,9befb133ee74,Medium,Input Validation,Invalid Validation,"verify does not handle the case where ecrecover returns address(0) for invalid signatures, so setting signer/maker to address(0) can make arbitrary signatures pass and bypass authorization. in addition, idtoowner defaults unminted tokenids to address(0), letting attackers target non-minted nfts within the trade/transfer flow."
145,804fe35b0164,Medium,DoS,Bad Condition,"in safedecimals(), when data.length >= 32, it uses abi.decode to return a uint8. however, if data.length is greater than 32, it will cause abi.decode to revert."
146,1167ec3a176e,Medium,Arithmetic,Precision Loss,"_updatebucketexchangerateandcalculaterewards performs division before multiplication, causing precision loss and systematically underpaying user rewards. the error grows with the amount of interest earned, making larger rewards more inaccurate."
147,1d8f1f43cde9,Medium,DoS,Out of Gas,"there is no upper limit on poolcoll.tokens[], it increments each time when a new collateral is added. eventually, as the count of collateral increases, gas cost of smart contract calls will raise and that there is no implemented function to reduce the array size."
148,2c5e13b4e147,Medium,Arithmetic,Precision Loss,"_updatebucketexchangerateandcalculaterewards performs division before multiplication, causing precision loss and systematically underpaying user rewards. the error grows with the amount of interest earned, making larger rewards more inaccurate."
149,9cc1dc4ae06a,Medium,DoS,Out of Gas,"there is no upper limit on poolcoll.tokens[], it increments each time when a new collateral is added. eventually, as the count of collateral increases, gas cost of smart contract calls will raise and that there is no implemented function to reduce the array size."
150,c2426a2ab283,Medium,DoS,Out of Gas,"there is no upper limit on poolcoll.tokens[], it increments each time when a new collateral is added. eventually, as the count of collateral increases, gas cost of smart contract calls will raise and that there is no implemented function to reduce the array size."
151,73f6a793d916,High,Input Validation,Invalid Validation,the bidirectional mapping is not properly maintained. addtoken() overwrites vaults but does not remove the corresponding token from the tokens array.
152,e169bbefc6e2,High,Input Validation,Invalid Validation,"verify does not handle the case where ecrecover returns address(0) for invalid signatures, so setting signer/maker to address(0) can make arbitrary signatures pass and bypass authorization. in addition, idtoowner defaults unminted tokenids to address(0), letting attackers target non-minted nfts within the trade/transfer flow."
153,e0d2d83ea351,Medium,Input Validation,Invalid Validation,the bidirectional mapping is not properly maintained. addtoken() overwrites vaults but does not remove the corresponding token from the tokens array.
154,afa60bc8003d,Medium,Accounting Error,State Update Inconsistency,"the withdrawal process fails to update the cached tvl of the rebase token (atoken), causing the system to use a stale value for share calculation and resulting in users missing out on accrued interest."
155,af8e4af75dc2,Medium,Arithmetic,Precision Loss,"_updatebucketexchangerateandcalculaterewards performs division before multiplication, causing precision loss and systematically underpaying user rewards. the error grows with the amount of interest earned, making larger rewards more inaccurate."
156,a8884f87db1a,High,Input Validation,Invalid Validation,the bidirectional mapping is not properly maintained. addtoken() overwrites vaults but does not remove the corresponding token from the tokens array.
157,fee749ecd513,High,Input Validation,Invalid Validation,the bidirectional mapping is not properly maintained. addtoken() overwrites vaults but does not remove the corresponding token from the tokens array.
158,9470d2cf198f,Medium,Input Validation,Invalid Validation,the bidirectional mapping is not properly maintained. addtoken() overwrites vaults but does not remove the corresponding token from the tokens array.
159,b155c4de6012,Medium,Arithmetic,Precision Loss,"_updatebucketexchangerateandcalculaterewards performs division before multiplication, causing precision loss and systematically underpaying user rewards. the error grows with the amount of interest earned, making larger rewards more inaccurate."
160,d562802cb53a,Medium,DoS,Out of Gas,"there is no upper limit on poolcoll.tokens[], it increments each time when a new collateral is added. eventually, as the count of collateral increases, gas cost of smart contract calls will raise and that there is no implemented function to reduce the array size."
161,dd17040a53bc,Medium,DoS,Out of Gas,"there is no upper limit on poolcoll.tokens[], it increments each time when a new collateral is added. eventually, as the count of collateral increases, gas cost of smart contract calls will raise and that there is no implemented function to reduce the array size."
162,e99e64a8abf1,Medium,DoS,Out of Gas,"there is no upper limit on poolcoll.tokens[], it increments each time when a new collateral is added. eventually, as the count of collateral increases, gas cost of smart contract calls will raise and that there is no implemented function to reduce the array size."
163,592eed5791df,Medium,Arithmetic,Precision Loss,"_updatebucketexchangerateandcalculaterewards performs division before multiplication, causing precision loss and systematically underpaying user rewards. the error grows with the amount of interest earned, making larger rewards more inaccurate."
164,98b7c1691811,Medium,Arithmetic,Precision Loss,"_updatebucketexchangerateandcalculaterewards performs division before multiplication, causing precision loss and systematically underpaying user rewards. the error grows with the amount of interest earned, making larger rewards more inaccurate."
165,a1ee58021528,Medium,DoS,Out of Gas,"there is no upper limit on poolcoll.tokens[], it increments each time when a new collateral is added. eventually, as the count of collateral increases, gas cost of smart contract calls will raise and that there is no implemented function to reduce the array size."
166,c20104cb90d7,Medium,Arithmetic,Precision Loss,"_updatebucketexchangerateandcalculaterewards performs division before multiplication, causing precision loss and systematically underpaying user rewards. the error grows with the amount of interest earned, making larger rewards more inaccurate."
167,485f7b9ccb0a,Medium,Accounting Error,State Update Inconsistency,"the withdrawal process fails to update the cached tvl of the rebase token (atoken), causing the system to use a stale value for share calculation and resulting in users missing out on accrued interest."
168,97843b77b287,Medium,DoS,Out of Gas,"there is no upper limit on poolcoll.tokens[], it increments each time when a new collateral is added. eventually, as the count of collateral increases, gas cost of smart contract calls will raise and that there is no implemented function to reduce the array size."
169,9ddd6b83c27e,High,Input Validation,Invalid Validation,"verify does not handle the case where ecrecover returns address(0) for invalid signatures, so setting signer/maker to address(0) can make arbitrary signatures pass and bypass authorization. in addition, idtoowner defaults unminted tokenids to address(0), letting attackers target non-minted nfts within the trade/transfer flow."
170,7100a75d6ebd,Medium,Input Validation,Invalid Validation,"verify does not handle the case where ecrecover returns address(0) for invalid signatures, so setting signer/maker to address(0) can make arbitrary signatures pass and bypass authorization. in addition, idtoowner defaults unminted tokenids to address(0), letting attackers target non-minted nfts within the trade/transfer flow."
171,b155c4de6012,Medium,DoS,Bad Condition,"in safedecimals(), when data.length >= 32, it uses abi.decode to return a uint8. however, if data.length is greater than 32, it will cause abi.decode to revert."
172,a4d91fb1550f,Medium,Accounting Error,State Update Inconsistency,"in cases of insufficient funds for withdrawals, the share destruction calculation formula continues to use the old withdrawal amount parameter and does not recalculate with the updated actual withdrawal amount, resulting in users burning more shares than intended and causing unfair distribution."
173,1d8f1f43cde9,Medium,Arithmetic,Precision Loss,"_updatebucketexchangerateandcalculaterewards performs division before multiplication, causing precision loss and systematically underpaying user rewards. the error grows with the amount of interest earned, making larger rewards more inaccurate."
174,9cc1dc4ae06a,Medium,Arithmetic,Precision Loss,"_updatebucketexchangerateandcalculaterewards performs division before multiplication, causing precision loss and systematically underpaying user rewards. the error grows with the amount of interest earned, making larger rewards more inaccurate."
175,ba93b3b8d7cf,Medium,DoS,Out of Gas,"there is no upper limit on poolcoll.tokens[], it increments each time when a new collateral is added. eventually, as the count of collateral increases, gas cost of smart contract calls will raise and that there is no implemented function to reduce the array size."
176,c2426a2ab283,Medium,Arithmetic,Precision Loss,"_updatebucketexchangerateandcalculaterewards performs division before multiplication, causing precision loss and systematically underpaying user rewards. the error grows with the amount of interest earned, making larger rewards more inaccurate."
177,e7921851ec01,Medium,DoS,Out of Gas,"there is no upper limit on poolcoll.tokens[], it increments each time when a new collateral is added. eventually, as the count of collateral increases, gas cost of smart contract calls will raise and that there is no implemented function to reduce the array size."
178,4ef0b4d678ab,High,Input Validation,Invalid Validation,"verify does not handle the case where ecrecover returns address(0) for invalid signatures, so setting signer/maker to address(0) can make arbitrary signatures pass and bypass authorization. in addition, idtoowner defaults unminted tokenids to address(0), letting attackers target non-minted nfts within the trade/transfer flow."
179,8f18f7d5c396,High,Input Validation,Invalid Validation,the bidirectional mapping is not properly maintained. addtoken() overwrites vaults but does not remove the corresponding token from the tokens array.
180,a3e15237ea08,High,Input Validation,Invalid Validation,"verify does not handle the case where ecrecover returns address(0) for invalid signatures, so setting signer/maker to address(0) can make arbitrary signatures pass and bypass authorization. in addition, idtoowner defaults unminted tokenids to address(0), letting attackers target non-minted nfts within the trade/transfer flow."
181,103f39b0f29b,Medium,Input Validation,Invalid Validation,"verify does not handle the case where ecrecover returns address(0) for invalid signatures, so setting signer/maker to address(0) can make arbitrary signatures pass and bypass authorization. in addition, idtoowner defaults unminted tokenids to address(0), letting attackers target non-minted nfts within the trade/transfer flow."
182,51c6dc5fd57f,Medium,Input Validation,Invalid Validation,the bidirectional mapping is not properly maintained. addtoken() overwrites vaults but does not remove the corresponding token from the tokens array.
183,1167ec3a176e,Medium,DoS,Bad Condition,"in safedecimals(), when data.length >= 32, it uses abi.decode to return a uint8. however, if data.length is greater than 32, it will cause abi.decode to revert."
184,bb3018c8812c,Medium,DoS,Bad Condition,"in safedecimals(), when data.length >= 32, it uses abi.decode to return a uint8. however, if data.length is greater than 32, it will cause abi.decode to revert."
185,73f6a793d916,Medium,DoS,Out of Gas,"there is no upper limit on poolcoll.tokens[], it increments each time when a new collateral is added. eventually, as the count of collateral increases, gas cost of smart contract calls will raise and that there is no implemented function to reduce the array size."
186,e169bbefc6e2,Medium,DoS,Out of Gas,"there is no upper limit on poolcoll.tokens[], it increments each time when a new collateral is added. eventually, as the count of collateral increases, gas cost of smart contract calls will raise and that there is no implemented function to reduce the array size."
187,a8884f87db1a,Medium,DoS,Out of Gas,"there is no upper limit on poolcoll.tokens[], it increments each time when a new collateral is added. eventually, as the count of collateral increases, gas cost of smart contract calls will raise and that there is no implemented function to reduce the array size."
188,d562802cb53a,Medium,Arithmetic,Precision Loss,"_updatebucketexchangerateandcalculaterewards performs division before multiplication, causing precision loss and systematically underpaying user rewards. the error grows with the amount of interest earned, making larger rewards more inaccurate."
189,dd17040a53bc,Medium,Arithmetic,Precision Loss,"_updatebucketexchangerateandcalculaterewards performs division before multiplication, causing precision loss and systematically underpaying user rewards. the error grows with the amount of interest earned, making larger rewards more inaccurate."
190,e99e64a8abf1,Medium,Arithmetic,Precision Loss,"_updatebucketexchangerateandcalculaterewards performs division before multiplication, causing precision loss and systematically underpaying user rewards. the error grows with the amount of interest earned, making larger rewards more inaccurate."
191,fee749ecd513,Medium,DoS,Out of Gas,"there is no upper limit on poolcoll.tokens[], it increments each time when a new collateral is added. eventually, as the count of collateral increases, gas cost of smart contract calls will raise and that there is no implemented function to reduce the array size."
192,a1ee58021528,Medium,Arithmetic,Precision Loss,"_updatebucketexchangerateandcalculaterewards performs division before multiplication, causing precision loss and systematically underpaying user rewards. the error grows with the amount of interest earned, making larger rewards more inaccurate."
193,d9b35c0c87a4,Medium,DoS,Bad Condition,"in safedecimals(), when data.length >= 32, it uses abi.decode to return a uint8. however, if data.length is greater than 32, it will cause abi.decode to revert."
194,9befb133ee74,Medium,Accounting Error,State Update Inconsistency,"in cases of insufficient funds for withdrawals, the share destruction calculation formula continues to use the old withdrawal amount parameter and does not recalculate with the updated actual withdrawal amount, resulting in users burning more shares than intended and causing unfair distribution."
195,099243e83259,High,Input Validation,Invalid Validation,"verify does not handle the case where ecrecover returns address(0) for invalid signatures, so setting signer/maker to address(0) can make arbitrary signatures pass and bypass authorization. in addition, idtoowner defaults unminted tokenids to address(0), letting attackers target non-minted nfts within the trade/transfer flow."
196,b155c4de6012,Medium,Access Control,Centralization Risk,"after the ownership of the remoteaddressvalidator contract is transferred, the trusted addresses can no longer be modified. if the previous owner had added a malicious contract, it would still be considered valid and could deploy new token managers and tokens."
197,e0d2d83ea351,Medium,Accounting Error,State Update Inconsistency,"the withdrawal process fails to update the cached tvl of the rebase token (atoken), causing the system to use a stale value for share calculation and resulting in users missing out on accrued interest."
198,9ddd6b83c27e,Medium,DoS,Out of Gas,"there is no upper limit on poolcoll.tokens[], it increments each time when a new collateral is added. eventually, as the count of collateral increases, gas cost of smart contract calls will raise and that there is no implemented function to reduce the array size."
199,e7921851ec01,Medium,Arithmetic,Precision Loss,"_updatebucketexchangerateandcalculaterewards performs division before multiplication, causing precision loss and systematically underpaying user rewards. the error grows with the amount of interest earned, making larger rewards more inaccurate."
200,40cc38c69cca,High,Input Validation,Invalid Validation,the bidirectional mapping is not properly maintained. addtoken() overwrites vaults but does not remove the corresponding token from the tokens array.
201,c20104cb90d7,Medium,Access Control,Centralization Risk,"after the ownership of the remoteaddressvalidator contract is transferred, the trusted addresses can no longer be modified. if the previous owner had added a malicious contract, it would still be considered valid and could deploy new token managers and tokens."
202,54405135ebf3,Medium,DoS,Bad Condition,"in safedecimals(), when data.length >= 32, it uses abi.decode to return a uint8. however, if data.length is greater than 32, it will cause abi.decode to revert."
203,9470d2cf198f,Medium,Accounting Error,State Update Inconsistency,"the withdrawal process fails to update the cached tvl of the rebase token (atoken), causing the system to use a stale value for share calculation and resulting in users missing out on accrued interest."
204,4ef0b4d678ab,Medium,DoS,Out of Gas,"there is no upper limit on poolcoll.tokens[], it increments each time when a new collateral is added. eventually, as the count of collateral increases, gas cost of smart contract calls will raise and that there is no implemented function to reduce the array size."
205,73f6a793d916,Medium,Arithmetic,Precision Loss,"_updatebucketexchangerateandcalculaterewards performs division before multiplication, causing precision loss and systematically underpaying user rewards. the error grows with the amount of interest earned, making larger rewards more inaccurate."
206,8f18f7d5c396,Medium,DoS,Out of Gas,"there is no upper limit on poolcoll.tokens[], it increments each time when a new collateral is added. eventually, as the count of collateral increases, gas cost of smart contract calls will raise and that there is no implemented function to reduce the array size."
207,a3e15237ea08,Medium,DoS,Out of Gas,"there is no upper limit on poolcoll.tokens[], it increments each time when a new collateral is added. eventually, as the count of collateral increases, gas cost of smart contract calls will raise and that there is no implemented function to reduce the array size."
208,e169bbefc6e2,Medium,Arithmetic,Precision Loss,"_updatebucketexchangerateandcalculaterewards performs division before multiplication, causing precision loss and systematically underpaying user rewards. the error grows with the amount of interest earned, making larger rewards more inaccurate."
209,4ef0b4d678ab,Medium,Accounting Error,State Update Inconsistency,"in cases of insufficient funds for withdrawals, the share destruction calculation formula continues to use the old withdrawal amount parameter and does not recalculate with the updated actual withdrawal amount, resulting in users burning more shares than intended and causing unfair distribution."
210,a8884f87db1a,Medium,Arithmetic,Precision Loss,"_updatebucketexchangerateandcalculaterewards performs division before multiplication, causing precision loss and systematically underpaying user rewards. the error grows with the amount of interest earned, making larger rewards more inaccurate."
211,fee749ecd513,Medium,Arithmetic,Precision Loss,"_updatebucketexchangerateandcalculaterewards performs division before multiplication, causing precision loss and systematically underpaying user rewards. the error grows with the amount of interest earned, making larger rewards more inaccurate."
212,9cc1dc4ae06a,Medium,Access Control,Centralization Risk,"after the ownership of the remoteaddressvalidator contract is transferred, the trusted addresses can no longer be modified. if the previous owner had added a malicious contract, it would still be considered valid and could deploy new token managers and tokens."
213,c2426a2ab283,Medium,Access Control,Centralization Risk,"after the ownership of the remoteaddressvalidator contract is transferred, the trusted addresses can no longer be modified. if the previous owner had added a malicious contract, it would still be considered valid and could deploy new token managers and tokens."
214,ee25ec7abd40,High,Input Validation,Invalid Validation,"verify does not handle the case where ecrecover returns address(0) for invalid signatures, so setting signer/maker to address(0) can make arbitrary signatures pass and bypass authorization. in addition, idtoowner defaults unminted tokenids to address(0), letting attackers target non-minted nfts within the trade/transfer flow."
215,7100a75d6ebd,Medium,Accounting Error,State Update Inconsistency,"the withdrawal process fails to update the cached tvl of the rebase token (atoken), causing the system to use a stale value for share calculation and resulting in users missing out on accrued interest."
216,d562802cb53a,Medium,Access Control,Centralization Risk,"after the ownership of the remoteaddressvalidator contract is transferred, the trusted addresses can no longer be modified. if the previous owner had added a malicious contract, it would still be considered valid and could deploy new token managers and tokens."
217,dd17040a53bc,Medium,Access Control,Centralization Risk,"after the ownership of the remoteaddressvalidator contract is transferred, the trusted addresses can no longer be modified. if the previous owner had added a malicious contract, it would still be considered valid and could deploy new token managers and tokens."
218,e99e64a8abf1,Medium,Access Control,Centralization Risk,"after the ownership of the remoteaddressvalidator contract is transferred, the trusted addresses can no longer be modified. if the previous owner had added a malicious contract, it would still be considered valid and could deploy new token managers and tokens."
219,afa60bc8003d,Medium,DoS,Bad Condition,"in safedecimals(), when data.length >= 32, it uses abi.decode to return a uint8. however, if data.length is greater than 32, it will cause abi.decode to revert."
220,27c6f2a68058,Medium,DoS,Out of Gas,"there is no upper limit on poolcoll.tokens[], it increments each time when a new collateral is added. eventually, as the count of collateral increases, gas cost of smart contract calls will raise and that there is no implemented function to reduce the array size."
221,9ddd6b83c27e,Medium,Arithmetic,Precision Loss,"_updatebucketexchangerateandcalculaterewards performs division before multiplication, causing precision loss and systematically underpaying user rewards. the error grows with the amount of interest earned, making larger rewards more inaccurate."
222,4ef0b4d678ab,Medium,Arithmetic,Precision Loss,"_updatebucketexchangerateandcalculaterewards performs division before multiplication, causing precision loss and systematically underpaying user rewards. the error grows with the amount of interest earned, making larger rewards more inaccurate."
223,51c6dc5fd57f,Medium,DoS,Out of Gas,"there is no upper limit on poolcoll.tokens[], it increments each time when a new collateral is added. eventually, as the count of collateral increases, gas cost of smart contract calls will raise and that there is no implemented function to reduce the array size."
224,8f18f7d5c396,Medium,Arithmetic,Precision Loss,"_updatebucketexchangerateandcalculaterewards performs division before multiplication, causing precision loss and systematically underpaying user rewards. the error grows with the amount of interest earned, making larger rewards more inaccurate."
225,a3e15237ea08,Medium,Arithmetic,Precision Loss,"_updatebucketexchangerateandcalculaterewards performs division before multiplication, causing precision loss and systematically underpaying user rewards. the error grows with the amount of interest earned, making larger rewards more inaccurate."
226,ee25ec7abd40,Medium,DoS,Out of Gas,"there is no upper limit on poolcoll.tokens[], it increments each time when a new collateral is added. eventually, as the count of collateral increases, gas cost of smart contract calls will raise and that there is no implemented function to reduce the array size."
227,e0d2d83ea351,Medium,DoS,Out of Gas,"there is no upper limit on poolcoll.tokens[], it increments each time when a new collateral is added. eventually, as the count of collateral increases, gas cost of smart contract calls will raise and that there is no implemented function to reduce the array size."
228,e7921851ec01,Medium,Access Control,Centralization Risk,"after the ownership of the remoteaddressvalidator contract is transferred, the trusted addresses can no longer be modified. if the previous owner had added a malicious contract, it would still be considered valid and could deploy new token managers and tokens."
229,485f7b9ccb0a,Medium,DoS,Bad Condition,"in safedecimals(), when data.length >= 32, it uses abi.decode to return a uint8. however, if data.length is greater than 32, it will cause abi.decode to revert."
230,e6e43dfea59f,Medium,Arithmetic,Precision Loss,"_updatebucketexchangerateandcalculaterewards performs division before multiplication, causing precision loss and systematically underpaying user rewards. the error grows with the amount of interest earned, making larger rewards more inaccurate."
231,73f6a793d916,Medium,Access Control,Centralization Risk,"after the ownership of the remoteaddressvalidator contract is transferred, the trusted addresses can no longer be modified. if the previous owner had added a malicious contract, it would still be considered valid and could deploy new token managers and tokens."
232,e169bbefc6e2,Medium,Access Control,Centralization Risk,"after the ownership of the remoteaddressvalidator contract is transferred, the trusted addresses can no longer be modified. if the previous owner had added a malicious contract, it would still be considered valid and could deploy new token managers and tokens."
233,a4d91fb1550f,Medium,DoS,Bad Condition,"in safedecimals(), when data.length >= 32, it uses abi.decode to return a uint8. however, if data.length is greater than 32, it will cause abi.decode to revert."
234,e6e43dfea59f,Medium,DoS,Out of Gas,"there is no upper limit on poolcoll.tokens[], it increments each time when a new collateral is added. eventually, as the count of collateral increases, gas cost of smart contract calls will raise and that there is no implemented function to reduce the array size."
235,a8884f87db1a,Medium,Access Control,Centralization Risk,"after the ownership of the remoteaddressvalidator contract is transferred, the trusted addresses can no longer be modified. if the previous owner had added a malicious contract, it would still be considered valid and could deploy new token managers and tokens."
236,fee749ecd513,Medium,Access Control,Centralization Risk,"after the ownership of the remoteaddressvalidator contract is transferred, the trusted addresses can no longer be modified. if the previous owner had added a malicious contract, it would still be considered valid and could deploy new token managers and tokens."
237,099243e83259,Medium,Arithmetic,Precision Loss,"_updatebucketexchangerateandcalculaterewards performs division before multiplication, causing precision loss and systematically underpaying user rewards. the error grows with the amount of interest earned, making larger rewards more inaccurate."
238,d9b35c0c87a4,High,Input Validation,Invalid Validation,the bidirectional mapping is not properly maintained. addtoken() overwrites vaults but does not remove the corresponding token from the tokens array.
239,099243e83259,Medium,DoS,Out of Gas,"there is no upper limit on poolcoll.tokens[], it increments each time when a new collateral is added. eventually, as the count of collateral increases, gas cost of smart contract calls will raise and that there is no implemented function to reduce the array size."
240,40cc38c69cca,Medium,Arithmetic,Precision Loss,"_updatebucketexchangerateandcalculaterewards performs division before multiplication, causing precision loss and systematically underpaying user rewards. the error grows with the amount of interest earned, making larger rewards more inaccurate."
241,198fa93fabdd,Medium,DoS,Out of Gas,"there is no upper limit on poolcoll.tokens[], it increments each time when a new collateral is added. eventually, as the count of collateral increases, gas cost of smart contract calls will raise and that there is no implemented function to reduce the array size."
242,40cc38c69cca,Medium,DoS,Out of Gas,"there is no upper limit on poolcoll.tokens[], it increments each time when a new collateral is added. eventually, as the count of collateral increases, gas cost of smart contract calls will raise and that there is no implemented function to reduce the array size."
243,9ddd6b83c27e,Medium,Access Control,Centralization Risk,"after the ownership of the remoteaddressvalidator contract is transferred, the trusted addresses can no longer be modified. if the previous owner had added a malicious contract, it would still be considered valid and could deploy new token managers and tokens."
244,9befb133ee74,Medium,DoS,Bad Condition,"in safedecimals(), when data.length >= 32, it uses abi.decode to return a uint8. however, if data.length is greater than 32, it will cause abi.decode to revert."
245,27c6f2a68058,High,Input Validation,Invalid Validation,"verify does not handle the case where ecrecover returns address(0) for invalid signatures, so setting signer/maker to address(0) can make arbitrary signatures pass and bypass authorization. in addition, idtoowner defaults unminted tokenids to address(0), letting attackers target non-minted nfts within the trade/transfer flow."
246,4ef0b4d678ab,Medium,Access Control,Centralization Risk,"after the ownership of the remoteaddressvalidator contract is transferred, the trusted addresses can no longer be modified. if the previous owner had added a malicious contract, it would still be considered valid and could deploy new token managers and tokens."
247,8f18f7d5c396,Medium,Access Control,Centralization Risk,"after the ownership of the remoteaddressvalidator contract is transferred, the trusted addresses can no longer be modified. if the previous owner had added a malicious contract, it would still be considered valid and could deploy new token managers and tokens."
248,a3e15237ea08,Medium,Access Control,Centralization Risk,"after the ownership of the remoteaddressvalidator contract is transferred, the trusted addresses can no longer be modified. if the previous owner had added a malicious contract, it would still be considered valid and could deploy new token managers and tokens."
249,ee25ec7abd40,Medium,Arithmetic,Precision Loss,"_updatebucketexchangerateandcalculaterewards performs division before multiplication, causing precision loss and systematically underpaying user rewards. the error grows with the amount of interest earned, making larger rewards more inaccurate."
250,8f18f7d5c396,Medium,"DoS, Input Validation",Invalid Validation,"anyone can call a repayment operation with a value of 0, leading to the incorrect removal of newly created user positions and resulting in asset loss."
251,9cc1dc4ae06a,Medium,"DoS, Input Validation",Invalid Validation,"anyone can call a repayment operation with a value of 0, leading to the incorrect removal of newly created user positions and resulting in asset loss."
252,a8884f87db1a,Medium,"DoS, Input Validation",Invalid Validation,"anyone can call a repayment operation with a value of 0, leading to the incorrect removal of newly created user positions and resulting in asset loss."
253,9470d2cf198f,Medium,DoS,Bad Condition,"in safedecimals(), when data.length >= 32, it uses abi.decode to return a uint8. however, if data.length is greater than 32, it will cause abi.decode to revert."
254,afa60bc8003d,High,Input Validation,Invalid Validation,"verify does not handle the case where ecrecover returns address(0) for invalid signatures, so setting signer/maker to address(0) can make arbitrary signatures pass and bypass authorization. in addition, idtoowner defaults unminted tokenids to address(0), letting attackers target non-minted nfts within the trade/transfer flow."
255,27c6f2a68058,Medium,Governance,Bad Condition,"once a user votes on a proposal, they cannot vote again-even if new votes are issued or revoked during the voting period. this creates inconsistencies between the recorded vote and the evolving total supply, potentially distorting quorum and outcome calculations, and undermining the reliability of governance results."
256,485f7b9ccb0a,Medium,Logic Error,Implementation Error,"after deployment, the admin address in the kernel contract can only be changed to another contract, not to an eoa. since only contracts like instr can call executeaction, and instr restricts targets to contracts, it is impossible to later assign admin rights to an eoa, which may have been the intended governance executor."
257,7100a75d6ebd,Medium,ERC20,Fee On Transfer Token,"When the asset or collateral is a fee-on-transfer token, the TimeswapConvenience contract cannot accurately calculate the actual amount received during transfers. This causes the Pair contract's validations to fail and the transaction to revert, as the Convenience contract does not account for the transfer fee deductions."
258,9470d2cf198f,Medium,ERC20,Fee On Transfer Token,"When the asset or collateral is a fee-on-transfer token, the TimeswapConvenience contract cannot accurately calculate the actual amount received during transfers. This causes the Pair contract's validations to fail and the transaction to revert, as the Convenience contract does not account for the transfer fee deductions."
259,9befb133ee74,Medium,Logic Error,Implementation Error,"after deployment, the admin address in the kernel contract can only be changed to another contract, not to an eoa. since only contracts like instr can call executeaction, and instr restricts targets to contracts, it is impossible to later assign admin rights to an eoa, which may have been the intended governance executor."
260,afa60bc8003d,Medium,ERC20,Fee On Transfer Token,"When the asset or collateral is a fee-on-transfer token, the TimeswapConvenience contract cannot accurately calculate the actual amount received during transfers. This causes the Pair contract's validations to fail and the transaction to revert, as the Convenience contract does not account for the transfer fee deductions."
261,af8e4af75dc2,Medium,DoS,Bad Condition,"in safedecimals(), when data.length >= 32, it uses abi.decode to return a uint8. however, if data.length is greater than 32, it will cause abi.decode to revert."
262,103f39b0f29b,Medium,ERC20,Fee On Transfer Token,"When the asset or collateral is a fee-on-transfer token, the TimeswapConvenience contract cannot accurately calculate the actual amount received during transfers. This causes the Pair contract's validations to fail and the transaction to revert, as the Convenience contract does not account for the transfer fee deductions."
263,51c6dc5fd57f,Medium,Governance,Bad Condition,"once a user votes on a proposal, they cannot vote again-even if new votes are issued or revoked during the voting period. this creates inconsistencies between the recorded vote and the evolving total supply, potentially distorting quorum and outcome calculations, and undermining the reliability of governance results."
264,a4d91fb1550f,Medium,Logic Error,Implementation Error,"after deployment, the admin address in the kernel contract can only be changed to another contract, not to an eoa. since only contracts like instr can call executeaction, and instr restricts targets to contracts, it is impossible to later assign admin rights to an eoa, which may have been the intended governance executor."
265,d9b35c0c87a4,Medium,Logic Error,Implementation Error,"after deployment, the admin address in the kernel contract can only be changed to another contract, not to an eoa. since only contracts like instr can call executeaction, and instr restricts targets to contracts, it is impossible to later assign admin rights to an eoa, which may have been the intended governance executor."
266,ee25ec7abd40,Medium,Governance,Bad Condition,"once a user votes on a proposal, they cannot vote again-even if new votes are issued or revoked during the voting period. this creates inconsistencies between the recorded vote and the evolving total supply, potentially distorting quorum and outcome calculations, and undermining the reliability of governance results."
267,27c6f2a68058,Medium,Access Control,Centralization Risk,"after the ownership of the remoteaddressvalidator contract is transferred, the trusted addresses can no longer be modified. if the previous owner had added a malicious contract, it would still be considered valid and could deploy new token managers and tokens."
268,27c6f2a68058,Medium,Reentrancy,Violating CEI / Missing nonReentrant,"onerc721received calls _cleanuploan to perform external nft transfers before completing core state updates, violating the cei pattern."
269,40cc38c69cca,Medium,ERC20,Fee On Transfer Token,"When the asset or collateral is a fee-on-transfer token, the TimeswapConvenience contract cannot accurately calculate the actual amount received during transfers. This causes the Pair contract's validations to fail and the transaction to revert, as the Convenience contract does not account for the transfer fee deductions."
270,9470d2cf198f,Medium,Logic Error,Implementation Error,"after deployment, the admin address in the kernel contract can only be changed to another contract, not to an eoa. since only contracts like instr can call executeaction, and instr restricts targets to contracts, it is impossible to later assign admin rights to an eoa, which may have been the intended governance executor."
271,afa60bc8003d,Medium,Logic Error,Implementation Error,"after deployment, the admin address in the kernel contract can only be changed to another contract, not to an eoa. since only contracts like instr can call executeaction, and instr restricts targets to contracts, it is impossible to later assign admin rights to an eoa, which may have been the intended governance executor."
272,e0d2d83ea351,Medium,Governance,Bad Condition,"once a user votes on a proposal, they cannot vote again-even if new votes are issued or revoked during the voting period. this creates inconsistencies between the recorded vote and the evolving total supply, potentially distorting quorum and outcome calculations, and undermining the reliability of governance results."
273,099243e83259,Medium,"DoS, Input Validation",Invalid Validation,"anyone can call a repayment operation with a value of 0, leading to the incorrect removal of newly created user positions and resulting in asset loss."
274,51c6dc5fd57f,Medium,Access Control,Centralization Risk,"after the ownership of the remoteaddressvalidator contract is transferred, the trusted addresses can no longer be modified. if the previous owner had added a malicious contract, it would still be considered valid and could deploy new token managers and tokens."
275,ee25ec7abd40,Medium,Access Control,Centralization Risk,"after the ownership of the remoteaddressvalidator contract is transferred, the trusted addresses can no longer be modified. if the previous owner had added a malicious contract, it would still be considered valid and could deploy new token managers and tokens."
276,1167ec3a176e,Medium,DoS,Out of Gas,"there is no upper limit on poolcoll.tokens[], it increments each time when a new collateral is added. eventually, as the count of collateral increases, gas cost of smart contract calls will raise and that there is no implemented function to reduce the array size."
277,485f7b9ccb0a,High,Input Validation,Invalid Validation,"verify does not handle the case where ecrecover returns address(0) for invalid signatures, so setting signer/maker to address(0) can make arbitrary signatures pass and bypass authorization. in addition, idtoowner defaults unminted tokenids to address(0), letting attackers target non-minted nfts within the trade/transfer flow."
278,099243e83259,Medium,ERC20,Fee On Transfer Token,"When the asset or collateral is a fee-on-transfer token, the TimeswapConvenience contract cannot accurately calculate the actual amount received during transfers. This causes the Pair contract's validations to fail and the transaction to revert, as the Convenience contract does not account for the transfer fee deductions."
279,103f39b0f29b,Medium,Logic Error,Implementation Error,"after deployment, the admin address in the kernel contract can only be changed to another contract, not to an eoa. since only contracts like instr can call executeaction, and instr restricts targets to contracts, it is impossible to later assign admin rights to an eoa, which may have been the intended governance executor."
280,51c6dc5fd57f,Medium,Reentrancy,Violating CEI / Missing nonReentrant,"onerc721received calls _cleanuploan to perform external nft transfers before completing core state updates, violating the cei pattern."
281,7b5e1803022e,Medium,Governance,Bad Condition,"once a user votes on a proposal, they cannot vote again-even if new votes are issued or revoked during the voting period. this creates inconsistencies between the recorded vote and the evolving total supply, potentially distorting quorum and outcome calculations, and undermining the reliability of governance results."
282,198fa93fabdd,Medium,"DoS, Input Validation",Invalid Validation,"anyone can call a repayment operation with a value of 0, leading to the incorrect removal of newly created user positions and resulting in asset loss."
283,2c5e13b4e147,Medium,Access Control,Centralization Risk,"after the ownership of the remoteaddressvalidator contract is transferred, the trusted addresses can no longer be modified. if the previous owner had added a malicious contract, it would still be considered valid and could deploy new token managers and tokens."
284,a4d91fb1550f,High,Input Validation,Invalid Validation,the bidirectional mapping is not properly maintained. addtoken() overwrites vaults but does not remove the corresponding token from the tokens array.
285,485f7b9ccb0a,Medium,Governance,Bad Condition,"once a user votes on a proposal, they cannot vote again-even if new votes are issued or revoked during the voting period. this creates inconsistencies between the recorded vote and the evolving total supply, potentially distorting quorum and outcome calculations, and undermining the reliability of governance results."
286,9befb133ee74,Medium,Governance,Bad Condition,"once a user votes on a proposal, they cannot vote again-even if new votes are issued or revoked during the voting period. this creates inconsistencies between the recorded vote and the evolving total supply, potentially distorting quorum and outcome calculations, and undermining the reliability of governance results."
287,e0d2d83ea351,Medium,Reentrancy,Violating CEI / Missing nonReentrant,"the executeproposal() function resets the activeproposal state before executing the proposal instructions. an attacker can repeatedly re-enter and execute the same instructions through nested calls, potentially leading to unauthorized module installations or fund manipulation."
288,e99e64a8abf1,Medium,"DoS, Input Validation",Invalid Validation,"anyone can call a repayment operation with a value of 0, leading to the incorrect removal of newly created user positions and resulting in asset loss."
289,d9b35c0c87a4,Medium,Arithmetic,Precision Loss,"_updatebucketexchangerateandcalculaterewards performs division before multiplication, causing precision loss and systematically underpaying user rewards. the error grows with the amount of interest earned, making larger rewards more inaccurate."
290,099243e83259,Medium,Logic Error,Implementation Error,"after deployment, the admin address in the kernel contract can only be changed to another contract, not to an eoa. since only contracts like instr can call executeaction, and instr restricts targets to contracts, it is impossible to later assign admin rights to an eoa, which may have been the intended governance executor."
291,54405135ebf3,Medium,ERC20,Fee On Transfer Token,"When the asset or collateral is a fee-on-transfer token, the TimeswapConvenience contract cannot accurately calculate the actual amount received during transfers. This causes the Pair contract's validations to fail and the transaction to revert, as the Convenience contract does not account for the transfer fee deductions."
292,7b5e1803022e,Medium,Reentrancy,Violating CEI / Missing nonReentrant,"the executeproposal() function resets the activeproposal state before executing the proposal instructions. an attacker can repeatedly re-enter and execute the same instructions through nested calls, potentially leading to unauthorized module installations or fund manipulation."
293,a4d91fb1550f,Medium,Governance,Bad Condition,"once a user votes on a proposal, they cannot vote again-even if new votes are issued or revoked during the voting period. this creates inconsistencies between the recorded vote and the evolving total supply, potentially distorting quorum and outcome calculations, and undermining the reliability of governance results."
294,d9b35c0c87a4,Medium,Governance,Bad Condition,"once a user votes on a proposal, they cannot vote again-even if new votes are issued or revoked during the voting period. this creates inconsistencies between the recorded vote and the evolving total supply, potentially distorting quorum and outcome calculations, and undermining the reliability of governance results."
295,73f6a793d916,Medium,"DoS, Input Validation",Invalid Validation,"anyone can call a repayment operation with a value of 0, leading to the incorrect removal of newly created user positions and resulting in asset loss."
296,c2426a2ab283,Medium,"DoS, Input Validation",Invalid Validation,"anyone can call a repayment operation with a value of 0, leading to the incorrect removal of newly created user positions and resulting in asset loss."
297,d9b35c0c87a4,Medium,DoS,Out of Gas,"there is no upper limit on poolcoll.tokens[], it increments each time when a new collateral is added. eventually, as the count of collateral increases, gas cost of smart contract calls will raise and that there is no implemented function to reduce the array size."
298,1167ec3a176e,Medium,ERC20,Fee On Transfer Token,"When the asset or collateral is a fee-on-transfer token, the TimeswapConvenience contract cannot accurately calculate the actual amount received during transfers. This causes the Pair contract's validations to fail and the transaction to revert, as the Convenience contract does not account for the transfer fee deductions."
299,2c5e13b4e147,Medium,ERC20,Fee On Transfer Token,"When the asset or collateral is a fee-on-transfer token, the TimeswapConvenience contract cannot accurately calculate the actual amount received during transfers. This causes the Pair contract's validations to fail and the transaction to revert, as the Convenience contract does not account for the transfer fee deductions."
300,9470d2cf198f,Medium,Governance,Bad Condition,"once a user votes on a proposal, they cannot vote again-even if new votes are issued or revoked during the voting period. this creates inconsistencies between the recorded vote and the evolving total supply, potentially distorting quorum and outcome calculations, and undermining the reliability of governance results."
301,afa60bc8003d,Medium,Governance,Bad Condition,"once a user votes on a proposal, they cannot vote again-even if new votes are issued or revoked during the voting period. this creates inconsistencies between the recorded vote and the evolving total supply, potentially distorting quorum and outcome calculations, and undermining the reliability of governance results."
302,103f39b0f29b,Medium,Governance,Bad Condition,"once a user votes on a proposal, they cannot vote again-even if new votes are issued or revoked during the voting period. this creates inconsistencies between the recorded vote and the evolving total supply, potentially distorting quorum and outcome calculations, and undermining the reliability of governance results."
303,54405135ebf3,Medium,Logic Error,Implementation Error,"after deployment, the admin address in the kernel contract can only be changed to another contract, not to an eoa. since only contracts like instr can call executeaction, and instr restricts targets to contracts, it is impossible to later assign admin rights to an eoa, which may have been the intended governance executor."
304,af8e4af75dc2,Medium,ERC20,Fee On Transfer Token,"When the asset or collateral is a fee-on-transfer token, the TimeswapConvenience contract cannot accurately calculate the actual amount received during transfers. This causes the Pair contract's validations to fail and the transaction to revert, as the Convenience contract does not account for the transfer fee deductions."
305,d9b35c0c87a4,Medium,Reentrancy,Violating CEI / Missing nonReentrant,"onerc721received calls _cleanuploan to perform external nft transfers before completing core state updates, violating the cei pattern."
306,27c6f2a68058,Medium,Arithmetic,Precision Loss,"_updatebucketexchangerateandcalculaterewards performs division before multiplication, causing precision loss and systematically underpaying user rewards. the error grows with the amount of interest earned, making larger rewards more inaccurate."
307,54405135ebf3,Medium,DoS,Out of Gas,"there is no upper limit on poolcoll.tokens[], it increments each time when a new collateral is added. eventually, as the count of collateral increases, gas cost of smart contract calls will raise and that there is no implemented function to reduce the array size."
308,1167ec3a176e,Medium,Logic Error,Implementation Error,"after deployment, the admin address in the kernel contract can only be changed to another contract, not to an eoa. since only contracts like instr can call executeaction, and instr restricts targets to contracts, it is impossible to later assign admin rights to an eoa, which may have been the intended governance executor."
309,2c5e13b4e147,Medium,Logic Error,Implementation Error,"after deployment, the admin address in the kernel contract can only be changed to another contract, not to an eoa. since only contracts like instr can call executeaction, and instr restricts targets to contracts, it is impossible to later assign admin rights to an eoa, which may have been the intended governance executor."
310,afa60bc8003d,Medium,Reentrancy,Violating CEI / Missing nonReentrant,"the executeproposal() function resets the activeproposal state before executing the proposal instructions. an attacker can repeatedly re-enter and execute the same instructions through nested calls, potentially leading to unauthorized module installations or fund manipulation."
311,e7921851ec01,Medium,"DoS, Input Validation",Invalid Validation,"anyone can call a repayment operation with a value of 0, leading to the incorrect removal of newly created user positions and resulting in asset loss."
312,099243e83259,Medium,Access Control,Centralization Risk,"after the ownership of the remoteaddressvalidator contract is transferred, the trusted addresses can no longer be modified. if the previous owner had added a malicious contract, it would still be considered valid and could deploy new token managers and tokens."
313,e0d2d83ea351,High,Input Validation,Invalid Validation,the bidirectional mapping is not properly maintained. addtoken() overwrites vaults but does not remove the corresponding token from the tokens array.
314,099243e83259,Medium,Governance,Bad Condition,"once a user votes on a proposal, they cannot vote again-even if new votes are issued or revoked during the voting period. this creates inconsistencies between the recorded vote and the evolving total supply, potentially distorting quorum and outcome calculations, and undermining the reliability of governance results."
315,103f39b0f29b,Medium,Reentrancy,Violating CEI / Missing nonReentrant,"the executeproposal() function resets the activeproposal state before executing the proposal instructions. an attacker can repeatedly re-enter and execute the same instructions through nested calls, potentially leading to unauthorized module installations or fund manipulation."
316,af8e4af75dc2,Medium,Logic Error,Implementation Error,"after deployment, the admin address in the kernel contract can only be changed to another contract, not to an eoa. since only contracts like instr can call executeaction, and instr restricts targets to contracts, it is impossible to later assign admin rights to an eoa, which may have been the intended governance executor."
317,1167ec3a176e,Medium,"DoS, Input Validation",Invalid Validation,"anyone can call a repayment operation with a value of 0, leading to the incorrect removal of newly created user positions and resulting in asset loss."
318,afa60bc8003d,Medium,Arithmetic,Precision Loss,"_updatebucketexchangerateandcalculaterewards performs division before multiplication, causing precision loss and systematically underpaying user rewards. the error grows with the amount of interest earned, making larger rewards more inaccurate."
319,54405135ebf3,Medium,Governance,Bad Condition,"once a user votes on a proposal, they cannot vote again-even if new votes are issued or revoked during the voting period. this creates inconsistencies between the recorded vote and the evolving total supply, potentially distorting quorum and outcome calculations, and undermining the reliability of governance results."
320,9cc1dc4ae06a,Medium,ERC20,Fee On Transfer Token,"When the asset or collateral is a fee-on-transfer token, the TimeswapConvenience contract cannot accurately calculate the actual amount received during transfers. This causes the Pair contract's validations to fail and the transaction to revert, as the Convenience contract does not account for the transfer fee deductions."
321,c2426a2ab283,Medium,ERC20,Fee On Transfer Token,"When the asset or collateral is a fee-on-transfer token, the TimeswapConvenience contract cannot accurately calculate the actual amount received during transfers. This causes the Pair contract's validations to fail and the transaction to revert, as the Convenience contract does not account for the transfer fee deductions."
322,afa60bc8003d,Medium,DoS,Out of Gas,"there is no upper limit on poolcoll.tokens[], it increments each time when a new collateral is added. eventually, as the count of collateral increases, gas cost of smart contract calls will raise and that there is no implemented function to reduce the array size."
323,1167ec3a176e,Medium,Governance,Bad Condition,"once a user votes on a proposal, they cannot vote again-even if new votes are issued or revoked during the voting period. this creates inconsistencies between the recorded vote and the evolving total supply, potentially distorting quorum and outcome calculations, and undermining the reliability of governance results."
324,2c5e13b4e147,Medium,Governance,Bad Condition,"once a user votes on a proposal, they cannot vote again-even if new votes are issued or revoked during the voting period. this creates inconsistencies between the recorded vote and the evolving total supply, potentially distorting quorum and outcome calculations, and undermining the reliability of governance results."
325,103f39b0f29b,High,Accounting Error,Incorrect Parameter,"The SavingsAccountUtil.depositFromSavingsAccount() function incorrectly returns _amount instead of the actual number of shares obtained when calling savingsAccountTransfer(). This will result in incorrect records of the pool's collateral assets when PPS ≠ 1, leading to fund locking or liquidation failures."
326,af8e4af75dc2,Medium,Access Control,State Update Inconsistency,"Accumulated but unclaimed rewards for suppliers and borrowers were not distributed before the admin replaced the reward distribution contract. Once the replacement occurs, users' previously accumulated rewards may become permanently unclaimable."
327,d9b35c0c87a4,Medium,ERC20,safeApprove,"there are 3 instances (creditline.sol#l647, creditline.sol#l779, aaveyield.sol#l324) where the ierc20.approve() function is called only once without setting the allowance to zero. some tokens, like usdt, require first reducing the address allowance to zero by calling approve(_spender, 0)."
328,54405135ebf3,Medium,Reentrancy,Violating CEI / Missing nonReentrant,"the executeproposal() function resets the activeproposal state before executing the proposal instructions. an attacker can repeatedly re-enter and execute the same instructions through nested calls, potentially leading to unauthorized module installations or fund manipulation."
329,9cc1dc4ae06a,Medium,Logic Error,Implementation Error,"after deployment, the admin address in the kernel contract can only be changed to another contract, not to an eoa. since only contracts like instr can call executeaction, and instr restricts targets to contracts, it is impossible to later assign admin rights to an eoa, which may have been the intended governance executor."
330,af8e4af75dc2,Medium,Governance,Bad Condition,"once a user votes on a proposal, they cannot vote again-even if new votes are issued or revoked during the voting period. this creates inconsistencies between the recorded vote and the evolving total supply, potentially distorting quorum and outcome calculations, and undermining the reliability of governance results."
331,c2426a2ab283,Medium,Logic Error,Implementation Error,"after deployment, the admin address in the kernel contract can only be changed to another contract, not to an eoa. since only contracts like instr can call executeaction, and instr restricts targets to contracts, it is impossible to later assign admin rights to an eoa, which may have been the intended governance executor."
332,d562802cb53a,Medium,ERC20,Fee On Transfer Token,"When the asset or collateral is a fee-on-transfer token, the TimeswapConvenience contract cannot accurately calculate the actual amount received during transfers. This causes the Pair contract's validations to fail and the transaction to revert, as the Convenience contract does not account for the transfer fee deductions."
333,dd17040a53bc,Medium,ERC20,Fee On Transfer Token,"When the asset or collateral is a fee-on-transfer token, the TimeswapConvenience contract cannot accurately calculate the actual amount received during transfers. This causes the Pair contract's validations to fail and the transaction to revert, as the Convenience contract does not account for the transfer fee deductions."
334,e99e64a8abf1,Medium,ERC20,Fee On Transfer Token,"When the asset or collateral is a fee-on-transfer token, the TimeswapConvenience contract cannot accurately calculate the actual amount received during transfers. This causes the Pair contract's validations to fail and the transaction to revert, as the Convenience contract does not account for the transfer fee deductions."
335,a3e15237ea08,Medium,"DoS, Input Validation",Invalid Validation,"anyone can call a repayment operation with a value of 0, leading to the incorrect removal of newly created user positions and resulting in asset loss."
336,2c5e13b4e147,Medium,Reentrancy,Violating CEI / Missing nonReentrant,"onerc721received calls _cleanuploan to perform external nft transfers before completing core state updates, violating the cei pattern."
337,af8e4af75dc2,Medium,Reentrancy,Violating CEI / Missing nonReentrant,"onerc721received calls _cleanuploan to perform external nft transfers before completing core state updates, violating the cei pattern."
338,d562802cb53a,Medium,Logic Error,Implementation Error,"after deployment, the admin address in the kernel contract can only be changed to another contract, not to an eoa. since only contracts like instr can call executeaction, and instr restricts targets to contracts, it is impossible to later assign admin rights to an eoa, which may have been the intended governance executor."
339,dd17040a53bc,Medium,Logic Error,Implementation Error,"after deployment, the admin address in the kernel contract can only be changed to another contract, not to an eoa. since only contracts like instr can call executeaction, and instr restricts targets to contracts, it is impossible to later assign admin rights to an eoa, which may have been the intended governance executor."
340,e99e64a8abf1,Medium,Logic Error,Implementation Error,"after deployment, the admin address in the kernel contract can only be changed to another contract, not to an eoa. since only contracts like instr can call executeaction, and instr restricts targets to contracts, it is impossible to later assign admin rights to an eoa, which may have been the intended governance executor."
341,9ddd6b83c27e,Medium,"DoS, Input Validation",Invalid Validation,"anyone can call a repayment operation with a value of 0, leading to the incorrect removal of newly created user positions and resulting in asset loss."
342,e169bbefc6e2,Medium,"DoS, Input Validation",Invalid Validation,"anyone can call a repayment operation with a value of 0, leading to the incorrect removal of newly created user positions and resulting in asset loss."
343,e7921851ec01,Medium,ERC20,Fee On Transfer Token,"When the asset or collateral is a fee-on-transfer token, the TimeswapConvenience contract cannot accurately calculate the actual amount received during transfers. This causes the Pair contract's validations to fail and the transaction to revert, as the Convenience contract does not account for the transfer fee deductions."
344,27c6f2a68058,Medium,"DoS, Input Validation",Invalid Validation,"anyone can call a repayment operation with a value of 0, leading to the incorrect removal of newly created user positions and resulting in asset loss."
345,73f6a793d916,Medium,ERC20,Fee On Transfer Token,"When the asset or collateral is a fee-on-transfer token, the TimeswapConvenience contract cannot accurately calculate the actual amount received during transfers. This causes the Pair contract's validations to fail and the transaction to revert, as the Convenience contract does not account for the transfer fee deductions."
346,e169bbefc6e2,Medium,ERC20,Fee On Transfer Token,"When the asset or collateral is a fee-on-transfer token, the TimeswapConvenience contract cannot accurately calculate the actual amount received during transfers. This causes the Pair contract's validations to fail and the transaction to revert, as the Convenience contract does not account for the transfer fee deductions."
347,2c5e13b4e147,High,Accounting Error,Incorrect Parameter,"The SavingsAccountUtil.depositFromSavingsAccount() function incorrectly returns _amount instead of the actual number of shares obtained when calling savingsAccountTransfer(). This will result in incorrect records of the pool's collateral assets when PPS ≠ 1, leading to fund locking or liquidation failures."
348,a8884f87db1a,Medium,ERC20,Fee On Transfer Token,"When the asset or collateral is a fee-on-transfer token, the TimeswapConvenience contract cannot accurately calculate the actual amount received during transfers. This causes the Pair contract's validations to fail and the transaction to revert, as the Convenience contract does not account for the transfer fee deductions."
349,e7921851ec01,Medium,Logic Error,Implementation Error,"after deployment, the admin address in the kernel contract can only be changed to another contract, not to an eoa. since only contracts like instr can call executeaction, and instr restricts targets to contracts, it is impossible to later assign admin rights to an eoa, which may have been the intended governance executor."
350,fee749ecd513,Medium,ERC20,Fee On Transfer Token,"When the asset or collateral is a fee-on-transfer token, the TimeswapConvenience contract cannot accurately calculate the actual amount received during transfers. This causes the Pair contract's validations to fail and the transaction to revert, as the Convenience contract does not account for the transfer fee deductions."
351,d562802cb53a,Medium,Access Control,State Update Inconsistency,"Accumulated but unclaimed rewards for suppliers and borrowers were not distributed before the admin replaced the reward distribution contract. Once the replacement occurs, users' previously accumulated rewards may become permanently unclaimable."
352,dd17040a53bc,Medium,Access Control,State Update Inconsistency,"Accumulated but unclaimed rewards for suppliers and borrowers were not distributed before the admin replaced the reward distribution contract. Once the replacement occurs, users' previously accumulated rewards may become permanently unclaimable."
353,51c6dc5fd57f,Medium,Governance,Incorrect Parameter,"In the Governor contract, parameters related to proposal (e.g., quorum & threshold) are depends on the total supply in the current timestamp but not the previous timestamp, so these values can be changed if total supply cahnges later in the same block because tehy are still eligible to vote.Attckers can lower the threshold and quorum by incresaing totalSupply."
354,73f6a793d916,Medium,Logic Error,Implementation Error,"after deployment, the admin address in the kernel contract can only be changed to another contract, not to an eoa. since only contracts like instr can call executeaction, and instr restricts targets to contracts, it is impossible to later assign admin rights to an eoa, which may have been the intended governance executor."
355,e169bbefc6e2,Medium,Logic Error,Implementation Error,"after deployment, the admin address in the kernel contract can only be changed to another contract, not to an eoa. since only contracts like instr can call executeaction, and instr restricts targets to contracts, it is impossible to later assign admin rights to an eoa, which may have been the intended governance executor."
356,51c6dc5fd57f,Medium,Logic Error,Implementation Error,"after deployment, the admin address in the kernel contract can only be changed to another contract, not to an eoa. since only contracts like instr can call executeaction, and instr restricts targets to contracts, it is impossible to later assign admin rights to an eoa, which may have been the intended governance executor."
357,8f18f7d5c396,Medium,DoS,payable / receive(),"In Swap.sol, using transfer() to send ETH is limited by a fixed gas cap of 2300.If the recipient is a contract without a payable fallback or a fallback that exceeds this limit, it will cause the transaction to fail and may result in funds becoming inaccessible."
358,a8884f87db1a,Medium,DoS,payable / receive(),"In Swap.sol, using transfer() to send ETH is limited by a fixed gas cap of 2300.If the recipient is a contract without a payable fallback or a fallback that exceeds this limit, it will cause the transaction to fail and may result in funds becoming inaccessible."
359,8f18f7d5c396,Medium,ERC20,Fee On Transfer Token,"When the asset or collateral is a fee-on-transfer token, the TimeswapConvenience contract cannot accurately calculate the actual amount received during transfers. This causes the Pair contract's validations to fail and the transaction to revert, as the Convenience contract does not account for the transfer fee deductions."
360,8f18f7d5c396,Medium,Governance,Bad Condition,"once a user votes on a proposal, they cannot vote again-even if new votes are issued or revoked during the voting period. this creates inconsistencies between the recorded vote and the evolving total supply, potentially distorting quorum and outcome calculations, and undermining the reliability of governance results."
361,9ddd6b83c27e,Medium,Access Control,State Update Inconsistency,"Accumulated but unclaimed rewards for suppliers and borrowers were not distributed before the admin replaced the reward distribution contract. Once the replacement occurs, users' previously accumulated rewards may become permanently unclaimable."
362,4ef0b4d678ab,Medium,Access Control,State Update Inconsistency,"Accumulated but unclaimed rewards for suppliers and borrowers were not distributed before the admin replaced the reward distribution contract. Once the replacement occurs, users' previously accumulated rewards may become permanently unclaimable."
363,a3e15237ea08,Medium,Access Control,State Update Inconsistency,"Accumulated but unclaimed rewards for suppliers and borrowers were not distributed before the admin replaced the reward distribution contract. Once the replacement occurs, users' previously accumulated rewards may become permanently unclaimable."
364,51c6dc5fd57f,High,Reentrancy,Violating CEI / Missing nonReentrant,"onerc721received calls _cleanuploan to perform external nft transfers before completing core state updates, violating the cei pattern."
365,4ef0b4d678ab,High,Logic Error,Bad Condition,"The price decline formula in getDutchAuctionStrike() causes the price to reach the reserve price before the auction duration ends, resulting in a static price for the remaining time and reducing the actual effective time and efficiency of the auction process."
366,51c6dc5fd57f,High,Accounting Error,Incorrect Parameter,"The SavingsAccountUtil.depositFromSavingsAccount() function incorrectly returns _amount instead of the actual number of shares obtained when calling savingsAccountTransfer(). This will result in incorrect records of the pool's collateral assets when PPS ≠ 1, leading to fund locking or liquidation failures."
367,9ddd6b83c27e,Medium,Arithmetic,Unsafe Downcast,"The initialize function performs an unsafe cast of founderPct to uint8 when calculating the cumulative totalOwnership. If a founder's percentage is a multiple of 256 (e.g., 256, 512), the truncated value becomes 0, bypassing the ""maximum 100%"" check and allowing malicious founders to monopolize the base token distribution logic."
368,a3e15237ea08,Medium,Arithmetic,Unsafe Downcast,"The initialize function performs an unsafe cast of founderPct to uint8 when calculating the cumulative totalOwnership. If a founder's percentage is a multiple of 256 (e.g., 256, 512), the truncated value becomes 0, bypassing the ""maximum 100%"" check and allowing malicious founders to monopolize the base token distribution logic."
369,8a20eb1e521f,Medium,Arithmetic,Precision Loss,"_updatebucketexchangerateandcalculaterewards performs division before multiplication, causing precision loss and systematically underpaying user rewards. the error grows with the amount of interest earned, making larger rewards more inaccurate."
370,0315ba9d8121,Medium,Arithmetic,Precision Loss,"_updatebucketexchangerateandcalculaterewards performs division before multiplication, causing precision loss and systematically underpaying user rewards. the error grows with the amount of interest earned, making larger rewards more inaccurate."
371,b2a8c124d062,Medium,Arithmetic,Precision Loss,"_updatebucketexchangerateandcalculaterewards performs division before multiplication, causing precision loss and systematically underpaying user rewards. the error grows with the amount of interest earned, making larger rewards more inaccurate."
372,348856fe60ac,Medium,Arithmetic,Precision Loss,"_updatebucketexchangerateandcalculaterewards performs division before multiplication, causing precision loss and systematically underpaying user rewards. the error grows with the amount of interest earned, making larger rewards more inaccurate."
373,b7fc4d82013a,Medium,Arithmetic,Precision Loss,"_updatebucketexchangerateandcalculaterewards performs division before multiplication, causing precision loss and systematically underpaying user rewards. the error grows with the amount of interest earned, making larger rewards more inaccurate."
374,7bbe3d81960c,Medium,Arithmetic,Precision Loss,"_updatebucketexchangerateandcalculaterewards performs division before multiplication, causing precision loss and systematically underpaying user rewards. the error grows with the amount of interest earned, making larger rewards more inaccurate."
375,fa1836e0615e,Medium,Arithmetic,Precision Loss,"_updatebucketexchangerateandcalculaterewards performs division before multiplication, causing precision loss and systematically underpaying user rewards. the error grows with the amount of interest earned, making larger rewards more inaccurate."
376,03196f805abb,Medium,Arithmetic,Precision Loss,"_updatebucketexchangerateandcalculaterewards performs division before multiplication, causing precision loss and systematically underpaying user rewards. the error grows with the amount of interest earned, making larger rewards more inaccurate."
377,8a20eb1e521f,Medium,DoS,Bad Condition,"in safedecimals(), when data.length >= 32, it uses abi.decode to return a uint8. however, if data.length is greater than 32, it will cause abi.decode to revert."
378,bb3018c8812c,Medium,Arithmetic,Precision Loss,"_updatebucketexchangerateandcalculaterewards performs division before multiplication, causing precision loss and systematically underpaying user rewards. the error grows with the amount of interest earned, making larger rewards more inaccurate."
379,7100a75d6ebd,Medium,Logic Error,Implementation Error,"after deployment, the admin address in the kernel contract can only be changed to another contract, not to an eoa. since only contracts like instr can call executeaction, and instr restricts targets to contracts, it is impossible to later assign admin rights to an eoa, which may have been the intended governance executor."
380,e6e43dfea59f,Medium,Logic Error,Implementation Error,"after deployment, the admin address in the kernel contract can only be changed to another contract, not to an eoa. since only contracts like instr can call executeaction, and instr restricts targets to contracts, it is impossible to later assign admin rights to an eoa, which may have been the intended governance executor."
381,7100a75d6ebd,Medium,Governance,Bad Condition,"once a user votes on a proposal, they cannot vote again-even if new votes are issued or revoked during the voting period. this creates inconsistencies between the recorded vote and the evolving total supply, potentially distorting quorum and outcome calculations, and undermining the reliability of governance results."
382,empty,empty,empty,empty,empty
383,empty,empty,empty,empty,empty
384,empty,empty,empty,empty,empty
385,empty,empty,empty,empty,empty
386,empty,empty,empty,empty,empty
387,empty,empty,empty,empty,empty
388,empty,empty,empty,empty,empty
389,empty,empty,empty,empty,empty
390,empty,empty,empty,empty,empty
391,empty,empty,empty,empty,empty
392,empty,empty,empty,empty,empty
393,empty,empty,empty,empty,empty
394,empty,empty,empty,empty,empty
395,empty,empty,empty,empty,empty
396,empty,empty,empty,empty,empty
397,empty,empty,empty,empty,empty
398,empty,empty,empty,empty,empty
399,empty,empty,empty,empty,empty
400,empty,empty,empty,empty,empty
