Property,repo_path,severity,tag,subtag,description
1,0315ba9d8121,Medium,Input Validation,Invalid Validation,"A critical function parameter or return value is not properly validated before use. The missing or incorrect validation allows an attacker to supply boundary values, zero addresses, or malformed inputs that bypass intended access checks or trigger unexpected execution paths. This can result in unauthorized state changes, asset theft, or invariant violations."
2,1167ec3a176e,Medium,Input Validation,Invalid Validation,"A critical function parameter or return value is not properly validated before use. The missing or incorrect validation allows an attacker to supply boundary values, zero addresses, or malformed inputs that bypass intended access checks or trigger unexpected execution paths. This can result in unauthorized state changes, asset theft, or invariant violations."
3,2c5e13b4e147,Medium,Input Validation,Invalid Validation,"A critical function parameter or return value is not properly validated before use. The missing or incorrect validation allows an attacker to supply boundary values, zero addresses, or malformed inputs that bypass intended access checks or trigger unexpected execution paths. This can result in unauthorized state changes, asset theft, or invariant violations."
4,b2a8c124d062,Medium,Input Validation,Invalid Validation,"A critical function parameter or return value is not properly validated before use. The missing or incorrect validation allows an attacker to supply boundary values, zero addresses, or malformed inputs that bypass intended access checks or trigger unexpected execution paths. This can result in unauthorized state changes, asset theft, or invariant violations."
5,af8e4af75dc2,Medium,Input Validation,Invalid Validation,"A critical function parameter or return value is not properly validated before use. The missing or incorrect validation allows an attacker to supply boundary values, zero addresses, or malformed inputs that bypass intended access checks or trigger unexpected execution paths. This can result in unauthorized state changes, asset theft, or invariant violations."
6,348856fe60ac,Medium,Input Validation,Invalid Validation,"A critical function parameter or return value is not properly validated before use. The missing or incorrect validation allows an attacker to supply boundary values, zero addresses, or malformed inputs that bypass intended access checks or trigger unexpected execution paths. This can result in unauthorized state changes, asset theft, or invariant violations."
7,b155c4de6012,Medium,Input Validation,Invalid Validation,"A critical function parameter or return value is not properly validated before use. The missing or incorrect validation allows an attacker to supply boundary values, zero addresses, or malformed inputs that bypass intended access checks or trigger unexpected execution paths. This can result in unauthorized state changes, asset theft, or invariant violations."
8,592eed5791df,Medium,Input Validation,Invalid Validation,"A critical function parameter or return value is not properly validated before use. The missing or incorrect validation allows an attacker to supply boundary values, zero addresses, or malformed inputs that bypass intended access checks or trigger unexpected execution paths. This can result in unauthorized state changes, asset theft, or invariant violations."
9,804fe35b0164,Medium,Input Validation,Invalid Validation,"A critical function parameter or return value is not properly validated before use. The missing or incorrect validation allows an attacker to supply boundary values, zero addresses, or malformed inputs that bypass intended access checks or trigger unexpected execution paths. This can result in unauthorized state changes, asset theft, or invariant violations."
10,98b7c1691811,Medium,Input Validation,Invalid Validation,"A critical function parameter or return value is not properly validated before use. The missing or incorrect validation allows an attacker to supply boundary values, zero addresses, or malformed inputs that bypass intended access checks or trigger unexpected execution paths. This can result in unauthorized state changes, asset theft, or invariant violations."
11,b7fc4d82013a,Medium,Input Validation,Invalid Validation,"A critical function parameter or return value is not properly validated before use. The missing or incorrect validation allows an attacker to supply boundary values, zero addresses, or malformed inputs that bypass intended access checks or trigger unexpected execution paths. This can result in unauthorized state changes, asset theft, or invariant violations."
12,c20104cb90d7,Medium,Input Validation,Invalid Validation,"A critical function parameter or return value is not properly validated before use. The missing or incorrect validation allows an attacker to supply boundary values, zero addresses, or malformed inputs that bypass intended access checks or trigger unexpected execution paths. This can result in unauthorized state changes, asset theft, or invariant violations."
13,1d8f1f43cde9,Medium,Input Validation,Invalid Validation,"A critical function parameter or return value is not properly validated before use. The missing or incorrect validation allows an attacker to supply boundary values, zero addresses, or malformed inputs that bypass intended access checks or trigger unexpected execution paths. This can result in unauthorized state changes, asset theft, or invariant violations."
14,9cc1dc4ae06a,Medium,Input Validation,Invalid Validation,"A critical function parameter or return value is not properly validated before use. The missing or incorrect validation allows an attacker to supply boundary values, zero addresses, or malformed inputs that bypass intended access checks or trigger unexpected execution paths. This can result in unauthorized state changes, asset theft, or invariant violations."
15,c2426a2ab283,Medium,Input Validation,Invalid Validation,"A critical function parameter or return value is not properly validated before use. The missing or incorrect validation allows an attacker to supply boundary values, zero addresses, or malformed inputs that bypass intended access checks or trigger unexpected execution paths. This can result in unauthorized state changes, asset theft, or invariant violations."
16,d562802cb53a,Medium,Input Validation,Invalid Validation,"A critical function parameter or return value is not properly validated before use. The missing or incorrect validation allows an attacker to supply boundary values, zero addresses, or malformed inputs that bypass intended access checks or trigger unexpected execution paths. This can result in unauthorized state changes, asset theft, or invariant violations."
17,dd17040a53bc,Medium,Input Validation,Invalid Validation,"A critical function parameter or return value is not properly validated before use. The missing or incorrect validation allows an attacker to supply boundary values, zero addresses, or malformed inputs that bypass intended access checks or trigger unexpected execution paths. This can result in unauthorized state changes, asset theft, or invariant violations."
18,e99e64a8abf1,Medium,Input Validation,Invalid Validation,"A critical function parameter or return value is not properly validated before use. The missing or incorrect validation allows an attacker to supply boundary values, zero addresses, or malformed inputs that bypass intended access checks or trigger unexpected execution paths. This can result in unauthorized state changes, asset theft, or invariant violations."
19,a1ee58021528,Medium,Input Validation,Invalid Validation,"A critical function parameter or return value is not properly validated before use. The missing or incorrect validation allows an attacker to supply boundary values, zero addresses, or malformed inputs that bypass intended access checks or trigger unexpected execution paths. This can result in unauthorized state changes, asset theft, or invariant violations."
20,40cc38c69cca,Medium,Accounting Error,State Update Inconsistency,"State variables tracking balances, shares, debt, or rewards are updated in an inconsistent order or with stale values. When a sequence of operations updates one variable without correspondingly updating a related variable, the protocol's internal accounting diverges from actual token balances, enabling value extraction or creating insolvency conditions."
21,e6e43dfea59f,Medium,Accounting Error,State Update Inconsistency,"State variables tracking balances, shares, debt, or rewards are updated in an inconsistent order or with stale values. When a sequence of operations updates one variable without correspondingly updating a related variable, the protocol's internal accounting diverges from actual token balances, enabling value extraction or creating insolvency conditions."
22,97843b77b287,Medium,Input Validation,Invalid Validation,"A critical function parameter or return value is not properly validated before use. The missing or incorrect validation allows an attacker to supply boundary values, zero addresses, or malformed inputs that bypass intended access checks or trigger unexpected execution paths. This can result in unauthorized state changes, asset theft, or invariant violations."
23,099243e83259,Medium,Accounting Error,State Update Inconsistency,"State variables tracking balances, shares, debt, or rewards are updated in an inconsistent order or with stale values. When a sequence of operations updates one variable without correspondingly updating a related variable, the protocol's internal accounting diverges from actual token balances, enabling value extraction or creating insolvency conditions."
24,7bbe3d81960c,Medium,Input Validation,Invalid Validation,"A critical function parameter or return value is not properly validated before use. The missing or incorrect validation allows an attacker to supply boundary values, zero addresses, or malformed inputs that bypass intended access checks or trigger unexpected execution paths. This can result in unauthorized state changes, asset theft, or invariant violations."
25,ba93b3b8d7cf,Medium,Input Validation,Invalid Validation,"A critical function parameter or return value is not properly validated before use. The missing or incorrect validation allows an attacker to supply boundary values, zero addresses, or malformed inputs that bypass intended access checks or trigger unexpected execution paths. This can result in unauthorized state changes, asset theft, or invariant violations."
26,e7921851ec01,Medium,Input Validation,Invalid Validation,"A critical function parameter or return value is not properly validated before use. The missing or incorrect validation allows an attacker to supply boundary values, zero addresses, or malformed inputs that bypass intended access checks or trigger unexpected execution paths. This can result in unauthorized state changes, asset theft, or invariant violations."
27,73f6a793d916,Medium,Input Validation,Invalid Validation,"A critical function parameter or return value is not properly validated before use. The missing or incorrect validation allows an attacker to supply boundary values, zero addresses, or malformed inputs that bypass intended access checks or trigger unexpected execution paths. This can result in unauthorized state changes, asset theft, or invariant violations."
28,e169bbefc6e2,Medium,Input Validation,Invalid Validation,"A critical function parameter or return value is not properly validated before use. The missing or incorrect validation allows an attacker to supply boundary values, zero addresses, or malformed inputs that bypass intended access checks or trigger unexpected execution paths. This can result in unauthorized state changes, asset theft, or invariant violations."
29,198fa93fabdd,Medium,Accounting Error,State Update Inconsistency,"State variables tracking balances, shares, debt, or rewards are updated in an inconsistent order or with stale values. When a sequence of operations updates one variable without correspondingly updating a related variable, the protocol's internal accounting diverges from actual token balances, enabling value extraction or creating insolvency conditions."
30,54405135ebf3,Medium,Accounting Error,State Update Inconsistency,"State variables tracking balances, shares, debt, or rewards are updated in an inconsistent order or with stale values. When a sequence of operations updates one variable without correspondingly updating a related variable, the protocol's internal accounting diverges from actual token balances, enabling value extraction or creating insolvency conditions."
31,8a20eb1e521f,Medium,Accounting Error,State Update Inconsistency,"State variables tracking balances, shares, debt, or rewards are updated in an inconsistent order or with stale values. When a sequence of operations updates one variable without correspondingly updating a related variable, the protocol's internal accounting diverges from actual token balances, enabling value extraction or creating insolvency conditions."
32,a8884f87db1a,Medium,Input Validation,Invalid Validation,"A critical function parameter or return value is not properly validated before use. The missing or incorrect validation allows an attacker to supply boundary values, zero addresses, or malformed inputs that bypass intended access checks or trigger unexpected execution paths. This can result in unauthorized state changes, asset theft, or invariant violations."
33,fee749ecd513,Medium,Input Validation,Invalid Validation,"A critical function parameter or return value is not properly validated before use. The missing or incorrect validation allows an attacker to supply boundary values, zero addresses, or malformed inputs that bypass intended access checks or trigger unexpected execution paths. This can result in unauthorized state changes, asset theft, or invariant violations."
34,0315ba9d8121,Medium,Accounting Error,State Update Inconsistency,"State variables tracking balances, shares, debt, or rewards are updated in an inconsistent order or with stale values. When a sequence of operations updates one variable without correspondingly updating a related variable, the protocol's internal accounting diverges from actual token balances, enabling value extraction or creating insolvency conditions."
35,1167ec3a176e,Medium,Accounting Error,State Update Inconsistency,"State variables tracking balances, shares, debt, or rewards are updated in an inconsistent order or with stale values. When a sequence of operations updates one variable without correspondingly updating a related variable, the protocol's internal accounting diverges from actual token balances, enabling value extraction or creating insolvency conditions."
36,2c5e13b4e147,Medium,Accounting Error,State Update Inconsistency,"State variables tracking balances, shares, debt, or rewards are updated in an inconsistent order or with stale values. When a sequence of operations updates one variable without correspondingly updating a related variable, the protocol's internal accounting diverges from actual token balances, enabling value extraction or creating insolvency conditions."
37,b2a8c124d062,Medium,Accounting Error,State Update Inconsistency,"State variables tracking balances, shares, debt, or rewards are updated in an inconsistent order or with stale values. When a sequence of operations updates one variable without correspondingly updating a related variable, the protocol's internal accounting diverges from actual token balances, enabling value extraction or creating insolvency conditions."
38,fa1836e0615e,Medium,Input Validation,Invalid Validation,"A critical function parameter or return value is not properly validated before use. The missing or incorrect validation allows an attacker to supply boundary values, zero addresses, or malformed inputs that bypass intended access checks or trigger unexpected execution paths. This can result in unauthorized state changes, asset theft, or invariant violations."
39,af8e4af75dc2,Medium,Accounting Error,State Update Inconsistency,"State variables tracking balances, shares, debt, or rewards are updated in an inconsistent order or with stale values. When a sequence of operations updates one variable without correspondingly updating a related variable, the protocol's internal accounting diverges from actual token balances, enabling value extraction or creating insolvency conditions."
40,348856fe60ac,Medium,Accounting Error,State Update Inconsistency,"State variables tracking balances, shares, debt, or rewards are updated in an inconsistent order or with stale values. When a sequence of operations updates one variable without correspondingly updating a related variable, the protocol's internal accounting diverges from actual token balances, enabling value extraction or creating insolvency conditions."
41,b155c4de6012,Medium,Accounting Error,State Update Inconsistency,"State variables tracking balances, shares, debt, or rewards are updated in an inconsistent order or with stale values. When a sequence of operations updates one variable without correspondingly updating a related variable, the protocol's internal accounting diverges from actual token balances, enabling value extraction or creating insolvency conditions."
42,03196f805abb,Medium,Input Validation,Invalid Validation,"A critical function parameter or return value is not properly validated before use. The missing or incorrect validation allows an attacker to supply boundary values, zero addresses, or malformed inputs that bypass intended access checks or trigger unexpected execution paths. This can result in unauthorized state changes, asset theft, or invariant violations."
43,9ddd6b83c27e,Medium,Input Validation,Invalid Validation,"A critical function parameter or return value is not properly validated before use. The missing or incorrect validation allows an attacker to supply boundary values, zero addresses, or malformed inputs that bypass intended access checks or trigger unexpected execution paths. This can result in unauthorized state changes, asset theft, or invariant violations."
44,592eed5791df,Medium,Accounting Error,State Update Inconsistency,"State variables tracking balances, shares, debt, or rewards are updated in an inconsistent order or with stale values. When a sequence of operations updates one variable without correspondingly updating a related variable, the protocol's internal accounting diverges from actual token balances, enabling value extraction or creating insolvency conditions."
45,804fe35b0164,Medium,Accounting Error,State Update Inconsistency,"State variables tracking balances, shares, debt, or rewards are updated in an inconsistent order or with stale values. When a sequence of operations updates one variable without correspondingly updating a related variable, the protocol's internal accounting diverges from actual token balances, enabling value extraction or creating insolvency conditions."
46,98b7c1691811,Medium,Accounting Error,State Update Inconsistency,"State variables tracking balances, shares, debt, or rewards are updated in an inconsistent order or with stale values. When a sequence of operations updates one variable without correspondingly updating a related variable, the protocol's internal accounting diverges from actual token balances, enabling value extraction or creating insolvency conditions."
47,b7fc4d82013a,Medium,Accounting Error,State Update Inconsistency,"State variables tracking balances, shares, debt, or rewards are updated in an inconsistent order or with stale values. When a sequence of operations updates one variable without correspondingly updating a related variable, the protocol's internal accounting diverges from actual token balances, enabling value extraction or creating insolvency conditions."
48,c20104cb90d7,Medium,Accounting Error,State Update Inconsistency,"State variables tracking balances, shares, debt, or rewards are updated in an inconsistent order or with stale values. When a sequence of operations updates one variable without correspondingly updating a related variable, the protocol's internal accounting diverges from actual token balances, enabling value extraction or creating insolvency conditions."
49,4ef0b4d678ab,Medium,Input Validation,Invalid Validation,"A critical function parameter or return value is not properly validated before use. The missing or incorrect validation allows an attacker to supply boundary values, zero addresses, or malformed inputs that bypass intended access checks or trigger unexpected execution paths. This can result in unauthorized state changes, asset theft, or invariant violations."
50,8f18f7d5c396,Medium,Input Validation,Invalid Validation,"A critical function parameter or return value is not properly validated before use. The missing or incorrect validation allows an attacker to supply boundary values, zero addresses, or malformed inputs that bypass intended access checks or trigger unexpected execution paths. This can result in unauthorized state changes, asset theft, or invariant violations."
51,a3e15237ea08,Medium,Input Validation,Invalid Validation,"A critical function parameter or return value is not properly validated before use. The missing or incorrect validation allows an attacker to supply boundary values, zero addresses, or malformed inputs that bypass intended access checks or trigger unexpected execution paths. This can result in unauthorized state changes, asset theft, or invariant violations."
52,1d8f1f43cde9,Medium,Accounting Error,State Update Inconsistency,"State variables tracking balances, shares, debt, or rewards are updated in an inconsistent order or with stale values. When a sequence of operations updates one variable without correspondingly updating a related variable, the protocol's internal accounting diverges from actual token balances, enabling value extraction or creating insolvency conditions."
53,9cc1dc4ae06a,Medium,Accounting Error,State Update Inconsistency,"State variables tracking balances, shares, debt, or rewards are updated in an inconsistent order or with stale values. When a sequence of operations updates one variable without correspondingly updating a related variable, the protocol's internal accounting diverges from actual token balances, enabling value extraction or creating insolvency conditions."
54,c2426a2ab283,Medium,Accounting Error,State Update Inconsistency,"State variables tracking balances, shares, debt, or rewards are updated in an inconsistent order or with stale values. When a sequence of operations updates one variable without correspondingly updating a related variable, the protocol's internal accounting diverges from actual token balances, enabling value extraction or creating insolvency conditions."
55,d562802cb53a,Medium,Accounting Error,State Update Inconsistency,"State variables tracking balances, shares, debt, or rewards are updated in an inconsistent order or with stale values. When a sequence of operations updates one variable without correspondingly updating a related variable, the protocol's internal accounting diverges from actual token balances, enabling value extraction or creating insolvency conditions."
56,dd17040a53bc,Medium,Accounting Error,State Update Inconsistency,"State variables tracking balances, shares, debt, or rewards are updated in an inconsistent order or with stale values. When a sequence of operations updates one variable without correspondingly updating a related variable, the protocol's internal accounting diverges from actual token balances, enabling value extraction or creating insolvency conditions."
57,e99e64a8abf1,Medium,Accounting Error,State Update Inconsistency,"State variables tracking balances, shares, debt, or rewards are updated in an inconsistent order or with stale values. When a sequence of operations updates one variable without correspondingly updating a related variable, the protocol's internal accounting diverges from actual token balances, enabling value extraction or creating insolvency conditions."
58,a1ee58021528,Medium,Accounting Error,State Update Inconsistency,"State variables tracking balances, shares, debt, or rewards are updated in an inconsistent order or with stale values. When a sequence of operations updates one variable without correspondingly updating a related variable, the protocol's internal accounting diverges from actual token balances, enabling value extraction or creating insolvency conditions."
59,97843b77b287,Medium,Accounting Error,State Update Inconsistency,"State variables tracking balances, shares, debt, or rewards are updated in an inconsistent order or with stale values. When a sequence of operations updates one variable without correspondingly updating a related variable, the protocol's internal accounting diverges from actual token balances, enabling value extraction or creating insolvency conditions."
60,ee25ec7abd40,Medium,Input Validation,Invalid Validation,"A critical function parameter or return value is not properly validated before use. The missing or incorrect validation allows an attacker to supply boundary values, zero addresses, or malformed inputs that bypass intended access checks or trigger unexpected execution paths. This can result in unauthorized state changes, asset theft, or invariant violations."
61,1d8f1f43cde9,Medium,DoS,Bad Condition,"A reachable require or revert condition can be triggered by an attacker or by normal market conditions, causing core protocol functions to become permanently or indefinitely blocked. The denial-of-service prevents users from withdrawing funds, executing transactions, or otherwise interacting with the protocol."
62,9cc1dc4ae06a,Medium,DoS,Bad Condition,"A reachable require or revert condition can be triggered by an attacker or by normal market conditions, causing core protocol functions to become permanently or indefinitely blocked. The denial-of-service prevents users from withdrawing funds, executing transactions, or otherwise interacting with the protocol."
63,c2426a2ab283,Medium,DoS,Bad Condition,"A reachable require or revert condition can be triggered by an attacker or by normal market conditions, causing core protocol functions to become permanently or indefinitely blocked. The denial-of-service prevents users from withdrawing funds, executing transactions, or otherwise interacting with the protocol."
64,7bbe3d81960c,Medium,Accounting Error,State Update Inconsistency,"State variables tracking balances, shares, debt, or rewards are updated in an inconsistent order or with stale values. When a sequence of operations updates one variable without correspondingly updating a related variable, the protocol's internal accounting diverges from actual token balances, enabling value extraction or creating insolvency conditions."
65,ba93b3b8d7cf,Medium,Accounting Error,State Update Inconsistency,"State variables tracking balances, shares, debt, or rewards are updated in an inconsistent order or with stale values. When a sequence of operations updates one variable without correspondingly updating a related variable, the protocol's internal accounting diverges from actual token balances, enabling value extraction or creating insolvency conditions."
66,e7921851ec01,Medium,Accounting Error,State Update Inconsistency,"State variables tracking balances, shares, debt, or rewards are updated in an inconsistent order or with stale values. When a sequence of operations updates one variable without correspondingly updating a related variable, the protocol's internal accounting diverges from actual token balances, enabling value extraction or creating insolvency conditions."
67,73f6a793d916,Medium,Accounting Error,State Update Inconsistency,"State variables tracking balances, shares, debt, or rewards are updated in an inconsistent order or with stale values. When a sequence of operations updates one variable without correspondingly updating a related variable, the protocol's internal accounting diverges from actual token balances, enabling value extraction or creating insolvency conditions."
68,e169bbefc6e2,Medium,Accounting Error,State Update Inconsistency,"State variables tracking balances, shares, debt, or rewards are updated in an inconsistent order or with stale values. When a sequence of operations updates one variable without correspondingly updating a related variable, the protocol's internal accounting diverges from actual token balances, enabling value extraction or creating insolvency conditions."
69,d562802cb53a,Medium,DoS,Bad Condition,"A reachable require or revert condition can be triggered by an attacker or by normal market conditions, causing core protocol functions to become permanently or indefinitely blocked. The denial-of-service prevents users from withdrawing funds, executing transactions, or otherwise interacting with the protocol."
70,dd17040a53bc,Medium,DoS,Bad Condition,"A reachable require or revert condition can be triggered by an attacker or by normal market conditions, causing core protocol functions to become permanently or indefinitely blocked. The denial-of-service prevents users from withdrawing funds, executing transactions, or otherwise interacting with the protocol."
71,e99e64a8abf1,Medium,DoS,Bad Condition,"A reachable require or revert condition can be triggered by an attacker or by normal market conditions, causing core protocol functions to become permanently or indefinitely blocked. The denial-of-service prevents users from withdrawing funds, executing transactions, or otherwise interacting with the protocol."
72,a8884f87db1a,Medium,Accounting Error,State Update Inconsistency,"State variables tracking balances, shares, debt, or rewards are updated in an inconsistent order or with stale values. When a sequence of operations updates one variable without correspondingly updating a related variable, the protocol's internal accounting diverges from actual token balances, enabling value extraction or creating insolvency conditions."
73,fee749ecd513,Medium,Accounting Error,State Update Inconsistency,"State variables tracking balances, shares, debt, or rewards are updated in an inconsistent order or with stale values. When a sequence of operations updates one variable without correspondingly updating a related variable, the protocol's internal accounting diverges from actual token balances, enabling value extraction or creating insolvency conditions."
74,a1ee58021528,Medium,DoS,Bad Condition,"A reachable require or revert condition can be triggered by an attacker or by normal market conditions, causing core protocol functions to become permanently or indefinitely blocked. The denial-of-service prevents users from withdrawing funds, executing transactions, or otherwise interacting with the protocol."
75,fa1836e0615e,Medium,Accounting Error,State Update Inconsistency,"State variables tracking balances, shares, debt, or rewards are updated in an inconsistent order or with stale values. When a sequence of operations updates one variable without correspondingly updating a related variable, the protocol's internal accounting diverges from actual token balances, enabling value extraction or creating insolvency conditions."
76,bb3018c8812c,Medium,Input Validation,Invalid Validation,"A critical function parameter or return value is not properly validated before use. The missing or incorrect validation allows an attacker to supply boundary values, zero addresses, or malformed inputs that bypass intended access checks or trigger unexpected execution paths. This can result in unauthorized state changes, asset theft, or invariant violations."
77,97843b77b287,Medium,DoS,Bad Condition,"A reachable require or revert condition can be triggered by an attacker or by normal market conditions, causing core protocol functions to become permanently or indefinitely blocked. The denial-of-service prevents users from withdrawing funds, executing transactions, or otherwise interacting with the protocol."
78,7bbe3d81960c,Medium,DoS,Bad Condition,"A reachable require or revert condition can be triggered by an attacker or by normal market conditions, causing core protocol functions to become permanently or indefinitely blocked. The denial-of-service prevents users from withdrawing funds, executing transactions, or otherwise interacting with the protocol."
79,ba93b3b8d7cf,Medium,DoS,Bad Condition,"A reachable require or revert condition can be triggered by an attacker or by normal market conditions, causing core protocol functions to become permanently or indefinitely blocked. The denial-of-service prevents users from withdrawing funds, executing transactions, or otherwise interacting with the protocol."
80,e7921851ec01,Medium,DoS,Bad Condition,"A reachable require or revert condition can be triggered by an attacker or by normal market conditions, causing core protocol functions to become permanently or indefinitely blocked. The denial-of-service prevents users from withdrawing funds, executing transactions, or otherwise interacting with the protocol."
81,03196f805abb,Medium,Accounting Error,State Update Inconsistency,"State variables tracking balances, shares, debt, or rewards are updated in an inconsistent order or with stale values. When a sequence of operations updates one variable without correspondingly updating a related variable, the protocol's internal accounting diverges from actual token balances, enabling value extraction or creating insolvency conditions."
82,9ddd6b83c27e,Medium,Accounting Error,State Update Inconsistency,"State variables tracking balances, shares, debt, or rewards are updated in an inconsistent order or with stale values. When a sequence of operations updates one variable without correspondingly updating a related variable, the protocol's internal accounting diverges from actual token balances, enabling value extraction or creating insolvency conditions."
83,73f6a793d916,Medium,DoS,Bad Condition,"A reachable require or revert condition can be triggered by an attacker or by normal market conditions, causing core protocol functions to become permanently or indefinitely blocked. The denial-of-service prevents users from withdrawing funds, executing transactions, or otherwise interacting with the protocol."
84,e169bbefc6e2,Medium,DoS,Bad Condition,"A reachable require or revert condition can be triggered by an attacker or by normal market conditions, causing core protocol functions to become permanently or indefinitely blocked. The denial-of-service prevents users from withdrawing funds, executing transactions, or otherwise interacting with the protocol."
85,d9b35c0c87a4,Medium,Input Validation,Invalid Validation,"A critical function parameter or return value is not properly validated before use. The missing or incorrect validation allows an attacker to supply boundary values, zero addresses, or malformed inputs that bypass intended access checks or trigger unexpected execution paths. This can result in unauthorized state changes, asset theft, or invariant violations."
86,a8884f87db1a,Medium,DoS,Bad Condition,"A reachable require or revert condition can be triggered by an attacker or by normal market conditions, causing core protocol functions to become permanently or indefinitely blocked. The denial-of-service prevents users from withdrawing funds, executing transactions, or otherwise interacting with the protocol."
87,fee749ecd513,Medium,DoS,Bad Condition,"A reachable require or revert condition can be triggered by an attacker or by normal market conditions, causing core protocol functions to become permanently or indefinitely blocked. The denial-of-service prevents users from withdrawing funds, executing transactions, or otherwise interacting with the protocol."
88,fa1836e0615e,Medium,DoS,Bad Condition,"A reachable require or revert condition can be triggered by an attacker or by normal market conditions, causing core protocol functions to become permanently or indefinitely blocked. The denial-of-service prevents users from withdrawing funds, executing transactions, or otherwise interacting with the protocol."
89,54405135ebf3,Medium,Input Validation,Invalid Validation,"A critical function parameter or return value is not properly validated before use. The missing or incorrect validation allows an attacker to supply boundary values, zero addresses, or malformed inputs that bypass intended access checks or trigger unexpected execution paths. This can result in unauthorized state changes, asset theft, or invariant violations."
90,ee25ec7abd40,Medium,Accounting Error,State Update Inconsistency,"State variables tracking balances, shares, debt, or rewards are updated in an inconsistent order or with stale values. When a sequence of operations updates one variable without correspondingly updating a related variable, the protocol's internal accounting diverges from actual token balances, enabling value extraction or creating insolvency conditions."
91,198fa93fabdd,High,Input Validation,Invalid Validation,"A critical function parameter or return value is not properly validated before use. The missing or incorrect validation allows an attacker to supply boundary values, zero addresses, or malformed inputs that bypass intended access checks or trigger unexpected execution paths. This can result in unauthorized state changes, asset theft, or invariant violations."
92,54405135ebf3,High,Input Validation,Invalid Validation,"A critical function parameter or return value is not properly validated before use. The missing or incorrect validation allows an attacker to supply boundary values, zero addresses, or malformed inputs that bypass intended access checks or trigger unexpected execution paths. This can result in unauthorized state changes, asset theft, or invariant violations."
93,8a20eb1e521f,High,Input Validation,Invalid Validation,"A critical function parameter or return value is not properly validated before use. The missing or incorrect validation allows an attacker to supply boundary values, zero addresses, or malformed inputs that bypass intended access checks or trigger unexpected execution paths. This can result in unauthorized state changes, asset theft, or invariant violations."
94,27c6f2a68058,Medium,Input Validation,Invalid Validation,"A critical function parameter or return value is not properly validated before use. The missing or incorrect validation allows an attacker to supply boundary values, zero addresses, or malformed inputs that bypass intended access checks or trigger unexpected execution paths. This can result in unauthorized state changes, asset theft, or invariant violations."
95,03196f805abb,Medium,DoS,Bad Condition,"A reachable require or revert condition can be triggered by an attacker or by normal market conditions, causing core protocol functions to become permanently or indefinitely blocked. The denial-of-service prevents users from withdrawing funds, executing transactions, or otherwise interacting with the protocol."
96,9ddd6b83c27e,Medium,DoS,Bad Condition,"A reachable require or revert condition can be triggered by an attacker or by normal market conditions, causing core protocol functions to become permanently or indefinitely blocked. The denial-of-service prevents users from withdrawing funds, executing transactions, or otherwise interacting with the protocol."
97,0315ba9d8121,High,Input Validation,Invalid Validation,"A critical function parameter or return value is not properly validated before use. The missing or incorrect validation allows an attacker to supply boundary values, zero addresses, or malformed inputs that bypass intended access checks or trigger unexpected execution paths. This can result in unauthorized state changes, asset theft, or invariant violations."
98,1167ec3a176e,High,Input Validation,Invalid Validation,"A critical function parameter or return value is not properly validated before use. The missing or incorrect validation allows an attacker to supply boundary values, zero addresses, or malformed inputs that bypass intended access checks or trigger unexpected execution paths. This can result in unauthorized state changes, asset theft, or invariant violations."
99,2c5e13b4e147,High,Input Validation,Invalid Validation,"A critical function parameter or return value is not properly validated before use. The missing or incorrect validation allows an attacker to supply boundary values, zero addresses, or malformed inputs that bypass intended access checks or trigger unexpected execution paths. This can result in unauthorized state changes, asset theft, or invariant violations."
100,b2a8c124d062,High,Input Validation,Invalid Validation,"A critical function parameter or return value is not properly validated before use. The missing or incorrect validation allows an attacker to supply boundary values, zero addresses, or malformed inputs that bypass intended access checks or trigger unexpected execution paths. This can result in unauthorized state changes, asset theft, or invariant violations."
101,4ef0b4d678ab,Medium,DoS,Bad Condition,"A reachable require or revert condition can be triggered by an attacker or by normal market conditions, causing core protocol functions to become permanently or indefinitely blocked. The denial-of-service prevents users from withdrawing funds, executing transactions, or otherwise interacting with the protocol."
102,8f18f7d5c396,Medium,DoS,Bad Condition,"A reachable require or revert condition can be triggered by an attacker or by normal market conditions, causing core protocol functions to become permanently or indefinitely blocked. The denial-of-service prevents users from withdrawing funds, executing transactions, or otherwise interacting with the protocol."
103,a3e15237ea08,Medium,DoS,Bad Condition,"A reachable require or revert condition can be triggered by an attacker or by normal market conditions, causing core protocol functions to become permanently or indefinitely blocked. The denial-of-service prevents users from withdrawing funds, executing transactions, or otherwise interacting with the protocol."
104,af8e4af75dc2,High,Input Validation,Invalid Validation,"A critical function parameter or return value is not properly validated before use. The missing or incorrect validation allows an attacker to supply boundary values, zero addresses, or malformed inputs that bypass intended access checks or trigger unexpected execution paths. This can result in unauthorized state changes, asset theft, or invariant violations."
105,348856fe60ac,High,Input Validation,Invalid Validation,"A critical function parameter or return value is not properly validated before use. The missing or incorrect validation allows an attacker to supply boundary values, zero addresses, or malformed inputs that bypass intended access checks or trigger unexpected execution paths. This can result in unauthorized state changes, asset theft, or invariant violations."
106,b155c4de6012,High,Input Validation,Invalid Validation,"A critical function parameter or return value is not properly validated before use. The missing or incorrect validation allows an attacker to supply boundary values, zero addresses, or malformed inputs that bypass intended access checks or trigger unexpected execution paths. This can result in unauthorized state changes, asset theft, or invariant violations."
107,afa60bc8003d,Medium,Input Validation,Invalid Validation,"A critical function parameter or return value is not properly validated before use. The missing or incorrect validation allows an attacker to supply boundary values, zero addresses, or malformed inputs that bypass intended access checks or trigger unexpected execution paths. This can result in unauthorized state changes, asset theft, or invariant violations."
108,bb3018c8812c,Medium,Accounting Error,State Update Inconsistency,"State variables tracking balances, shares, debt, or rewards are updated in an inconsistent order or with stale values. When a sequence of operations updates one variable without correspondingly updating a related variable, the protocol's internal accounting diverges from actual token balances, enabling value extraction or creating insolvency conditions."
109,592eed5791df,High,Input Validation,Invalid Validation,"A critical function parameter or return value is not properly validated before use. The missing or incorrect validation allows an attacker to supply boundary values, zero addresses, or malformed inputs that bypass intended access checks or trigger unexpected execution paths. This can result in unauthorized state changes, asset theft, or invariant violations."
110,804fe35b0164,High,Input Validation,Invalid Validation,"A critical function parameter or return value is not properly validated before use. The missing or incorrect validation allows an attacker to supply boundary values, zero addresses, or malformed inputs that bypass intended access checks or trigger unexpected execution paths. This can result in unauthorized state changes, asset theft, or invariant violations."
111,98b7c1691811,High,Input Validation,Invalid Validation,"A critical function parameter or return value is not properly validated before use. The missing or incorrect validation allows an attacker to supply boundary values, zero addresses, or malformed inputs that bypass intended access checks or trigger unexpected execution paths. This can result in unauthorized state changes, asset theft, or invariant violations."
112,b7fc4d82013a,High,Input Validation,Invalid Validation,"A critical function parameter or return value is not properly validated before use. The missing or incorrect validation allows an attacker to supply boundary values, zero addresses, or malformed inputs that bypass intended access checks or trigger unexpected execution paths. This can result in unauthorized state changes, asset theft, or invariant violations."
113,c20104cb90d7,High,Input Validation,Invalid Validation,"A critical function parameter or return value is not properly validated before use. The missing or incorrect validation allows an attacker to supply boundary values, zero addresses, or malformed inputs that bypass intended access checks or trigger unexpected execution paths. This can result in unauthorized state changes, asset theft, or invariant violations."
114,27c6f2a68058,Medium,DoS,Bad Condition,"A reachable require or revert condition can be triggered by an attacker or by normal market conditions, causing core protocol functions to become permanently or indefinitely blocked. The denial-of-service prevents users from withdrawing funds, executing transactions, or otherwise interacting with the protocol."
115,1d8f1f43cde9,High,Input Validation,Invalid Validation,"A critical function parameter or return value is not properly validated before use. The missing or incorrect validation allows an attacker to supply boundary values, zero addresses, or malformed inputs that bypass intended access checks or trigger unexpected execution paths. This can result in unauthorized state changes, asset theft, or invariant violations."
116,9cc1dc4ae06a,High,Input Validation,Invalid Validation,"A critical function parameter or return value is not properly validated before use. The missing or incorrect validation allows an attacker to supply boundary values, zero addresses, or malformed inputs that bypass intended access checks or trigger unexpected execution paths. This can result in unauthorized state changes, asset theft, or invariant violations."
117,c2426a2ab283,High,Input Validation,Invalid Validation,"A critical function parameter or return value is not properly validated before use. The missing or incorrect validation allows an attacker to supply boundary values, zero addresses, or malformed inputs that bypass intended access checks or trigger unexpected execution paths. This can result in unauthorized state changes, asset theft, or invariant violations."
118,485f7b9ccb0a,Medium,Input Validation,Invalid Validation,"A critical function parameter or return value is not properly validated before use. The missing or incorrect validation allows an attacker to supply boundary values, zero addresses, or malformed inputs that bypass intended access checks or trigger unexpected execution paths. This can result in unauthorized state changes, asset theft, or invariant violations."
119,51c6dc5fd57f,Medium,DoS,Bad Condition,"A reachable require or revert condition can be triggered by an attacker or by normal market conditions, causing core protocol functions to become permanently or indefinitely blocked. The denial-of-service prevents users from withdrawing funds, executing transactions, or otherwise interacting with the protocol."
120,ee25ec7abd40,Medium,DoS,Bad Condition,"A reachable require or revert condition can be triggered by an attacker or by normal market conditions, causing core protocol functions to become permanently or indefinitely blocked. The denial-of-service prevents users from withdrawing funds, executing transactions, or otherwise interacting with the protocol."
121,a3e15237ea08,Medium,Accounting Error,State Update Inconsistency,"State variables tracking balances, shares, debt, or rewards are updated in an inconsistent order or with stale values. When a sequence of operations updates one variable without correspondingly updating a related variable, the protocol's internal accounting diverges from actual token balances, enabling value extraction or creating insolvency conditions."
122,d9b35c0c87a4,Medium,Accounting Error,State Update Inconsistency,"State variables tracking balances, shares, debt, or rewards are updated in an inconsistent order or with stale values. When a sequence of operations updates one variable without correspondingly updating a related variable, the protocol's internal accounting diverges from actual token balances, enabling value extraction or creating insolvency conditions."
123,a4d91fb1550f,Medium,Input Validation,Invalid Validation,"A critical function parameter or return value is not properly validated before use. The missing or incorrect validation allows an attacker to supply boundary values, zero addresses, or malformed inputs that bypass intended access checks or trigger unexpected execution paths. This can result in unauthorized state changes, asset theft, or invariant violations."
124,e0d2d83ea351,Medium,DoS,Bad Condition,"A reachable require or revert condition can be triggered by an attacker or by normal market conditions, causing core protocol functions to become permanently or indefinitely blocked. The denial-of-service prevents users from withdrawing funds, executing transactions, or otherwise interacting with the protocol."
125,d562802cb53a,High,Input Validation,Invalid Validation,"A critical function parameter or return value is not properly validated before use. The missing or incorrect validation allows an attacker to supply boundary values, zero addresses, or malformed inputs that bypass intended access checks or trigger unexpected execution paths. This can result in unauthorized state changes, asset theft, or invariant violations."
126,dd17040a53bc,High,Input Validation,Invalid Validation,"A critical function parameter or return value is not properly validated before use. The missing or incorrect validation allows an attacker to supply boundary values, zero addresses, or malformed inputs that bypass intended access checks or trigger unexpected execution paths. This can result in unauthorized state changes, asset theft, or invariant violations."
127,e99e64a8abf1,High,Input Validation,Invalid Validation,"A critical function parameter or return value is not properly validated before use. The missing or incorrect validation allows an attacker to supply boundary values, zero addresses, or malformed inputs that bypass intended access checks or trigger unexpected execution paths. This can result in unauthorized state changes, asset theft, or invariant violations."
128,7b5e1803022e,Medium,DoS,Bad Condition,"A reachable require or revert condition can be triggered by an attacker or by normal market conditions, causing core protocol functions to become permanently or indefinitely blocked. The denial-of-service prevents users from withdrawing funds, executing transactions, or otherwise interacting with the protocol."
129,a1ee58021528,High,Input Validation,Invalid Validation,"A critical function parameter or return value is not properly validated before use. The missing or incorrect validation allows an attacker to supply boundary values, zero addresses, or malformed inputs that bypass intended access checks or trigger unexpected execution paths. This can result in unauthorized state changes, asset theft, or invariant violations."
130,099243e83259,Medium,DoS,Bad Condition,"A reachable require or revert condition can be triggered by an attacker or by normal market conditions, causing core protocol functions to become permanently or indefinitely blocked. The denial-of-service prevents users from withdrawing funds, executing transactions, or otherwise interacting with the protocol."
131,27c6f2a68058,Medium,Accounting Error,State Update Inconsistency,"State variables tracking balances, shares, debt, or rewards are updated in an inconsistent order or with stale values. When a sequence of operations updates one variable without correspondingly updating a related variable, the protocol's internal accounting diverges from actual token balances, enabling value extraction or creating insolvency conditions."
132,592eed5791df,Medium,DoS,Out of Gas,"An unbounded loop or operation that iterates over a user-controlled or growing array can exceed the block gas limit. As the array size grows, the transaction cost increases until the operation becomes impossible to execute, permanently blocking the affected functionality."
133,804fe35b0164,Medium,DoS,Out of Gas,"An unbounded loop or operation that iterates over a user-controlled or growing array can exceed the block gas limit. As the array size grows, the transaction cost increases until the operation becomes impossible to execute, permanently blocking the affected functionality."
134,98b7c1691811,Medium,DoS,Out of Gas,"An unbounded loop or operation that iterates over a user-controlled or growing array can exceed the block gas limit. As the array size grows, the transaction cost increases until the operation becomes impossible to execute, permanently blocking the affected functionality."
135,b7fc4d82013a,Medium,DoS,Out of Gas,"An unbounded loop or operation that iterates over a user-controlled or growing array can exceed the block gas limit. As the array size grows, the transaction cost increases until the operation becomes impossible to execute, permanently blocking the affected functionality."
136,c20104cb90d7,Medium,DoS,Out of Gas,"An unbounded loop or operation that iterates over a user-controlled or growing array can exceed the block gas limit. As the array size grows, the transaction cost increases until the operation becomes impossible to execute, permanently blocking the affected functionality."
137,97843b77b287,High,Input Validation,Invalid Validation,"A critical function parameter or return value is not properly validated before use. The missing or incorrect validation allows an attacker to supply boundary values, zero addresses, or malformed inputs that bypass intended access checks or trigger unexpected execution paths. This can result in unauthorized state changes, asset theft, or invariant violations."
138,8a20eb1e521f,Medium,Input Validation,Invalid Validation,"A critical function parameter or return value is not properly validated before use. The missing or incorrect validation allows an attacker to supply boundary values, zero addresses, or malformed inputs that bypass intended access checks or trigger unexpected execution paths. This can result in unauthorized state changes, asset theft, or invariant violations."
139,198fa93fabdd,Medium,DoS,Bad Condition,"A reachable require or revert condition can be triggered by an attacker or by normal market conditions, causing core protocol functions to become permanently or indefinitely blocked. The denial-of-service prevents users from withdrawing funds, executing transactions, or otherwise interacting with the protocol."
140,40cc38c69cca,Medium,DoS,Bad Condition,"A reachable require or revert condition can be triggered by an attacker or by normal market conditions, causing core protocol functions to become permanently or indefinitely blocked. The denial-of-service prevents users from withdrawing funds, executing transactions, or otherwise interacting with the protocol."
141,198fa93fabdd,Medium,Arithmetic,Precision Loss,"Integer arithmetic performs division before multiplication or uses mismatched decimal precisions, causing significant rounding loss. Over multiple operations the accumulated truncation allows value to be silently dropped from accounting or extracted by users who exploit the rounding direction."
142,54405135ebf3,Medium,Arithmetic,Precision Loss,"Integer arithmetic performs division before multiplication or uses mismatched decimal precisions, causing significant rounding loss. Over multiple operations the accumulated truncation allows value to be silently dropped from accounting or extracted by users who exploit the rounding direction."
143,8a20eb1e521f,Medium,Arithmetic,Precision Loss,"Integer arithmetic performs division before multiplication or uses mismatched decimal precisions, causing significant rounding loss. Over multiple operations the accumulated truncation allows value to be silently dropped from accounting or extracted by users who exploit the rounding direction."
144,7bbe3d81960c,High,Input Validation,Invalid Validation,"A critical function parameter or return value is not properly validated before use. The missing or incorrect validation allows an attacker to supply boundary values, zero addresses, or malformed inputs that bypass intended access checks or trigger unexpected execution paths. This can result in unauthorized state changes, asset theft, or invariant violations."
145,ba93b3b8d7cf,High,Input Validation,Invalid Validation,"A critical function parameter or return value is not properly validated before use. The missing or incorrect validation allows an attacker to supply boundary values, zero addresses, or malformed inputs that bypass intended access checks or trigger unexpected execution paths. This can result in unauthorized state changes, asset theft, or invariant violations."
146,e7921851ec01,High,Input Validation,Invalid Validation,"A critical function parameter or return value is not properly validated before use. The missing or incorrect validation allows an attacker to supply boundary values, zero addresses, or malformed inputs that bypass intended access checks or trigger unexpected execution paths. This can result in unauthorized state changes, asset theft, or invariant violations."
147,9befb133ee74,Medium,Input Validation,Invalid Validation,"A critical function parameter or return value is not properly validated before use. The missing or incorrect validation allows an attacker to supply boundary values, zero addresses, or malformed inputs that bypass intended access checks or trigger unexpected execution paths. This can result in unauthorized state changes, asset theft, or invariant violations."
148,0315ba9d8121,Medium,Arithmetic,Precision Loss,"Integer arithmetic performs division before multiplication or uses mismatched decimal precisions, causing significant rounding loss. Over multiple operations the accumulated truncation allows value to be silently dropped from accounting or extracted by users who exploit the rounding direction."
149,1167ec3a176e,Medium,Arithmetic,Precision Loss,"Integer arithmetic performs division before multiplication or uses mismatched decimal precisions, causing significant rounding loss. Over multiple operations the accumulated truncation allows value to be silently dropped from accounting or extracted by users who exploit the rounding direction."
150,1d8f1f43cde9,Medium,DoS,Out of Gas,"An unbounded loop or operation that iterates over a user-controlled or growing array can exceed the block gas limit. As the array size grows, the transaction cost increases until the operation becomes impossible to execute, permanently blocking the affected functionality."
151,2c5e13b4e147,Medium,Arithmetic,Precision Loss,"Integer arithmetic performs division before multiplication or uses mismatched decimal precisions, causing significant rounding loss. Over multiple operations the accumulated truncation allows value to be silently dropped from accounting or extracted by users who exploit the rounding direction."
152,9cc1dc4ae06a,Medium,DoS,Out of Gas,"An unbounded loop or operation that iterates over a user-controlled or growing array can exceed the block gas limit. As the array size grows, the transaction cost increases until the operation becomes impossible to execute, permanently blocking the affected functionality."
153,b2a8c124d062,Medium,Arithmetic,Precision Loss,"Integer arithmetic performs division before multiplication or uses mismatched decimal precisions, causing significant rounding loss. Over multiple operations the accumulated truncation allows value to be silently dropped from accounting or extracted by users who exploit the rounding direction."
154,c2426a2ab283,Medium,DoS,Out of Gas,"An unbounded loop or operation that iterates over a user-controlled or growing array can exceed the block gas limit. As the array size grows, the transaction cost increases until the operation becomes impossible to execute, permanently blocking the affected functionality."
155,73f6a793d916,High,Input Validation,Invalid Validation,"A critical function parameter or return value is not properly validated before use. The missing or incorrect validation allows an attacker to supply boundary values, zero addresses, or malformed inputs that bypass intended access checks or trigger unexpected execution paths. This can result in unauthorized state changes, asset theft, or invariant violations."
156,e169bbefc6e2,High,Input Validation,Invalid Validation,"A critical function parameter or return value is not properly validated before use. The missing or incorrect validation allows an attacker to supply boundary values, zero addresses, or malformed inputs that bypass intended access checks or trigger unexpected execution paths. This can result in unauthorized state changes, asset theft, or invariant violations."
157,e0d2d83ea351,Medium,Input Validation,Invalid Validation,"A critical function parameter or return value is not properly validated before use. The missing or incorrect validation allows an attacker to supply boundary values, zero addresses, or malformed inputs that bypass intended access checks or trigger unexpected execution paths. This can result in unauthorized state changes, asset theft, or invariant violations."
158,afa60bc8003d,Medium,Accounting Error,State Update Inconsistency,"State variables tracking balances, shares, debt, or rewards are updated in an inconsistent order or with stale values. When a sequence of operations updates one variable without correspondingly updating a related variable, the protocol's internal accounting diverges from actual token balances, enabling value extraction or creating insolvency conditions."
159,af8e4af75dc2,Medium,Arithmetic,Precision Loss,"Integer arithmetic performs division before multiplication or uses mismatched decimal precisions, causing significant rounding loss. Over multiple operations the accumulated truncation allows value to be silently dropped from accounting or extracted by users who exploit the rounding direction."
160,a8884f87db1a,High,Input Validation,Invalid Validation,"A critical function parameter or return value is not properly validated before use. The missing or incorrect validation allows an attacker to supply boundary values, zero addresses, or malformed inputs that bypass intended access checks or trigger unexpected execution paths. This can result in unauthorized state changes, asset theft, or invariant violations."
161,fee749ecd513,High,Input Validation,Invalid Validation,"A critical function parameter or return value is not properly validated before use. The missing or incorrect validation allows an attacker to supply boundary values, zero addresses, or malformed inputs that bypass intended access checks or trigger unexpected execution paths. This can result in unauthorized state changes, asset theft, or invariant violations."
162,9470d2cf198f,Medium,Input Validation,Invalid Validation,"A critical function parameter or return value is not properly validated before use. The missing or incorrect validation allows an attacker to supply boundary values, zero addresses, or malformed inputs that bypass intended access checks or trigger unexpected execution paths. This can result in unauthorized state changes, asset theft, or invariant violations."
163,348856fe60ac,Medium,Arithmetic,Precision Loss,"Integer arithmetic performs division before multiplication or uses mismatched decimal precisions, causing significant rounding loss. Over multiple operations the accumulated truncation allows value to be silently dropped from accounting or extracted by users who exploit the rounding direction."
164,b155c4de6012,Medium,Arithmetic,Precision Loss,"Integer arithmetic performs division before multiplication or uses mismatched decimal precisions, causing significant rounding loss. Over multiple operations the accumulated truncation allows value to be silently dropped from accounting or extracted by users who exploit the rounding direction."
165,d562802cb53a,Medium,DoS,Out of Gas,"An unbounded loop or operation that iterates over a user-controlled or growing array can exceed the block gas limit. As the array size grows, the transaction cost increases until the operation becomes impossible to execute, permanently blocking the affected functionality."
166,dd17040a53bc,Medium,DoS,Out of Gas,"An unbounded loop or operation that iterates over a user-controlled or growing array can exceed the block gas limit. As the array size grows, the transaction cost increases until the operation becomes impossible to execute, permanently blocking the affected functionality."
167,e99e64a8abf1,Medium,DoS,Out of Gas,"An unbounded loop or operation that iterates over a user-controlled or growing array can exceed the block gas limit. As the array size grows, the transaction cost increases until the operation becomes impossible to execute, permanently blocking the affected functionality."
168,fa1836e0615e,High,Input Validation,Invalid Validation,"A critical function parameter or return value is not properly validated before use. The missing or incorrect validation allows an attacker to supply boundary values, zero addresses, or malformed inputs that bypass intended access checks or trigger unexpected execution paths. This can result in unauthorized state changes, asset theft, or invariant violations."
169,592eed5791df,Medium,Arithmetic,Precision Loss,"Integer arithmetic performs division before multiplication or uses mismatched decimal precisions, causing significant rounding loss. Over multiple operations the accumulated truncation allows value to be silently dropped from accounting or extracted by users who exploit the rounding direction."
170,804fe35b0164,Medium,Arithmetic,Precision Loss,"Integer arithmetic performs division before multiplication or uses mismatched decimal precisions, causing significant rounding loss. Over multiple operations the accumulated truncation allows value to be silently dropped from accounting or extracted by users who exploit the rounding direction."
171,98b7c1691811,Medium,Arithmetic,Precision Loss,"Integer arithmetic performs division before multiplication or uses mismatched decimal precisions, causing significant rounding loss. Over multiple operations the accumulated truncation allows value to be silently dropped from accounting or extracted by users who exploit the rounding direction."
172,a1ee58021528,Medium,DoS,Out of Gas,"An unbounded loop or operation that iterates over a user-controlled or growing array can exceed the block gas limit. As the array size grows, the transaction cost increases until the operation becomes impossible to execute, permanently blocking the affected functionality."
173,b7fc4d82013a,Medium,Arithmetic,Precision Loss,"Integer arithmetic performs division before multiplication or uses mismatched decimal precisions, causing significant rounding loss. Over multiple operations the accumulated truncation allows value to be silently dropped from accounting or extracted by users who exploit the rounding direction."
174,c20104cb90d7,Medium,Arithmetic,Precision Loss,"Integer arithmetic performs division before multiplication or uses mismatched decimal precisions, causing significant rounding loss. Over multiple operations the accumulated truncation allows value to be silently dropped from accounting or extracted by users who exploit the rounding direction."
175,485f7b9ccb0a,Medium,Accounting Error,State Update Inconsistency,"State variables tracking balances, shares, debt, or rewards are updated in an inconsistent order or with stale values. When a sequence of operations updates one variable without correspondingly updating a related variable, the protocol's internal accounting diverges from actual token balances, enabling value extraction or creating insolvency conditions."
176,03196f805abb,High,Input Validation,Invalid Validation,"A critical function parameter or return value is not properly validated before use. The missing or incorrect validation allows an attacker to supply boundary values, zero addresses, or malformed inputs that bypass intended access checks or trigger unexpected execution paths. This can result in unauthorized state changes, asset theft, or invariant violations."
177,9ddd6b83c27e,High,Input Validation,Invalid Validation,"A critical function parameter or return value is not properly validated before use. The missing or incorrect validation allows an attacker to supply boundary values, zero addresses, or malformed inputs that bypass intended access checks or trigger unexpected execution paths. This can result in unauthorized state changes, asset theft, or invariant violations."
178,7100a75d6ebd,Medium,Input Validation,Invalid Validation,"A critical function parameter or return value is not properly validated before use. The missing or incorrect validation allows an attacker to supply boundary values, zero addresses, or malformed inputs that bypass intended access checks or trigger unexpected execution paths. This can result in unauthorized state changes, asset theft, or invariant violations."
179,b155c4de6012,Medium,DoS,Bad Condition,"A reachable require or revert condition can be triggered by an attacker or by normal market conditions, causing core protocol functions to become permanently or indefinitely blocked. The denial-of-service prevents users from withdrawing funds, executing transactions, or otherwise interacting with the protocol."
180,a4d91fb1550f,Medium,Accounting Error,State Update Inconsistency,"State variables tracking balances, shares, debt, or rewards are updated in an inconsistent order or with stale values. When a sequence of operations updates one variable without correspondingly updating a related variable, the protocol's internal accounting diverges from actual token balances, enabling value extraction or creating insolvency conditions."
181,1d8f1f43cde9,Medium,Arithmetic,Precision Loss,"Integer arithmetic performs division before multiplication or uses mismatched decimal precisions, causing significant rounding loss. Over multiple operations the accumulated truncation allows value to be silently dropped from accounting or extracted by users who exploit the rounding direction."
182,9cc1dc4ae06a,Medium,Arithmetic,Precision Loss,"Integer arithmetic performs division before multiplication or uses mismatched decimal precisions, causing significant rounding loss. Over multiple operations the accumulated truncation allows value to be silently dropped from accounting or extracted by users who exploit the rounding direction."
183,c2426a2ab283,Medium,Arithmetic,Precision Loss,"Integer arithmetic performs division before multiplication or uses mismatched decimal precisions, causing significant rounding loss. Over multiple operations the accumulated truncation allows value to be silently dropped from accounting or extracted by users who exploit the rounding direction."
184,e7921851ec01,Medium,DoS,Out of Gas,"An unbounded loop or operation that iterates over a user-controlled or growing array can exceed the block gas limit. As the array size grows, the transaction cost increases until the operation becomes impossible to execute, permanently blocking the affected functionality."
185,4ef0b4d678ab,High,Input Validation,Invalid Validation,"A critical function parameter or return value is not properly validated before use. The missing or incorrect validation allows an attacker to supply boundary values, zero addresses, or malformed inputs that bypass intended access checks or trigger unexpected execution paths. This can result in unauthorized state changes, asset theft, or invariant violations."
186,8f18f7d5c396,High,Input Validation,Invalid Validation,"A critical function parameter or return value is not properly validated before use. The missing or incorrect validation allows an attacker to supply boundary values, zero addresses, or malformed inputs that bypass intended access checks or trigger unexpected execution paths. This can result in unauthorized state changes, asset theft, or invariant violations."
187,a3e15237ea08,High,Input Validation,Invalid Validation,"A critical function parameter or return value is not properly validated before use. The missing or incorrect validation allows an attacker to supply boundary values, zero addresses, or malformed inputs that bypass intended access checks or trigger unexpected execution paths. This can result in unauthorized state changes, asset theft, or invariant violations."
188,103f39b0f29b,Medium,Input Validation,Invalid Validation,"A critical function parameter or return value is not properly validated before use. The missing or incorrect validation allows an attacker to supply boundary values, zero addresses, or malformed inputs that bypass intended access checks or trigger unexpected execution paths. This can result in unauthorized state changes, asset theft, or invariant violations."
189,51c6dc5fd57f,Medium,Input Validation,Invalid Validation,"A critical function parameter or return value is not properly validated before use. The missing or incorrect validation allows an attacker to supply boundary values, zero addresses, or malformed inputs that bypass intended access checks or trigger unexpected execution paths. This can result in unauthorized state changes, asset theft, or invariant violations."
190,1167ec3a176e,Medium,DoS,Bad Condition,"A reachable require or revert condition can be triggered by an attacker or by normal market conditions, causing core protocol functions to become permanently or indefinitely blocked. The denial-of-service prevents users from withdrawing funds, executing transactions, or otherwise interacting with the protocol."
191,bb3018c8812c,Medium,DoS,Bad Condition,"A reachable require or revert condition can be triggered by an attacker or by normal market conditions, causing core protocol functions to become permanently or indefinitely blocked. The denial-of-service prevents users from withdrawing funds, executing transactions, or otherwise interacting with the protocol."
192,73f6a793d916,Medium,DoS,Out of Gas,"An unbounded loop or operation that iterates over a user-controlled or growing array can exceed the block gas limit. As the array size grows, the transaction cost increases until the operation becomes impossible to execute, permanently blocking the affected functionality."
193,e169bbefc6e2,Medium,DoS,Out of Gas,"An unbounded loop or operation that iterates over a user-controlled or growing array can exceed the block gas limit. As the array size grows, the transaction cost increases until the operation becomes impossible to execute, permanently blocking the affected functionality."
194,a8884f87db1a,Medium,DoS,Out of Gas,"An unbounded loop or operation that iterates over a user-controlled or growing array can exceed the block gas limit. As the array size grows, the transaction cost increases until the operation becomes impossible to execute, permanently blocking the affected functionality."
195,d562802cb53a,Medium,Arithmetic,Precision Loss,"Integer arithmetic performs division before multiplication or uses mismatched decimal precisions, causing significant rounding loss. Over multiple operations the accumulated truncation allows value to be silently dropped from accounting or extracted by users who exploit the rounding direction."
196,dd17040a53bc,Medium,Arithmetic,Precision Loss,"Integer arithmetic performs division before multiplication or uses mismatched decimal precisions, causing significant rounding loss. Over multiple operations the accumulated truncation allows value to be silently dropped from accounting or extracted by users who exploit the rounding direction."
197,e99e64a8abf1,Medium,Arithmetic,Precision Loss,"Integer arithmetic performs division before multiplication or uses mismatched decimal precisions, causing significant rounding loss. Over multiple operations the accumulated truncation allows value to be silently dropped from accounting or extracted by users who exploit the rounding direction."
198,fee749ecd513,Medium,DoS,Out of Gas,"An unbounded loop or operation that iterates over a user-controlled or growing array can exceed the block gas limit. As the array size grows, the transaction cost increases until the operation becomes impossible to execute, permanently blocking the affected functionality."
199,a1ee58021528,Medium,Arithmetic,Precision Loss,"Integer arithmetic performs division before multiplication or uses mismatched decimal precisions, causing significant rounding loss. Over multiple operations the accumulated truncation allows value to be silently dropped from accounting or extracted by users who exploit the rounding direction."
200,d9b35c0c87a4,Medium,DoS,Bad Condition,"A reachable require or revert condition can be triggered by an attacker or by normal market conditions, causing core protocol functions to become permanently or indefinitely blocked. The denial-of-service prevents users from withdrawing funds, executing transactions, or otherwise interacting with the protocol."
201,9befb133ee74,Medium,Accounting Error,State Update Inconsistency,"State variables tracking balances, shares, debt, or rewards are updated in an inconsistent order or with stale values. When a sequence of operations updates one variable without correspondingly updating a related variable, the protocol's internal accounting diverges from actual token balances, enabling value extraction or creating insolvency conditions."
202,97843b77b287,Medium,Arithmetic,Precision Loss,"Integer arithmetic performs division before multiplication or uses mismatched decimal precisions, causing significant rounding loss. Over multiple operations the accumulated truncation allows value to be silently dropped from accounting or extracted by users who exploit the rounding direction."
203,099243e83259,High,Input Validation,Invalid Validation,"A critical function parameter or return value is not properly validated before use. The missing or incorrect validation allows an attacker to supply boundary values, zero addresses, or malformed inputs that bypass intended access checks or trigger unexpected execution paths. This can result in unauthorized state changes, asset theft, or invariant violations."
204,348856fe60ac,Medium,Access Control,Centralization Risk,"A privileged function can be called by a single admin key without time-lock, multi-sig, or governance approval. A compromised or malicious owner can change critical parameters, pause operations indefinitely, drain funds, or alter protocol mechanics in ways that harm users with no on-chain recourse or warning period."
205,b155c4de6012,Medium,Access Control,Centralization Risk,"A privileged function can be called by a single admin key without time-lock, multi-sig, or governance approval. A compromised or malicious owner can change critical parameters, pause operations indefinitely, drain funds, or alter protocol mechanics in ways that harm users with no on-chain recourse or warning period."
206,e0d2d83ea351,Medium,Accounting Error,State Update Inconsistency,"State variables tracking balances, shares, debt, or rewards are updated in an inconsistent order or with stale values. When a sequence of operations updates one variable without correspondingly updating a related variable, the protocol's internal accounting diverges from actual token balances, enabling value extraction or creating insolvency conditions."
207,7bbe3d81960c,Medium,Arithmetic,Precision Loss,"Integer arithmetic performs division before multiplication or uses mismatched decimal precisions, causing significant rounding loss. Over multiple operations the accumulated truncation allows value to be silently dropped from accounting or extracted by users who exploit the rounding direction."
208,9ddd6b83c27e,Medium,DoS,Out of Gas,"An unbounded loop or operation that iterates over a user-controlled or growing array can exceed the block gas limit. As the array size grows, the transaction cost increases until the operation becomes impossible to execute, permanently blocking the affected functionality."
209,ba93b3b8d7cf,Medium,Arithmetic,Precision Loss,"Integer arithmetic performs division before multiplication or uses mismatched decimal precisions, causing significant rounding loss. Over multiple operations the accumulated truncation allows value to be silently dropped from accounting or extracted by users who exploit the rounding direction."
210,e7921851ec01,Medium,Arithmetic,Precision Loss,"Integer arithmetic performs division before multiplication or uses mismatched decimal precisions, causing significant rounding loss. Over multiple operations the accumulated truncation allows value to be silently dropped from accounting or extracted by users who exploit the rounding direction."
211,40cc38c69cca,High,Input Validation,Invalid Validation,"A critical function parameter or return value is not properly validated before use. The missing or incorrect validation allows an attacker to supply boundary values, zero addresses, or malformed inputs that bypass intended access checks or trigger unexpected execution paths. This can result in unauthorized state changes, asset theft, or invariant violations."
212,c20104cb90d7,Medium,Access Control,Centralization Risk,"A privileged function can be called by a single admin key without time-lock, multi-sig, or governance approval. A compromised or malicious owner can change critical parameters, pause operations indefinitely, drain funds, or alter protocol mechanics in ways that harm users with no on-chain recourse or warning period."
213,54405135ebf3,Medium,DoS,Bad Condition,"A reachable require or revert condition can be triggered by an attacker or by normal market conditions, causing core protocol functions to become permanently or indefinitely blocked. The denial-of-service prevents users from withdrawing funds, executing transactions, or otherwise interacting with the protocol."
214,9470d2cf198f,Medium,Accounting Error,State Update Inconsistency,"State variables tracking balances, shares, debt, or rewards are updated in an inconsistent order or with stale values. When a sequence of operations updates one variable without correspondingly updating a related variable, the protocol's internal accounting diverges from actual token balances, enabling value extraction or creating insolvency conditions."
215,4ef0b4d678ab,Medium,DoS,Out of Gas,"An unbounded loop or operation that iterates over a user-controlled or growing array can exceed the block gas limit. As the array size grows, the transaction cost increases until the operation becomes impossible to execute, permanently blocking the affected functionality."
216,73f6a793d916,Medium,Arithmetic,Precision Loss,"Integer arithmetic performs division before multiplication or uses mismatched decimal precisions, causing significant rounding loss. Over multiple operations the accumulated truncation allows value to be silently dropped from accounting or extracted by users who exploit the rounding direction."
217,8f18f7d5c396,Medium,DoS,Out of Gas,"An unbounded loop or operation that iterates over a user-controlled or growing array can exceed the block gas limit. As the array size grows, the transaction cost increases until the operation becomes impossible to execute, permanently blocking the affected functionality."
218,a3e15237ea08,Medium,DoS,Out of Gas,"An unbounded loop or operation that iterates over a user-controlled or growing array can exceed the block gas limit. As the array size grows, the transaction cost increases until the operation becomes impossible to execute, permanently blocking the affected functionality."
219,e169bbefc6e2,Medium,Arithmetic,Precision Loss,"Integer arithmetic performs division before multiplication or uses mismatched decimal precisions, causing significant rounding loss. Over multiple operations the accumulated truncation allows value to be silently dropped from accounting or extracted by users who exploit the rounding direction."
220,4ef0b4d678ab,Medium,Accounting Error,State Update Inconsistency,"State variables tracking balances, shares, debt, or rewards are updated in an inconsistent order or with stale values. When a sequence of operations updates one variable without correspondingly updating a related variable, the protocol's internal accounting diverges from actual token balances, enabling value extraction or creating insolvency conditions."
221,a8884f87db1a,Medium,Arithmetic,Precision Loss,"Integer arithmetic performs division before multiplication or uses mismatched decimal precisions, causing significant rounding loss. Over multiple operations the accumulated truncation allows value to be silently dropped from accounting or extracted by users who exploit the rounding direction."
222,fee749ecd513,Medium,Arithmetic,Precision Loss,"Integer arithmetic performs division before multiplication or uses mismatched decimal precisions, causing significant rounding loss. Over multiple operations the accumulated truncation allows value to be silently dropped from accounting or extracted by users who exploit the rounding direction."
223,9cc1dc4ae06a,Medium,Access Control,Centralization Risk,"A privileged function can be called by a single admin key without time-lock, multi-sig, or governance approval. A compromised or malicious owner can change critical parameters, pause operations indefinitely, drain funds, or alter protocol mechanics in ways that harm users with no on-chain recourse or warning period."
224,c2426a2ab283,Medium,Access Control,Centralization Risk,"A privileged function can be called by a single admin key without time-lock, multi-sig, or governance approval. A compromised or malicious owner can change critical parameters, pause operations indefinitely, drain funds, or alter protocol mechanics in ways that harm users with no on-chain recourse or warning period."
225,fa1836e0615e,Medium,Arithmetic,Precision Loss,"Integer arithmetic performs division before multiplication or uses mismatched decimal precisions, causing significant rounding loss. Over multiple operations the accumulated truncation allows value to be silently dropped from accounting or extracted by users who exploit the rounding direction."
226,ee25ec7abd40,High,Input Validation,Invalid Validation,"A critical function parameter or return value is not properly validated before use. The missing or incorrect validation allows an attacker to supply boundary values, zero addresses, or malformed inputs that bypass intended access checks or trigger unexpected execution paths. This can result in unauthorized state changes, asset theft, or invariant violations."
227,7100a75d6ebd,Medium,Accounting Error,State Update Inconsistency,"State variables tracking balances, shares, debt, or rewards are updated in an inconsistent order or with stale values. When a sequence of operations updates one variable without correspondingly updating a related variable, the protocol's internal accounting diverges from actual token balances, enabling value extraction or creating insolvency conditions."
228,d562802cb53a,Medium,Access Control,Centralization Risk,"A privileged function can be called by a single admin key without time-lock, multi-sig, or governance approval. A compromised or malicious owner can change critical parameters, pause operations indefinitely, drain funds, or alter protocol mechanics in ways that harm users with no on-chain recourse or warning period."
229,dd17040a53bc,Medium,Access Control,Centralization Risk,"A privileged function can be called by a single admin key without time-lock, multi-sig, or governance approval. A compromised or malicious owner can change critical parameters, pause operations indefinitely, drain funds, or alter protocol mechanics in ways that harm users with no on-chain recourse or warning period."
230,e99e64a8abf1,Medium,Access Control,Centralization Risk,"A privileged function can be called by a single admin key without time-lock, multi-sig, or governance approval. A compromised or malicious owner can change critical parameters, pause operations indefinitely, drain funds, or alter protocol mechanics in ways that harm users with no on-chain recourse or warning period."
231,afa60bc8003d,Medium,DoS,Bad Condition,"A reachable require or revert condition can be triggered by an attacker or by normal market conditions, causing core protocol functions to become permanently or indefinitely blocked. The denial-of-service prevents users from withdrawing funds, executing transactions, or otherwise interacting with the protocol."
232,03196f805abb,Medium,Arithmetic,Precision Loss,"Integer arithmetic performs division before multiplication or uses mismatched decimal precisions, causing significant rounding loss. Over multiple operations the accumulated truncation allows value to be silently dropped from accounting or extracted by users who exploit the rounding direction."
233,27c6f2a68058,Medium,DoS,Out of Gas,"An unbounded loop or operation that iterates over a user-controlled or growing array can exceed the block gas limit. As the array size grows, the transaction cost increases until the operation becomes impossible to execute, permanently blocking the affected functionality."
234,9ddd6b83c27e,Medium,Arithmetic,Precision Loss,"Integer arithmetic performs division before multiplication or uses mismatched decimal precisions, causing significant rounding loss. Over multiple operations the accumulated truncation allows value to be silently dropped from accounting or extracted by users who exploit the rounding direction."
235,4ef0b4d678ab,Medium,Arithmetic,Precision Loss,"Integer arithmetic performs division before multiplication or uses mismatched decimal precisions, causing significant rounding loss. Over multiple operations the accumulated truncation allows value to be silently dropped from accounting or extracted by users who exploit the rounding direction."
236,51c6dc5fd57f,Medium,DoS,Out of Gas,"An unbounded loop or operation that iterates over a user-controlled or growing array can exceed the block gas limit. As the array size grows, the transaction cost increases until the operation becomes impossible to execute, permanently blocking the affected functionality."
237,8f18f7d5c396,Medium,Arithmetic,Precision Loss,"Integer arithmetic performs division before multiplication or uses mismatched decimal precisions, causing significant rounding loss. Over multiple operations the accumulated truncation allows value to be silently dropped from accounting or extracted by users who exploit the rounding direction."
238,a3e15237ea08,Medium,Arithmetic,Precision Loss,"Integer arithmetic performs division before multiplication or uses mismatched decimal precisions, causing significant rounding loss. Over multiple operations the accumulated truncation allows value to be silently dropped from accounting or extracted by users who exploit the rounding direction."
239,ee25ec7abd40,Medium,DoS,Out of Gas,"An unbounded loop or operation that iterates over a user-controlled or growing array can exceed the block gas limit. As the array size grows, the transaction cost increases until the operation becomes impossible to execute, permanently blocking the affected functionality."
240,e0d2d83ea351,Medium,DoS,Out of Gas,"An unbounded loop or operation that iterates over a user-controlled or growing array can exceed the block gas limit. As the array size grows, the transaction cost increases until the operation becomes impossible to execute, permanently blocking the affected functionality."
241,e7921851ec01,Medium,Access Control,Centralization Risk,"A privileged function can be called by a single admin key without time-lock, multi-sig, or governance approval. A compromised or malicious owner can change critical parameters, pause operations indefinitely, drain funds, or alter protocol mechanics in ways that harm users with no on-chain recourse or warning period."
242,485f7b9ccb0a,Medium,DoS,Bad Condition,"A reachable require or revert condition can be triggered by an attacker or by normal market conditions, causing core protocol functions to become permanently or indefinitely blocked. The denial-of-service prevents users from withdrawing funds, executing transactions, or otherwise interacting with the protocol."
243,e6e43dfea59f,Medium,Arithmetic,Precision Loss,"Integer arithmetic performs division before multiplication or uses mismatched decimal precisions, causing significant rounding loss. Over multiple operations the accumulated truncation allows value to be silently dropped from accounting or extracted by users who exploit the rounding direction."
244,73f6a793d916,Medium,Access Control,Centralization Risk,"A privileged function can be called by a single admin key without time-lock, multi-sig, or governance approval. A compromised or malicious owner can change critical parameters, pause operations indefinitely, drain funds, or alter protocol mechanics in ways that harm users with no on-chain recourse or warning period."
245,e169bbefc6e2,Medium,Access Control,Centralization Risk,"A privileged function can be called by a single admin key without time-lock, multi-sig, or governance approval. A compromised or malicious owner can change critical parameters, pause operations indefinitely, drain funds, or alter protocol mechanics in ways that harm users with no on-chain recourse or warning period."
246,a4d91fb1550f,Medium,DoS,Bad Condition,"A reachable require or revert condition can be triggered by an attacker or by normal market conditions, causing core protocol functions to become permanently or indefinitely blocked. The denial-of-service prevents users from withdrawing funds, executing transactions, or otherwise interacting with the protocol."
247,a8884f87db1a,Medium,Access Control,Centralization Risk,"A privileged function can be called by a single admin key without time-lock, multi-sig, or governance approval. A compromised or malicious owner can change critical parameters, pause operations indefinitely, drain funds, or alter protocol mechanics in ways that harm users with no on-chain recourse or warning period."
248,fee749ecd513,Medium,Access Control,Centralization Risk,"A privileged function can be called by a single admin key without time-lock, multi-sig, or governance approval. A compromised or malicious owner can change critical parameters, pause operations indefinitely, drain funds, or alter protocol mechanics in ways that harm users with no on-chain recourse or warning period."
249,099243e83259,Medium,Arithmetic,Precision Loss,"Integer arithmetic performs division before multiplication or uses mismatched decimal precisions, causing significant rounding loss. Over multiple operations the accumulated truncation allows value to be silently dropped from accounting or extracted by users who exploit the rounding direction."
250,d9b35c0c87a4,High,Input Validation,Invalid Validation,"A critical function parameter or return value is not properly validated before use. The missing or incorrect validation allows an attacker to supply boundary values, zero addresses, or malformed inputs that bypass intended access checks or trigger unexpected execution paths. This can result in unauthorized state changes, asset theft, or invariant violations."
251,099243e83259,Medium,DoS,Out of Gas,"An unbounded loop or operation that iterates over a user-controlled or growing array can exceed the block gas limit. As the array size grows, the transaction cost increases until the operation becomes impossible to execute, permanently blocking the affected functionality."
252,40cc38c69cca,Medium,Arithmetic,Precision Loss,"Integer arithmetic performs division before multiplication or uses mismatched decimal precisions, causing significant rounding loss. Over multiple operations the accumulated truncation allows value to be silently dropped from accounting or extracted by users who exploit the rounding direction."
253,8a20eb1e521f,Medium,DoS,Bad Condition,"A reachable require or revert condition can be triggered by an attacker or by normal market conditions, causing core protocol functions to become permanently or indefinitely blocked. The denial-of-service prevents users from withdrawing funds, executing transactions, or otherwise interacting with the protocol."
254,9ddd6b83c27e,Medium,Access Control,Centralization Risk,"A privileged function can be called by a single admin key without time-lock, multi-sig, or governance approval. A compromised or malicious owner can change critical parameters, pause operations indefinitely, drain funds, or alter protocol mechanics in ways that harm users with no on-chain recourse or warning period."
255,9befb133ee74,Medium,DoS,Bad Condition,"A reachable require or revert condition can be triggered by an attacker or by normal market conditions, causing core protocol functions to become permanently or indefinitely blocked. The denial-of-service prevents users from withdrawing funds, executing transactions, or otherwise interacting with the protocol."
256,27c6f2a68058,High,Input Validation,Invalid Validation,"A critical function parameter or return value is not properly validated before use. The missing or incorrect validation allows an attacker to supply boundary values, zero addresses, or malformed inputs that bypass intended access checks or trigger unexpected execution paths. This can result in unauthorized state changes, asset theft, or invariant violations."
257,4ef0b4d678ab,Medium,Access Control,Centralization Risk,"A privileged function can be called by a single admin key without time-lock, multi-sig, or governance approval. A compromised or malicious owner can change critical parameters, pause operations indefinitely, drain funds, or alter protocol mechanics in ways that harm users with no on-chain recourse or warning period."
258,8f18f7d5c396,Medium,Access Control,Centralization Risk,"A privileged function can be called by a single admin key without time-lock, multi-sig, or governance approval. A compromised or malicious owner can change critical parameters, pause operations indefinitely, drain funds, or alter protocol mechanics in ways that harm users with no on-chain recourse or warning period."
259,a3e15237ea08,Medium,Access Control,Centralization Risk,"A privileged function can be called by a single admin key without time-lock, multi-sig, or governance approval. A compromised or malicious owner can change critical parameters, pause operations indefinitely, drain funds, or alter protocol mechanics in ways that harm users with no on-chain recourse or warning period."
260,ee25ec7abd40,Medium,Arithmetic,Precision Loss,"Integer arithmetic performs division before multiplication or uses mismatched decimal precisions, causing significant rounding loss. Over multiple operations the accumulated truncation allows value to be silently dropped from accounting or extracted by users who exploit the rounding direction."
261,9470d2cf198f,Medium,DoS,Bad Condition,"A reachable require or revert condition can be triggered by an attacker or by normal market conditions, causing core protocol functions to become permanently or indefinitely blocked. The denial-of-service prevents users from withdrawing funds, executing transactions, or otherwise interacting with the protocol."
262,afa60bc8003d,High,Input Validation,Invalid Validation,"A critical function parameter or return value is not properly validated before use. The missing or incorrect validation allows an attacker to supply boundary values, zero addresses, or malformed inputs that bypass intended access checks or trigger unexpected execution paths. This can result in unauthorized state changes, asset theft, or invariant violations."
263,27c6f2a68058,Medium,Governance,Bad Condition,"A governance proposal validation condition is incorrect, allowing invalid proposals to pass or preventing valid proposals from executing. An attacker can craft a proposal that bypasses intended safety checks, or legitimate governance actions may be permanently blocked by an over-restrictive condition."
264,485f7b9ccb0a,Medium,Logic Error,Implementation Error,"The implementation of a key protocol function deviates from the intended specification. The divergence between the intended logic and the actual code creates an exploitable gap where an attacker can trigger incorrect state transitions, bypass invariants, or cause the protocol to behave in an unintended way under specific conditions."
265,7100a75d6ebd,Medium,ERC20,Fee On Transfer Token,"Token integration logic does not account for fee-on-transfer tokens that deliver less to the recipient than the amount specified in the transfer call. The protocol records the full transfer amount but receives fewer tokens, causing accounting to overstate balances and enabling extraction of the discrepancy."
266,9470d2cf198f,Medium,ERC20,Fee On Transfer Token,"Token integration logic does not account for fee-on-transfer tokens that deliver less to the recipient than the amount specified in the transfer call. The protocol records the full transfer amount but receives fewer tokens, causing accounting to overstate balances and enabling extraction of the discrepancy."
267,9befb133ee74,Medium,Logic Error,Implementation Error,"The implementation of a key protocol function deviates from the intended specification. The divergence between the intended logic and the actual code creates an exploitable gap where an attacker can trigger incorrect state transitions, bypass invariants, or cause the protocol to behave in an unintended way under specific conditions."
268,afa60bc8003d,Medium,ERC20,Fee On Transfer Token,"Token integration logic does not account for fee-on-transfer tokens that deliver less to the recipient than the amount specified in the transfer call. The protocol records the full transfer amount but receives fewer tokens, causing accounting to overstate balances and enabling extraction of the discrepancy."
269,e6e43dfea59f,Medium,"DoS, Input Validation",Invalid Validation,"A critical parameter, return value, or address is not properly validated before use in a security-sensitive operation. Missing or incorrect validation allows an attacker to supply out-of-range, zero, or specially crafted inputs that bypass access controls or corrupt state."
270,af8e4af75dc2,Medium,DoS,Bad Condition,"A reachable require or revert condition can be triggered by an attacker or by normal market conditions, causing core protocol functions to become permanently or indefinitely blocked. The denial-of-service prevents users from withdrawing funds, executing transactions, or otherwise interacting with the protocol."
271,103f39b0f29b,Medium,ERC20,Fee On Transfer Token,"Token integration logic does not account for fee-on-transfer tokens that deliver less to the recipient than the amount specified in the transfer call. The protocol records the full transfer amount but receives fewer tokens, causing accounting to overstate balances and enabling extraction of the discrepancy."
272,51c6dc5fd57f,Medium,Governance,Bad Condition,"A governance proposal validation condition is incorrect, allowing invalid proposals to pass or preventing valid proposals from executing. An attacker can craft a proposal that bypasses intended safety checks, or legitimate governance actions may be permanently blocked by an over-restrictive condition."
273,a4d91fb1550f,Medium,Logic Error,Implementation Error,"The implementation of a key protocol function deviates from the intended specification. The divergence between the intended logic and the actual code creates an exploitable gap where an attacker can trigger incorrect state transitions, bypass invariants, or cause the protocol to behave in an unintended way under specific conditions."
274,bb3018c8812c,Medium,ERC20,Fee On Transfer Token,"Token integration logic does not account for fee-on-transfer tokens that deliver less to the recipient than the amount specified in the transfer call. The protocol records the full transfer amount but receives fewer tokens, causing accounting to overstate balances and enabling extraction of the discrepancy."
275,d9b35c0c87a4,Medium,Logic Error,Implementation Error,"The implementation of a key protocol function deviates from the intended specification. The divergence between the intended logic and the actual code creates an exploitable gap where an attacker can trigger incorrect state transitions, bypass invariants, or cause the protocol to behave in an unintended way under specific conditions."
276,27c6f2a68058,Medium,Access Control,Centralization Risk,"A privileged function can be called by a single admin key without time-lock, multi-sig, or governance approval. A compromised or malicious owner can change critical parameters, pause operations indefinitely, drain funds, or alter protocol mechanics in ways that harm users with no on-chain recourse or warning period."
277,bb3018c8812c,Medium,Arithmetic,Precision Loss,"Integer arithmetic performs division before multiplication or uses mismatched decimal precisions, causing significant rounding loss. Over multiple operations the accumulated truncation allows value to be silently dropped from accounting or extracted by users who exploit the rounding direction."
278,27c6f2a68058,Medium,Reentrancy,Violating CEI / Missing nonReentrant,"External call is executed before state variables are updated, violating the Checks-Effects-Interactions pattern. Without a nonReentrant guard, an attacker can reenter the function through a fallback or receive callback before the balance or accounting update completes, allowing the same funds to be withdrawn or processed multiple times. This results in fund drainage or corrupted protocol state."
279,40cc38c69cca,Medium,ERC20,Fee On Transfer Token,"Token integration logic does not account for fee-on-transfer tokens that deliver less to the recipient than the amount specified in the transfer call. The protocol records the full transfer amount but receives fewer tokens, causing accounting to overstate balances and enabling extraction of the discrepancy."
280,7100a75d6ebd,Medium,Logic Error,Implementation Error,"The implementation of a key protocol function deviates from the intended specification. The divergence between the intended logic and the actual code creates an exploitable gap where an attacker can trigger incorrect state transitions, bypass invariants, or cause the protocol to behave in an unintended way under specific conditions."
281,9470d2cf198f,Medium,Logic Error,Implementation Error,"The implementation of a key protocol function deviates from the intended specification. The divergence between the intended logic and the actual code creates an exploitable gap where an attacker can trigger incorrect state transitions, bypass invariants, or cause the protocol to behave in an unintended way under specific conditions."
282,afa60bc8003d,Medium,Logic Error,Implementation Error,"The implementation of a key protocol function deviates from the intended specification. The divergence between the intended logic and the actual code creates an exploitable gap where an attacker can trigger incorrect state transitions, bypass invariants, or cause the protocol to behave in an unintended way under specific conditions."
283,e0d2d83ea351,Medium,Governance,Bad Condition,"A governance proposal validation condition is incorrect, allowing invalid proposals to pass or preventing valid proposals from executing. An attacker can craft a proposal that bypasses intended safety checks, or legitimate governance actions may be permanently blocked by an over-restrictive condition."
284,e6e43dfea59f,Medium,ERC20,Fee On Transfer Token,"Token integration logic does not account for fee-on-transfer tokens that deliver less to the recipient than the amount specified in the transfer call. The protocol records the full transfer amount but receives fewer tokens, causing accounting to overstate balances and enabling extraction of the discrepancy."
285,51c6dc5fd57f,Medium,Access Control,Centralization Risk,"A privileged function can be called by a single admin key without time-lock, multi-sig, or governance approval. A compromised or malicious owner can change critical parameters, pause operations indefinitely, drain funds, or alter protocol mechanics in ways that harm users with no on-chain recourse or warning period."
286,ee25ec7abd40,Medium,Access Control,Centralization Risk,"A privileged function can be called by a single admin key without time-lock, multi-sig, or governance approval. A compromised or malicious owner can change critical parameters, pause operations indefinitely, drain funds, or alter protocol mechanics in ways that harm users with no on-chain recourse or warning period."
287,1167ec3a176e,Medium,DoS,Out of Gas,"An unbounded loop or operation that iterates over a user-controlled or growing array can exceed the block gas limit. As the array size grows, the transaction cost increases until the operation becomes impossible to execute, permanently blocking the affected functionality."
288,099243e83259,Medium,ERC20,Fee On Transfer Token,"Token integration logic does not account for fee-on-transfer tokens that deliver less to the recipient than the amount specified in the transfer call. The protocol records the full transfer amount but receives fewer tokens, causing accounting to overstate balances and enabling extraction of the discrepancy."
289,103f39b0f29b,Medium,Logic Error,Implementation Error,"The implementation of a key protocol function deviates from the intended specification. The divergence between the intended logic and the actual code creates an exploitable gap where an attacker can trigger incorrect state transitions, bypass invariants, or cause the protocol to behave in an unintended way under specific conditions."
290,51c6dc5fd57f,Medium,Reentrancy,Violating CEI / Missing nonReentrant,"External call is executed before state variables are updated, violating the Checks-Effects-Interactions pattern. Without a nonReentrant guard, an attacker can reenter the function through a fallback or receive callback before the balance or accounting update completes, allowing the same funds to be withdrawn or processed multiple times. This results in fund drainage or corrupted protocol state."
291,7b5e1803022e,Medium,Governance,Bad Condition,"A governance proposal validation condition is incorrect, allowing invalid proposals to pass or preventing valid proposals from executing. An attacker can craft a proposal that bypasses intended safety checks, or legitimate governance actions may be permanently blocked by an over-restrictive condition."
292,ee25ec7abd40,Medium,Reentrancy,Violating CEI / Missing nonReentrant,"External call is executed before state variables are updated, violating the Checks-Effects-Interactions pattern. Without a nonReentrant guard, an attacker can reenter the function through a fallback or receive callback before the balance or accounting update completes, allowing the same funds to be withdrawn or processed multiple times. This results in fund drainage or corrupted protocol state."
293,2c5e13b4e147,Medium,Access Control,Centralization Risk,"A privileged function can be called by a single admin key without time-lock, multi-sig, or governance approval. A compromised or malicious owner can change critical parameters, pause operations indefinitely, drain funds, or alter protocol mechanics in ways that harm users with no on-chain recourse or warning period."
294,40cc38c69cca,Medium,Logic Error,Implementation Error,"The implementation of a key protocol function deviates from the intended specification. The divergence between the intended logic and the actual code creates an exploitable gap where an attacker can trigger incorrect state transitions, bypass invariants, or cause the protocol to behave in an unintended way under specific conditions."
295,485f7b9ccb0a,Medium,Governance,Bad Condition,"A governance proposal validation condition is incorrect, allowing invalid proposals to pass or preventing valid proposals from executing. An attacker can craft a proposal that bypasses intended safety checks, or legitimate governance actions may be permanently blocked by an over-restrictive condition."
296,e0d2d83ea351,Medium,Reentrancy,Violating CEI / Missing nonReentrant,"External call is executed before state variables are updated, violating the Checks-Effects-Interactions pattern. Without a nonReentrant guard, an attacker can reenter the function through a fallback or receive callback before the balance or accounting update completes, allowing the same funds to be withdrawn or processed multiple times. This results in fund drainage or corrupted protocol state."
297,e6e43dfea59f,Medium,Logic Error,Implementation Error,"The implementation of a key protocol function deviates from the intended specification. The divergence between the intended logic and the actual code creates an exploitable gap where an attacker can trigger incorrect state transitions, bypass invariants, or cause the protocol to behave in an unintended way under specific conditions."
298,0315ba9d8121,Medium,Access Control,Centralization Risk,"A privileged function can be called by a single admin key without time-lock, multi-sig, or governance approval. A compromised or malicious owner can change critical parameters, pause operations indefinitely, drain funds, or alter protocol mechanics in ways that harm users with no on-chain recourse or warning period."
299,d9b35c0c87a4,Medium,Arithmetic,Precision Loss,"Integer arithmetic performs division before multiplication or uses mismatched decimal precisions, causing significant rounding loss. Over multiple operations the accumulated truncation allows value to be silently dropped from accounting or extracted by users who exploit the rounding direction."
300,099243e83259,Medium,Logic Error,Implementation Error,"The implementation of a key protocol function deviates from the intended specification. The divergence between the intended logic and the actual code creates an exploitable gap where an attacker can trigger incorrect state transitions, bypass invariants, or cause the protocol to behave in an unintended way under specific conditions."
301,198fa93fabdd,Medium,ERC20,Fee On Transfer Token,"Token integration logic does not account for fee-on-transfer tokens that deliver less to the recipient than the amount specified in the transfer call. The protocol records the full transfer amount but receives fewer tokens, causing accounting to overstate balances and enabling extraction of the discrepancy."
302,54405135ebf3,Medium,ERC20,Fee On Transfer Token,"Token integration logic does not account for fee-on-transfer tokens that deliver less to the recipient than the amount specified in the transfer call. The protocol records the full transfer amount but receives fewer tokens, causing accounting to overstate balances and enabling extraction of the discrepancy."
303,7b5e1803022e,Medium,Reentrancy,Violating CEI / Missing nonReentrant,"External call is executed before state variables are updated, violating the Checks-Effects-Interactions pattern. Without a nonReentrant guard, an attacker can reenter the function through a fallback or receive callback before the balance or accounting update completes, allowing the same funds to be withdrawn or processed multiple times. This results in fund drainage or corrupted protocol state."
304,a4d91fb1550f,Medium,Governance,Bad Condition,"A governance proposal validation condition is incorrect, allowing invalid proposals to pass or preventing valid proposals from executing. An attacker can craft a proposal that bypasses intended safety checks, or legitimate governance actions may be permanently blocked by an over-restrictive condition."
305,d9b35c0c87a4,Medium,Governance,Bad Condition,"A governance proposal validation condition is incorrect, allowing invalid proposals to pass or preventing valid proposals from executing. An attacker can craft a proposal that bypasses intended safety checks, or legitimate governance actions may be permanently blocked by an over-restrictive condition."
306,d9b35c0c87a4,Medium,DoS,Out of Gas,"An unbounded loop or operation that iterates over a user-controlled or growing array can exceed the block gas limit. As the array size grows, the transaction cost increases until the operation becomes impossible to execute, permanently blocking the affected functionality."
307,1167ec3a176e,Medium,ERC20,Fee On Transfer Token,"Token integration logic does not account for fee-on-transfer tokens that deliver less to the recipient than the amount specified in the transfer call. The protocol records the full transfer amount but receives fewer tokens, causing accounting to overstate balances and enabling extraction of the discrepancy."
308,2c5e13b4e147,Medium,ERC20,Fee On Transfer Token,"Token integration logic does not account for fee-on-transfer tokens that deliver less to the recipient than the amount specified in the transfer call. The protocol records the full transfer amount but receives fewer tokens, causing accounting to overstate balances and enabling extraction of the discrepancy."
309,485f7b9ccb0a,Medium,Reentrancy,Violating CEI / Missing nonReentrant,"External call is executed before state variables are updated, violating the Checks-Effects-Interactions pattern. Without a nonReentrant guard, an attacker can reenter the function through a fallback or receive callback before the balance or accounting update completes, allowing the same funds to be withdrawn or processed multiple times. This results in fund drainage or corrupted protocol state."
310,7100a75d6ebd,Medium,Governance,Bad Condition,"A governance proposal validation condition is incorrect, allowing invalid proposals to pass or preventing valid proposals from executing. An attacker can craft a proposal that bypasses intended safety checks, or legitimate governance actions may be permanently blocked by an over-restrictive condition."
311,9befb133ee74,Medium,Reentrancy,Violating CEI / Missing nonReentrant,"External call is executed before state variables are updated, violating the Checks-Effects-Interactions pattern. Without a nonReentrant guard, an attacker can reenter the function through a fallback or receive callback before the balance or accounting update completes, allowing the same funds to be withdrawn or processed multiple times. This results in fund drainage or corrupted protocol state."
312,afa60bc8003d,Medium,Governance,Bad Condition,"A governance proposal validation condition is incorrect, allowing invalid proposals to pass or preventing valid proposals from executing. An attacker can craft a proposal that bypasses intended safety checks, or legitimate governance actions may be permanently blocked by an over-restrictive condition."
313,b2a8c124d062,Medium,ERC20,Fee On Transfer Token,"Token integration logic does not account for fee-on-transfer tokens that deliver less to the recipient than the amount specified in the transfer call. The protocol records the full transfer amount but receives fewer tokens, causing accounting to overstate balances and enabling extraction of the discrepancy."
314,103f39b0f29b,Medium,Governance,Bad Condition,"A governance proposal validation condition is incorrect, allowing invalid proposals to pass or preventing valid proposals from executing. An attacker can craft a proposal that bypasses intended safety checks, or legitimate governance actions may be permanently blocked by an over-restrictive condition."
315,198fa93fabdd,Medium,Logic Error,Implementation Error,"The implementation of a key protocol function deviates from the intended specification. The divergence between the intended logic and the actual code creates an exploitable gap where an attacker can trigger incorrect state transitions, bypass invariants, or cause the protocol to behave in an unintended way under specific conditions."
316,54405135ebf3,Medium,Logic Error,Implementation Error,"The implementation of a key protocol function deviates from the intended specification. The divergence between the intended logic and the actual code creates an exploitable gap where an attacker can trigger incorrect state transitions, bypass invariants, or cause the protocol to behave in an unintended way under specific conditions."
317,a4d91fb1550f,Medium,Reentrancy,Violating CEI / Missing nonReentrant,"External call is executed before state variables are updated, violating the Checks-Effects-Interactions pattern. Without a nonReentrant guard, an attacker can reenter the function through a fallback or receive callback before the balance or accounting update completes, allowing the same funds to be withdrawn or processed multiple times. This results in fund drainage or corrupted protocol state."
318,af8e4af75dc2,Medium,ERC20,Fee On Transfer Token,"Token integration logic does not account for fee-on-transfer tokens that deliver less to the recipient than the amount specified in the transfer call. The protocol records the full transfer amount but receives fewer tokens, causing accounting to overstate balances and enabling extraction of the discrepancy."
319,d9b35c0c87a4,Medium,Reentrancy,Violating CEI / Missing nonReentrant,"External call is executed before state variables are updated, violating the Checks-Effects-Interactions pattern. Without a nonReentrant guard, an attacker can reenter the function through a fallback or receive callback before the balance or accounting update completes, allowing the same funds to be withdrawn or processed multiple times. This results in fund drainage or corrupted protocol state."
320,27c6f2a68058,Medium,Arithmetic,Precision Loss,"Integer arithmetic performs division before multiplication or uses mismatched decimal precisions, causing significant rounding loss. Over multiple operations the accumulated truncation allows value to be silently dropped from accounting or extracted by users who exploit the rounding direction."
321,54405135ebf3,Medium,DoS,Out of Gas,"An unbounded loop or operation that iterates over a user-controlled or growing array can exceed the block gas limit. As the array size grows, the transaction cost increases until the operation becomes impossible to execute, permanently blocking the affected functionality."
322,1167ec3a176e,Medium,Logic Error,Implementation Error,"The implementation of a key protocol function deviates from the intended specification. The divergence between the intended logic and the actual code creates an exploitable gap where an attacker can trigger incorrect state transitions, bypass invariants, or cause the protocol to behave in an unintended way under specific conditions."
323,2c5e13b4e147,Medium,Logic Error,Implementation Error,"The implementation of a key protocol function deviates from the intended specification. The divergence between the intended logic and the actual code creates an exploitable gap where an attacker can trigger incorrect state transitions, bypass invariants, or cause the protocol to behave in an unintended way under specific conditions."
324,9470d2cf198f,Medium,Reentrancy,Violating CEI / Missing nonReentrant,"External call is executed before state variables are updated, violating the Checks-Effects-Interactions pattern. Without a nonReentrant guard, an attacker can reenter the function through a fallback or receive callback before the balance or accounting update completes, allowing the same funds to be withdrawn or processed multiple times. This results in fund drainage or corrupted protocol state."
325,afa60bc8003d,Medium,Reentrancy,Violating CEI / Missing nonReentrant,"External call is executed before state variables are updated, violating the Checks-Effects-Interactions pattern. Without a nonReentrant guard, an attacker can reenter the function through a fallback or receive callback before the balance or accounting update completes, allowing the same funds to be withdrawn or processed multiple times. This results in fund drainage or corrupted protocol state."
326,099243e83259,Medium,Access Control,Centralization Risk,"A privileged function can be called by a single admin key without time-lock, multi-sig, or governance approval. A compromised or malicious owner can change critical parameters, pause operations indefinitely, drain funds, or alter protocol mechanics in ways that harm users with no on-chain recourse or warning period."
327,099243e83259,Medium,Governance,Bad Condition,"A governance proposal validation condition is incorrect, allowing invalid proposals to pass or preventing valid proposals from executing. An attacker can craft a proposal that bypasses intended safety checks, or legitimate governance actions may be permanently blocked by an over-restrictive condition."
328,103f39b0f29b,Medium,Reentrancy,Violating CEI / Missing nonReentrant,"External call is executed before state variables are updated, violating the Checks-Effects-Interactions pattern. Without a nonReentrant guard, an attacker can reenter the function through a fallback or receive callback before the balance or accounting update completes, allowing the same funds to be withdrawn or processed multiple times. This results in fund drainage or corrupted protocol state."
329,af8e4af75dc2,Medium,Logic Error,Implementation Error,"The implementation of a key protocol function deviates from the intended specification. The divergence between the intended logic and the actual code creates an exploitable gap where an attacker can trigger incorrect state transitions, bypass invariants, or cause the protocol to behave in an unintended way under specific conditions."
330,afa60bc8003d,Medium,Arithmetic,Precision Loss,"Integer arithmetic performs division before multiplication or uses mismatched decimal precisions, causing significant rounding loss. Over multiple operations the accumulated truncation allows value to be silently dropped from accounting or extracted by users who exploit the rounding direction."
331,099243e83259,Medium,Reentrancy,Violating CEI / Missing nonReentrant,"External call is executed before state variables are updated, violating the Checks-Effects-Interactions pattern. Without a nonReentrant guard, an attacker can reenter the function through a fallback or receive callback before the balance or accounting update completes, allowing the same funds to be withdrawn or processed multiple times. This results in fund drainage or corrupted protocol state."
332,54405135ebf3,Medium,Governance,Bad Condition,"A governance proposal validation condition is incorrect, allowing invalid proposals to pass or preventing valid proposals from executing. An attacker can craft a proposal that bypasses intended safety checks, or legitimate governance actions may be permanently blocked by an over-restrictive condition."
333,9cc1dc4ae06a,Medium,ERC20,Fee On Transfer Token,"Token integration logic does not account for fee-on-transfer tokens that deliver less to the recipient than the amount specified in the transfer call. The protocol records the full transfer amount but receives fewer tokens, causing accounting to overstate balances and enabling extraction of the discrepancy."
334,c2426a2ab283,Medium,ERC20,Fee On Transfer Token,"Token integration logic does not account for fee-on-transfer tokens that deliver less to the recipient than the amount specified in the transfer call. The protocol records the full transfer amount but receives fewer tokens, causing accounting to overstate balances and enabling extraction of the discrepancy."
335,afa60bc8003d,Medium,DoS,Out of Gas,"An unbounded loop or operation that iterates over a user-controlled or growing array can exceed the block gas limit. As the array size grows, the transaction cost increases until the operation becomes impossible to execute, permanently blocking the affected functionality."
336,1167ec3a176e,Medium,Governance,Bad Condition,"A governance proposal validation condition is incorrect, allowing invalid proposals to pass or preventing valid proposals from executing. An attacker can craft a proposal that bypasses intended safety checks, or legitimate governance actions may be permanently blocked by an over-restrictive condition."
337,2c5e13b4e147,Medium,Governance,Bad Condition,"A governance proposal validation condition is incorrect, allowing invalid proposals to pass or preventing valid proposals from executing. An attacker can craft a proposal that bypasses intended safety checks, or legitimate governance actions may be permanently blocked by an over-restrictive condition."
338,103f39b0f29b,High,Accounting Error,Incorrect Parameter,"An accounting function uses a wrong input value, such as a stale balance, an unupdated accumulator, or a parameter from the wrong context. The resulting computation is incorrect and causes the protocol to misallocate value, underpay or overpay users, or violate economic invariants."
339,7b5e1803022e,High,Logic Error,Bad Condition,"A conditional check uses the wrong comparison operator, wrong variable, or inverted logic. The incorrect condition causes the contract to take the wrong branch in a security-critical decision, allowing operations that should be blocked to proceed or blocking legitimate operations that should be allowed."
340,af8e4af75dc2,Medium,Access Control,State Update Inconsistency,"Role or permission state is not updated atomically or is left in an intermediate state after access control operations. This creates a window where unauthorized access is possible or where previously revoked roles remain effective, enabling privilege escalation or bypassing intended controls."
341,d9b35c0c87a4,Medium,ERC20,safeApprove,A direct ERC20 approve call is used instead of the safeApprove or increaseAllowance pattern. Setting a non-zero allowance when the current allowance is also non-zero is vulnerable to an approval race condition where an attacker front-runs the second approval to spend tokens under both the old and new allowance.
342,54405135ebf3,Medium,Reentrancy,Violating CEI / Missing nonReentrant,"External call is executed before state variables are updated, violating the Checks-Effects-Interactions pattern. Without a nonReentrant guard, an attacker can reenter the function through a fallback or receive callback before the balance or accounting update completes, allowing the same funds to be withdrawn or processed multiple times. This results in fund drainage or corrupted protocol state."
343,9cc1dc4ae06a,Medium,Logic Error,Implementation Error,"The implementation of a key protocol function deviates from the intended specification. The divergence between the intended logic and the actual code creates an exploitable gap where an attacker can trigger incorrect state transitions, bypass invariants, or cause the protocol to behave in an unintended way under specific conditions."
344,af8e4af75dc2,Medium,Governance,Bad Condition,"A governance proposal validation condition is incorrect, allowing invalid proposals to pass or preventing valid proposals from executing. An attacker can craft a proposal that bypasses intended safety checks, or legitimate governance actions may be permanently blocked by an over-restrictive condition."
345,c2426a2ab283,Medium,Logic Error,Implementation Error,"The implementation of a key protocol function deviates from the intended specification. The divergence between the intended logic and the actual code creates an exploitable gap where an attacker can trigger incorrect state transitions, bypass invariants, or cause the protocol to behave in an unintended way under specific conditions."
346,d562802cb53a,Medium,ERC20,Fee On Transfer Token,"Token integration logic does not account for fee-on-transfer tokens that deliver less to the recipient than the amount specified in the transfer call. The protocol records the full transfer amount but receives fewer tokens, causing accounting to overstate balances and enabling extraction of the discrepancy."
347,dd17040a53bc,Medium,ERC20,Fee On Transfer Token,"Token integration logic does not account for fee-on-transfer tokens that deliver less to the recipient than the amount specified in the transfer call. The protocol records the full transfer amount but receives fewer tokens, causing accounting to overstate balances and enabling extraction of the discrepancy."
348,e99e64a8abf1,Medium,ERC20,Fee On Transfer Token,"Token integration logic does not account for fee-on-transfer tokens that deliver less to the recipient than the amount specified in the transfer call. The protocol records the full transfer amount but receives fewer tokens, causing accounting to overstate balances and enabling extraction of the discrepancy."
349,1167ec3a176e,Medium,Reentrancy,Violating CEI / Missing nonReentrant,"External call is executed before state variables are updated, violating the Checks-Effects-Interactions pattern. Without a nonReentrant guard, an attacker can reenter the function through a fallback or receive callback before the balance or accounting update completes, allowing the same funds to be withdrawn or processed multiple times. This results in fund drainage or corrupted protocol state."
350,2c5e13b4e147,Medium,Reentrancy,Violating CEI / Missing nonReentrant,"External call is executed before state variables are updated, violating the Checks-Effects-Interactions pattern. Without a nonReentrant guard, an attacker can reenter the function through a fallback or receive callback before the balance or accounting update completes, allowing the same funds to be withdrawn or processed multiple times. This results in fund drainage or corrupted protocol state."
351,af8e4af75dc2,Medium,Reentrancy,Violating CEI / Missing nonReentrant,"External call is executed before state variables are updated, violating the Checks-Effects-Interactions pattern. Without a nonReentrant guard, an attacker can reenter the function through a fallback or receive callback before the balance or accounting update completes, allowing the same funds to be withdrawn or processed multiple times. This results in fund drainage or corrupted protocol state."
352,d562802cb53a,Medium,Logic Error,Implementation Error,"The implementation of a key protocol function deviates from the intended specification. The divergence between the intended logic and the actual code creates an exploitable gap where an attacker can trigger incorrect state transitions, bypass invariants, or cause the protocol to behave in an unintended way under specific conditions."
353,dd17040a53bc,Medium,Logic Error,Implementation Error,"The implementation of a key protocol function deviates from the intended specification. The divergence between the intended logic and the actual code creates an exploitable gap where an attacker can trigger incorrect state transitions, bypass invariants, or cause the protocol to behave in an unintended way under specific conditions."
354,e99e64a8abf1,Medium,Logic Error,Implementation Error,"The implementation of a key protocol function deviates from the intended specification. The divergence between the intended logic and the actual code creates an exploitable gap where an attacker can trigger incorrect state transitions, bypass invariants, or cause the protocol to behave in an unintended way under specific conditions."
355,e7921851ec01,Medium,ERC20,Fee On Transfer Token,"Token integration logic does not account for fee-on-transfer tokens that deliver less to the recipient than the amount specified in the transfer call. The protocol records the full transfer amount but receives fewer tokens, causing accounting to overstate balances and enabling extraction of the discrepancy."
356,73f6a793d916,Medium,ERC20,Fee On Transfer Token,"Token integration logic does not account for fee-on-transfer tokens that deliver less to the recipient than the amount specified in the transfer call. The protocol records the full transfer amount but receives fewer tokens, causing accounting to overstate balances and enabling extraction of the discrepancy."
357,e169bbefc6e2,Medium,ERC20,Fee On Transfer Token,"Token integration logic does not account for fee-on-transfer tokens that deliver less to the recipient than the amount specified in the transfer call. The protocol records the full transfer amount but receives fewer tokens, causing accounting to overstate balances and enabling extraction of the discrepancy."
358,27c6f2a68058,Medium,Governance,Incorrect Parameter,"A governance function applies a parameter update without sufficient bounds checking or uses the wrong parameter in the update logic. This allows the protocol to be misconfigured through governance, setting critical values outside safe operating ranges or updating the wrong configuration variable."
359,a8884f87db1a,Medium,ERC20,Fee On Transfer Token,"Token integration logic does not account for fee-on-transfer tokens that deliver less to the recipient than the amount specified in the transfer call. The protocol records the full transfer amount but receives fewer tokens, causing accounting to overstate balances and enabling extraction of the discrepancy."
360,e7921851ec01,Medium,Logic Error,Implementation Error,"The implementation of a key protocol function deviates from the intended specification. The divergence between the intended logic and the actual code creates an exploitable gap where an attacker can trigger incorrect state transitions, bypass invariants, or cause the protocol to behave in an unintended way under specific conditions."
361,fee749ecd513,Medium,ERC20,Fee On Transfer Token,"Token integration logic does not account for fee-on-transfer tokens that deliver less to the recipient than the amount specified in the transfer call. The protocol records the full transfer amount but receives fewer tokens, causing accounting to overstate balances and enabling extraction of the discrepancy."
362,51c6dc5fd57f,Medium,Governance,Incorrect Parameter,"A governance function applies a parameter update without sufficient bounds checking or uses the wrong parameter in the update logic. This allows the protocol to be misconfigured through governance, setting critical values outside safe operating ranges or updating the wrong configuration variable."
363,73f6a793d916,Medium,Logic Error,Implementation Error,"The implementation of a key protocol function deviates from the intended specification. The divergence between the intended logic and the actual code creates an exploitable gap where an attacker can trigger incorrect state transitions, bypass invariants, or cause the protocol to behave in an unintended way under specific conditions."
364,9cc1dc4ae06a,Medium,Reentrancy,Violating CEI / Missing nonReentrant,"External call is executed before state variables are updated, violating the Checks-Effects-Interactions pattern. Without a nonReentrant guard, an attacker can reenter the function through a fallback or receive callback before the balance or accounting update completes, allowing the same funds to be withdrawn or processed multiple times. This results in fund drainage or corrupted protocol state."
365,c2426a2ab283,Medium,Reentrancy,Violating CEI / Missing nonReentrant,"External call is executed before state variables are updated, violating the Checks-Effects-Interactions pattern. Without a nonReentrant guard, an attacker can reenter the function through a fallback or receive callback before the balance or accounting update completes, allowing the same funds to be withdrawn or processed multiple times. This results in fund drainage or corrupted protocol state."
366,d562802cb53a,Medium,Governance,Bad Condition,"A governance proposal validation condition is incorrect, allowing invalid proposals to pass or preventing valid proposals from executing. An attacker can craft a proposal that bypasses intended safety checks, or legitimate governance actions may be permanently blocked by an over-restrictive condition."
367,dd17040a53bc,Medium,Governance,Bad Condition,"A governance proposal validation condition is incorrect, allowing invalid proposals to pass or preventing valid proposals from executing. An attacker can craft a proposal that bypasses intended safety checks, or legitimate governance actions may be permanently blocked by an over-restrictive condition."
368,e169bbefc6e2,Medium,Logic Error,Implementation Error,"The implementation of a key protocol function deviates from the intended specification. The divergence between the intended logic and the actual code creates an exploitable gap where an attacker can trigger incorrect state transitions, bypass invariants, or cause the protocol to behave in an unintended way under specific conditions."
369,e99e64a8abf1,Medium,Governance,Bad Condition,"A governance proposal validation condition is incorrect, allowing invalid proposals to pass or preventing valid proposals from executing. An attacker can craft a proposal that bypasses intended safety checks, or legitimate governance actions may be permanently blocked by an over-restrictive condition."
370,e0d2d83ea351,Medium,Arithmetic,Precision Loss,"Integer arithmetic performs division before multiplication or uses mismatched decimal precisions, causing significant rounding loss. Over multiple operations the accumulated truncation allows value to be silently dropped from accounting or extracted by users who exploit the rounding direction."
371,51c6dc5fd57f,Medium,Logic Error,Implementation Error,"The implementation of a key protocol function deviates from the intended specification. The divergence between the intended logic and the actual code creates an exploitable gap where an attacker can trigger incorrect state transitions, bypass invariants, or cause the protocol to behave in an unintended way under specific conditions."
372,2c5e13b4e147,Medium,DoS,payable / receive(),"A payable fallback or receive function accepts ETH without restriction, or contract logic assumes a push payment will always succeed. An attacker can force-send ETH or cause a payment to fail, disrupting state-dependent logic that assumes successful transfers."
373,7b5e1803022e,Medium,ERC20,Fee On Transfer Token,"Token integration logic does not account for fee-on-transfer tokens that deliver less to the recipient than the amount specified in the transfer call. The protocol records the full transfer amount but receives fewer tokens, causing accounting to overstate balances and enabling extraction of the discrepancy."
374,e7921851ec01,Medium,Access Control,State Update Inconsistency,"Role or permission state is not updated atomically or is left in an intermediate state after access control operations. This creates a window where unauthorized access is possible or where previously revoked roles remain effective, enabling privilege escalation or bypassing intended controls."
375,e169bbefc6e2,Medium,Access Control,State Update Inconsistency,"Role or permission state is not updated atomically or is left in an intermediate state after access control operations. This creates a window where unauthorized access is possible or where previously revoked roles remain effective, enabling privilege escalation or bypassing intended controls."
376,8f18f7d5c396,Medium,ERC20,Fee On Transfer Token,"Token integration logic does not account for fee-on-transfer tokens that deliver less to the recipient than the amount specified in the transfer call. The protocol records the full transfer amount but receives fewer tokens, causing accounting to overstate balances and enabling extraction of the discrepancy."
377,8f18f7d5c396,Medium,Governance,Bad Condition,"A governance proposal validation condition is incorrect, allowing invalid proposals to pass or preventing valid proposals from executing. An attacker can craft a proposal that bypasses intended safety checks, or legitimate governance actions may be permanently blocked by an over-restrictive condition."
378,8f18f7d5c396,Medium,Logic Error,Implementation Error,"The implementation of a key protocol function deviates from the intended specification. The divergence between the intended logic and the actual code creates an exploitable gap where an attacker can trigger incorrect state transitions, bypass invariants, or cause the protocol to behave in an unintended way under specific conditions."
379,a8884f87db1a,Medium,Logic Error,Implementation Error,"The implementation of a key protocol function deviates from the intended specification. The divergence between the intended logic and the actual code creates an exploitable gap where an attacker can trigger incorrect state transitions, bypass invariants, or cause the protocol to behave in an unintended way under specific conditions."
380,8f18f7d5c396,Medium,Reentrancy,Violating CEI / Missing nonReentrant,"External call is executed before state variables are updated, violating the Checks-Effects-Interactions pattern. Without a nonReentrant guard, an attacker can reenter the function through a fallback or receive callback before the balance or accounting update completes, allowing the same funds to be withdrawn or processed multiple times. This results in fund drainage or corrupted protocol state."
381,a8884f87db1a,Medium,Reentrancy,Violating CEI / Missing nonReentrant,"External call is executed before state variables are updated, violating the Checks-Effects-Interactions pattern. Without a nonReentrant guard, an attacker can reenter the function through a fallback or receive callback before the balance or accounting update completes, allowing the same funds to be withdrawn or processed multiple times. This results in fund drainage or corrupted protocol state."
382,9ddd6b83c27e,Medium,Access Control,State Update Inconsistency,"Role or permission state is not updated atomically or is left in an intermediate state after access control operations. This creates a window where unauthorized access is possible or where previously revoked roles remain effective, enabling privilege escalation or bypassing intended controls."
383,73f6a793d916,Medium,Reentrancy,Violating CEI / Missing nonReentrant,"External call is executed before state variables are updated, violating the Checks-Effects-Interactions pattern. Without a nonReentrant guard, an attacker can reenter the function through a fallback or receive callback before the balance or accounting update completes, allowing the same funds to be withdrawn or processed multiple times. This results in fund drainage or corrupted protocol state."
384,4ef0b4d678ab,High,Logic Error,Bad Condition,"A conditional check uses the wrong comparison operator, wrong variable, or inverted logic. The incorrect condition causes the contract to take the wrong branch in a security-critical decision, allowing operations that should be blocked to proceed or blocking legitimate operations that should be allowed."
385,51c6dc5fd57f,High,Accounting Error,Incorrect Parameter,"An accounting function uses a wrong input value, such as a stale balance, an unupdated accumulator, or a parameter from the wrong context. The resulting computation is incorrect and causes the protocol to misallocate value, underpay or overpay users, or violate economic invariants."
386,4ef0b4d678ab,Medium,ERC20,safeApprove,A direct ERC20 approve call is used instead of the safeApprove or increaseAllowance pattern. Setting a non-zero allowance when the current allowance is also non-zero is vulnerable to an approval race condition where an attacker front-runs the second approval to spend tokens under both the old and new allowance.
387,a3e15237ea08,Medium,ERC20,Fee On Transfer Token,"Token integration logic does not account for fee-on-transfer tokens that deliver less to the recipient than the amount specified in the transfer call. The protocol records the full transfer amount but receives fewer tokens, causing accounting to overstate balances and enabling extraction of the discrepancy."
388,51c6dc5fd57f,Medium,ERC20,safeApprove,A direct ERC20 approve call is used instead of the safeApprove or increaseAllowance pattern. Setting a non-zero allowance when the current allowance is also non-zero is vulnerable to an approval race condition where an attacker front-runs the second approval to spend tokens under both the old and new allowance.
389,a3e15237ea08,Medium,Chainlink,Stale Value,"Price or data oracle values are consumed without freshness or manipulation checks. Stale or manipulated oracle data causes the protocol to compute incorrect valuations, enabling undercollateralized positions, unjust liquidations, or flash loan arbitrage."
390,9ddd6b83c27e,High,MEV,Front Run,"Transactions can be front-run by attackers or MEV bots who observe pending transactions and insert their own to capture value. Without slippage protection or ordering guarantees, users receive significantly worse execution than expected."
391,9ddd6b83c27e,Medium,ERC20,Fee On Transfer Token,"Token integration logic does not account for fee-on-transfer tokens that deliver less to the recipient than the amount specified in the transfer call. The protocol records the full transfer amount but receives fewer tokens, causing accounting to overstate balances and enabling extraction of the discrepancy."
392,a3e15237ea08,High,MEV,Front Run,"Transactions can be front-run by attackers or MEV bots who observe pending transactions and insert their own to capture value. Without slippage protection or ordering guarantees, users receive significantly worse execution than expected."
393,empty,empty,empty,empty,empty
394,empty,empty,empty,empty,empty
395,empty,empty,empty,empty,empty
396,empty,empty,empty,empty,empty
397,empty,empty,empty,empty,empty
398,empty,empty,empty,empty,empty
399,empty,empty,empty,empty,empty
400,empty,empty,empty,empty,empty
