Property,repo_path,severity,tag,subtag,description
1,fa1836e0615e,High,ERC721,Missing Functionality,The contract can receive ERC721 tokens but does not implement the transfer or approval logic needed to recover them safely. ERC721 assets moved through recoverERC721 can become permanently locked.
2,a3e15237ea08,High,Accounting Error,Rebase Token,"Root cause:
- THORChain_Router tracks does not properly handle rebasing tokens. This is because the system records a static token amount at the time of locking, while the actual token balance may change due to rebasing.
- it tracks vault allowances in fragment units, but AMPL rebases change the fragment <-> gons conversion
- since allowances don’t rebase while real balances do, a pre‑rebase allowance can later withdraw more gons (value) than intended, draining value from subsequent deposits.
- In the case of a positive rebase (balance increases), the user may receive fewer tokens than they are entitled to, resulting in a loss for the user.
- In the case of a negative rebase (balance decreases), the system may attempt to transfer more tokens than it actually holds, causing the transaction to revert and funds to become stuck (DoS).

PoC:

1. malicious deposits 1000 tokens with _gonsPerFragment == 1, which then executes the following 2 operations:
- safeAmount = safeTransferFrom(asset, amount):
- tcRouter has 1000 gons (_gonBalances[tcRouter] == 1000)
- tcRouter has 1000 balances (_gonsPerFragment == 1)
- _vaultAllowance[vault][asset] += safeAmount: malicious has allowance 1000
2. After the rebase,  _gonsPerFragment == 2
- tcRouter now has 1000 gons, e.g. 500 balances (_gonsPerFragment == 2)
- But malicious still has 1000 allowance
3. victim deposits 1000 tokens with _gonsPerFragment == 2
- safeAmount = safeTransferFrom(asset, amount):
- tcRouter has 3000 gons, e.g. 1500 balances (_gonsPerFragment == 2)
- _vaultAllowance[vault][asset] += safeAmount: victim has allowance 1000
4. malicious calls transferOut(), which calls ampl.transfer()
- tcRouter transfer 2000 gons to malicious (_gonsPerFragment == 2)
- tcRouter now has only 1000 gons. e.g. 500 balances
- malicious has 2000 gons, e.g. 1000 balances
5. vitim now can only transferOut 500 tokens although it deposits 1000 tokens"
3,a3e15237ea08,Medium,"Accounting Error, DoS, ERC20",Fee On Transfer Token,"Root cause:

Router assumes transfer(to, A) delivers A, then instructs the aggregator to act on A. However with Fee-on-Transfer tokens, only A - f  arrived, so the aggregator either reverts (tokens get stuck) or pays the shortfall from its own funds (grief/steal).

Deep Dive:
- In the ERC‑20 path of  _transferOutAndCallV5 the Router does two things in sequence:
- First deposit the tokens to the aggregator (target)
solidity         // Router sends `fromAmount` to the aggregator         (bool transferSuccess, bytes memory data) = aggregationPayload.fromAsset.call(             abi.encodeWithSignature(                 ""transfer(address,uint256)"",                 aggregationPayload.target,                 aggregationPayload.fromAmount             )         );         
- Immediately call the aggregator (swapOutV5) with the same fromAmount
- However, if the token is fee‑on‑transfer, the aggregator actually receives less in step1, which result in
- DoS: If the aggregator has no spare tokens, then swapOutV5 will fail since try to forward fromAmount, but only fromAmount - fee was received. The low-level call returns false, and the router doesn’t revert (by design). Therefore, the tokens remain stuck in the aggregator
- grief/steal of aggregator's funds: If the aggregator has spare tokens, it will use its own balance to satisfy fromAmount"
4,40cc38c69cca,Medium,Accounting Error,Fee On Transfer Token,Fee on transfer tokens transfer less tokens in than what would be expect.This means that the protocol request incorrect amounts when dealing with these tokens.
5,d562802cb53a,Medium,Upgradeable,Bad Condition,"During certain upgrade migration timing conditions, a user could finalize a withdrawal on the old L1ERC20Bridge and then withdraw again on the new L1SharedBridge, enabling a potential double withdrawal."
6,fa1836e0615e,High,DoS,"Bad Condition, State Update Inconsistency","The settle logic requires total collateral minus loss to exactly equal the token balance. An attacker can transfer collateral directly to the vault, breaking this equality and permanently blocking settlement."
7,d9b35c0c87a4,Medium,DoS,Bad Condition,"submitExchangeRateData and submitSDPrice depend on quorum from trusted nodes. If trustedNodesCount changes during submission, the existing count is not adjusted and quorum may become permanently unreachable."
8,b7fc4d82013a,Medium,DoS,Bad Condition,"newRatio is calculated and compared with minIbRatio in settleAuction().However, if newRatio is less than minIbRatio, settleAuction() will always fail and there is no way for the bonder to cancel and get a refund."
9,bb3018c8812c,Medium,DoS,Bad Condition,"Cause: During the validation process of MagicSpend.validatePaymasterUserOp(), only a single withdrawAmount check against the contract’s balance is performed. However, when multiple UserOps are batched in EntryPoint, the single-balance check cannot ensure that the total requested funds do not exceed the contract balance.
Impact: When EntryPoint executes multiple UserOps() in a batch, if the total requested funds exceed the MagicSpend contract balance, subsequent postOp() executions will fail due to insufficient funds, leading to transaction reverts."
10,d562802cb53a,Medium,DoS,Missing Initialization,"The l1LegacyBridge is not assigned during L2SharedBridge.initialize(), causing deposits sent via the old L1ERC20Bridge to fail before the upgrade is completed."
11,9cc1dc4ae06a,Medium,ERC4626,Not EIP Compliant,`BaseRewardPool4626` is not IERC4626 compliant. _Submitted by 0xjuicer_ BaseRewardPool4626.sol<br> BaseRewardPool4626 is not IERC4626 compliant.<br> This makes the BaseRewardPool4626 contract irrelevant as it is for now since projects won't be able to integrate with BaseRewardPool4626 using the eip-4626 standard. ### Recommended Mitigation Steps Yo
12,9cc1dc4ae06a,Medium,Input Validation,Missing Time Constraint,Missing block.timestamp <= endTime allows sponsorship after endTime even though the reward unlock period is over. Funds can still be deposited but can never become valid reward allocations.
13,c20104cb90d7,Medium,ERC20,Missing Return Check,"The contract does not properly check the return value of ERC20 token transfer functions, this can result in failed token transfers being incorrectly treated as successful, and cause transaction reverts for tokens like USDT that do not return a boolean success value."
14,d9b35c0c87a4,Medium,DoS,Duplicate Value,"updatePollAddress calls verifyNewPool, which rejects an already existing poolId. Valid pool address updates can therefore revert, leaving the pool address impossible to change."
15,9cc1dc4ae06a,Medium,Input Validation,Duplicate Value,add does not reject duplicate lpToken values so multiple pools can point to the same LP token. lpSupply uses lpToken.balanceOf(address(this)) which double counts the same balance and misallocates rewards.
16,e169bbefc6e2,High,DoS,Duplicate Value,"Concurrent proposals for the same NFT index can overwrite an earlier user's JPEG lock schedule when finalized. The earlier user can no longer withdraw the locked JPEG, causing permanent loss."
17,d9b35c0c87a4,Medium,Input Validation,Duplicate Value,"updateAdmin accepts an address that is already an admin. Passing an existing admin can remove or corrupt that admin status, causing unintended loss of admin privileges."
18,fa1836e0615e,Medium,Pause,State Update Inconsistency,"The redeem function lacks a whenNotPaused check. Users can continue redeeming while the protocol is paused, creating state changes that bypass the intended pause protection."
19,d9b35c0c87a4,Medium,Logic Error,State Update Inconsistency,"When settling penalties, only the validator's balance in the ValidatorWithdrawalVault contract is considered for paying the penalty, ignoring the validator's balance in another contract, so an operator with sufficient total rewards to cover the penalty is wrongly treated as penalized."
20,9cc1dc4ae06a,Medium,Accounting Error,State Update Inconsistency,When _withUpdate is false in add or set totalAllocPoint changes without massUpdatePools. Other pools keep stale accounting and receive incorrect reward shares.
21,fa1836e0615e,Medium,Arithmetic,State Update Inconsistency,"When putOptionsRequired is true, premium calculation depends on the current block time and nextFundingPaymentTimestamp. Users can time bond calls near funding updates to pay less premium than intended."
22,9cc1dc4ae06a,Medium,DAO,State Update Inconsistency,"cause: Total voting power is computed from the total locked amount, while individual users' voting weight only records delegated portions, making the two inconsistent and distorting governance thresholds. impact: Governance may become inoperable."
23,9cc1dc4ae06a,Medium,DAO,"Does not match with Doc, State Update Inconsistency",Users who lock AURA and receive vlAURA get no voting power unless they explicitly choose a delegate. The docs imply locked users should have voting power but accounting only records delegated balances.
24,bb3018c8812c,High,"Cross-Chain, Replay Attack",State Update Inconsistency,"Cause: Users can upgrade their account’s owners via either directly onto the contract with a regular transaction or via an ERC-4337 EntryPoint transaction calling executeWithoutChainIdValidation. If a user chooses to use a combination of these methods, it’s very likely that the addresses at a particular ownership index differ across chains. Therefore, if a user later calls removeOwnerAtIndex on another chain, it will end up removing different addresses on different chains. The root cause is that removeOwnerAtIndex can be replayed cross-chain despite the same index may point to a different owner, combined with the lack of last owner guard.
Impact: Accidentally remove their only accessible owner, permanently locking the account. In severe cases, this can result in irreversible asset loss. In minimal cases, the user can only manually add back the mistakenly removed owner."
25,fa1836e0615e,Medium,Accounting Error,State Update Inconsistency,"The sync function is not called after every operation that changes asset balances. Internal balances can become stale, causing later calculations or external calls to use incorrect asset amounts."
26,fa1836e0615e,Medium,ERC721,State Update Inconsistency,"ERC721 transfer logic does not update the stored owner value after minting. The contract can report an outdated owner after transfers, causing inconsistent token ownership state."
27,fa1836e0615e,High,"Accounting Error, Arithmetic",State Update Inconsistency,"addToDelegate increases totalWethDelegated but withdraw does not decrease it. sync can then understate WETH reserves and make lowerDepeg underflow, preventing the protocol from restoring the dpxETH peg."
28,b7fc4d82013a,High,Accounting Error,State Update Inconsistency,"When totalSupply is 0, handleFees does not update lastFee, causing an inflated time difference on the next fee calculation and minting excess fee tokens, diluting existing holders' value."
29,fa1836e0615e,Medium,Slippage,minOut set to 0,"Missing slippage parameter on Uniswap `addLiquidity()` function. The Uniswap addLiquidity() function expects the slippage params amountAMin, and amountBMin to be passed. The reLP() sets those values as 0, which in other terms, means that the contract is ok with receiveing less amount of tokens than the fair market price"
30,fa1836e0615e,Medium,Arithmetic,Precision Loss,"VaultLP computes withdrawable assets from totalCollateral, but when all WETH collateral is locked and converted to RDPX the reported collateral can be zero. Shareholders can be unable to withdraw compensation."
31,fa1836e0615e,High,DoS,"Invalid Validation, Precision Loss","When putOptionsRequired is true, timeToExpiry is passed to option pricing after conversion. If less than 864 seconds remain before next funding, it rounds to zero and all bond operations revert."
32,b7fc4d82013a,Medium,Arithmetic,Rounding Error,"The fee calculation tries to calculate a fee such that fee/(supply+fee) = %fee using a simple interest formula (i.e. no compounding), this lead to slightly less fee collected when fee are collected more frequently (small timeDiff) vs less frequently (big timeDiff)."
33,e169bbefc6e2,Medium,Arithmetic,Precision Loss,"Dividing before multiplying rounds the intermediate result to 0, and passing it to the multiplication keeps it 0."
34,b7fc4d82013a,Medium,Arithmetic,Precision Loss,"In fees calculation, division is being used in the midst of the calculation, not at the end of it.This leads to lost precision in fee amount (as solidity doesn't save remainder of division)."
35,9cc1dc4ae06a,Medium,Oracle,Stale Value,"`CrvDepositorWrapper.sol` relies on oracle that isn't frequently updated. _Submitted by 0x52_ CrvDepositorWrapper.sol#L56-L65<br> Unpredictable slippage, sandwich vulnerability or frequent failed transactions ### Proof of Concept CrvDepostiorWrapper uses the TWAP provided by the 20/80 WETH/BAL. The issue is that this pool has only handled \~15 tran"
36,fa1836e0615e,Medium,Access Control,Centralization Risk,"bond automatically triggers reLP and is open to anyone. An attacker can manipulate pool price before calling bond, force reLP to trade at an unfavorable price, then unwind for profit."
37,b7fc4d82013a,Medium,Access Control,Centralization Risk,"The factory can change auctionMultiplier/auctionDecrement mid-auction, altering profitability; with extreme settings (multiplier=0, decrement=max), newRatio=0 and tokensNeeded=0, enabling settlement to drain all tokens."
38,9cc1dc4ae06a,Medium,DoS,Fee On Transfer Token,"Users may lose rewards to other users if rewards are given as fee-on-transfer tokens. _Submitted by IllIllI, also found by Aits, BowTiedWardens, and MaratCerby_ If rewards are given in fee-on-transfer tokens, users may get no rewards, breaking functionality. Med: Assets not at direct risk, but the function of the protocol or its availability could"
39,804fe35b0164,Medium,Access Control,Centralization Risk,Hacked owner or malicious owner can immediately steal all assets on the platform
40,9cc1dc4ae06a,Medium,"Access Control, Logic Error","Bad Condition, Centralization Risk",If AuraLocker is shut down the lock-rewards path reverts. Users can only take the unlocked withdrawal path with a 20 percent penalty causing admin-induced loss.
41,9cc1dc4ae06a,Medium,Arithmetic,Token Decimal,Integer overflow will lock all rewards in `AuraLocker`. _Submitted by kirk-baird_ AuraLocker.sol#L176-L177<br> AuraLocker.sol#L802-L814<br> AuraLocker.sol#L864<br> There is a potential overflow in the rewards calculations which would lead to updateReward() always reverting. The impact of this overflow is that all reward tokens will be permanently l
42,fa1836e0615e,Medium,Uniswap,No Recovery Mechanism,"The Uniswap V2 reLP path removes WETH-RDPX liquidity, swaps part of WETH to RDPX, and re-adds liquidity with inaccurate calculations. The flow can revert or leave unrecoverable WETH dust."
43,9cc1dc4ae06a,Medium,"Input Validation, Logic Error",Invalid Validation,If claimRewards is called without Options.LockCvx the contract can still transfer CVX from the user when depositCvxMaxAmount is positive. Since no locking action follows those tokens remain stuck without recovery.
44,fa1836e0615e,High,"DoS, Uniswap",Incorrect Parameter,"ReLP assumes the protocol owns all liquidity in the Uniswap V2 pool. It can calculate lpToRemove from total pool reserves and attempt to remove more liquidity than it owns, causing reverts."
45,a3e15237ea08,Medium,DoS,Incorrect Parameter,"The ETH path in _transferOutAndCallV5 re‑uses the same msg.value for every item in the batch, and because the target address is fully attacker‑controlled and unvalidated, the router ends up sending msg.value once per loop iteration, hence drains its own ETH balance.

Deep Dive:
- The functions transferOutAndCallV5() and batchTransferOutAndCallV5() both internally invoke _transferOutAndCallV5(). This function, in turn, calls the swapOutV5() function on the aggregationPayload.target, which should be the THORChain_Aggregator contract
- However, the aggregationPayload is a struct passed as a parameter, which allows anyone to set the aggregationPayload.target address to their preference without any validation.
- Even worse, Batch reuses the same msg.value per iteration:
- In batchTransferOutAndCallV5, the loop calls _transferOutAndCallV5(aggregationPayloads[i]) N times.
- Inside _transferOutAndCallV5, it always sends msg.value to target. There is no decrement and no per‑item value split.
- Results in one unit of msg.value leaves the router per iteration—to the attacker’s target or back to msg.sender, which is still attacker"
46,b7fc4d82013a,Medium,Accounting Error,Incorrect Parameter,"The fee calculation is based on the totalSupply of the basket token. But some amount of the totalSupply represents the fees paid to the publisher/ protocol owner. Therefore the fees are ""overcharged""."
47,9cc1dc4ae06a,Medium,Accounting Error,Incorrect Parameter,When all user locks are expired the kick reward uses only the last lock amount multiplied by expired epochs instead of the total expired locked balance. Users receive less reward than owed.
48,e169bbefc6e2,High,DoS,Invalid Validation,"Strategy migration can fail because JPEG is blacklisted in the strategy withdrawal path. When the controller attempts to withdraw JPEG during migration, the call reverts and blocks the migration."
49,b7fc4d82013a,Medium,Accounting Error,Incorrect Parameter,The fee calculation is wrong. It should only get divided by BASE and not (BASE - feePct)
50,e169bbefc6e2,High,DoS,Incorrect Parameter,"earned() is called without passing the required argument, reverting the entire call."
51,fa1836e0615e,High,Arithmetic,"Hardcoded Parameter, Token Decimal","roundUp uses a hardcoded 1e6 roundingPrecision. At realistic rDPX prices, a 25 percent out-of-the-money strike can round back to the current price, making the option in-the-money and breaking premium assumptions."
52,e169bbefc6e2,Medium,Arithmetic,Token Decimal,yVault.getPricePerFullShare scales the price per share by 1e18 regardless of vault token decimals. Non-18-decimal underlying tokens produce incorrectly scaled share prices.
53,fa1836e0615e,High,Arithmetic,Token Decimal,"Oracle prices are returned with 1e18 precision while multiple contracts assume 1e8 precision. The mismatch distorts calculations and can cause inflated values, failed transfers, or underflows."
54,d9b35c0c87a4,Medium,Logic error,Reward Manipulation,"Fund allocation does not correctly handle the case where the index should not advance when current funds are insufficient, letting a malicious user steer the next round of validator fund allocation to their preferred pool via tiny transfers."
55,e169bbefc6e2,Medium,Input Validation,Reward Manipulation,"If the LP token is also the JPEG reward token, newly minted rewards increase lpToken.balanceOf used as lpSupply. This inflates the denominator and dilutes rewards for stakers."
56,9cc1dc4ae06a,Medium,DoS,Reward Manipulation,distributeOther lets anyone call notifyRewardAmount. This resets the reward period and re-spreads undistributed rewards over a new seven day window. An attacker can cheaply delay reward distribution for normal users.
57,fa1836e0615e,High,DoS,Front Run,"The put settlement threshold is public and LPs can withdraw excess collateral before settlement. Fast users avoid losses, leaving remaining LPs with more loss and potentially draining vault liquidity."
58,9cc1dc4ae06a,Medium,DoS,Front Run,The contract requires each asset balance to exactly equal _request.maxAmountsIn[i]. An attacker can front-run by sending 1 wei to the contract so the equality fails and the liquidity provider transaction reverts.
59,bb3018c8812c,Medium,DoS,"Front Run, Nonce","MagicSpend.validatePaymasterUserOp() and MagicSpend.withdraw() use the same signature. Malicious users can submit a transaction via the paymaster and then front-run with a withdraw() call, causing validatePaymasterUserOp() to revert because the nonce has already been consumed."
60,40cc38c69cca,High,DoS,Front Run,"A malicious actor can snipe the mempool to bond as soon as an auction starts; because only the bonder can settle and the bond can't be burned for 24 hours, the auction and funds remain frozen."
61,d9b35c0c87a4,Medium,MEV,Front Run,"Before the contract is paused, an MEV bot can front-run by calling addBid across active auctions. This can block later competing bids and prevent near-ending auctions from being overtaken."
62,d9b35c0c87a4,Medium,Access Control,Front Run,"distributeRewards lacks access control, allowing an attacker to call it before settleFunds. This can reduce operatorShare below penaltyAmount and cause validator loss."
63,9cc1dc4ae06a,Medium,DoS,"Bad Condition, Front Run",An attacker can front-run a transaction that adds rewards to a past epoch by adding dust rewards to a later epoch. The victim transaction for the past epoch then hits the require check and fails.
64,d9b35c0c87a4,Medium,"Logic Error, MEV",Front Run,"Auction endBlock is fixed and predictable, so rational bidders can wait until the final block instead of participating earlier. This creates a front-running advantage for MEV searchers."
65,d9b35c0c87a4,Medium,"Chainlink, Oracle",Stale Value,Insufficient protection against stale oracle prices.
66,e169bbefc6e2,Medium,Chainlink,Stale Value,"Oracle data feed is insufficiently validated.. _Submitted by Jujic, also found by hickuphh3_ Price can be stale and can lead to wrong answer return value. ### Proof of Concept Oracle data feed is insufficiently validated. There is no check for stale price and round completeness. Price can be stale and can lead to wrong answer return value. function"
67,9cc1dc4ae06a,Medium,DoS,Out of Gas,massUpdatePools is public and loops over poolInfo.length without a bound. As pools grow the updatePool loop can exceed the block gas limit and prevent reward updates.
68,9cc1dc4ae06a,Medium,DoS,Out of Gas,_getReward iterates from epochIndex to tokenEpochs. If a user waits too long to claim the loop can exceed the block gas limit and make rewards permanently unclaimable.
69,40cc38c69cca,Medium,Input Validation,Invalid Validation,"The newRatio decreases over time without a lower bound. A malicious actor can wait until newRatio < ibRatio or near zero, bond and settle the auction, and effectively steal most of the basket's assets with minimal required collateral."
70,b7fc4d82013a,Medium,MEV,Asset Theft,"By bonding at a precisely chosen block that makes newRatio = 0, tokensNeeded evaluates to 0 and settleAuction() can drain the basket regardless of balances."
71,fa1836e0615e,Medium,Accounting Error,Asset Theft,"cause: When users mint dpxETH through the bonding mechanism they receive a discount on the collateral asset, but the reserve usage is not adjusted to the actual amount of WETH the user provides - a fixed _amount / 2 of WETH is deducted from the contract reserve as liquidity provision, over-consuming the reserve's WETH. impact: Once the WETH reserve is exhausted, the contract can no longer process subsequent bonding operations."
72,9cc1dc4ae06a,Medium,Arithmetic,Rounding Error,Calculations round down and do not adapt when the contract lacks enough tokens. safeRewardTransfer can send less than expected while accounting treats the reward as paid which creates user shortfall and inconsistent accounting.
73,d562802cb53a,High,Accounting Error,Implementation Error,"paymaster's _maxRefundedGas = gasLeft + reservedGas, without subtracting spentOnPubdata. This way _maxRefundedGas will be much larger than the correct value. paymaster will refund the used spentOnPubdata to the user"
74,b7fc4d82013a,Medium,Accounting Error,"Implementation Error, Incorrect Parameter","When handleFees is called, totalSupply and ibRatio changes accordingly, but for newIbRatio calculation tokens minted in handleFees is not included. Therefore, ibRatio is calculated higher than it should be."
75,d562802cb53a,Medium,Logic Error,"Does not match with Doc, Implementation Error",In StateTransitionManager::unfreezeChain function call unfreezeDiamond instead of freezeDiamond on IZkSyncStateTransition(stateTransition[_chainId]) instance.
76,40cc38c69cca,Medium,DoS,Implementation Error,"The mint() function redundantly includes a nonReentrant modifier, despite calling mintTo() which already has it, causing malfunction due to double reentrancy guard and blocking minting functionality."
77,e169bbefc6e2,High,ERC4626,Inflation Attack,"By donating large amounts to manipulate the asset amount, users may receive no shares corresponding to their deposits."
78,9cc1dc4ae06a,Medium,Input Validation,Invalid Validation,Adding _lpToken to a pool does not check that it differs from the CVX reward token. If _lpToken is CVX newly minted rewards inflate measured lpSupply and dilute existing stakers.
79,40cc38c69cca,Medium,"DoS, Input Validation",Invalid Validation,"function setBondPercentDiv should validate that newBondPercentDiv is not 0, or bondForRebalance will experience division by zero error otherwise."
80,40cc38c69cca,Medium,"Arithmetic, DoS, Input Validation","Invalid Validation, Precision Loss","If all users burn their shares, the totalSupply becomes zero. Subsequent calls to handleFees() will attempt to divide by zero, causing the contract to revert and rendering the Basket permanently unusable."
81,b7fc4d82013a,Medium,"DoS, Input Validation",Invalid Validation,"A malicious publisher can set minIbRatio to an extreme value during an auction proposal, making the auction impossible to settle and locking all user funds in the basket."
82,e169bbefc6e2,Medium,Input Validation,"Bypass Mechanism, Invalid Validation",The noContract modifier relies on contract code size and can be bypassed from a constructor before code is deployed. This allows contract-based callers to pass validation intended for EOAs.
83,b7fc4d82013a,Medium,"ERC20, Reentrancy",Invalid Validation,"Basket.initialize() calls approveUnderlying(auction) without guarding against an untrusted ERC-20 approve() hook, allowing reentrancy into initialize() to overwrite critical addresses (factory, auction) and hide the malicious token."
84,40cc38c69cca,Medium,"DoS, Input Validation",Invalid Validation,The function Factory.setBondPercentDiv() allows the owner to set the state variable Factory.bondPercentDiv to zero.If Factory.bondPercentDiv equals zero then the function Auction.bondForRebalance() will always revert due to a division by zero.
85,40cc38c69cca,Medium,"DoS, Input Validation",Invalid Validation,The function Factory.setAuctionDecrement() allows the owner to set the state variable Factory.auctionDecrement to zero.If Factory.auctionDecrement equals zero then the function Auction.settleAuction() will always revert due to a division by zero.
86,e169bbefc6e2,High,Reentrancy,Violating CEI / Missing nonReentrant,"If the token hands control to the sender, reentrancy results."
87,40cc38c69cca,Medium,Reentrancy,Violating CEI / Missing nonReentrant,function createBasket in Factory should also be nonReentrant as it interacts with various tokens inside the loop and these tokens may contain callback hooks.
88,9cc1dc4ae06a,Medium,Reentrancy,Violating CEI / Missing nonReentrant,User state is updated after sending reward tokens. If the reward token has transfer hooks or is upgraded to ERC777 an attacker can reenter and claim again before state is updated.
89,fa1836e0615e,Medium,"Flashloan, MEV",Price Manipulation / Arbitrage opportunity,"Because bond is permissionless and automatically calls reLP, an attacker can use a flash loan to move the RDPX-ETH price before reLP executes. The protocol trades at the manipulated price and the attacker arbitrages the reversal."
90,fa1836e0615e,Medium,"Arithmetic, ERC4626",Price Manipulation / Arbitrage opportunity,redeem calculates returned RDPX from the user's share of vault supply instead of current market price. A user can deposit before a price increase and later redeem more RDPX than intended.
91,198fa93fabdd,Medium,TWAP,Price Manipulation / Arbitrage opportunity,"The current implementation of TWAV is based on a short observation period, making it susceptible to price manipulation."
92,d9b35c0c87a4,Medium,Logic Error,Bypass Mechanism,"Penalty recovery uses the minimum of operatorSD and poolThreshold.minThreshold instead of the full penalty amount. When operatorShare is much larger, most of the penalty can remain unrecovered."
93,a3e15237ea08,High,Logic Error,State Update Inconsistency,"Root cause:

One of the main invariant of the protocol is that all the events ThorChain_Router emits should be correct, but it breaks in the edge cases of the transferOut(), _transferOutV5(), transferOutAndCall() and _transferOutAndCallV5(), which emit the wrong to when the Native Tokens transfer fails


Deep Dive:
- transferOut(): Used by the vaults to transfer either the Native Tokens or ERC20 tokens to any address to. It first transfers the funds to the specified to address and then emits the TransferOut event
-  In case the Native Tokens transfer to the to address fails, it just refunds or bounce back the ethers to the vault address (msg.sender)
>  It's very likely since the function uses solidity's .send to transfer the funds, which has gas limit (2300)
-  The problem is in the above case, the event TransferOut will be wrong
-  the ethers receiver will be in vault, not the input to,
-  to doesn't get updated to the vault's address, so the function in the end emits the original to
-  As a result, ThorChain is getting informed that the ether receiver is still input tosolidity function transferOut(address payable to, address asset, uint amount, string memory memo) public payable nonReentrant {     uint safeAmount;     if (asset == address(0)) {         safeAmount = msg.value;         bool success = to.send(safeAmount); // Send ETH.         if (!success) {             payable(address(msg.sender)).transfer(safeAmount); // For failure, bounce back to vault & continue.         }     } else {       .....     }     ///@audit-issue H worng event `to` incase of the bounce back - PoC: `Should bounce back ethers but emits wrong event`     emit TransferOut(msg.sender, to, asset, safeAmount, memo); }"
94,fa1836e0615e,Medium,"Arithmetic, Slippage","Does not match with Doc, Invalid Slippage Control / Missing slippage check",cause: mintokenAAmount is calculated with an incorrect formula. impact: Trade slippage cannot be controlled properly.
95,9cc1dc4ae06a,Medium,Logic Error,"Does not match with Doc, Incorrect Parameter",unlockInWeeks - unlockTime compares seconds even though the logic intends to compare weeks. The greater than two check becomes two seconds instead of two weeks so locks can be extended earlier than documented.
96,d562802cb53a,Medium,"Logic Error, Upgradeable",Does not match with Doc,"The StateTransitionManager contract lacks a way to invoke executeUpgrade() or upgradeChainFromVersion(), preventing forced upgrades of deployed STs in urgent high-risk situations and undermining the documented safeguard mechanism."
97,d9b35c0c87a4,Medium,Pause,Does not match with Doc,Several contracts inherit PausableUpgradeable but do not implement pause and unpause controls. The documented emergency pause mechanism is therefore unavailable for those contracts.
98,fa1836e0615e,Medium,Slippage,Invalid Slippage Control / Missing slippage check,"When minAmount is zero and _ethToDpxEth is true, the code uses getDpxEthPrice instead of getEthPrice to compute minOut. The resulting slippage bound is incorrect."
99,e169bbefc6e2,Medium,Slippage,Invalid Slippage Control / Missing slippage check,Reward tokens are swapped directly to WETH through a fixed path that may not have enough liquidity. Users can receive far less output when a better route exists.
100,e7921851ec01,Medium,Arithmetic,Precision Loss,"possible precision loss in D3VaultLiquidation.finishLiquidation() function when calculating realDebt because of division before multiplication. Source: ## Found by 0xdice91, BugBusters, BugHunter101, Kalyan-Singh, MohammedRizwan, Oxhunter526, PRAISE, amaechieth, kutugu ## Summary finishLiquidation() divides before multiplying when calculating realD"
101,51c6dc5fd57f,Medium,Access Control,State Update Inconsistency,"An earner can still continue earning even after being removed from the approved list.. Source: ## Found by 00001111x0, 0xpiken, araj, pkqs90 ## Summary An earner can still continue earning even after being removed from the approved list. ## Vulnerability Detail A M holder is eligible to earn the Earner Rate when they are approved by TTG. The approv"
102,51c6dc5fd57f,Medium,Accounting Error,State Update Inconsistency,"Malicious minters can repeatedly penalize their undercollateralized accounts in a short peroid of time, which can result in disfunctioning of critical protocol functions, such as `mintM`.. Source: ## Found by pkqs90 ## Summary Malicious minters can exploit the updateCollateral() function to repeatedly penalize their undercollateralized accounts in"
103,51c6dc5fd57f,Medium,Access Control,Bypass Mechanism,"Validator threshold can be bypassed: a single compromised validator can update minter's state to historical state. Source: ## Found by 00001111x0, pkqs90, xiaoming90 ## Summary The updateCollateralValidatorThreshold specifies the minimum number of validators needed to confirm the validity of updateCollateral data. However, just **one** compromised"
104,1167ec3a176e,High,Access Control,Asset Theft,A malicious executor can delete the fees belonging to the owner of `ArrakisStandardManager`. Source: ## Found by juaan ## Summary The contest README states that the executor of ArrakisStandardManager is a RESTRICTED role during rebalance action on vaults. This report shows a way for the executor to call ArrakisStandardManager::rebalance() with a ma
105,1167ec3a176e,High,Logic Error,State Update Inconsistency,"Incorrect handling of first deposit for new modules leads to all liquidity sent to vault manager. Source: ## Found by cu5t0mPe0, juaan ## Summary See detail. ## Vulnerability Detail The following logic is implemented in ValantisHOTModulePublic.deposit() : solidity (uint256 _amt0, uint256 _amt1) = pool.getReserves(); if (!notFirstDeposit) { if (_amt"
106,1167ec3a176e,High,Access Control,Asset Theft,"Through rebalance(), an executor can drain 100% of vault reserves by minting cheap shares. Source: ## Found by juaan ## Summary The contest README states the following: > Executor of ArrakisStandardManager is RESTRICTED during rebalance action on vaults. This is a complex attack performed by a malicious executor to drain a vault during rebalance. I"
107,1167ec3a176e,High,Access Control,Asset Theft,"ArrakisMetaVault::setModule Malicious executor can drain the vault by calling withdraw after initializePosition. Source: ## Found by cergyk, cu5t0mPe0, iamandreiski, juaan ## Summary A malicious executor, after a new module is whitelisted by an admin, can drain the vault by calling ArrakisStandardManager.setModule() with a malicious payloads_. ## V"
108,1167ec3a176e,High,DoS,Bad Condition,"Adding liquidity can be `DoS`ed due to calculation mismatches. Source: ## Found by KupiaSec, cu5t0mPe0, juaan, whitehair0330 ## Summary When users add liquidity, they send tokens to the ArrakisPublicVaultRouter contract. The ValantisHOTModulePublic contract then takes the required tokens from the ArrakisPublicVaultRouter contract. However, due to a"
109,1167ec3a176e,High,Slippage,Invalid Slippage Control / Missing slippage check,"ArrakisMetaVaultPrivate::fund No slippage control on private vault deposit can cause unlimited loss to owner. Source: The protocol has acknowledged this issue. ## Found by cergyk, juaan ## Summary An attacker can front-run a deposit transaction for an ArrakisMetaVaultPrivate, forcing the depositor to deposit in an unbalanced way. This increases liq"
110,1167ec3a176e,Medium,ERC20,safeApprove,"USDT is not supported. Source: ## Found by cu5t0mPe0 ## Summary When approving USDT, the allowance value needs to be set to 0 first before it can be used correctly. However, the 4.9.5 version of OpenZeppelin does not internally call forceApprove. ## Vulnerability Detail Users can perform swap operations using RouterSwapExecutor, but the actual amou"
111,592eed5791df,Medium,Accounting Error,Precision Loss,"Attacker will prevent distribution of USDC to stakers through frequent reward updates. Source: ## Found by aslanbek, eeyore, g, tedox ### Summary USDC's lower precision of 6 decimals and frequent reward updates will cause stakers to receive 0 of the allotted 10K USDC weekly rewards. > distributions should be done at the pace of 10k per week until f"
112,103f39b0f29b,Medium,Arithmetic,Rounding Error,"Pairs with ""MAX_FEE"" can revert due to rounding inconsistencies. Source: ## Found by KingNFT, Kow, cawfree, mstpr-brainbot ## Summary If the pair has set the max fee by the fee controller admin which is ""1_000"" then depending on the amount to be swapped, the tx can revert due to rounding error. ## Vulnerability Detail When the fee amount is calcula"
113,73f6a793d916,High,Access Control,Arbitrary Add/Remove/Set/Call,"Vaults can be bricked by `selfdestruct()`ing implementations, using forged immutable args. Source: ## Found by 0xLogos, IllIllI, fugazzi, zzykxx ## Summary The clone-with-immutable-args pattern is unsafe to use when one of the immutable arguments controls an address being delegated to. ## Vulnerability Detail As was seen in the Astaria beacon proxy"
114,9470d2cf198f,Medium,Arithmetic,Token Decimal,"`maxTokenAmountPerUser` limit can be bypassed when currency token has less decimals than the launch token.. Source: ## Found by 056Security, 0x15, 0xAlipede, 0xAsen, 0xDemon, 0xMosh, 0xShahilHussain, 0xYjs, 0xbakeng, 0xeix, 0xiehnnkta, 0xlookman, 0xmujahid002, 0xnegan, 0xnolo, 0xpetern, 0xpranav, 10ap17, 1nc0gn170, Aamirusmani1552, Adotsam, Albort,"
115,9470d2cf198f,Medium,Accounting Error,State Update Inconsistency,"`userTokens` accounting in `Launch.sol::updateParticipation` is updated incorrectly and can lead to loss of user funds, DOS and a broken invariant. Source: ## Found by 0rpse, 0xbakeng, 0xc0ffEE, 10ap17, Boy2000, IvanFitro, John44, KlosMitSoss, Limbooo, X0sauce, ZdravkoHr., farismaulana, rokinot, zzykxx ### Summary When a user reduces their particip"
116,9ddd6b83c27e,High,Access Control,Asset Theft,"If a user approves junior vault tokens to WithdrawPeriphery, anyone can withdraw/redeem his/her token. Source: ## Found by Nyx, simon135, GimelSec, cccz, clems4ever ## Summary If users want to withdraw/redeem tokens by WithdrawPeriphery, they should approve token approval to WithdrawPeriphery, then call withdrawToken() or redeemToken(). But if user"
117,9ddd6b83c27e,High,Logic Error,Bad Condition,"DnGmxJuniorVaultManager#_rebalanceBorrow logic is flawed and could result in vault liquidation. Source: ## Found by clems4ever, 0x52 ## Summary DnGmxJuniorVaultManager#_rebalanceBorrow fails to rebalance correctly if only one of the two assets needs a rebalance. In the case where one assets increases rapidly in price while the other stays constant,"
118,9ddd6b83c27e,Medium,DoS,Bad Condition,"DnGmxJuniorVaultManager#harvestFees can push junior vault borrowedUSDC above borrow cap and DOS vault. Source: ## Found by 0x52, ctf\_sec ## Summary DnGmxJuniorVaultManager#harvestFees grants fees to the senior vault by converting the WETH to USDC and staking it directly. The result is that the senior vault gains value indirectly by increasing the"
119,9ddd6b83c27e,Medium,Arithmetic,Incorrect Formula,Wrong price calculation in DnGmxJuniorVaultManager.sol. Source: ## Found by clems4ever ## Summary in DnGmxJuniorVaultManager.sol at line:647: usdcPrice should be on denominator and MAX_PRECISION on numerator (cf pricing in Vault: uint256 redemptionAmount = _usdgAmount.mul(PRICE_PRECISION).div(price);) ## Vulnerability Detail ## Impact In the case u
120,9ddd6b83c27e,Medium,Slippage,Invalid Slippage Control / Missing slippage check,"WithdrawPeriphery#_convertToToken slippage control is broken for any token other than USDC. Source: ## Found by clems4ever, 0x52 ## Summary WithdrawPeriphery allows the user to redeem junior share vaults to any token available on GMX, applying a fixed slippage threshold to all redeems. The slippage calculation always returns the number of tokens to"
121,9ddd6b83c27e,Medium,Slippage,Hardcoded Parameter,"WithdrawPeriphery uses incorrect value for MAX_BPS which will allow much higher slippage than intended. Source: ## Found by 0x52 ## Summary WithdrawPeriphery accidentally uses an incorrect value for MAX_BPS which will allow for much higher slippage than intended. ## Vulnerability Detail uint256 internal constant MAX_BPS = 1000; BPS is typically 10,"
122,9ddd6b83c27e,Medium,ERC4626,Inflation Attack,"Early depositors to DnGmxSeniorVault can manipulate exchange rates to steal funds from later depositors. Source: ## Found by tives, \_\_141345\_\_, GimelSec, cccz, clems4ever, ctf\_sec, peanuts, joestakey, rvierdiiev, 0x52 ## Summary To calculate the exchange rate for shares in DnGmxSeniorVault it divides the total supply of shares by the totalAsse"
123,9ddd6b83c27e,Medium,Logic Error,Bad Condition,"DnGmxJuniorVaultManager#_totalAssets current implementation doesn't properly maximize or minimize. Source: ## Found by 0x52 ## Summary The maximize input to DnGmxJuniorVaultManager#_totalAssets indicates whether to either maximize or minimize the NAV. Internal logic of the function doesn't accurately reflect that because under some circumstances, m"
124,ee25ec7abd40,High,DoS,Out of Gas,"Migrated withdrawals that require more than 135,175 gas can be permanently bricked: the inner CrossDomainMessenger gas limit is set to 0 on the incorrect assumption that messages are replayable, so insufficient gas can be supplied to make the relay fail unrecoverably."
125,804fe35b0164,Medium,Upgradeable,Missing Initialization,no constructor and no initializers
126,198fa93fabdd,Medium,Pause,State Update Inconsistency,System state can still be changed in the paused status.
127,ee25ec7abd40,High,Arithmetic,Unsafe Downcast,"Legacy withdrawals can be relayed twice, double-spending bridged assets. The Bedrock migration wipes the L2CrossDomainMessenger successfulMessages storage, so the relayed-message check always passes and an already-relayed legacy message can be replayed using its v0 hash."
128,ee25ec7abd40,High,Input Validation,Invalid Validation,"The gas formula in SafeCall.callWithMinGas() does not fully comply with EIP-150 and EIP-2929, so the sub-call can receive less than the required _minGas. Withdrawal transactions can be finalized with less than the specified gas limit, leading to loss of funds."
129,ee25ec7abd40,Medium,Access Control,Invalid Validation,"SafeCall.callWithMinGas ensures the called function does not revert but leaves no gas buffer for continued execution. OptimismPortal can be called with gas such that the message is marked finalized while the inner L1CrossDomainMessenger relay runs out of gas, losing user funds."
130,ee25ec7abd40,Medium,Input Validation,Invalid Validation,"Gas usage of cross-chain messages sent via CrossDomainMessenger is undercounted, creating a discrepancy between L1 and L2 and corrupting the intrinsic gas calculation used for message relaying."
131,ee25ec7abd40,Medium,DoS,Bad Condition,"A malicious actor can halt the Bedrock migration by calling a non-existing function in OVM_L2ToL1MessagePasser, creating a mismatch between collected witness data and the migration parser so ReadWitnessData returns an error and migration stops until the data is cleaned."
132,ee25ec7abd40,Medium,DoS,Bad Condition,"Using revert on low gas in L1CrossDomainMessenger can cause loss of funds: if the forwarded gas passes the OptimismPortal check but then runs out inside L1CrossDomainMessenger, the revert path strands the user's bridged funds with no replay."
133,27c6f2a68058,High,Access Control,Invalid Validation,"ChiikawaToken.mint is public and lacks onlyOwner or any authorization check, allowing any address to mint unlimited CHIIKAWA tokens and dilute or steal token value."
134,348856fe60ac,Medium,DoS,payable / receive(),"BlackStar.receive lets anyone reset releaseTime by sending ETH directly to the contract, so an attacker can repeatedly send dust before expiry and indefinitely delay the owner withdrawal."
135,c2426a2ab283,High,Reentrancy,Violating CEI / Missing nonReentrant,ChiikawaSticker.claim calls _safeMint before clearing canClaim[msg.sender]; a malicious ERC721 receiver can reenter claim from onERC721Received and mint multiple NFTs from one purchase.
136,a8884f87db1a,High,Accounting Error,Invariant Violation,"`userTotalStaked` invariant will be broken due to vulnerable implementations in `release()`. userTotalStaked invariant will be broken due to vulnerable implementations in release(). Users might lose funds due to underflow errors in withdraw methods. ### Proof of Concept According to the readme, userTotalStaked invariant should always hold true: use"
137,b155c4de6012,Medium,Access Control,Cannot Revoke,"No way to revoke Approval in `DelegateToken.approve` leads to unauthorized calling of `DelegateToken.transferFrom`. < < < There is no way to revoke the approval which given via DelegateToken.approve(address,delegateTokenId). They can able call the DelegateToken.transferFrom even the tokenHolder revoke the permission using the DelegateToken.setAppro"
138,b155c4de6012,Medium,DoS,Nonce,"`CreateOfferer.sol` should not enforce the nonce incremented sequentially, otherwise user can DOS the contract by skipping order. According to > ""Seaport v1.2 introduced support for a new type of order: the contract order. In brief, a smart contract that implements the ContractOffererInterface (referred to as an “Seaport app contract” or 'Seaport a"
139,e99e64a8abf1,High,Input Validation,Invalid Validation,"Lack of Balance Validation. ### Description The pool's ratio of y to x must be within the interval [MIN_M, MAX_M), which will be checked by the _checkBalances() function. External view functions will call the _swap(), _reserveTokenSpecified() or _lpTokenSpecified() functions to get the specified result. However, _checkBala"
140,98b7c1691811,High,DoS,Missing Upper/Lower Bound Check,"Malicious early user/attacker can malfunction the contract and even freeze users' funds in edge cases. _Submitted by WatchPug_ < solidity _pointsPerUnit += ((newXDEFI * _pointsMultiplier) / totalUnitsCached); In the current implementation, _pointsPerUnit can be changed in updateDistribution() which can be called by anyone. A malicious early user ca"
141,98b7c1691811,High,Reentrancy,Violating CEI / Missing nonReentrant,"The reentrancy vulnerability in _safeMint can allow an attacker to steal all rewards. _Submitted by cccz, also found by cmichel, Fitraldys, kenzo, onewayfunction, and tqts_ There is a reentrancy vulnerability in the \_safeMint function solidity function _safeMint( address to, uint256 tokenId, bytes memory _data ) internal virtual { _mint(to, tokenI"
142,98b7c1691811,Medium,ERC721,Duplicate Value,"`_safeMint` Will Fail Due To An Edge Case In Calculating `tokenId` Using The `_generateNewTokenId` Function. _Submitted by leastwood, also found by cmichel, cmichel, egjlmn1, kenzo, MaCree, onewayfunction, sirhashalot, and WatchPug_ #### Impact NFTs are used to represent unique positions referenced by the generated tokenId. The tokenId value contai"
143,0315ba9d8121,High,Accounting Error,State Update Inconsistency,"Mismatch between yield amount deposited in shares calculation and `getAccountYieldBalance()`. Mismatch between the return amount in all yield Etherfi and Lido assets and the getAccountYieldBalance() call causes the yield amount of each staked nft to the same YieldAccount to be incorrect, leading to the possibility of withdrawing the excess for some"
144,0315ba9d8121,High,Input Validation,Invalid Validation,"`isolateRepay()` lack of check `onBehalf == nftOwner`. When calling isolateRepay() we can specify nftTokenIds and onBehalf. The current implementation just restricts onBehalf!=address(0) and does not restrict onBehalf == nftOwner. solidity function validateIsolateRepayBasic( InputTypes.ExecuteIsolateRepayParams memory inputParams, DataTypes.PoolDat"
145,0315ba9d8121,High,ERC721,State Update Inconsistency,"`erc721DecreaseIsolateSupplyOnLiquidate()` missing clear `lockerAddr`. When isolateLiquidate(supplyAsCollateral=false) is executed, finally erc721DecreaseIsolateSupplyOnLiquidate() will be executed and the NFT will be transferred to the user. solidity function erc721DecreaseIsolateSupplyOnLiquidate( DataTypes.AssetData storage assetData, uint256[]"
146,0315ba9d8121,High,Access Control,Asset Theft,"Anyone can get the NFT collateral token after an Auction without bidding due to missing check on `msg.sender`. < In IsolateLogic.sol, liquidation of an isolate loan can only be placed after the auction period is passed with bidding. The problem is that there is a missing check on msg.sender in isolate liquidation flow, which allows anyone to take t"
147,0315ba9d8121,High,Liquidation,Missing Functionality,"Bad debt is never handled which places insolvency risks on BendDAO. Bad debt is never handled, which may happen whenever the collateral asset price crashes or the debt value spikes. Whenever this happens ERC20 positions will be partially liquidated and ERC721 positions will not be profitable for liquidation, which means the debt will not be repaid."
148,0315ba9d8121,High,DoS,onERC721Received callback,"Users cannot unstake from YiedlETHStakingEtherfi.sol, because YieldAccount.sol is incompatible with ether.fi's WithdrawRequestNFT.sol. In YiedlETHStakingEtherfi::stake, users yieldBorrow WETH, convert it to ETH, and stake in Ether.fi's LiquidityPool. Ether.fi's LiquidityPool will mint eETH (protocol token) to the user's yieldAccount. Users will uns"
149,0315ba9d8121,High,DoS,Bad Condition,"Revert due to underflow error, leading to lock of the liquidated NFT. < ### Description The IsolateLogic.sol#executeIsolateAuction() is triggered by liquidators to launch a new auction or just participate in an existing one for isolated lending. Each NFT token has a predefined auction duration nftAssetData.auctionDuration, the MAX duration is 7 day"
150,0315ba9d8121,High,DoS,Incorrect Parameter,"The bot won't be able to unstake or repay risky positions in the yield contract. < ### Impact When botAdmin attempts to unstake and repay risky positions, wrong account address will be used, causing the transaction to fail. ### Proof of Concept In the YieldStakingBase.sol contract, unstake and repay transaction can only be initiated by either the N"
151,8a20eb1e521f,Medium,Logic Error,Bad Condition,"Incorrect comparison logic in post-operation checks. The _doCheckValueType function, which is crucial for post-operation validation, contains reversed comparison logic for the gte (greater than or equal to) and lte (less than or equal to) operators. This reversal causes the function to perform the opposite checks than intended, potentially allowing"
152,8a20eb1e521f,Medium,call / delegatecall,Missing Return Check,"Staking ETH incorrectly assumes revert bubbling. When EbtcLeverageZapRouter::openCdpWithEth and EbtcLeverageZapRouter::adjustCdpWithEth stake ETH with Lido, the underlying function performing the call assumes that any exceptions (from Lido) will be bubbled up, but with call being a low level rather than a Solidity function, it is not the case. Lido"
153,485f7b9ccb0a,Medium,Logic Error,Bad Condition,"Tickets can be entered after prizes for current round have partially been distributed. The ThrusterTreasure contract is designed to facilitate a lottery game where users can enter tickets to win prizes based on entropy. The contract includes mechanisms for entering tickets into rounds (enterTickets()), setting prizes for rounds (setPrize()), and cl"
154,485f7b9ccb0a,Medium,Accounting Error,Incorrect Formula,"`claimPrizesForRound` transfers the entire amount deposited for a prize regardless of the number of winners. claimPrizesForRound() transfers the entire amount of a prize to a winner without considering the total number of winners for that prize. The prize for a given round and prize index can be set by calling the setPrize() function, which pulls t"
155,485f7b9ccb0a,Medium,Logic Error,State Update Inconsistency,"Dynamic modification of `maxPrizeCount` affects prize claims. The ThrusterTreasure contract is designed to manage rounds of a lottery game, where participants can enter tickets and claim prizes based on random draws. The contract includes a variable maxPrizeCount which dictates the maximum number of prizes that can be set for any given round. This"
156,485f7b9ccb0a,Medium,Logic Error,Implementation Error,"Incorrect gas claiming logic in `ThrusterPoolDeployer`. From the audit documentation: > All contracts that use gas should comply with the Blast gas claim logic. However, the ThrusterPoolDeployer contains a flaw in the implementation of claimGas() which will prevent it from ever claiming the gas it induces. The function attempts to claim gas for the"
157,485f7b9ccb0a,Medium,Accounting Error,State Update Inconsistency,"`ThrusterFactory.setYieldCut` should claim fees for all pools before. Thruster have introduced ability to change yield cut for their uniswap v2 like pools. The yield is charged only, when some LP manages their position. This means that in case if yield cut will be changed for a pool, then protocol fee should be minted for previous period using old"
158,54405135ebf3,High,Accounting Error,State Update Inconsistency,"Any borrower with bad debt can be liquidated multiple times to lock funds in the lending pair. _Submitted by panprog, also found by 0xA5DF and Lambda_ Leftover shares in liquidateClean are only subtracted from pair totals, but not from user's borrowed shares. This means that after liquidateClean, borrower's shares will be greater than 0 (leftover s"
159,54405135ebf3,Medium,Liquidation,No Incentive to Liquidate,"No incentives to write off bad debt when remaining collateral is very small. _Submitted by Lambda_ < < ### Impact When a position only has a bit of collateral left (e.g., because a previous liquidateClean call provided just too little shares or the exchange rate just changed), there is no incentive anymore to call liquidateClean again. The maximum"
160,54405135ebf3,Medium,Logic Error,Bad Condition,"Penalty rate is used for pre-maturity date as well. _Submitted by 0xA5DF, also found by 0x52 and rbserver_ When _addInterest() is called post maturity, the penalty rate is applied since the last time _addInterest() was called, including the period before maturity. ### Impact Borrowers will be charged with higher interest rates, when maturity date p"
161,7bbe3d81960c,High,Logic Error,Does not match with Doc,"Pre-defined limit is different from the spec. < < ### Impact In the spec, the pre-defined limit of ETH is 0.01 ETHs. But the actual limit in the code is not 0.01 ETH which could result in misleading. ### Proof of Concept In the spec, it said that the pre-defined limit of ETH is 0.01 ETHs.<br> < > For risk management purposes, a swap will fail if th"
162,7bbe3d81960c,Medium,Logic error,Missing Return Check,"Potential risk of using `swappedAmount` in case of swap error. < <br>< ### Impact In case the swap operation failed, the module should continue as is with the erc20 conversion and finish the IBC transfer. This is the relevant part of the code that swallows the error: swappedAmount, err = k.coinswapKeeper.TradeInputForExactOutput(ctx, coinswaptypes."
163,fee749ecd513,High,DoS,Bad Condition,"Someone can create non-liquidatable auction if the collateral asset fails on transferring to `address(0)`. _Submitted by antonttc, also found by 0x52_ Witch.sol#L176<br> Witch.sol#L399<br> Might lead to systematic debt. Cause errors for liquidators to run normally. ### Proof of Concept In the function auction, there is an input validation around wh"
164,fee749ecd513,High,Liquidation,Incorrect Parameter,"Incorrect amount of Collateral moves for Auction. _Submitted by csanuragjain_ It was observed that the debt and collateral which moves for Auction is calculated incorrectly. In case where line.proportion is set to small value, chances are art will become lower than min debt. This causes whole collateral to go for auction, which was not expected. ##"
165,4ef0b4d678ab,High,Reentrancy,Violating CEI / Missing nonReentrant,"Reentrancy in buy function for ERC777 tokens allows buying funds with considerable discount. < < < < Current implementation of functions add, remove, buy and sell first transfer fractional tokens, and then base tokens. If this base to"
166,4ef0b4d678ab,High,Slippage,Missing minOut / maxAmount,"Liquidity providers may lose funds when adding liquidity. *Submitted by Jeiwan, also found by minhtrng, minhquanym, HE1M, wait, hansfriese, BAHOZ, unforgiven, 0xxm, Junnon, bytehat, UNCHAIN, carlitox477, RaymondFam, Chom, CRYP70, 9svR6w, [mauricio1802]("
167,4ef0b4d678ab,High,Input Validation,Inflation Attack,"First depositor can break minting of shares. *Submitted by minhquanym, also found by Apocalypto, 0xDecorativePineapple, Franfran, dipp, rjs, ak1, Tricko, Jeiwan, unforgiven, hansfriese, BAHOZ, unforgiven, bytehat, UNCHAIN, immeas, SamGMK, [fs0c]("
168,4ef0b4d678ab,Medium,Slippage,Missing deadline,Missing deadline checks allow pending transactions to be maliciously executed. < <br>< <br>< <br>< <br>< <br>< <br>< <br>< The Pair contract does not allow users to submit a deadline for their action. This missing feature enables pending transactions to be maliciously executed at a later point. ### Detailed description AMMs should provide their use
169,4ef0b4d678ab,Medium,Arithmetic,Token Decimal,"Price will not always be 18 decimals, as expected and outlined in the comments. The price() function is expected to return the price of one fractional tokens, represented in base tokens, to 18 decimals of precision. This is laid out clearly in the comments: /// @notice The current price of one fractional token in base tokens with 18 decimals of pre"
170,4ef0b4d678ab,Medium,Arithmetic,Rounding Error,"Rounding error in `buyQuote` might result in free tokens. *Submitted by Zarf, also found by minhtrng, Franfran, Apocalypto, adriro, 0xDave, wait, unforgiven, Jeiwan, hansfriese, bytehat, UNCHAIN, rajatbeladiya, CRYP70, hihen, koxuan, kiki\_dev, [yixxas]("
171,4ef0b4d678ab,Medium,Logic Error,Bypass Mechanism,It's possible to swap NFT token ids without fee and also attacker can wrap unwrap all the NFT token balance of the Pair contract and steal their air drops for those token ids. < <br>< Users can wrap() their NFT tokens (which id is whitelisted) and receive 1e18 fractional token or they can pay 1e18 fractional token and unwrap NFT token. there is two
172,4ef0b4d678ab,Medium,Oracle,Price Manipulation / Arbitrage opportunity,"Pair price may be manipulated by direct transfers. < <br>< <br>< An attacker may manipulate the price of a pair by transferring tokens directly to the pair. Since the Pair contract exposes the price function, it maybe be used as a price oracle in third-party integrations. Manipulating the price of a pair may allow an attacker to steal funds from su"
173,099243e83259,High,Input Validation,Invalid Validation,"Giant pools can be drained due to weak vault authenticity check. *Submitted by Jeiwan, also found by Trust, datapunk, immeas, JTJabba, arcoun, bin2chen, imare, wait, unforgiven, satoshipotato, ronnyx2017, Lambda, hihen, bitbopper, fs0c, [banky]("
174,099243e83259,High,Accounting Error,Incorrect Formula,Incorrect accounting in `SyndicateRewardsProcessor` results in any LP token holder being able to steal other LP tokens holder's ETH from the fees and MEV vault. < <
175,099243e83259,High,Reentrancy,Violating CEI / Missing nonReentrant,Possibly reentrancy attacks in `_distributeETHRewardsToUserForToken` function. < < < < < < The root of the problem is in the _distributeETHRewardsToUserForToken which makes a call to
176,099243e83259,High,Accounting Error,Asset Theft,Theft of ETH of free floating SLOT holders. < < < A malicious user can steal all claimable ETH belonging to free floating SLOT holders... ### Proof of Concept < Run it in the test suite with forge ### Tools Used Manual review / forge ### Recommended Mitigation Steps += operator instead of = in < ? The logic for keeping the rewards up-to-date is als
177,099243e83259,High,Accounting Error,Asset Theft,Old stakers can steal deposits of new stakers in `StakingFundsVault`. < < < Stakers to the MEV+fees vault can steal funds from the new stakers who staked after a validator was registered and the derivatives were minted. A single staker who staked 4 ETH can steal all funds deposited by new stakers. ### Proof of Concept StakingFundsVault is designed
178,099243e83259,High,Reentrancy,Violating CEI / Missing nonReentrant,"Reentrancy in `LiquidStakingManager.sol#withdrawETHForKnow` leads to loss of fund from smart wallet. < < < < The code below violates the check effect pattern, the code banned the public key to mark the public key invalid to not let the msg.sender withdraw again after sending the ETH. solidity /// @notice Allow node runners to withdraw ETH from thei"
179,099243e83259,High,DoS,State Update Inconsistency,"Protocol insolvent - Permanent freeze of funds. < < < * Permanent freeze of funds - users who deposited ETH for staking will not be able to receive their funds, rewards or rotate to another token. The protocol becomes insolvent, it cannot pay anything to the users. * Protocol's LifecycleStatus state machine is broken Other impacts: * Users deposit"
180,099243e83259,High,DoS,No Recovery Mechanism,Rewards of `GiantMevAndFeesPool` can be locked for all users. < < Any malicious user could make the rewards in GiantMevAndFeesPool inaccessible to all other users... ### Proof of Concept < Copy the file in the test suite and run the test. ### Tools Used forge test ### Recommended Mitigation Steps Protect the inherited functions of the ERC20 tokens
181,099243e83259,High,Accounting Error,Asset Theft,"Any user being the first to claim rewards from `GiantMevAndFeesPool` can unexepectedly collect them all. < < < Any user being the first to claim rewards from GiantMevAndFeesPool, can get all the previously generated rewards whatever the amount and even if he did not participate to generate those rewards... ### Proof of Concept < Copy paste it in th"
182,099243e83259,High,Accounting Error,Asset Theft,function `withdrawETH` from `GiantMevAndFeesPool` can steal most of eth because of idleETH is reduced before burning token. < < < The contract GiantMevAndFeesPool override the function totalRewardsReceived: return address(this).balance + totalClaimed - idleETH; The function totalRewardsReceived is used as the current rewards balance to caculate the
183,099243e83259,High,DoS,Bad Condition,"The GiantLP with a transferHookProcessor will call transferHookProcessor.beforeTokenTransfer(_from, _to, _amount) when it's transferred / minted / burned. But the to address is address(0x00) in the erc20 _burn function. The GiantMevAndFeesPool.beforeTokenTransfer will call the function SyndicateRewardsProcessor._distributeETHRewardsToUserFor"
184,e0d2d83ea351,High,Access Control,Asset Theft,"Attacker can steal 99% of total balance from any reward token in any Staking contract. < < < < < < ### Impact Attacker can steal 99% of the balance of a reward token of any Staking contract in the blockchain. An attacker can do this by modifying the reward speed of the target reward token. So an attacker gets access to changeRewardSpeed, he will ne"
185,099243e83259,High,DoS,State Update Inconsistency,"Sender transferring `GiantMevAndFeesPool` tokens can afterward experience pool DOS and orphaning of future rewards. When a user transfers away GiantMevAndFeesPool tokens, the pool's claimed\[] computed is left unchanged and still corresponds to what they had claimed with their old (higher) number of tokens. (See GiantMevAndFeesPool afterTokenTransf"
186,e0d2d83ea351,High,Reentrancy,"Violating CEI / Missing nonReentrant, ERC777 Callback","Staking rewards can be drained. *Submitted by 0xdeadbeef0x, also found by apvlki, ulqiorra, immeas, fs0c, gjaldon, Aymen0909, SadBase, hansfriese, KIntern\_NA, Krace, aashar, 0xNazgul, mrpathfindr, btk, mert\_eren, Kumpa, [waldenyan20]("
187,099243e83259,High,Input Validation,Asset Theft,"`bringUnusedETHBackIntoGiantPool` in `GiantMevAndFeesPool` can be used to steal `LPTokens`. real LPTokens can be transferred out of GiantMevAndFeesPool through fake _stakingFundsVaults provided by an attacker. < ### Proof of Concept bringUnusedETHBackIntoGiantPool takes in _stakingFundsVaults, _oldLPTokens, _newLPTokens and rotate _amounts from old"
188,e0d2d83ea351,High,Input Validation,Asset Theft,"`BeefyAdapter()` malicious vault owner can use malicious `\_beefyBooster` to steal the adapter's token. Malicious vault owner can use Malicious \_beefyBooster to steal the adapter's token. ### Proof of Concept When creating a BeefyAdapter, the vault owner can specify the \_beefyBooster. The current implementation does not check if the \_beefyBooste"
189,099243e83259,High,Accounting Error,Asset Theft,`GiantMevAndFeesPool.bringUnusedETHBackIntoGiantPool` function loses the addition of the idleETH which allows attackers to steal most of eth from the Giant Pool. < < The contract GiantMevAndFeesPool override the function totalRewardsReceived: return address(this).balance + totalClaimed - idleETH; The function totalRewardsReceived is used as the cur
190,e0d2d83ea351,High,Access Control,Invalid Validation,"Anyone who uses same adapter has the ability to pause it. < < ### Impact Anyone who uses same adapter has the ability to pause it. As result you have the ability to pause any vault by creating your vault with the same adapter. When a user creates vault, he has the ability to deploy new adapter or reuse already created adapter. VaultController gives"
191,a1ee58021528,High,Access Control,Invalid Validation,"FabricateMIRClaim and FabricateANCClaim should only be issued by the Hub contract (the central hub for all minted bLuna managed by Lido). However, execute_fabricate_anchor_claim and execute_fabricate_mir_claim do not restrict the caller, allowing anyone to submit these msgs."
192,099243e83259,High,DoS,State Update Inconsistency,"`BringUnusedETHBackIntoGiantPool` can cause stuck ether funds in Giant Pool. < < withdrawUnusedETHToGiantPool will withdraw any eth from the vault if staking has not commenced(knot status is INITIALS_REGISTERED), the eth will be drawn successful to the giant pool. However, idleETH variable is not updated. idleETH is the available ETH for withdrawin"
193,099243e83259,High,Reentrancy,Violating CEI / Missing nonReentrant,"Reentrancy vulnerability in GiantMevAndFeesPool.withdrawETH. GiantMevAndFeesPool.withdrawETH calls lpTokenETH.burn, then GiantMevAndFeesPool.beforeTokenTransfer, followed by a call to \_distributeETHRewardsToUserForToken sends ETH to the user, which allows the user to call any function in the fallback. While GiantMevAndFeesPool.withdrawETH has the"
194,099243e83259,High,Accounting Error,State Update Inconsistency,Fund lose in function `bringUnusedETHBackIntoGiantPool()` of `GiantSavETHVaultPool` ETH gets back to giant pool but the value of idleETH don't increase. < < Variable idleETH in giant pools is storing total amount of ETH sat idle ready for either withdrawal or depositing into a liquid staking network and whenever a deposit or withdraw happens contra
195,e0d2d83ea351,High,Accounting Error,Incorrect Formula,"When the reward speed is changed in MultiRewardStaking, the new end time is calculated based off of the balance of the reward token owned by the contract. This, however, is not the same as the number of reward tokens that are left to be distributed since some of those tokens may be owed to users who have not collected their rewards yet. As a resu"
196,ba93b3b8d7cf,High,call / delegatecall,Missing Return Check,"The check for value transfer success is made after the return statement in `_withdrawFromYieldPool` of `LidoVault`. Users can lose their funds ### Proof of Concept LidoVault.sol#L142<br> The code checks transaction success after returning the transfer value and finishing execution. If the call fails the transaction won't revert since require(sent,"
197,099243e83259,High,Accounting Error,State Update Inconsistency,"Unstaking does not update the mapping `sETHUserClaimForKnot`. If a user stakes some sETH, and after some time decides to unstake some amount of sETH, later s/he will not be qualified or be less qualified to claim ETH on the remaining staked sETH. ### Proof of Concept Suppose Alice stakes 5 sETH by calling stake(...).<br> < So, we will have: * sETHU"
198,e0d2d83ea351,High,Arithmetic,Token Decimal,Any user can drain the entire reward fund in MultiRewardStaking due to incorrect calculation of `supplierDelta`. < < < ### Impact Reward deltaIndex in _accrueRewards() is multiplied by 10**decimals() but eventually divided by rewards.ONE (which is equal to 10**IERC20Metadata(address(rewardToken)).decimals()) in _accrueUser(). If the number of decim
199,099243e83259,High,Accounting Error,State Update Inconsistency,Function _distributeETHRewardsToUserForToken() is used to distribute remaining reward of user and it's called in _onWithdraw() of GiantMevAndFeesPool. but function withdrawETH() in GiantPoolBase don't call either of them and burn user giant LP token balance so if user withdraw his funds and has some remaining ETH rewards he would lose tho
200,e0d2d83ea351,High,Accounting Error,State Update Inconsistency,"Protocol loses fees because highWaterMark is updated every time someone deposit, withdraw, mint. < < < < ### Impact Protocol loses fees because highWaterMark is updated every time someone deposit, withdraw, mint. ### Proof of Concept This bug is related to the fees accruing design. It was discussed with the sponsor in order to understand how it sho"
201,dd17040a53bc,High,DoS,Bad Condition,"It might not be possible to withdraw tokens from the basket. _Submitted by Czar102, also found by csanuragjain_ #### Impact When enough basket token owners exit, it will be impossible to exit pool with the last MIN_AMOUNT tokens because of this check. This will result in locking some tokens forever. #### Recommended Mitigation Steps Consider resign"
202,099243e83259,High,Accounting Error,State Update Inconsistency,When depositETH() is called in giant pool it calls _onDepositETH() which calls _setClaimedToMax() to make sure new ETH stakers are not entitled to ETH earned by but this can cause users to lose their remaining rewards when they deposits. code should first transfer user remaining rewards when deposit happens.
203,dd17040a53bc,High,ERC20,No Recovery Mechanism,"Unused ERC20 tokens are not refunded, and can be stolen by attacker. _Submitted by WatchPug_ Under certain circumstances, e.g. annualizedFee being minted to feeBeneficiary between the time user sent the transaction and the transaction being packed into the block and causing amounts of underlying tokens for each basketToken to decrease. It's possibl"
204,ba93b3b8d7cf,High,Slippage,Hardcoded Parameter,"Hard-coded slippage may freeze user funds during market turbulence. _Submitted by jonah1005, also found by berndartmueller, Picodes, IllIllI, sorrynotsorry, and WatchPug_ GeneralVault.sol#L125<br> GeneralVault set a hardcoded slippage control of 99%. However, the underlying yield tokens price may go down.<br> If Luna/UST things happen again, users'"
205,b2a8c124d062,High,DoS,Does not match with Doc,"Mismatch in `withdraw()` between Yearn and other protocols can prevent Users from redeeming zcTokens and permanently lock funds. _Submitted by scaraven, also found by Franfran_ As defined in the docs for Euler, ERC4626, Compound and Aave, when withdrawing and depositing funds the amount specified corresponds excactly to how many of the underlying a"
206,9befb133ee74,High,Access Control,Bad Condition,"Incorrect use of operator leads to arbitrary minting of GVT tokens. _Submitted by 0xRajeev, also found by pauliax and gpersoon_ The distributeStrategyGainLoss() function distributes any gains or losses generated from a harvest and is expected to be called only by valid protocol vault adaptors. It is an externally visible function and the access con"
207,e6e43dfea59f,High,Access Control,Bad Condition,"Incorrect use of operator leads to arbitrary minting of GVT tokens. _Submitted by 0xRajeev, also found by pauliax and gpersoon_ The distributeStrategyGainLoss() function distributes any gains or losses generated from a harvest and is expected to be called only by valid protocol vault adaptors. It is an externally visible function and the access con"
208,a1ee58021528,High,Oracle,Stale Value,"`money-market-contracts/oracle#feed_prices()` delayed transaction may disrupt price feeds. < The implementation only takes two attributes: asset and price. And the last_updated_time of the record will always be set to the current block.time. This makes it possible for the price feeds to be disrupted when the network is congested, or the endpoint is"
209,e0d2d83ea351,High,Input Validation,Invalid Validation,"Attacker can deploy vaults with a malicious Staking contract. < < ### Impact Anyone can deploy a Vault with a malicious Staking contract attached. If the Staking contract already exists, we can just pass its address to deployVault and no checks will be applied to see whether the Staking contract matches valid Staking templates in the Template Regis"
210,9befb133ee74,High,Arithmetic,Unsafe Downcast,"implicit underflows. _Submitted by gpersoon, also found by cmichel_ There are a few underflows that are converted via a typecast afterwards to the expected value. If solidity 0.8.x would be used, then the code would revert. * int256(a-b) where a and b are uint: For example, if a=1 and b=2, then the intermediate result would be uint(-1) == 2**256-1"
211,e6e43dfea59f,High,Arithmetic,Unsafe Downcast,"implicit underflows. _Submitted by gpersoon, also found by cmichel_ There are a few underflows that are converted via a typecast afterwards to the expected value. If solidity 0.8.x would be used, then the code would revert. * int256(a-b) where a and b are uint: For example, if a=1 and b=2, then the intermediate result would be uint(-1) == 2**256-1"
212,e0d2d83ea351,High,Accounting Error,State Update Inconsistency,"Affected contract: MultiRewardStaking When assets are withdrawn for user Alice by an approved user Bob to a receiver that is not Alice, the rewards are never accrued and the resulting staking rewards are lost forever. This is because accrueRewards is called on caller and receiver but never owner. Third-party withdrawals are allo"
213,97843b77b287,High,DoS,Bad Condition,"Single under-funded protocol can break paying off debt. _Submitted by cmichel, also found by walker and gpersoon_ The SherXERC20.payOffDebtAll function iterates over all protocols of the token. If _a single project_ does not have enough funds to cover the premium payments, the transactions come to a halt, see _payOffDebt: solidity debt = _accruedDe"
214,9befb133ee74,High,"Accounting Error, Cross-Chain",Bad Condition,"`Buoy3Pool.safetyCheck` is not precise and has some assumptions. _Submitted by cmichel, also found by shw_ The safetyCheck function has several issues that impact how precise the checks are: 1. Only checks if the a/b and a/c ratios are within BASIS_POINTS. By transitivity, b/c is only within 2 * BASIS_POINTS if a/b and a/c are in range. For a more"
215,e6e43dfea59f,High,"Accounting Error, Cross-Chain",Invalid Validation,"`Buoy3Pool.safetyCheck` is not precise and has some assumptions. _Submitted by cmichel, also found by shw_ The safetyCheck function has several issues that impact how precise the checks are: 1. Only checks if the a/b and a/c ratios are within BASIS_POINTS. By transitivity, b/c is only within 2 * BASIS_POINTS if a/b and a/c are in range. For a more"
216,7b5e1803022e,High,ERC4626,Rounding Error,"Rounding Issues In Certain Functions. _Submitted by xiaoming90, also found by berndartmueller, GreyArt, jonah1005, kenzo, and minhquanym_ < < ### Background Per EIP 4626's Security Considerations (< > Finally, ERC-4626 Vault implementers should be aware of the need for specific, opposing rounding directions across the different mutable and view met"
217,7100a75d6ebd,High,Chainlink,Stale Value,"Oracle data feed can be outdated yet used anyways which will impact payment logic. _Submitted by 0xNineDec, also found by 0x1f8b, 0x29A, 0x52, 0xdanial, 0xDjango, 0xf15ers, bardamu, cccz, Cheeezzyyyy, Chom, codexploder, defsec, Franfran, Alex the Entreprenerd, Green, hake, hansfriese, horsefacts, hubble, hyh, IllIllI, jonatascm, kebabsec, Meera, oy"
218,099243e83259,High,Reentrancy,Violating CEI / Missing nonReentrant,Possible reentrancy and fund theft in `withdrawDETH()` of `GiantSavETHVaultPool` because there is no whitelist check for user provided Vaults and there is no reentrancy defense. Function withdrawDETH() in GiantSavETHVaultPool allows a user to burn their giant LP in exchange for dETH that is ready to withdraw from a set of savETH vaults. This functi
219,9befb133ee74,High,Logic Error,Bad Condition,"The function sortVaultsByDelta doesn't always work as expected. Suppose all the delta's are positive, and delta1 >= delta2 >= delta3 > 0. Then maxIndex = 0. And (delta < minDelta (==0) ) is never true, so minIndex = 0. Then (assuming bigFirst==true): This is clearly not what is wanted, all vault"
220,e6e43dfea59f,High,Logic Error,Bad Condition,"The function sortVaultsByDelta doesn't always work as expected. Suppose all the delta's are positive, and delta1 >= delta2 >= delta3 > 0. Then maxIndex = 0. And (delta < minDelta (==0) ) is never true, so minIndex = 0. Then (assuming bigFirst==true): This is clearly not what is wanted, all vault"
221,7100a75d6ebd,High,DoS,Front Run,"Token Change Can Be Frontrun, Blocking Token. _Submitted by philogy, also found by berndartmueller and Lambda_ < < < ### Impact This vulnerability allows malicious actors to block other users from changing tokens of their projects. Furthermore if ownership over the token contract is transferred to the JBTokenStore contract prior to the change, as s"
222,a1ee58021528,High,Access Control,Bypass Mechanism,It seems that the owner is only allowed to spend amount uptil config.spend_limit. However it was observed that this config.spend_limit is never decreased even if owner has spend an amount. This makes config.spend_limit useless as owner can simply send 2-multiple transactions each of config.spend_limit which will all pass and hence bypassing
223,e0d2d83ea351,High,Access Control,Arbitrary Add/Remove/Set/Call,"Malicious strategy can lead to loss of funds. A malicious strategy has access to the adapter's storage and can therefore freely change any values. ### Proof of Concept Because AdapterBase calls the Strategy using delegatecall, the Strategy has access to the calling contract's storage and can be manipulated directly. In the following proof of concep"
224,1d8f1f43cde9,High,Oracle,State Update Inconsistency,Oracle price does not compound. _Submitted by cmichel_ ScalingPriceOracle.sol#L136<br> ScalingPriceOracle.sol#L113<br> The oracle does not correctly compound the monthly APRs - it resets on fulfill.<br> Note that the oraclePrice storage variable is only set in _updateCPIData as part of the oracle fulfill callback.<br> It's set to the old price (pri
225,dd17040a53bc,Medium,ERC20,Missing Return Check,"ERC20 return values not checked. _Submitted by cmichel, also found by defsec, JMukesh, p4st13r4, and WatchPug_ The ERC20.transfer() and ERC20.transferFrom() functions return a boolean value indicating success. This parameter needs to be checked for success. Some tokens do **not** revert if the transfer failed but return false instead. See: - Single"
226,9befb133ee74,Medium,Chainlink,Deprecated Library,"Use of deprecated Chainlink function `latestAnswer`. _Submitted by shw_ According to Chainlink's documentation (Deprecated API Reference, Migration Instructions, and API Reference), the latestAnswer function is deprecated. This function does not throw an error if no answer has been reached, but instead returns 0, causing an incorrect price to be fe"
227,e6e43dfea59f,Medium,Chainlink,Deprecated Library,"Use of deprecated Chainlink function `latestAnswer`. _Submitted by shw_ According to Chainlink's documentation (Deprecated API Reference, Migration Instructions, and API Reference), the latestAnswer function is deprecated. This function does not throw an error if no answer has been reached, but instead returns 0, causing an incorrect price to be fe"
228,9befb133ee74,Medium,Chainlink,Deprecated Library,"Usage of deprecated ChainLink API in `Buoy3Pool`. _Submitted by cmichel, also found by 0xRajeev and a_delamo_ The Chainlink API (latestAnswer) used in the Buoy3Pool oracle wrappers is deprecated: > This API is deprecated. Please see API Reference for the latest Price Feed API. Chainlink Docs It seems like the old API can return stale data. Checks s"
229,e6e43dfea59f,Medium,Chainlink,Deprecated Library,"Usage of deprecated ChainLink API in `Buoy3Pool`. _Submitted by cmichel, also found by 0xRajeev and a_delamo_ The Chainlink API (latestAnswer) used in the Buoy3Pool oracle wrappers is deprecated: > This API is deprecated. Please see API Reference for the latest Price Feed API. Chainlink Docs It seems like the old API can return stale data. Checks s"
230,7100a75d6ebd,Medium,Access Control,Centralization Risk,"JBToken: mint function could mint arbitrary amount of tokens. _Submitted by cccz_ The owner of the JBToken contract can mint arbitrary amount of tokens. In general, the owner of the JBToken contract is the JBTokenStore contract, and the minting of the tokens is controlled by the JBController contract, but when the changeTokenOf function of the JBCo"
231,b2a8c124d062,Medium,Logic Error,Bad Condition,"Should use >= instead of >. _Submitted by oyc&#95;109_ < < The comparison should be 'a >= vlt.notional' instead of a > vlt.notional. Otherwise dust amounts will always be left in vlt.notional when calling removeNotional() or transferNotionalFrom(). **JTraversa (Swivel) confirmed, but disagreed with severity and commented:** > While the leakage is p"
232,9befb133ee74,Medium,Arithmetic,Token Decimal,"The two BaseVaultAdaptor.calculateShare functions compute share = amount.mul(uint256(10)decimals).div(sharePrice) This assumes that the sharePrice is always in _token_ decimals and that _token_ decimals is the same as _vault_ decimals. Both these assumptions happen to be correct for Yearn vaults, but that will not nec"
233,e6e43dfea59f,Medium,Arithmetic,Token Decimal,"The two BaseVaultAdaptor.calculateShare functions compute share = amount.mul(uint256(10)decimals).div(sharePrice) This assumes that the sharePrice is always in _token_ decimals and that _token_ decimals is the same as _vault_ decimals. Both these assumptions happen to be correct for Yearn vaults, but that will not nec"
234,7100a75d6ebd,Medium,Input Validation,Invalid Validation,"The check if the newly provided project splits contain the currently locked splits does not check the JBSplit struct properties preferClaimed and preferAddToBalance. According to the docs in JBSplit.sol, *"".if the split should be unchangeable until the specified time, with the exception of extending the lock"
235,a4d91fb1550f,Medium,Accounting Error,Fee On Transfer Token,The DInterest.deposit function takes a depositAmount parameter but this parameter is not the actual transferred amount for fee-on-transfer / deflationary (or other rebasing) tokens. The actual deposited amount might be lower than the specified depositAmount of the function parameter. This would lead to wrong interest rate calculations on the
236,e0d2d83ea351,Medium,DoS,Missing Functionality,"Users can fail to withdraw deposited assets from a vault that uses `YearnAdapter` contract as its adapter because `maxLoss` input for calling corresponding Yearn vault's `withdraw` function cannot be specified. < < < ### Impact For a vault that uses the YearnAdapter contract as its adapter, calling the Vault.withdraw or Vault.redeem function will e"
237,e0d2d83ea351,Medium,Input Validation,Invalid Validation,"Faulty Escrow config will lock up reward tokens in Staking contract. < < < < < ### Impact When a Vault owner creates/adds a reward token to the Staking contract with faulty escrow config parameters, the reward tokens sent to the Staking contract will forever be locked up. This can happen since there are no validity checks on the values of the Escro"
238,e0d2d83ea351,Medium,ERC4626,Not EIP Compliant,Malicious Users Can Drain The Assets Of Vault. (Due to not being ERC4626 Complaint). Malicious users can drain the assets of the vault. ### Proof of Concept The withdraw function users convertToShares to convert the assets to the amount of shares. These shares are burned from the users account and the assets are returned to the user. The function w
239,7b5e1803022e,Medium,Access Control,Asset Theft,"Residual Allowance Might Allow Tokens In SetToken To Be Stolen. _Submitted by xiaoming90_ < < ### Proof of Concept Whenever _mintFCashPosition function is called to mint new fCash position, the contract will call the _approve function to set the allowance to _maxSendAmount so that the fCash Wrapper contact can pull the payment tokens from the SetTo"
240,7100a75d6ebd,Medium,ERC20,Missing Return Check,"Use a safe transfer helper library for ERC20 transfers. _Submitted by horsefacts, also found by 0x1f8b, 0x29A, 0x52, 0xf15ers, AlleyCat, apostle0x01, berndartmueller, cccz, Ch&#95;301, Chom, cloudjunky, codexploder, cryptphi, delfin454000, durianSausage, fatherOfBlocks, Franfran, hake, hansfriese, hyh, IllIllI, jonatascm, Kaiziron, Limbooo, m&#95;R"
241,dd17040a53bc,Medium,call / delegatecall,Missing Return Check,"Unchecked return value from low-level call(). _Submitted by JMukesh, also found by certora_ #### Impact The return value of the low-level call is not checked, so if the call fails, the Ether will be locked in the contract. If the low level is used to prevent blocking operations, consider logging failed calls. #### Proof of Concept < #### Recommende"
242,7b5e1803022e,Medium,ERC777,ERC777 Callback,"User can alter amount returned by redeem function due to control transfer. _Submitted by 0xDjango_ Control is transferred to the receiver when receiving the ERC777. They are able to transfer the ERC777 to another account, at which time the before and after balance calculation will be incorrect. uint256 balanceBefore = IERC20(asset()).balanceOf(rece"
243,a4d91fb1550f,Medium,DoS,Invalid Validation,"Unchecking the ownership of `mph` in function `distributeFundingRewards` could cause several critical functions to revert. In contract MPHMinter, the function distributeFundingRewards does not check whether the contract itself is the owner of mph. If the contract is not the owner of mph, mph.ownerMint could revert, causing functions such as withdra"
244,af8e4af75dc2,Medium,ERC20,Missing Return Check,ERC20 implementations are not always consistent. Some implementations of transfer and transferFrom could return 'false' on failure instead of reverting. It is safer to wrap such calls into require() statements to these failures.
245,7100a75d6ebd,Medium,DoS,Out of Gas,"Juicebox project owner can create a honeypot to cause grief. _Submitted by dirk&#95;y, also found by IllIllI, and ylv_ < < ### Impact In a Juicebox project the project owner (or anyone that they approve) can set splits. These splits are details of the token distributions to other addresses in response to contributions to the project. At the moment"
246,af8e4af75dc2,Medium,DoS,Front Run,"In repay() users can repay their debt. function repay(address user, uint amount) public { uint debt = debts[user]; require(debt >= amount, ""Insufficient debt""); debts[user] -= amount; totalDebt -= amount; dbr.onRepay(user, amount); dola.transferFrom(msg.sender, address(this), amount); emit Repay(user, msg.sender, amount); } There is a require c"
247,e169bbefc6e2,Medium,Chainlink,Deprecated Library,"Chainlink pricer is using a deprecated API. _Submitted by cccz, also found by 0xDjango, 0xkatana, berndartmueller, Cr4ckM3, defsec, horsefacts, hyh, JMukesh, joshie, Jujic, pedroais, peritoflores, rayn, reassor, Ruhum, and WatchPug_ According to Chainlink's documentation, the latestAnswer function is deprecated. This function might suddenly stop wo"
248,af8e4af75dc2,Medium,Liquidation,Unfair Liquidation,"Liquidation should make a borrower *healthier*. < < For a lending pool, borrower's debt healthness can be decided by the health factor, i.e. the collateral value divided by debt. ($C/D$) The less the health factor is, the borrower's collateral is more risky of being liquidated. Liquidation is supposed to make the borrower healthier (by paying debts"
249,2c5e13b4e147,Medium,Accounting Error,Fee On Transfer Token,"Protocol doesn't handle fee on transfer tokens. _Submitted by wuwe1, also found by cccz, defsec, dipp, Dravee, GermanKuber, GimelSec, jah, reassor, and WatchPug_ Gravity.sol#L600<br> Since the _tokenContract can be any token, it is possible that loans will be created with tokens that support fee on transfer. If a fee on transfer asset token is chos"
250,7100a75d6ebd,Medium,Chainlink,Missing Return Check,"Unhandled chainlink revert would lock all price oracle access. _Submitted by bardamu, also found by berndartmueller, codexploder, Alex the Entreprenerd, and horsefacts_ Call to latestRoundData could potentially revert and make it impossible to query any prices. Feeds cannot be changed after they are configured (< so this would result in a permanent"
251,af8e4af75dc2,Medium,Reentrancy,ERC777 Callback,"ERC777 reentrancy when withdrawing can be used to withdraw all collateral. Market.sol#L464<br> Markets can be deployed with arbitrary tokens for the collateral, including ERC777 tokens (that are downwards-compatible with ERC20). However, when the system is used with those tokens, an attacker can drain his escrow contract completely while still havi"
252,7100a75d6ebd,Medium,Input Validation,Invalid Validation,"Lack of check on `mustStartAtOrAfter`. _Submitted by zzzitron, also found by IllIllI_ < < ### Impact By setting huge mustStartAtOrAfter, the owner can set start time in the past. It might open up possibility to bypass the ballot waiting time depending on the ballot's implementation. ### Proof of Concept The proof of concept is almost the same as Te"
253,ba93b3b8d7cf,Medium,DoS,Refund Failed,"ConvexCurveLPVault's `_transferYield` can become stuck with zero reward transfer. _Submitted by hyh_ Now there are no checks for the amounts to be transferred via \_transferYield and \_processTreasury. As reward token list is external and an arbitrary token can end up there, in the case when such token doesn't allow for zero amount transfers, the r"
254,97843b77b287,Medium,Accounting Error,Fee On Transfer Token,"The sherlock smart contract system uses internal bookkeeping of arbitrary ERC20 token balances. It doesn't assert that the ERC20 doesn't implement some non-standard behavior. For example, deflationary tokens, or tokens with a transfer fee, will result in incorrect internal balances. In summary, a"
255,af8e4af75dc2,Medium,Logic Error,Bad Condition,Users could get some `DOLA` even if they are on liquidation position. Market.sol#L566<br> Users able to invoke forceReplenish() when they are on liquidation position. ### Proof of Concept On Market.sol ==> forceReplenish()<br> On this line uint collateralValue = getCollateralValueInternal(user); getCollateralValueInternal(user) only return the valu
256,dd17040a53bc,Medium,Accounting Error,Incorrect Formula,"Annualized fee APY dependence on the frequency of executing a function. _Submitted by Czar102_ #### Impact The APY of the annualized fee is dependent on the frequency of the execution of the BasketFacet::chargeOutstandingAnnualizedFee(). If it is called more frequently, the compounding is more frequent and the APY is higher. For less used baskets,"
257,dd17040a53bc,Medium,Accounting Error,Incorrect Formula,"fees calculations are not accurate. _Submitted by certora_ after that fee is calculated, it is minted to the feeBeneficiary. simply minting the exact amount results lower fee than it should be. #### Impact feeBeneficiary will get less fees than it should. #### Proof of Concept let's assume that the basket assets are worth 1M dollars, and totalSuppl"
258,dd17040a53bc,Medium,DoS,Bad Condition,"Function `joinTokenSingle` in `SingleTokenJoin.sol` and `SingleTokenJoinV2.sol` can be made to fail. _Submitted by pmerkleplant, also found by certora, hyh, p4st13r4, pauliax, robee, and WatchPug_ #### Impact There's a griefing attack vulnerability in the function joinTokenSingle in SingleTokenJoin.sol as well as SingleTokenJoinV2.sol which makes a"
259,ba93b3b8d7cf,Medium,DoS,Bad Condition,"Withdrawing ETH collateral with max uint256 amount value reverts transaction. _Submitted by berndartmueller, also found by WatchPug_ Withdrawing ETH collateral via the withdrawCollateral function using type(uint256).max for the _amount parameter reverts the transaction due to _asset being the zero-address and IERC20Detailed(_asset).decimals() not w"
260,7100a75d6ebd,Medium,Accounting Error,Fee On Transfer Token,"Code credits fee-on-transfer tokens for amount stated, not amount transferred. _Submitted by IllIllI, also found by cccz, hake, Meera, rbserver, and robee_ Some ERC20 tokens, such as USDT, allow for charging a fee any time transfer() or transferFrom() is called. If a contract does not allow for amounts to change after transfers, subsequent transfer"
261,7b5e1803022e,Medium,DoS,Out of Gas,"`IsWrappedFcash` check is a gas bomb. _Submitted by jonah1005_ In the _isWrappedFCash check, the notionalTradeModule check whether the component is a wrappedCash with the following logic. solidity try IWrappedfCash(_fCashPosition).getDecodedID() returns(uint16 _currencyId, uint40 _maturity){ try wrappedfCashFactory.computeAddress(_currencyId, _matu"
262,b2a8c124d062,Medium,DoS,Implementation Error,"Yearn vault integration is broken. _Submitted by bardamu_ < < ### Impact Yearn integration is broken, making it impossible to create a MarketPlace associated with a Yearn vault. ### Proof of Concept Compounding.sol attempts to resolve the underlying token implemented by supported protocols: < function underlying(uint8 p, address c) internal view re"
263,a1ee58021528,Medium,Governance,Bad Condition,"Governance Voting Dis-proportionally Favours Users Who Stake And Vote After A Poll Has Been Created And Had Its Snapshot Taken. < < < < Polls are created by targeting the receive_cw20 function which is queried whenever the contract receives tokens. By setting the hook message to Cw20HookMsg::CreatePoll, the sender is able to create a poll, assuming"
264,1d8f1f43cde9,Medium,Logic Error,State Update Inconsistency,"`vcon` address change not persistent across protocol components. _Submitted by rayn_ Core.sol#L27<br> CoreRef.sol#L22<br> CoreRef.sol#L199<br> vcon address is allowed to be updated by GOVERNOR in Core, however, this change will not be reflected in CoreRef._vcon. Moreover, since CoreRef._vcon cannot be updated due to contract design, it is also impo"
265,7100a75d6ebd,Medium,Accounting Error,Precision Loss,"Discounted fee calculation is imprecise and calculates less fees than anticipated. _Submitted by berndartmueller, also found by 0x52, hyh, and Ruhum_ The JBPayoutRedemptionPaymentTerminal._feeAmount function is used to calculate the fee based on a given _amount, a fee rate _fee and an optional discount _feeDiscount. However, the current implementat"
266,97843b77b287,Medium,Accounting Error,Bad Condition,"When a large payout occurs, it will lower unallocatedSherX. This could mean some parties might not be able to get their Yield. The first couple of users (for which harvest is called or which transfer tokens) will be able to get their full Yield, until the moment unallocatedSherX is depleted. The next users don't get any"
267,dd17040a53bc,Medium,Access Control,Missing Initialization,"It is possible to ""uninitialize"" `ERC20Facet` contract. _Submitted by Czar102_ #### Impact The initialization status is defined by the name and symbol. It is possible it set them back to an empty string, uninitializing the contract and letting the initialize(..) function be called again. This way, the owner may, for example, hide minting additional"
268,af8e4af75dc2,Medium,Liquidation,Bad Condition,"User can free from liquidation fee if its escrow balance is less than the calculated liquidation fee. User can free from liquidation fee if its escrow balance less than the calculated liquidation fee. ### Proof of Concept If the liquidationFeeBps is enabled, the gov should receive the liquidation fee. But if user's escrow balance is less than the c"
269,ba93b3b8d7cf,Medium,Logic Error,Implementation Error,"Possible lost msg.value. _Submitted by rotcivegaf, also found by AuditsAreUS, berndartmueller, cccz, MaratCerby, dipp, and StErMi_ GeneralVault.sol#L75-L89<br> LidoVault.sol#L79-L104<br> ConvexCurveLPVault.sol#L131-L149<br> Possible lost value in depositCollateral function call ### Proof of Concept In call depositCollateral can will send value and"
270,b2a8c124d062,Medium,Logic Error,Incorrect Parameter,"Swivel.setFee() is implemented wrongly.. _Submitted by hansfriese, also found by jonatascm_ Swivel.setFee() is implemented wrongly. Swivel.feenominators won't be set as expected. ### Proof of Concept This function has a parameter ""i"" for the index of the new fee denomination but it isn't used during the update. ### Tools Used Solidity Visual Develo"
271,8f18f7d5c396,Medium,Accounting Error,Incorrect Parameter,"`initialBalance` for native token is wrong. _Submitted by WatchPug, also found by daejunpark, gpersoon, hickuphh3, kenzo, and pmerkleplant_. < solidity function executeTrades( address fromToken, address toToken, uint256 fromAmount, TradeFormat[] calldata trades, uint256 finalAmountMin, address depricated ) external nonReentrant payable { depricated"
272,dd17040a53bc,Medium,Accounting Error,Invariant Violation,"`totalSupply` may exceed `LibBasketStorage.basketStorage().maxCap`. _Submitted by Czar102, also found by gpersoon, gzeon, kenzo, and WatchPug_ #### Impact Total supply of the token may exceed the maxCap introduced. This can happen when a user wants to join the pool. The check in BasketFacet::joinPool(...) includes only the base amount, without fee."
273,dd17040a53bc,Medium,Slippage,Missing deadline,"block.timestamp or deadline. _Submitted by gpersoon, also found by kenzo and robee_ #### Impact Some functions, like rebalance() in RebalanceManagerV3 use \_deadline as a time limit for swapExactTokensForTokens() Other functions, like \_joinTokenSingle() of SingleTokenJoinV2.sol and \_exit() of SingleNativeTokenExitV2() use block.timestamp, althoug"
274,1d8f1f43cde9,Medium,Oracle,Bad Condition,"`OracleRef` assumes backup oracle uses the same normalizer as main oracle. _Submitted by cmichel_ OracleRef.sol#L104<br> The OracleRef assumes that the backup oracle uses the same normalizer as the main oracle.<br> This generally isn't the case as it could be a completely different oracle, not even operated by Chainlink.<br> If the main oracle fail"
275,1d8f1f43cde9,Medium,Logic error,Front Run,"Updating rate limit for addresses restores their entire buffer amount. _Submitted by cmichel_ MultiRateLimited.sol#L280<br> When the bufferCap is updated for an address in _updateAddress, the address's allowed buffer (bufferStored) is replenished to the entire bufferCap. The address could frontrun the updateAddress call and spend their entire buffe"
276,8f18f7d5c396,Medium,Slippage,Fee On Transfer Token,"Trades where toToken is feeOnTransferToken might send user less tokens than finalAmountMin. _Submitted by kenzo_. Slingshot's executeTrades checks that the trade result amount (to be sent to the user) is bigger than finalAmountMin, and *after that* sends the user the amount. But if the token charges fee on transfer, the final transfer to the user w"
277,a1ee58021528,Medium,Slippage,Invalid Slippage Control / Missing slippage check,"Sandwich attack on astroport sweep. < The collector contract allows anyone to sweep, swapping an asset token to ANC through astro port.<br> Note that belief_price is not set and config.max_spread might not be set as well or misconfigured. This allows an attacker to create a contract to perform a sandwich attack to make a profit on this trade. > A c"
278,fa1836e0615e,Medium,Slippage,Missing minOut / maxAmount,No slippage protection for bonders. < < When a user calls bond or bondWithDelegate they specify the amount of DpxEth they want to bond for. As part of this call the cost of the bond (in WETH and rDPX) is calculated. The discount provided for a bond depends on the bond discount factor and the amount of rDPX in the reserve. The bond discount factor s
279,af8e4af75dc2,Medium,Oracle,Token Decimal,Oracle assumes token and feed decimals will be limited to 18 decimals. < < The Oracle contract
280,a1ee58021528,Medium,Accounting Error,State Update Inconsistency,"Possible Wrong bAsset Rewards/Borrow limits Calculation. During the code review, It has been observed that reward calculation has been done with execute\_epoch\_operations function. However, the config are stored in the storage. When the anc\_purchase\_factor is updated by the owner, the execute\_epoch\_operations is not called. ### Proof of Concep"
281,af8e4af75dc2,Medium,Logic Error,Bypass Mechanism,User can borrow DOLA indefinitely without settling DBR deficit by keeping their debt close to the allowed maximum. A user can borrow DOLA interest-free. This requires the user to precisely manage their collateral. This issue might become especially troublesome if a Market is opened with some stablecoin as the collateral (because price fluctuations
282,7b5e1803022e,Medium,ERC1155,Asset Theft,"fCash of the wrong maturity and asset can be sent to wrapper address before wrapper is deployed. _Submitted by 0x52, also found by jonah1005 and unforgiven_ Minting becomes impossible ### Proof of Concept onERC1155Received is only called when the size of the code deployed at the address contains code. Since create2 is used to deploy the contract, t"
283,a1ee58021528,Medium,Input Validation,Invalid Validation,"When transferring tokens not in `whitelist` on Ethereum to Terra with `CrossAnchorBridge.depositStable()`, the funds may get frozen. In the current implementation of CrossAnchorBridge, all require that ""Check that token is a whitelisted token"" is commented out. As a result, users may send transcations with the non-whitelisted tokens and as they can"
284,af8e4af75dc2,Medium,Oracle,Price Manipulation / Arbitrage opportunity,"Oracle's two-day feature can be gamed. Oracle.sol#L124<br> The two-day feature of the oracle can be gamed where you only have to manipulate the oracle for \~2 blocks. ### Proof of Concept The oracle computes the day using: sol uint day = block.timestamp / 1 days; Since we're working with uint values here, the following is true:<br> 1728799 / 86400"
285,97843b77b287,Medium,Accounting Error,State Update Inconsistency,"The _doSherX function does not attempt to pay off the accrued premiums (""pay off debt"") for most tokens, only for the ones that would otherwise revert the tx: The amounts = LibSherX.calcUnderlying(totalSherX) array is an optimistic view assuming all outstanding, accrued premiums would indeed be paid until now. However, it"
286,ba93b3b8d7cf,Medium,MEV,Front Run,"Yield can be unfairly divided because of MEV/Just-in-time stablecoin deposits. _Submitted by mtz, also found by 0x52, hyh, jonah1005, leastwood, and sorrynotsorry_ YieldManager.sol#L129-L134<br> YieldManager.sol#L160-L161<br> An attacker can use MEV (via gas auction or Flashbots or control of miners) to cause an unfair division of yield. By providi"
287,7100a75d6ebd,Medium,DoS,Out of Gas,"processFees() may fail due to exceed gas limit. _Submitted by oyc&#95;109, also found by 0x52, IllIllI, and pashov_ < ### Impact The function processFees() in JBPayoutRedemptionPaymentTerminal.sol may fail due to unbounded loop over _heldFeesOf[_projectId] _heldFeesOf[_projectId] can get very large due to the function _takeFeeFrom() where it pushes"
288,b2a8c124d062,Medium,DoS,Stale Value,"ZcToken.withdraw will send user 0 tokens if called after maturity deadline but before market is set mature. _Submitted by panprog_ < < ### Impact If maturityRate is still 0 after maturity deadline (because no transactions setting maturityRate have been executed yet), then previewWithdraw calculated amount (used by ZcToken.withdraw function) is 0 an"
289,af8e4af75dc2,Medium,Chainlink,Invalid Validation,"Protocol's usability becomes very limited when access to Chainlink oracle data feed is blocked. Based on the current implementation, when the protocol wants to use Chainlink oracle data feed for getting a collateral token's price, the fixed price for the token should not be set. When the fixed price is not set for the token, calling the Oracle cont"
290,a1ee58021528,Medium,Access Control,State Update Inconsistency,"Updating the hub’s token contract address may lead to incorrect undelegation amount. < The hub contract allows config updates to the token_contract config values in anchor-bAsset-contracts/contracts/anchor_basset_hub/src/config.rs.<br> Such updates can cause wrong amounts of tokens to be calculated during processing of undelegations, since the amou"
291,dd17040a53bc,Medium,Logic Error,Implementation Error,"SingleNativeTokenExitV2 allows the user to exit and execute trades via multiple exchanges. When finishing the trades and sending a single output token back to the user, the contract takes that token from the last swap in the first exchange's trades. There is nothing in the struct that signifies th"
292,2c5e13b4e147,Medium,Pause,Missing Functionality,"The `Gravity.sol` should have pause/unpause functionality. _Submitted by defsec_ In case a hack is occuring or an exploit is discovered, the team (or validators in this case) should be able to pause functionality until the necessary changes are made to the system. Additionally, the gravity.sol contract should be manged by proxy so that upgrades can"
293,fa1836e0615e,Medium,ERC4626,Inflation Attack,"A malicious early depositor can manipulate the `LP-Token` price per share to take an unfair share of future user deposits. *Submitted by 0xWagmi, also found by Matin, vangrim, catellatech, MohammedRizwan, Hama, 836541, okolicodes, Inspecktor, erebus, GangsOfBrahmin, Bauchibred, lsaudit, ravikiranweb3, zaevlad, tapir, niki, and [IceBear]("
294,dd17040a53bc,Medium,call / delegatecall,Missing Return Check,"Failed transfer with low level call could be overlooked. _Submitted by harleythedog_ #### Impact The CallFacet.sol contract has the function _call : function _call( address _target, bytes memory _calldata, uint256 _value ) internal { require(address(this).balance >= _value, ""ETH_BALANCE_TOO_LOW""); (bool success, ) = _target.call{value: _value}(_cal"
295,af8e4af75dc2,Medium,DoS,Front Run,"`Market::forceReplenish` can be DoSed. Market.sol#L562<br> If a user wants to completely forceReplenish a borrower with deficit, the borrower or any other malicious party can front run this with a dust amount to prevent the replenish. ### Proof of Concept javascript function testForceReplenishFrontRun() public { gibWeth(user, wethTestAmount); gibDB"
296,af8e4af75dc2,Medium,Logic Error,Bypass Mechanism,"Calling `repay` function sends less DOLA to `Market` contract when `forceReplenish` function is not called while it could be called. When a user incurs a DBR deficit, a replenisher can call the forceReplenish function to force the user to replenish DBR. However, there is no guarantee that the forceReplenish function will always be called. When the"
297,af8e4af75dc2,Medium,Chainlink,Stale Value,"Chainlink oracle data feed is not sufficiently validated and can return stale `price`. *Submitted by rbserver, also found by d3e4, TomJ, pashov, sorrynotsorry, Aymen0909, c7e7eff, horsefacts, pedroais, minhtrng, dipp, 0xc0ffEE, Chom, immeas, imare, Olivierdem, Jeiwan, [cccz]("
298,b2a8c124d062,Medium,Pause,State Update Inconsistency,"unpaused(p) modifier missing in authRedeem function. _Submitted by csanuragjain, also found by cccz_ Due to missing modifier, User will be able to redeem zcTokens and withdraw underlying even in paused Market. This happens due to missing unpaused(p) modifier ### Proof of Concept 1. Lets see function definition for authRedeem function <!----> functi"
299,7b5e1803022e,Medium,DoS,Bad Condition,deposit() and mint() and _redeemInternal() in wfCashERC4626() will revert for all fcash that asset token is underlying token because they always call _mintInternal() with useUnderlying==True. _Submitted by unforgiven_ < < < ### Impact For some fcash the asset token is underlying token (asset.tokenType == TokenType.NonMintable) and NotionalV2 will n
300,7100a75d6ebd,Medium,Input Validation,Duplicate Value,"Duplicated locked splits can be discarded. _Submitted by zzzitron_ The function of the protocol could be impacted. This proof of concept demonstrates the discarding of one of the duplicated locked splits. In the beginning it launches a project with two identical locked splits. As the owner of the project, it updates splits to only one of the two sp"
301,af8e4af75dc2,Medium,Oracle,Bad Condition,"Two day low oracle used in `Market.liquidate()` makes the system highly at risk in an oracle attack. < < < Usage of the 2 day low exchange rate when trying to liquidate is highly risky as it incentives even more malicious agents to control the price feed for a short period of time. By controlling shortly the feed, it puts at risk any debt opened fo"
302,d9b35c0c87a4,High,Upgradeable,Missing Initialization,"`VaultProxy` implementation can be initialized by anyone and self-destructed. < <br>< When the VaultFactory contract is deployed and initialized, the initialise method on the newly created VaultProxy implementation contract is never called. As such, anyone can call that method and pass in whatever values they want as arguments. One important argume"
303,ba93b3b8d7cf,Medium,DoS,Out of Gas,"`processYield()` and `distributeYield()` may run out of gas and revert due to long list of extra rewards/yields. _Submitted by IllIllI, also found by leastwood and StErMi_ Yields will not be able to be distributed to lenders because attempts to do so will revert. ### Proof of Concept The processYield() function loops overall of the extra rewards an"
304,afa60bc8003d,Medium,ERC4626,Inflation Attack,"First xERC4626 deposit exploit can break share calculation. _Submitted by VAD37_ Solmate convertToShares function follow the formula: assetDepositAmount * totalShareSupply / assetBalanceBeforeDeposit. The share price always return 1:1 with asset token. If everything work normally, share price will slowly increase with time to 1:2 or 1:10 as more re"
305,a1ee58021528,Medium,Flashloan,Reward Manipulation,"`anchor_basset_reward` pending yields can be stolen. For yield farming aggregators, if the pending yield on an underlying strategy can be harvested and cause a surge of rewards to all existing investors, especially if the harvest can be triggered permissionlessly. Then the attacker can amplify the attack using a flash loan. This is a well-known att"
306,1d8f1f43cde9,Medium,Arithmetic,Bad Condition,"Div by 0. _Submitted by robee, also found by georgypetrov, cmichel, and IllIllI_ Deviation.sol#L23<br> Division by 0 can lead to accidentally revert,<br> (An example of a similar issue - < a might be 0 It's internal function but since it is used in another internal functions that are used in public and neither of them has this protection I thought"
307,a1ee58021528,Medium,Bad Randomness,Bad Condition,"Unbonding validator random selection can be predicted. When unbonding, the pick_validator function is supposed to choose a random validator to unstake from.<br> However, this randomness can be predicted knowing the block height which is very easy to predict. rust let mut iteration_index = 0; while claimed.u128() > 0 { let mut rng = XorShiftRng::see"
308,af8e4af75dc2,Medium,DoS,Bad Condition,Protocol withdrawals of collateral can be unexpectedly locked if governance sets the `collateralFactorBps` to 0. <
309,ba93b3b8d7cf,Medium,Uniswap,Hardcoded Parameter,"`UNISWAP_FEE` is hardcoded which will lead to significant losses compared to optimal routing. _Submitted by Picodes, also found by hickuphh3_ In YieldManager, UNISWAP_FEE is hardcoded, which reduce significantly the possibilities and will lead to non optimal routes. In particular, all swaps using ETH path will use the wrong pool as it will use the"
310,afa60bc8003d,Medium,DoS,Stale Value,"`xERC4626.sol` Some users may not be able to withdraw until `rewardsCycleEnd` the due to underflow in `beforeWithdraw()`. _Submitted by WatchPug_ xERC4626.sol#L65-L68<br> solidity function beforeWithdraw(uint256 amount, uint256 shares) internal virtual override { super.beforeWithdraw(amount, shares); storedTotalAssets -= amount; } xERC4626.sol#L78-"
311,7100a75d6ebd,Medium,Access Control,Centralization Risk,"When the owner calls the changeTokenOf function of the JBController contract, the token corresponding to the current project will be changed, which will make the oldToken holder unable to redeem the overflowing assets."
312,a1ee58021528,Medium,DoS,Bad Condition,"`money-market-contracts/contracts/market` `claim_rewards` may revert due to `spend_limit` set on `distributor`. While claim_rewards from the money-market, it calls the distributor_contract#spend() to send the rewards. < rust let messages: Vec<CosmosMsg> = if !claim_amount.is_zero() { vec![CosmosMsg::Wasm(WasmMsg::Execute { contract_addr: deps .api"
313,b2a8c124d062,Medium,Input Validation,"Asset Theft, Invalid Validation","ERC20 Incorrect check on returnedAddress in permit() results in unlimited approval of zero address. _Submitted by devtooligan_ When creating ERC20.sol from Solmate, a require() in permit() was converted to a custom error incorrectly. It now reads: solidity if (recoveredAddress != address(0) && recoveredAddress != owner) { revert Invalid(msg.sender,"
314,7100a75d6ebd,Medium,DoS,Refund Failed,"Grieffer beneficiary can cause DOS. _Submitted by hake, also found by cccz_ Payouts won't be able to be distributed if one of multiple beneficiaries decides to revert the transaction on receival. ### Proof of Concept < solidity // If there's a beneficiary, send the funds directly to the beneficiary. Otherwise, send to the msg.sender. _transferFrom("
315,c20104cb90d7,Medium,Access Control,Centralization Risk,The owner can mint all of the NFTs.
316,c20104cb90d7,Medium,Access Control,Centralization Risk,changing the Start Price or the Lowest price in the middle of the auction could allow the owner to manipulate the price.
317,c20104cb90d7,Medium,DoS,Out of Gas,Use of .send() May Revert if The Recipient's Fallback Function Consumes More Than 2300 Gas
318,b2a8c124d062,Medium,Access Control,Bypass Mechanism,"Error in allowance logic. _Submitted by 0xDjango, also found by 0x1f8b, 8olidity, arcoun, Bahurum, caventa, csanuragjain, hansfriese, joestakey, jonatascm, Lambda, oyc&#95;109, and ronnyx2017_ < < ### Impact There is an error in the allowance functionality to allow a non-owner to withdraw or redeem ZcTokens for the owner. Taking ZcToken.redeem() as"
319,9befb133ee74,Medium,Flashloan,Bypass Mechanism,The switchEoaOnly() allows the owner to disable preventSmartContracts (the project's plan apparently is to do so after the beta-period) which will allow any smart contract to interact with the protocol and potentially exploit any underlying flash loan vulnerabilities which are specified as an area of critical concern. Th
320,d9b35c0c87a4,Medium,Access Control,Centralization Risk,OPERATOR holds too many privileges; single point of failure.
321,e0d2d83ea351,Medium,ERC4626,Not EIP Compliant,"Vault.maxWithdraw returns asset amount that is too big for Vault.withdraw. < < < ### Impact ERC4626 standard requires maxWithdraw to return the maximum amount of underlying assets that can be withdrawn from the owner balance with a single withdraw call. withdraw in Vault implements a fee which is not calculated in maxWithdraw in Vault. Therefore, u"
322,afa60bc8003d,Medium,Access Control,Invalid Validation,"FlywheelCore.setFlywheelRewards can remove current reward funds from the current users' reach as it doesn't check that newFlywheelRewards' FlywheelCore is this contract. If it's not, by mistake or with a malicious intent, the users will lose the access to reward funds as this FlywheelCore will not be approved"
323,2c5e13b4e147,Medium,Input Validation,Invalid Validation,"Missing check in the `updateValset` function. Gravity.sol#L276-L358<br> The updateValset function don't check that the sum of the powers of the new validators in the new valset is greater than the threshold, which can lead to unwanted behavior. There are 2 main problems that can occur in that situation: 1. The sum of the new validators' powers will"
324,97843b77b287,Medium,Upgradeable,Centralization Risk,"GovDev.sol has a function updateSolution to upgrade parts of the contract via the Diamond construction. Via updateSolution, any functionality can be changed and all the funds can be accessed/rugged. Even if this is well intended the project could still be called out resulting in a reputation risk, see for [example(http"
325,1d8f1f43cde9,Medium,Logic Error,Missing Upper/Lower Bound Check,"Setting new buffer does not reduce current buffer to cap. _Submitted by cmichel, also found by rayn and catchup_ RateLimited.sol#L142<br> The RateLimited.setBufferCap function first updates the buffer and then sets the new cap, but does not apply the new cap to the updated buffer.<br> Meaning, the updated buffer value can be larger than the new buf"
326,1d8f1f43cde9,Medium,Accounting Error,Peg / Depeg,"`NonCustodialPSM` can become insolvent as CPI index rises. _Submitted by hyh_ NonCustodialPSM.sol#L236-L248<br> NonCustodialPSM mints and redeems VOLT to a chosen stablecoin at the current market rate minus a fixed fee. It is assumed that the difference to be covered with pcvDeposit funds. That assumption is similar to one used in FEI protocol, but"
327,7100a75d6ebd,Medium,Reentrancy,Violating CEI / Missing nonReentrant,"Reentrancy issues on function `distributePayoutsOf`. _Submitted by 0x29A, also found by AlleyCat and hubble_ < < < < < ### Impact In the contract JBPayoutRedemptionPaymentTerminal, the function distributePayoutsOf calls the internal function _distributePayoutsOf and t"
328,9befb133ee74,Medium,Input Validation,Inflation Attack,"The protocol computes a factor when minting (and burning) tokens, which is the exchange rate of rebase to base tokens (base supply / total assets value), see GToken.factor(). The first user can manipulate this factor such that it always returns 0. Example: - Attacker deposits 100.0 DAI and mints 100 * 1e18 PWRD: De"
329,d9b35c0c87a4,Medium,Oracle,Stale Value,"Corruption of oracle data. < <br>< ### Proof of Concept Block for lastReportedSDPriceData = 7200<br> Let's make the current block = 21601<br> Now StaderOracle will have data for 14400 and 21600, both blocks are being pushed by nodes and in the prices array.<br> It will be all mixed up. Also, As soon as the 14400 block is finalised, the data for blo"
330,afa60bc8003d,Medium,Accounting Error,Bad Condition,"In _decrementWeightUntilFree, the free weight is calculated by balanceOf[user] - getUserWeight[user] plus weight freed from non-deprecated gauges. The non-deprecated criteria is unnecessary and lead to incorrect accounting of free weight."
331,a1ee58021528,Medium,Accounting Error,Incorrect Formula,"Simple interest calculation is not exact. < The borrow rate uses a simple interest formula to compute the accrued debt, instead of a compounding formula. rust pub fn compute_interest_raw( state: &mut State, block_height: u64, balance: Uint256, aterra_supply: Uint256, borrow_rate: Decimal256, target_deposit_rate: Decimal256, ) { // @audit simple int"
332,a1ee58021528,Medium,Arithmetic,Rounding Error,The staking contract keeps track of *shares* of each user. When withdrawing from the staking contract the amount parameter is converted to shares and this value is decreased (shares = amount / total_balance * total_share). This shares calculation rounds down which allows stealing tokens. The current code seems to try to protect ag
333,a1ee58021528,Medium,DoS,Bad Condition,"Potential lock of rewards in the custody contracts. The swap_to_stable_denom function in the custody contracts swaps all other native tokens into a specific one. The function creates swap messages for all the other native tokens and adds them as sub-messages, and handles the reply only when the last sub-message succeeds. Upon receiving the reply, t"
334,7b5e1803022e,Medium,ERC777,ERC777 Callback,DOS set token through erc777 hook. _Submitted by jonah1005_ < < ### Impact The wfCash is an erc777 token. ERC777.sol#L376-L380 Users can get the control flow before sending token and after receiving tokens. This creates attack vectors that require extra caution in designing modules. Any combination of modules may lead to a possible exploit. To elab
335,a1ee58021528,Medium,Flashloan,Reward Manipulation,"`bEth` Rewards May Be Depleted By Flashloans or Whales. < Rewards are dispersed to users as a percentage of the user's balance vs total balance (of bEth). Rewards are accumulated each time a user calls execute_decrease_balance(), execute_increase_balance() or execute_claim_rewards() as these functions will in term call update_global_index() before"
336,7b5e1803022e,Medium,Logic Error,Does not match with Doc,"If maturity is reached and user has asked for redeem with opts.transferfCash as true, then if (hasMatured()) turns true at wfCashLogic.solL216 causing fcash to be cashed out in underlying token and then sent to receiver. So receiver obtains underlying when fcash was expected. The sender wont get an error thinking fcash"
337,afa60bc8003d,Medium,Access Control,Reward Manipulation,`FlywheelCore.setBooster()` can be used to steal unclaimed rewards. _Submitted by IllIllI_ A malicious authorized user can steal all unclaimed rewards and break the reward accounting Even if the authorized user is benevolent the fact that there is a rug vector available may negatively impact the protocol's reputation. Furthermore since this contrac
338,afa60bc8003d,Medium,Input Validation,Invalid Validation,"`ERC20Gauges`: The `_incrementGaugeWeight` function does not check the gauge parameter enough, so the user may lose rewards. _Submitted by cccz, also found by 0x52_ The \_incrementGaugeWeight function is used to increase the user's weight on the gauge. However, in the \_incrementGaugeWeight function, it is only checked that the gauge parameter is n"
339,0315ba9d8121,Medium,Chainlink,Stale Value,"PriceOracle has invalid checks on price staleness. There are two checks on price staleness in PriceOracle::getAssetPriceFromChainlink, but both checks are invalid. 1. updatedAt != 0 - In chainlink aggregator, the price is updated at a set heartbeat and a threshold of deviation. updatedAt should be used to check if the answer is within the heartbeat"
340,0315ba9d8121,Medium,Pause,State Update Inconsistency,"Risk of mass liquidation after pool/asset pause and unpause, due to borrow interest compounding implementation. Current pausing features allow a pool to be globally paused (all assets borrow, repay, liquidation pausing) and asset pausing (specific asset borrow, repay, liquidation pausing). See validatePoolBasic() and validateAssetBasic() which are"
341,0315ba9d8121,Medium,DoS,Refund Failed,"If an isolated borrower/bidder is blacklisted by the debt token, risk of DOS liquidation/auction of the corresponding loan. If a debt asset has a blacklisting feature (e.g., USDC), and an isolated borrower/bidder is blacklisted by the asset token, isolated liquidation/auction of the corresponding loan can be DOSsed. When a user is blacklisted by an"
342,0315ba9d8121,Medium,DoS,No Recovery Mechanism,"Unhandled request invalidation by the owner of Etherfi will lead to stuck debt. The owner of Etherfi has the ability to invalidate withdrawal requests, which will DoS YieldEthStakingEtherfi::protocolClaimWithdraw() without ever repaying the debt. Additionally, Etherfi has a mechanism to manually claim the invalidated withdrawal, which will leave th"
343,0315ba9d8121,Medium,DoS,EVM Compatibility,"`wrapNativeTokenInWallet()` always reverts on Arbitrum. VaultLogic.wrapNativeTokenInWallet() is used in a number of places It's mainly used to store msg.value into WETH and then transfer it to msg.sender. solidity function wrapNativeTokenInWallet(address wrappedNativeToken, address user, uint256 amount) internal { require(amount > 0, Errors.INVALID"
344,0315ba9d8121,Medium,DoS,Missing Upper/Lower Bound Check,"`YieldEthStakingLido` lacks a limit on the max stake amount, which may result in the unstake exceeding `MAX_STETH_WITHDRAWAL_AMOUNT`, resulting in the token not being retrieved. In YieldEthStakingLido, the main processes are as follows: 1. stake() -> stEth balance increase 2. unstake () -> unstETH.requestWithdrawals(allShares) 3. repay() -> unstETH"
345,0315ba9d8121,Medium,Accounting Error,Incorrect Parameter,"`executeYieldBorrowERC20()` checking `yieldCap` is wrong. In executeYieldBorrowERC20(), we will check whether stakerAddr exceeds yieldCap. solidity function executeYieldBorrowERC20(InputTypes.ExecuteYieldBorrowERC20Params memory params) internal { ... ValidateLogic.validateYieldBorrowERC20(params, poolData, assetData, groupData); @> vars.totalSuppl"
346,0315ba9d8121,Medium,Accounting Error,Fee On Transfer Token,"Fee-on-Transfer tokens cause problems in multiple places. The protocol is designed to ensure it is compatible with fee-on-transfer tokens (Fee-on-transfer is in scope). For example, the erc20TransferInLiquidity() function checks the balance before and after, and calculates the difference between these values to measure the tokens received solidity"
347,0315ba9d8121,Medium,Liquidation,Implementation Error,"User are forced to borrow again in order to unlock their NFTs from `IsolateLending.sol`. Isolated Margin Lending the BendDAO protocol will calculate the health factor based on a single collateral (one NFT), the liquidation of collateral will be achieved by selling the NFT through an auction mechanism. However, the borrower who gets liquidated (his"
348,0315ba9d8121,Medium,DoS,Bad Condition,"`isolateRedeem()` revert in case Revert-on-zero-value-transfers tokens. One of the features of this protocol is that the borrower can redeem his loan (under the **Isolate Lending**) after his loan goes into auction state (before the end of the auction) by simply invoking IsolateLiquidation.sol#isolateRedeem(). However, in order to keep the liquidat"
349,0315ba9d8121,Medium,Access Control,Centralization Risk,"Updating asset collateral params can lead to liquidate borrowers arbitrarily. One of the key concepts in this protocol is **Cross Lending** when the contract will calculate the health-factor of the account. If it is unhealthy, the liquidator can repay the debt on behalf of the borrower and take their collateral assets at a certain discount price. T"
350,0315ba9d8121,Medium,Chainlink,Stale Value,"No check if Arbitrum/Optimism L2 sequencer is down in Chainlink feeds `PriceOracle.sol`. Chainlink recommends that all Optimistic L2 oracles consult the Sequencer Uptime Feed to ensure that the sequencer is live before trusting the data returned by the oracle. If the Arbitrum Sequencer goes down, oracle data will not be kept up to date, and thus co"
351,0315ba9d8121,Medium,Liquidation,No Incentive to Liquidate,"Major insolvency risk in `LiquidationLogic::executeCrossLiquidateERC721()` due to not setting a maximum liquidation price. Whenever the price of a nft suffers a significant drop or the debt asset increases in price, there is a threshold after which liquidations are not profitable at all for the liquidator. Moreover, it does not offer the possibilit"
352,0315ba9d8121,Medium,Accounting Error,Incorrect Parameter,"Incorrect accounting of utilization, supply/borrow rates due to vulnerable implementation in `IsolateLogic::executeIsolateLiquidate`. When an isolate loan (borrow against a single nft token) is auctioned and liquidated, the liquidator (caller of IsolateLogic::executeIsolateLiquidate) may need to repay extra amount of debt (vars.totalExtraAmount) if"
353,0315ba9d8121,Medium,DoS,No Recovery Mechanism,"It's impossible to retrieve collected fines from the yield staking contract. < ### Impact No means to retrieve collected fines from the staking contract. ### Proof of Concept If botAdmin forcefully unstakes a position, a staker will have to pay an additional fine when the stake is repayed: solidity function _repay(uint32 poolId, address nft, uint25"
354,0315ba9d8121,Medium,DoS,Missing Approval,"Borrower can prevent yield position repayment and closure by the bot. User may revoke the underlying asset approval from the yield contract and prevent the botAdmin from repaying and closing his position. As a result, the debt will not be repaid, leaving the protocol at a loss. ### Proof of Concept Let's take a closer look at the _repay function: s"
355,0315ba9d8121,Medium,Logic Error,State Update Inconsistency,"Changing auction duration will have effect on ongoing auctions. < ### Impact Auctions created before the auction duration was changed will have their duration shortened/extended, which may catch their participants off guard. ### Proof of Concept When an isolated position reaches it's liquidation threshold, users can put it up for auction to pay off"
356,0315ba9d8121,Medium,Accounting Error,State Update Inconsistency,Updating fee factor may create issues for the protocol. < ### Impact When the protocol fee is modified in the Configurator module: - The new fee percentage will be applied to the interest collected before the fee change. - The protocol will use the supply rate that was calculated using the old fee factor. ### Proof of Concept The feeFactor paramete
357,0315ba9d8121,Medium,Accounting Error,State Update Inconsistency,"Protocol should update interest rate after changing rate model in the configurator module. < ### Impact After updating the interest model, the protocol does not update the interest rate, resulting in interest being calculated at the old model rates for some time. ### Proof of Concept The pool admin can change rate model in the Configurator.sol modu"
358,0315ba9d8121,Medium,Logic Error,Incorrect Parameter,"Incorrect `unwrapNativeTokenInWallet` receiver address. < ### Impact If the user specifies native tokens as output assets, the protocol will mistakenly try to unwrap wrapped tokens from the msg.sender instead of the receiver address that was specified in the function call. ### Proof of Concept This issue occurs in the following modules: - BVault -"
359,099243e83259,Medium,DoS,Bad Condition,Freezing of funds - Hacker can prevent users withdraws in giant pools. < < <
360,099243e83259,Medium,Input Validation,Invalid Validation,"Rotating `LPTokens` to banned BLS public key. It is possible to rotate LPTokens to a banned BLS public key. This is not a safe action, because it can result in insolvency of the project (specially if the banned BLS public key was malicious). ### Proof of Concept When a user deposits ETH for staking by calling depositETHForStaking, the manager check"
361,099243e83259,Medium,DoS,Bad Condition,"Giant pools cannot receive ETH from vaults. < < Both giant pools are affected: 1. GiantSavETHVaultPool 2. bringUnusedETHBackIntoGiantPool The giant pools have a bringUnusedETHBackIntoGiantPool function that calls the vaults to send back any unused ETH. Currently, any call to this function will revert.<br> Unused ETH will not be sent to the giant po"
362,099243e83259,Medium,DoS,Bad Condition,GiantPool should not check ETH amount on withdrawal. The GiantPoolBase.withdrawETH function requires that the amount to withdraw is at least as big as the MIN_STAKING_AMOUNT (< This check does not serve any purpose and can actually cause the user problems when withdrawing his ETH. ### Proof of Concept 1. Bob deposits ETH into the GiantPool with the
363,099243e83259,Medium,Input Validation,Bypass Mechanism,"Adding non EOA representative. < < It is not allowed to add non-EOA representative to the smart wallet.<br> But, this limitation can be bypassed by rotating representatives. ### Proof of Concept During registering a node runner to LSD by creating a new smart wallet, it is checked that the _eoaRepresentative is an EOA or not. require(!Address.isCont"
364,099243e83259,Medium,Input Validation,Invalid Validation,Withdrawing wrong LPToken from GiantPool leads to loss of funds. The GiantPoolBase.withdrawLPTokens function (< allows to withdraw LP tokens from a GiantPool by burning an equal amount of GiantLP. This allows a user to handle the LP tokens directly without the need for a GiantPool as intermediary. It is not checked however whether the LP tokens to
365,099243e83259,Medium,Access Control,Role Takeover,"OwnableSmartWallet: Multiple approvals can lead to unwanted ownership transfers. < < The OwnableSmartWallet contract employs a mechanism for the owner to approve addresses that can then claim ownership (< of the contract. The source code has a comment included which states that ""Approval is revoked, in order to avoid unintended transfer allowance i"
366,099243e83259,Medium,Access Control,Arbitrary Add/Remove/Set/Call,DAO admin in `LiquidStakingManager.sol` can rug the registered node operator by stealing their fund in the smart wallet via arbitrary execution.. < < < < < DAO admin in LiquidStakingManager.sol can rug the registered node operator by stealing their fund via arbitrary execution. ### Proof of Concept After the Liquid Staking Manager.so is deployed vi
367,099243e83259,Medium,Access Control,Centralization Risk,"DAO or lsdn owner can steal funds from node runner. < DAO or LSD network owner can swap node runner of the smart contract to their own eoa, allowing them to withdrawETH or claim rewards from node runner. ### Proof of Concept There are no checks done when swapping the node runner whether there are funds in the smart contract that belongs to the node"
368,099243e83259,Medium,DoS,Bad Condition,"Incorrect implementation of the `ETHPoolLPFactory.sol#rotateLPTokens` let user stakes ETH more than `maxStakingAmountPerValidator` in `StakingFundsVault`, and DOS the stake function in `LiquidStakingManager`. < < < < < <"
369,099243e83259,Medium,Input Validation,Invalid Validation,"Banned BLS public keys can still be registered. In registerBLSPublicKeys, it should be checked (according to the comment and error) if a BLS public key is part of the LSD network and not banned: solidity // check if the BLS public key is part of LSD network and is not banned require(isBLSPublicKeyPartOfLSDNetwork(_blsPublicKey) == false, ""BLS publi"
370,099243e83259,Medium,DoS,Front Run,"Attacker can grift syndicate staking by staking a small amount. < < LiquidStakingManager._autoStakeWithSyndicate always stakes a fixed amount of 12 ETH. However, Syndicate.stake only allows a total staking amount of 12 ETH and reverts otherwise: solidity if (_sETHAmount + totalStaked > 12 ether) revert InvalidStakeAmount(); An attacker can abuse th"
371,099243e83259,Medium,Input Validation,Hardcoded Parameter,GiantPool `batchRotateLPTokens` function: Minimum balance for rotating LP Tokens should by dynamically calculated. < < < The GiantSavETHVaultPool and GiantMevAndFeesPool both have a batchRotateLPTokens function that allows to move staked ETH to another key. Both functions require that the GiantLP balance of the sender is >=0.5 ether. < < The reason
372,d9b35c0c87a4,Medium,Access Control,State Update Inconsistency,"Owner in `VaultProxy.sol ` is `address(0)`. The owner variable in the VaultProxy.sol is going to be zero because of a bug in staderConfig. The intialize function in staderConfig grants the admin role to an admin passed in the native _grantRole(), but does not update the mapping that getAdmin reads from. solidity function initialise( bool _isValidat"
373,099243e83259,Medium,Accounting Error,Incorrect Formula,"`GiantMevAndFeesPool.previewAccumulatedETH` function: ""accumulated"" variable is not updated correctly in for loop leading to result that is too low. < < The GiantMevAndFeesPool.previewAccumulatedETH function (< allows to view the ETH that is accumulated by an address. However the formula is not correct. In each iteration of the foor loop, accumulat"
374,099243e83259,Medium,Accounting Error,Peg / Depeg,"dETH / ETH / LPTokenETH can become depegged due to ETH 2.0 reward slashing. I want to quote the info from the doc: > SavETH Vault - users can pool up to 24 ETH where protected staking ensures no-loss. dETH can be redeemed after staking and > Allocate savETH <> dETH to savETH Vault (24 dETH) However, the main risk in ETH 2.0 POS staking is the slash"
375,099243e83259,Medium,Input Validation,Invalid Validation,`Address.isContract()` is not a reliable way of checking if the input is an EOA. The underlying assumption of eoaRepresentative being an EOA can be untrue. This can cause many unintended effects as the contract comments strongly suggests that this must be an EOA account. ### Proof of Concept When BLS public key is registered in registerBLSPublicKey
376,099243e83259,Medium,Access Control,Missing Upper/Lower Bound Check,"Node runners can lose all their stake rewards due to how the DAO commissions can be set to a 100%. Node runners can have all their stake rewards taken by the DAO as commissions can be set to a 100%. ### Proof of Concept There is no limits on _updateDAORevenueCommission() except not exceeding MODULO, which means it can be set to a 100%. LiquidStakin"
377,099243e83259,Medium,Accounting Error,State Update Inconsistency,"When users transfer GiantLP, some rewards may be lost. GiantMevAndFeesPool.beforeTokenTransfer will try to distribute the user's current rewards to the user when transferring GaintLP, but since beforeTokenTransfer will not call StakingFundsVault.claimRewards to claim the latest rewards, thus making the calculated accumulatedETHPerLPShare smaller an"
378,099243e83259,Medium,Input Validation,Invalid Validation,"smartWallet address is not guaranteed correct. ETH may be lost. < < Liquid staking manager call function withdrawETHForStaking(address _smartWallet, uint256 _amount) to withdraw ETH for staking. It's manager's responsibility to set the correct _smartWallet address. However, there is no way to guarantee this. If a typo (or any other reasons) leads t"
379,099243e83259,Medium,Accounting Error,No Recovery Mechanism,"EIP1559 rewards received by syndicate during the period when it has no registered knots can be lost. < < < < < When the deRegisterKnotFromSyndicate function is called by the DAO, the _deRegisterKnot function is eventually called to execute numberOfRegisteredKnots -= 1. It is possible that numberOfRegisteredKnots is reduced to 0. During the period w"
380,099243e83259,Medium,Logic Error,Implementation Error,"ETH sent when calling `executeAsSmartWallet` function can be lost. < < Calling the executeAsSmartWallet function by the DAO further calls the OwnableSmartWallet.execute function. Since the executeAsSmartWallet function is payable, an ETH amount can be sent when calling it. However, since the sent ETH amount is not forwarded to the smart wallet cont"
381,099243e83259,Medium,DoS,Bad Condition,"Calling `updateNodeRunnerWhitelistStatus` function always reverts. *Submitted by rbserver, also found by 0xPanda, ReyAdmirado, Trust, Josiah, Franfran, pashov, Aymen0909, btk, zgo, Jeiwan, SmartSek, Awesome, shark, RaymondFam, trustindistrust, [HE1M]("
382,099243e83259,Medium,Access Control,Missing Functionality,"Node runner who is already known to be malicious cannot be banned before corresponding smart wallet is created. < < < Currently, the rotateNodeRunnerOfSmartWallet function provides the only way to set bannedNodeRunners to true for a malicious node runner. However, before the node runner calls the registerBLSPublicKeys function to create a smart wal"
383,099243e83259,Medium,DoS,Bad Condition,Incorrect checking in `_assertUserHasEnoughGiantLPToClaimVaultLP`. The batch operations of withdrawDETH() in GiantSavETHVaultPool.sol and withdrawLPTokens() in GiantPoolBase.sol are meaningless because they will fail whenever more than one lpToken is passed.<br> Each user can perform withdrawDETH() or withdrawLPTokens() with one LPToken only once a
384,099243e83259,Medium,Access Control,Centralization Risk,"Compromised or malicious DAO can restrict actions of node runners who are not malicious. < < < < < ### Impact When calling the deployNewLiquidStakingDerivativeNetwork function, _dao is not required to be an address that corresponds to a governance contract. This is also confirmed by the code walkthrough at < which mentions that _dao can correspond"
385,099243e83259,Medium,MEV,Front Run,"`rotateNodeRunnerOfSmartWallet` is vulnerable to a frontrun attack. < < As the rotateNodeRunnerOfSmartWallet function can be called by anyone who is a node runner in the LSD network, this function is vulnerable to a frontrun attack in the case of this node runner being malicious. #### Proof of Concept If that is the current node runner is malicious"
386,099243e83259,Medium,Logic Error,Bad Condition,"User receives less rewards than they are eligible for if first passed BLS key is inactive. < StakingFundsVault has the claimRewards() function to allow users to withdraw profits. function claimRewards( address _recipient, bytes[] calldata _blsPubKeys ) external nonReentrant { for (uint256 i; i < _blsPubKeys.length; ++i) { require( liquidStakingNetw"
387,099243e83259,Medium,Replay Attack,Asset Theft,"Cross-chain replay attacks are possible with `deployLPToken`. Mistakes made on one chain can be re-applied to a new chain. There is no chain.id in the data. If a user does deployLPToken using the wrong network, an attacker can replay the action on the correct chain, and steal the funds a-la the wintermute gnosis safe attack, where the attacker can"
388,099243e83259,Medium,DoS,Invalid Validation,"Giant pools are prone to user griefing, preventing their holdings from being staked. < batchRotateLPTokens in GiantMevAndFeesPool allows any user to rotate LP tokens of stakingFundsVaults around. function batchRotateLPTokens( address[] calldata _stakingFundsVaults, LPToken[][] calldata _oldLPTokens, LPToken[][] calldata _newLPTokens, uint256[][] ca"
389,099243e83259,Medium,Logic Error,Bad Condition,Funds are not claimed from syndicate for valid BLS keys of first key is invalid (no longer part of syndicate).. < claimRewards in StakingFundsVault.sol has this code: if (i == 0 && !Syndicate(payable(liquidStakingNetworkManager.syndicate())).isNoLongerPartOfSyndicate(_blsPubKeys[i])) { // Withdraw any ETH accrued on free floating SLOT from syndicat
390,af8e4af75dc2,Medium,Logic Error,Bypass Mechanism,"Users can avoid paying fees if they manage to update their accrued fees periodically. DBR.sol#L287<br> While a user borrows DOLA, his debt position in the DBR contract accrues more debt over time. However, Solidity contracts cannot update their storage automatically over time; state updates must always be triggered by externally owned accounts. For"
391,af8e4af75dc2,Medium,Input Validation,Invalid Validation,"Avoidable misconfiguration could lead to `INVEscrow` contract not minting `xINV` tokens. Market.sol#L281-L283<br> If a user creates a market with the **INVEscrow** implementation as **escrowImplementation** and false as **callOnDepositCallback**, the deposits made by users in the escrow (through the market) would not mint **xINV** tokens for them."
392,af8e4af75dc2,Medium,Oracle,Stale Value,`viewPrice` doesn't always report dampened price. Oracle.sol#L91<br> Oracle's viewPrice function doesn't report a dampened price until getPrice is called and today's price is updated. This will impact the public read-only functions that call it: * getCollateralValue; * getCreditLimit (calls getCollateralValue); * getLiquidatableDebt (calls getCredi
393,b2a8c124d062,Medium,DoS,Bad Condition,"With most functions in VaultTracker.sol, users can call them only once after maturity has been reached.. _Submitted by hansfriese, also found by panprog_ < < ### Impact With most functions in VaultTracker.sol, users can call them only once after maturity has been reached. So from the second call of any functions after maturity, it will revert and u"
394,b2a8c124d062,Medium,Access Control,Incorrect Parameter,"VaultTracker has the wrong admin. _Submitted by itsmeSTYJ, also found by GimelSec_ < < < ### Description MarketPlace.createMarket() calls Creator.create() which creates an instance of ZcToken and a VaultTracker. VaultTracker takes msg.sender as the admin. We know that if contract A calls contract B which calls contract C, msg.sender in contract C i"
395,b2a8c124d062,Medium,Accounting Error,Incorrect Formula,"VaultTracker miscalculates compounding interest. _Submitted by GimelSec_ < < < < < < ### Impact VaultTracker neglect previously accrued interest while attempting to calculate new interest. This causes nToken holders to receive less yield than they should. All functions within VaultTracker that calculate interest are affected, including addNotional,"
396,b2a8c124d062,Medium,DoS,Implementation Error,"Interface definition error. _Submitted by bin2chen, also found by 0x52, 0xDjango, 0xSky, auditor0517, Picodes, rokinot, ronnyx2017, and scaraven_ < < < < ### Impact MarketPlace.authRedeem() call interface ISwivel.authRedeem() but Swivel contract does not have this method only method ""authRedeemZcToken()"". The result will cause MarketPlace.authRedee"
397,7b5e1803022e,Medium,Logic Error,Bad Condition,The logic of _isUnderlying() in NotionalTradeModule is wrong which will cause mintFCashPosition() and redeemFCashPosition() revert on `fcash` tokens which asset token is underlying token (asset.tokenType == TokenType.NonMintable). _Submitted by unforgiven_ For some fcash the asset token is underlying token (asset.tokenType == TokenType.NonMintable)
398,7b5e1803022e,Medium,DoS,Bad Condition,"Users Might Not Be Able To Purchase Or Redeem SetToken. _Submitted by xiaoming90, also found by berndartmueller_ < < ### Proof of Concept Whenever a setToken is issued or redeemed, the moduleIssueHook and moduleRedeemHook will be triggered. These two hooks will in turn call the _redeemMaturedPositions function to ensure that no matured fCash positi"
399,7100a75d6ebd,Medium,Oracle,Duplicate Value,"addFeedFor should check if inverse feed already exists. _Submitted by 0x52, also found by DimitarDimitrov_ Potentially inconsistent currency conversions. ### Proof of Concept addFeedFor requires that a price feed for the \_currency \_base doesn't exist when adding a new price feed but doesn't check if the inverse already exists. This means that two"
400,7100a75d6ebd,Medium,Accounting Error,State Update Inconsistency,"More outstanding reserved tokens are distributed than anticipated leading to less redeemable assets and therefore loss of user funds. _Submitted by berndartmueller_ The JBController.distributeReservedTokensOf function is used to distribute all outstanding reserved tokens for a project. Internally, the JBController._distributeReservedTokensOf functi"
