Property,repo_path,severity,tag,subtag,description
1,fa1836e0615e,High,ERC721,Missing Functionality,The contract can receive ERC721 tokens but does not implement the transfer or approval logic needed to recover them safely. ERC721 assets moved through recoverERC721 can become permanently locked.
2,a3e15237ea08,High,Accounting Error,Rebase Token,"Root cause:
- THORChain_Router tracks does not properly handle rebasing tokens. This is because the system records a static token amount at the time of locking, while the actual token balance may change due to rebasing.
- it tracks vault allowances in fragment units, but AMPL rebases change the fragment <-> gons conversion
- since allowances don’t rebase while real balances do, a pre‑rebase allowance can later withdraw more gons (value) than intended, draining value from subsequent deposits.
- In the case of a positive rebase (balance increases), the user may receive fewer tokens than they are entitled to, resulting in a loss for the user.
- In the case of a negative rebase (balance decreases), the system may attempt to transfer more tokens than it actually holds, causing the transaction to revert and funds to become stuck (DoS).

PoC:

1. malicious deposits 1000 tokens with _gonsPerFragment == 1, which then executes the following 2 operations:
- safeAmount = safeTransferFrom(asset, amount):
- tcRouter has 1000 gons (_gonBalances[tcRouter] == 1000)
- tcRouter has 1000 balances (_gonsPerFragment == 1)
- _vaultAllowance[vault][asset] += safeAmount: malicious has allowance 1000
2. After the rebase,  _gonsPerFragment == 2
- tcRouter now has 1000 gons, e.g. 500 balances (_gonsPerFragment == 2)
- But malicious still has 1000 allowance
3. victim deposits 1000 tokens with _gonsPerFragment == 2
- safeAmount = safeTransferFrom(asset, amount):
- tcRouter has 3000 gons, e.g. 1500 balances (_gonsPerFragment == 2)
- _vaultAllowance[vault][asset] += safeAmount: victim has allowance 1000
4. malicious calls transferOut(), which calls ampl.transfer()
- tcRouter transfer 2000 gons to malicious (_gonsPerFragment == 2)
- tcRouter now has only 1000 gons. e.g. 500 balances
- malicious has 2000 gons, e.g. 1000 balances
5. vitim now can only transferOut 500 tokens although it deposits 1000 tokens"
3,a3e15237ea08,Medium,"Accounting Error, DoS, ERC20",Fee On Transfer Token,"Root cause:

Router assumes transfer(to, A) delivers A, then instructs the aggregator to act on A. However with Fee-on-Transfer tokens, only A - f  arrived, so the aggregator either reverts (tokens get stuck) or pays the shortfall from its own funds (grief/steal).

Deep Dive:
- In the ERC‑20 path of  _transferOutAndCallV5 the Router does two things in sequence:
- First deposit the tokens to the aggregator (target)
solidity         // Router sends `fromAmount` to the aggregator         (bool transferSuccess, bytes memory data) = aggregationPayload.fromAsset.call(             abi.encodeWithSignature(                 ""transfer(address,uint256)"",                 aggregationPayload.target,                 aggregationPayload.fromAmount             )         );         
- Immediately call the aggregator (swapOutV5) with the same fromAmount
- However, if the token is fee‑on‑transfer, the aggregator actually receives less in step1, which result in
- DoS: If the aggregator has no spare tokens, then swapOutV5 will fail since try to forward fromAmount, but only fromAmount - fee was received. The low-level call returns false, and the router doesn’t revert (by design). Therefore, the tokens remain stuck in the aggregator
- grief/steal of aggregator's funds: If the aggregator has spare tokens, it will use its own balance to satisfy fromAmount"
4,40cc38c69cca,Medium,Accounting Error,Fee On Transfer Token,Fee on transfer tokens transfer less tokens in than what would be expect.This means that the protocol request incorrect amounts when dealing with these tokens.
5,d562802cb53a,Medium,Upgradeable,Bad Condition,"During certain upgrade migration timing conditions, a user could finalize a withdrawal on the old L1ERC20Bridge and then withdraw again on the new L1SharedBridge, enabling a potential double withdrawal."
6,fa1836e0615e,High,DoS,"Bad Condition, State Update Inconsistency","The settle logic requires total collateral minus loss to exactly equal the token balance. An attacker can transfer collateral directly to the vault, breaking this equality and permanently blocking settlement."
7,d9b35c0c87a4,Medium,DoS,Bad Condition,submitExchangeRateData 與 submitSDPrice 這兩個函數都依賴於多個 trusted nodes 提交數據。當 trustedNodesCount 改變時，計算出來的門檻數會變，但已有的 submissionCount 並不會隨之調整。如果在提交過程中信任節點數被減少，就有可能再也無法達到共識，造成永久卡死
8,b7fc4d82013a,Medium,DoS,Bad Condition,"newRatio is calculated and compared with minIbRatio in settleAuction().However, if newRatio is less than minIbRatio, settleAuction() will always fail and there is no way for the bonder to cancel and get a refund."
9,bb3018c8812c,Medium,DoS,Bad Condition,"Cause: During the validation process of MagicSpend.validatePaymasterUserOp(), only a single withdrawAmount check against the contract’s balance is performed. However, when multiple UserOps are batched in EntryPoint, the single-balance check cannot ensure that the total requested funds do not exceed the contract balance.
Impact: When EntryPoint executes multiple UserOps() in a batch, if the total requested funds exceed the MagicSpend contract balance, subsequent postOp() executions will fail due to insufficient funds, leading to transaction reverts."
10,d562802cb53a,Medium,DoS,Missing Initialization,"The l1LegacyBridge is not assigned during L2SharedBridge.initialize(), causing deposits sent via the old L1ERC20Bridge to fail before the upgrade is completed."
11,9cc1dc4ae06a,Medium,ERC4626,Not EIP Compliant,`BaseRewardPool4626` is not IERC4626 compliant. _Submitted by 0xjuicer_ BaseRewardPool4626.sol<br> BaseRewardPool4626 is not IERC4626 compliant.<br> This makes the BaseRewardPool4626 contract irrelevant as it is for now since projects won't be able to integrate with BaseRewardPool4626 using the eip-4626 standard. ### Recommended Mitigation Steps Yo
12,9cc1dc4ae06a,Medium,Input Validation,Missing Time Constraint,"cause: 由於未檢查 block.timestamp <= endTime，可以在 endTime 之後繼續贊助合約，但此時獎勵解鎖期間已經結束
impact: 資金仍可被投入，但永遠無法轉換為任何有效的獎勵分配"
13,c20104cb90d7,Medium,ERC20,Missing Return Check,"The contract does not properly check the return value of ERC20 token transfer functions, this can result in failed token transfers being incorrectly treated as successful, and cause transaction reverts for tokens like USDT that do not return a boolean success value."
14,d9b35c0c87a4,Medium,DoS,Duplicate Value,updatePollAddress 內部呼叫了 verifyNewPool，導致 poolId 如果存在 verifyNewPool 會 revert，所以更新不了 pool address
15,9cc1dc4ae06a,Medium,Input Validation,Duplicate Value,"cause: add 未檢查是否重複加入相同的 lpToken，因此可建立多個指向同一 LP Token 的池子
impact: 因為是透過 lpToken.balanceOf(address(this))，計算 lpSupply 時會出現錯誤， 若兩個池子用同一個 lpToken，這個值會被重複引用，導致獎勵分配錯誤"
16,e169bbefc6e2,High,DoS,Duplicate Value,當兩個用戶同時對同一 NFT index 提交提案並 finalize 時，後提交的用戶的提案將覆蓋前一用戶的鎖定計劃，導致前用戶無法提取其鎖定的 JPEG，造成資金損失
17,d9b35c0c87a4,Medium,Input Validation,Duplicate Value,"updateAdmin accepts an address that is already an admin. Passing an existing admin can remove or corrupt that admin status, causing unintended loss of admin privileges."
18,fa1836e0615e,Medium,Pause,State Update Inconsistency,"The redeem function lacks a whenNotPaused check. Users can continue redeeming while the protocol is paused, creating state changes that bypass the intended pause protection."
19,d9b35c0c87a4,Medium,Logic Error,State Update Inconsistency,"When settling penalties, only the validator's balance in the ValidatorWithdrawalVault contract is considered for paying the penalty, ignoring the validator's balance in another contract, so an operator with sufficient total rewards to cover the penalty is wrongly treated as penalized."
20,9cc1dc4ae06a,Medium,Accounting Error,State Update Inconsistency,"cause: add 和 set 中的 _withUpdate 變數可控制是否執行 massUpdatePools
impact: _withUpdate 為 false 時，massUpdatePools 不會被呼叫，但 totalAllocPoint 發生變動，導致其他池子的獎勵比例錯誤"
21,fa1836e0615e,Medium,Arithmetic,State Update Inconsistency,"cause: 當使用者執行債券操作且 putOptionsRequired 為 true 時，計算使用者需支付的 premium 是依據當前的 block.timestamp 與 nextFundingPaymentTimestamp 所決定的 timeToExpiry。由於使用者可控制操作時機，會導致相同價格與數量下，在靠近 funding 更新時執行，可支付較少溢價
impact: 造成不公平的價格條件與套利空間"
22,9cc1dc4ae06a,Medium,DAO,State Update Inconsistency,"cause: Total voting power is computed from the total locked amount, while individual users' voting weight only records delegated portions, making the two inconsistent and distorting governance thresholds. impact: Governance may become inoperable."
23,9cc1dc4ae06a,Medium,DAO,"Does not match with Doc, State Update Inconsistency",Users who lock AURA and receive vlAURA get no voting power unless they explicitly choose a delegate. The docs imply locked users should have voting power but accounting only records delegated balances.
24,bb3018c8812c,High,"Cross-Chain, Replay Attack",State Update Inconsistency,"Cause: Users can upgrade their account’s owners via either directly onto the contract with a regular transaction or via an ERC-4337 EntryPoint transaction calling executeWithoutChainIdValidation. If a user chooses to use a combination of these methods, it’s very likely that the addresses at a particular ownership index differ across chains. Therefore, if a user later calls removeOwnerAtIndex on another chain, it will end up removing different addresses on different chains. The root cause is that removeOwnerAtIndex can be replayed cross-chain despite the same index may point to a different owner, combined with the lack of last owner guard.
Impact: Accidentally remove their only accessible owner, permanently locking the account. In severe cases, this can result in irreversible asset loss. In minimal cases, the user can only manually add back the mistakenly removed owner."
25,fa1836e0615e,Medium,Accounting Error,State Update Inconsistency,"The sync function is not called after every operation that changes asset balances. Internal balances can become stale, causing later calculations or external calls to use incorrect asset amounts."
26,fa1836e0615e,Medium,ERC721,State Update Inconsistency,"cause: 執行 ERC721 token 轉移操作時，owner 值未被更新。該值僅在 mint 階段設定，之後再也不變
impact: 可能錯誤表示 token 擁有者"
27,fa1836e0615e,High,"Accounting Error, Arithmetic",State Update Inconsistency,"cause: addToDelegate 會增加 totalWethDelegated，但 withdraw 並未同步扣除該值，造成狀態不一致。調用 sync 時，會用錯誤的 totalWethDelegated 值減去實際儲備，導致 WETH 儲備被低估，而當 admin 呼叫 lowerDepeg 穩定匯率時，由於儲備被低估，將觸發 underflow 並導致交易 revert
impact: lowerDepeg 無法執行，讓系統失去維持 dpxETH/ETH 匯率的能力"
28,b7fc4d82013a,High,Accounting Error,State Update Inconsistency,"When totalSupply is 0, handleFees does not update lastFee, causing an inflated time difference on the next fee calculation and minting excess fee tokens, diluting existing holders' value."
29,fa1836e0615e,Medium,Slippage,minOut set to 0,"Missing slippage parameter on Uniswap `addLiquidity()` function. The Uniswap addLiquidity() function expects the slippage params amountAMin, and amountBMin to be passed. The reLP() sets those values as 0, which in other terms, means that the contract is ok with receiveing less amount of tokens than the fair market price"
30,fa1836e0615e,Medium,Arithmetic,Precision Loss,"cause: 檢查提領資產數量時，VaultLP 中 WETH 作為抵押品的全部被鎖定並轉換成 RDPX時，VaultLP 內實際 WETH 抵押品餘額會變成 0，導致 totalCollateral 回傳 0
impact: 所有持有 VaultLP shares 的用戶在計算可提領資產時，無法通過 require 限制，導致無法提領任何 RDPX 補償"
31,fa1836e0615e,High,DoS,"Invalid Validation, Precision Loss","cause: 
當 putOptionsRequired 為 true 時，其中時間到期參數 timeToExpiry 被直接傳入 getOptionPrice，換算後若小於 864 秒，會導致 timeToExpiry 為 0
impact: 每當距離 nextFundingPaymentTimestamp 少於 864 秒時，只要 putOptionsRequired 為 true，則所有的 bond 操作都會無條件失敗"
32,b7fc4d82013a,Medium,Arithmetic,Rounding Error,"The fee calculation tries to calculate a fee such that fee/(supply+fee) = %fee using a simple interest formula (i.e. no compounding), this lead to slightly less fee collected when fee are collected more frequently (small timeDiff) vs less frequently (big timeDiff)."
33,e169bbefc6e2,Medium,Arithmetic,Precision Loss,"Dividing before multiplying rounds the intermediate result to 0, and passing it to the multiplication keeps it 0."
34,b7fc4d82013a,Medium,Arithmetic,Precision Loss,"In fees calculation, division is being used in the midst of the calculation, not at the end of it.This leads to lost precision in fee amount (as solidity doesn't save remainder of division)."
35,9cc1dc4ae06a,Medium,Oracle,Stale Value,"`CrvDepositorWrapper.sol` relies on oracle that isn't frequently updated. _Submitted by 0x52_ CrvDepositorWrapper.sol#L56-L65<br> Unpredictable slippage, sandwich vulnerability or frequent failed transactions ### Proof of Concept CrvDepostiorWrapper uses the TWAP provided by the 20/80 WETH/BAL. The issue is that this pool has only handled \~15 tran"
36,fa1836e0615e,Medium,Access Control,Centralization Risk,"cause: bond 完成後會自動呼叫 reLP。由於 bond 對所有人開放，攻擊者可以控制何時呼叫 reLP，並藉由事前操縱流動性池價格，影響 reLP 執行時的移除流動性與 swap
impact: 攻擊者可以 flash loan 借入大量 ETH，先買入 rDPX 抬高價格，再呼叫 bond 觸發 reLP，讓合約在高價位時執行不利的流動性操作，然後於價格回穩時將 rDPX 出售套利"
37,b7fc4d82013a,Medium,Access Control,Centralization Risk,"The factory can change auctionMultiplier/auctionDecrement mid-auction, altering profitability; with extreme settings (multiplier=0, decrement=max), newRatio=0 and tokensNeeded=0, enabling settlement to drain all tokens."
38,9cc1dc4ae06a,Medium,DoS,Fee On Transfer Token,"Users may lose rewards to other users if rewards are given as fee-on-transfer tokens. _Submitted by IllIllI, also found by Aits, BowTiedWardens, and MaratCerby_ If rewards are given in fee-on-transfer tokens, users may get no rewards, breaking functionality. Med: Assets not at direct risk, but the function of the protocol or its availability could"
39,804fe35b0164,Medium,Access Control,Centralization Risk,Hacked owner or malicious owner can immediately steal all assets on the platform
40,9cc1dc4ae06a,Medium,"Access Control, Logic Error","Bad Condition, Centralization Risk",If AuraLocker is shut down the lock-rewards path reverts. Users can only take the unlocked withdrawal path with a 20 percent penalty causing admin-induced loss.
41,9cc1dc4ae06a,Medium,Arithmetic,Token Decimal,Integer overflow will lock all rewards in `AuraLocker`. _Submitted by kirk-baird_ AuraLocker.sol#L176-L177<br> AuraLocker.sol#L802-L814<br> AuraLocker.sol#L864<br> There is a potential overflow in the rewards calculations which would lead to updateReward() always reverting. The impact of this overflow is that all reward tokens will be permanently l
42,fa1836e0615e,Medium,Uniswap,No Recovery Mechanism,"cause: 從 Uniswap V2 移除 WETH-RDPX 流動性並進行部分 WETH 換成 RDPX 後，再重新添加流動性的計算邏輯不準確，有時會 revert 或遺留少量的 WETH
impact: 造成 dust 堆積，進而影響整體 LP 價值"
43,9cc1dc4ae06a,Medium,"Input Validation, Logic Error",Invalid Validation,"cause: 若使用者在未選擇 Options.LockCvx 的情況下 claimRewards ，合約仍然會根據 depositCvxMaxAmount > 0 並從使用者帳戶轉移 CVX 至合約
impact: 由於後續未執行鎖倉操作（因為 Options.LockCvx = false），這些代幣會被卡在合約中，無法被提領或退還"
44,fa1836e0615e,High,"DoS, Uniswap",Incorrect Parameter,"ReLP assumes the protocol owns all liquidity in the Uniswap V2 pool. It can calculate lpToRemove from total pool reserves and attempt to remove more liquidity than it owns, causing reverts."
45,a3e15237ea08,Medium,DoS,Incorrect Parameter,"The ETH path in _transferOutAndCallV5 re‑uses the same msg.value for every item in the batch, and because the target address is fully attacker‑controlled and unvalidated, the router ends up sending msg.value once per loop iteration, hence drains its own ETH balance.

Deep Dive:
- The functions transferOutAndCallV5() and batchTransferOutAndCallV5() both internally invoke _transferOutAndCallV5(). This function, in turn, calls the swapOutV5() function on the aggregationPayload.target, which should be the THORChain_Aggregator contract
- However, the aggregationPayload is a struct passed as a parameter, which allows anyone to set the aggregationPayload.target address to their preference without any validation.
- Even worse, Batch reuses the same msg.value per iteration:
- In batchTransferOutAndCallV5, the loop calls _transferOutAndCallV5(aggregationPayloads[i]) N times.
- Inside _transferOutAndCallV5, it always sends msg.value to target. There is no decrement and no per‑item value split.
- Results in one unit of msg.value leaves the router per iteration—to the attacker’s target or back to msg.sender, which is still attacker"
46,b7fc4d82013a,Medium,Accounting Error,Incorrect Parameter,"The fee calculation is based on the totalSupply of the basket token. But some amount of the totalSupply represents the fees paid to the publisher/ protocol owner. Therefore the fees are ""overcharged""."
47,9cc1dc4ae06a,Medium,Accounting Error,Incorrect Parameter,"cause: 當使用者的所有鎖倉都已過期時，系統在計算 kick reward 時只使用最後一筆鎖倉金額來乘上過期的 epoch 數，而非整體鎖倉總額
impact: 實際收到的獎勵比應得的少"
48,e169bbefc6e2,High,DoS,Invalid Validation,"Strategy migration can fail because JPEG is blacklisted in the strategy withdrawal path. When the controller attempts to withdraw JPEG during migration, the call reverts and blocks the migration."
49,b7fc4d82013a,Medium,Accounting Error,Incorrect Parameter,The fee calculation is wrong. It should only get divided by BASE and not (BASE - feePct)
50,e169bbefc6e2,High,DoS,Incorrect Parameter,沒傳入參數給 earned()，導致整個呼叫被 revert
51,fa1836e0615e,High,Arithmetic,"Hardcoded Parameter, Token Decimal","cause: roundUp 中的 roundingPrecision 固定為 1e6
，在某些市場價格下，計算出來的 strike price 值會被四捨五入回 1e6，即原始價格
impact: 導致 strike price 不再為預期的 25% OTM，而實際變成 ITM，違反了合約設計中「使用 25% OTM PUT option 保護抵押資產」的邏輯"
52,e169bbefc6e2,Medium,Arithmetic,Token Decimal,yVault.getPricePerFullShare() 以 1e18 計算 price per share，缺少非 1e18 token 的考量
53,fa1836e0615e,High,Arithmetic,Token Decimal,"Oracle prices are returned with 1e18 precision while multiple contracts assume 1e8 precision. The mismatch distorts calculations and can cause inflated values, failed transfers, or underflows."
54,d9b35c0c87a4,Medium,Logic error,Reward Manipulation,"Fund allocation does not correctly handle the case where the index should not advance when current funds are insufficient, letting a malicious user steer the next round of validator fund allocation to their preferred pool via tiny transfers."
55,e169bbefc6e2,Medium,Input Validation,Reward Manipulation,當 _lpToken 與獎勵代幣 jpeg 相同時，合約使用 lpToken.balanceOf(address(this)) 作為流動性池供應量（lpSupply）的依據。當獎勵被鑄造進來時，也會累加到 lpSupply，導致分母變大大，reward 被稀釋
56,9cc1dc4ae06a,Medium,DoS,Reward Manipulation,"cause: distributeOther 允許任意用戶調用 notifyRewardAmount，進而觸發 _notifyReward 重設獎勵分配期間，並將剩餘未分發的獎勵重新平均分配至新的 7 天周期
impact: 攻擊者可用極低成本重複延後 reward 發放時間，使正常用戶需等待更久才能領取獎勵"
57,fa1836e0615e,High,DoS,Front Run,"The put settlement threshold is public and LPs can withdraw excess collateral before settlement. Fast users avoid losses, leaving remaining LPs with more loss and potentially draining vault liquidity."
58,9cc1dc4ae06a,Medium,DoS,Front Run,"cause: 合約對於每種資產的 balance會與輸入參數做比較 bal == _request.maxAmountsIn[i]
impact: 攻擊者可以在交易前刻意傳送 1 wei 到合約，導致該條件永遠不成立，使流動性提供者的交易失敗"
59,bb3018c8812c,Medium,DoS,"Front Run, Nonce","MagicSpend.validatePaymasterUserOp() and MagicSpend.withdraw() use the same signature. Malicious users can submit a transaction via the paymaster and then front-run with a withdraw() call, causing validatePaymasterUserOp() to revert because the nonce has already been consumed."
60,40cc38c69cca,High,DoS,Front Run,"A malicious actor can snipe the mempool to bond as soon as an auction starts; because only the bonder can settle and the bond can't be burned for 24 hours, the auction and funds remain frozen."
61,d9b35c0c87a4,Medium,MEV,Front Run,MEV bot 在合約 pause 前迅叫 addBid，一次性對多個正在進行的拍賣出價，導致無人能夠再出價和接近結束的拍賣無法被反超
62,d9b35c0c87a4,Medium,Access Control,Front Run,distributeRewards 沒有限制呼叫權限，攻擊者可以在呼叫 settleFunds 之前呼叫 distributeRewards 讓 operatorShare < penaltyAmount 導致 validator 面臨損失
63,9cc1dc4ae06a,Medium,DoS,"Bad Condition, Front Run","cause: 攻擊者可以 front-run「添加獎勵到過去 epoch 的交易」，以更晚的 epoch 和 dust 添加獎勵
impact: 使用者針對過去 epoch 添加獎勵的交易因觸發 require 而失敗"
64,d9b35c0c87a4,Medium,"Logic Error, MEV",Front Run,"Auction endBlock is fixed and predictable, so rational bidders can wait until the final block instead of participating earlier. This creates a front-running advantage for MEV searchers."
65,d9b35c0c87a4,Medium,"Chainlink, Oracle",Stale Value,Insufficient protection against stale oracle prices.
66,e169bbefc6e2,Medium,Chainlink,Stale Value,"Oracle data feed is insufficiently validated.. _Submitted by Jujic, also found by hickuphh3_ Price can be stale and can lead to wrong answer return value. ### Proof of Concept Oracle data feed is insufficiently validated. There is no check for stale price and round completeness. Price can be stale and can lead to wrong answer return value. function"
67,9cc1dc4ae06a,Medium,DoS,Out of Gas,"cause: massUpdatePools 是 public，會依據 poolInfo.length 迭代呼叫 updatePool，且迴圈無上限
impact: 可能導致執行此時超出區塊 gas 上限，造成部分或全部池子無法更新獎勵資訊"
68,9cc1dc4ae06a,Medium,DoS,Out of Gas,"cause: _getReward 會從 epochIndex 遍歷至 tokenEpochs ，若使用者長時間未領取獎勵，導致 tokenEpochs - epochIndex 過大，會因為執行迴圈過久而觸及區塊 gas 上限，導致交易失敗
impact: 使用者的獎勵永遠無法提領"
69,40cc38c69cca,Medium,Input Validation,Invalid Validation,"The newRatio decreases over time without a lower bound. A malicious actor can wait until newRatio < ibRatio or near zero, bond and settle the auction, and effectively steal most of the basket's assets with minimal required collateral."
70,b7fc4d82013a,Medium,MEV,Asset Theft,"By bonding at a precisely chosen block that makes newRatio = 0, tokensNeeded evaluates to 0 and settleAuction() can drain the basket regardless of balances."
71,fa1836e0615e,Medium,Accounting Error,Asset Theft,"cause: 使用者透過 bonding 機制鑄造 dpxETH 時，可享有抵押資產的折扣，但未依據實際用戶提供的 WETH 數量調整儲備使用量，而是固定從合約儲備中扣除 _amount / 2 的 WETH 作為流動性提供，導致過度消耗儲備的 WETH
impact: 若 WETH 被耗盡，則合約將無法再處理後續的 bonding 操作"
72,9cc1dc4ae06a,Medium,Arithmetic,Rounding Error,Calculations round down and do not adapt when the contract lacks enough tokens. safeRewardTransfer can send less than expected while accounting treats the reward as paid which creates user shortfall and inconsistent accounting.
73,d562802cb53a,High,Accounting Error,Implementation Error,"paymaster's _maxRefundedGas = gasLeft + reservedGas, without subtracting spentOnPubdata. This way _maxRefundedGas will be much larger than the correct value. paymaster will refund the used spentOnPubdata to the user"
74,b7fc4d82013a,Medium,Accounting Error,"Implementation Error, Incorrect Parameter","When handleFees is called, totalSupply and ibRatio changes accordingly, but for newIbRatio calculation tokens minted in handleFees is not included. Therefore, ibRatio is calculated higher than it should be."
75,d562802cb53a,Medium,Logic Error,"Does not match with Doc, Implementation Error",In StateTransitionManager::unfreezeChain function call unfreezeDiamond instead of freezeDiamond on IZkSyncStateTransition(stateTransition[_chainId]) instance.
76,40cc38c69cca,Medium,DoS,Implementation Error,"The mint() function redundantly includes a nonReentrant modifier, despite calling mintTo() which already has it, causing malfunction due to double reentrancy guard and blocking minting functionality."
77,e169bbefc6e2,High,ERC4626,Inflation Attack,"By donating large amounts to manipulate the asset amount, users may receive no shares corresponding to their deposits."
78,9cc1dc4ae06a,Medium,Input Validation,Invalid Validation,"cause: 將 _lpToken 新增到池中時，沒有檢查 _lpToken 是否不是 reward token cvx
impact: 若 _lpToken 為 cvx，發放獎勵時會錯將新增鑄造的 cvx 計入流動性供應量，稀釋原本質押者應得的獎勵數量"
79,40cc38c69cca,Medium,"DoS, Input Validation",Invalid Validation,"function setBondPercentDiv should validate that newBondPercentDiv is not 0, or bondForRebalance will experience division by zero error otherwise."
80,40cc38c69cca,Medium,"Arithmetic, DoS, Input Validation","Invalid Validation, Precision Loss","If all users burn their shares, the totalSupply becomes zero. Subsequent calls to handleFees() will attempt to divide by zero, causing the contract to revert and rendering the Basket permanently unusable."
81,b7fc4d82013a,Medium,"DoS, Input Validation",Invalid Validation,"A malicious publisher can set minIbRatio to an extreme value during an auction proposal, making the auction impossible to settle and locking all user funds in the basket."
82,e169bbefc6e2,Medium,Input Validation,"Bypass Mechanism, Invalid Validation",noContract modifier 無法防止在 constructor 的呼叫（額外標籤，create2）
83,b7fc4d82013a,Medium,"ERC20, Reentrancy",Invalid Validation,"Basket.initialize() calls approveUnderlying(auction) without guarding against an untrusted ERC-20 approve() hook, allowing reentrancy into initialize() to overwrite critical addresses (factory, auction) and hide the malicious token."
84,40cc38c69cca,Medium,"DoS, Input Validation",Invalid Validation,The function Factory.setBondPercentDiv() allows the owner to set the state variable Factory.bondPercentDiv to zero.If Factory.bondPercentDiv equals zero then the function Auction.bondForRebalance() will always revert due to a division by zero.
85,40cc38c69cca,Medium,"DoS, Input Validation",Invalid Validation,The function Factory.setAuctionDecrement() allows the owner to set the state variable Factory.auctionDecrement to zero.If Factory.auctionDecrement equals zero then the function Auction.settleAuction() will always revert due to a division by zero.
86,e169bbefc6e2,High,Reentrancy,Violating CEI / Missing nonReentrant,如果 token 會將控制權交給 sender  則會導致 reentrancy
87,40cc38c69cca,Medium,Reentrancy,Violating CEI / Missing nonReentrant,function createBasket in Factory should also be nonReentrant as it interacts with various tokens inside the loop and these tokens may contain callback hooks.
88,9cc1dc4ae06a,Medium,Reentrancy,Violating CEI / Missing nonReentrant,"cause: 在發送 reward token 前未更新使用者的狀態
impact: 若 reward token 擁有 transfer hook 控制功能或日後升級為 ERC777，攻擊者便可重入"
89,fa1836e0615e,Medium,"Flashloan, MEV",Price Manipulation / Arbitrage opportunity,"cause: bond 完成後會自動呼叫 reLP。由於 bond 對所有人開放，攻擊者可以控制何時呼叫 reLP，並藉由事前操縱流動性池價格，影響 reLP 執行時的移除流動性與 swap
impact: 攻擊者可以 flash loan 借入大量 ETH，先買入 rDPX 抬高價格，再呼叫 bond 觸發 reLP，讓合約在高價位時執行不利的流動性操作，然後於價格回穩時將 rDPX 出售套利"
90,fa1836e0615e,Medium,"Arithmetic, ERC4626",Price Manipulation / Arbitrage opportunity,"cause: redeem 算返回的 RDPX 時並未使用當前市價，而是根據 share 占 vault 總供應量的比例計算，所以實際返回的 RDPX 數量取決於 deposit 當下的 vault 狀態，而非 redeem 時的實際市價
impact: 使用者可以在 RDPX 價格上升後利用原有價格兌回更多的 RDPX"
91,198fa93fabdd,Medium,TWAP,Price Manipulation / Arbitrage opportunity,"The current implementation of TWAV is based on a short observation period, making it susceptible to price manipulation."
92,d9b35c0c87a4,Medium,Logic Error,Bypass Mechanism,"實際扣除的金額是 min(operatorSD, poolThreshold.minThreshold)當 penaltyAmount 遠小於 operatorShare 時，很大比例的罰金無法被收回
看和罰金 slash 相關的"
93,a3e15237ea08,High,Logic Error,State Update Inconsistency,"Root cause:

One of the main invariant of the protocol is that all the events ThorChain_Router emits should be correct, but it breaks in the edge cases of the transferOut(), _transferOutV5(), transferOutAndCall() and _transferOutAndCallV5(), which emit the wrong to when the Native Tokens transfer fails


Deep Dive:
- transferOut(): Used by the vaults to transfer either the Native Tokens or ERC20 tokens to any address to. It first transfers the funds to the specified to address and then emits the TransferOut event
-  In case the Native Tokens transfer to the to address fails, it just refunds or bounce back the ethers to the vault address (msg.sender)
>  It's very likely since the function uses solidity's .send to transfer the funds, which has gas limit (2300)
-  The problem is in the above case, the event TransferOut will be wrong
-  the ethers receiver will be in vault, not the input to,
-  to doesn't get updated to the vault's address, so the function in the end emits the original to
-  As a result, ThorChain is getting informed that the ether receiver is still input tosolidity function transferOut(address payable to, address asset, uint amount, string memory memo) public payable nonReentrant {     uint safeAmount;     if (asset == address(0)) {         safeAmount = msg.value;         bool success = to.send(safeAmount); // Send ETH.         if (!success) {             payable(address(msg.sender)).transfer(safeAmount); // For failure, bounce back to vault & continue.         }     } else {       .....     }     ///@audit-issue H worng event `to` incase of the bounce back - PoC: `Should bounce back ethers but emits wrong event`     emit TransferOut(msg.sender, to, asset, safeAmount, memo); }"
94,fa1836e0615e,Medium,"Arithmetic, Slippage","Does not match with Doc, Invalid Slippage Control / Missing slippage check","cause: mintokenAAmount 的計算根據錯誤的公式
impact: 交易滑點無法正常控制"
95,9cc1dc4ae06a,Medium,Logic Error,"Does not match with Doc, Incorrect Parameter",unlockInWeeks - unlockTime compares seconds even though the logic intends to compare weeks. The greater than two check becomes two seconds instead of two weeks so locks can be extended earlier than documented.
96,d562802cb53a,Medium,"Logic Error, Upgradeable",Does not match with Doc,"The StateTransitionManager contract lacks a way to invoke executeUpgrade() or upgradeChainFromVersion(), preventing forced upgrades of deployed STs in urgent high-risk situations and undermining the documented safeguard mechanism."
97,d9b35c0c87a4,Medium,Pause,Does not match with Doc,一些合約繼承了 PausableUpgradeable 但卻沒有實作 pause 和 unpause
98,fa1836e0615e,Medium,Slippage,Invalid Slippage Control / Missing slippage check,"cause: 當 minAmount = 0 且 _ethToDpxEth = true 時，使用了 getDpxEthPrice 計算 ETH 換 dpxETH 的 minOut 值，應該使用 getEthPrice
impact: 計算出來的 slippage 預期值 minOut 不正確"
99,e169bbefc6e2,Medium,Slippage,Invalid Slippage Control / Missing slippage check,Reward tokens are swapped directly to WETH through a fixed path that may not have enough liquidity. Users can receive far less output when a better route exists.
100,e7921851ec01,Medium,Arithmetic,Precision Loss,"Cause: D3VaultLiquidation.finishLiquidation() divides before multiplying when computing realDebt, causing rounding/precision loss. Impact: realDebt is understated, so liquidation accounting is incorrect and debt is repaid/recorded at the wrong amount."
101,51c6dc5fd57f,Medium,Access Control,State Update Inconsistency,"Cause: when TTG removes an earner from the approved list, the MToken contract never stops or settles that account's earning state. Impact: a de-listed earner keeps accruing the Earner Rate indefinitely, minting yield they are no longer entitled to."
102,51c6dc5fd57f,Medium,Accounting Error,State Update Inconsistency,"Cause: updateCollateral() lets a minter repeatedly apply the undercollateralization penalty to their own account within a short window, with no rate limit. Impact: the compounded penalty corrupts index/accounting and breaks critical functions such as mintM, disrupting the protocol."
103,51c6dc5fd57f,Medium,Access Control,Bypass Mechanism,"Cause: MinterGateway.updateCollateral() validates signatures individually, so a single compromised validator can submit stale data and bypass updateCollateralValidatorThreshold. Impact: one validator can roll a minter's collateral back to a historical state, defeating the multi-validator guarantee."
104,1167ec3a176e,High,Access Control,Asset Theft,"Cause: ArrakisStandardManager.rebalance(), callable by the RESTRICTED executor, fails to protect the owner's accrued fees when processing the rebalance payload. Impact: a malicious executor can craft a rebalance that wipes out the manager owner's accumulated fees."
105,1167ec3a176e,High,Logic Error,State Update Inconsistency,"Cause: ValantisHOTModulePublic.deposit() mishandles the first deposit for a newly whitelisted module via the notFirstDeposit branch, mis-routing the deposited amounts. Impact: all of a depositor's liquidity is transferred to the vault manager instead of the pool, losing user funds."
106,1167ec3a176e,High,Access Control,Asset Theft,Cause: during ArrakisStandardManager.rebalance() a malicious executor manipulates the pool reserves so vault shares can be minted at a near-zero price. Impact: the executor mints cheap shares and drains 100% of the vault's reserves.
107,1167ec3a176e,High,Access Control,Asset Theft,Cause: ArrakisStandardManager.setModule() lets the whitelisted executor pass arbitrary payloads_ that are executed during the module switch without validation. Impact: a malicious executor calls setModule with crafted payloads after initializePosition to withdraw and drain all vault assets.
108,1167ec3a176e,High,DoS,Bad Condition,"Cause: the token amount ArrakisPublicVaultRouter sends when adding liquidity mismatches the amount ValantisHOTModulePublic pulls, due to rounding/calculation differences. Impact: the addLiquidity transaction reverts, permanently DoSing deposits into the vault."
109,1167ec3a176e,High,MEV,Front Run,"Cause: ArrakisMetaVaultPrivate.fund() has no slippage or minimum-amount control on deposits. Impact: an attacker front-runs the deposit to skew the pool ratio, forcing the owner to deposit unbalanced and suffer unbounded loss."
110,1167ec3a176e,Medium,ERC20,safeApprove,"Cause: RouterSwapExecutor approves tokens without resetting allowance to 0 first (OZ 4.9.5 safeApprove does not call forceApprove), which USDT rejects when the existing allowance is nonzero. Impact: swaps involving USDT revert, breaking the router for USDT pairs."
111,592eed5791df,Medium,Accounting Error,Precision Loss,"Cause: StakingRewardsV2 reward-per-token accrual truncates because of USDC's 6 decimals; an attacker triggers frequent reward updates so each rewardRate accrual rounds down to 0. Impact: stakers receive none of the 10K weekly USDC rewards, blocking distribution."
112,103f39b0f29b,Medium,Arithmetic,Rounding Error,"Cause: when a pair's fee is set to MAX_FEE (1_000), inconsistent rounding in the fee-amount calculation makes input and output amounts disagree for certain trade sizes. Impact: those swaps revert, DoSing trading on max-fee pairs."
113,73f6a793d916,High,Access Control,Arbitrary Add/Remove/Set/Call,"Cause: the clone-with-immutable-args pattern lets an attacker forge the immutable args so the delegatecall target points to an attacker-controlled implementation that can be selfdestructed. Impact: the vesting escrow vault is bricked, permanently locking the vested funds."
114,9470d2cf198f,Medium,Arithmetic,Token Decimal,"Cause: In Launch.sol the per-user cap maxTokenAmountPerUser is enforced in launch-token units while contributions are paid in the currency token, and the decimal gap is not normalized when the currency token has fewer decimals than the launch token. Impact: Users can purchase above maxTokenAmountPerUser, bypassing the per-user allocation limit."
115,9470d2cf198f,Medium,Accounting Error,State Update Inconsistency,"Cause: Launch.sol::updateParticipation updates the userTokens accounting incorrectly when a user changes their participation amount (e.g. reduces it), writing an inconsistent tally. Impact: Loss of user funds, DoS of later participation/refunds, and a broken token-allocation invariant."
116,9ddd6b83c27e,High,Access Control,Asset Theft,"Cause: WithdrawPeriphery.withdrawToken/redeemToken pull junior-vault shares from an arbitrary `from` address via its allowance without verifying the caller owns those shares. Impact: Once a user approves WithdrawPeriphery, any attacker can call it to withdraw/redeem and steal that user's tokens."
117,9ddd6b83c27e,High,Logic Error,Bad Condition,"Cause: DnGmxJuniorVaultManager._rebalanceBorrow only rebalances when both the BTC and ETH hedges breach the threshold, so when just one asset's price moves the required rebalance is skipped. Impact: The hedge drifts and the vault's Aave borrow position can become under-collateralized and liquidated."
118,9ddd6b83c27e,Medium,DoS,Bad Condition,"Cause: DnGmxJuniorVaultManager.harvestFees converts WETH fees to USDC and stakes it into the senior vault, pushing the junior vault's borrowedUSDC above the borrow cap. Impact: Subsequent operations that check the borrow cap revert, DoSing deposits and withdrawals of the junior vault."
119,9ddd6b83c27e,Medium,Arithmetic,Incorrect Formula,"Cause: In DnGmxJuniorVaultManager the USDC-amount formula inverts GMX's price math, placing usdcPrice in the numerator and MAX_PRECISION in the denominator. Impact: The resulting token/USDC amount is grossly wrong, mispricing conversions and swaps and causing fund loss or failed rebalances."
120,9ddd6b83c27e,Medium,Slippage,Invalid Slippage Control / Missing slippage check,"Cause: WithdrawPeriphery._convertToToken computes the minOut slippage bound in USDC terms and applies it to every output token, so for any non-USDC token the bound is meaningless. Impact: Slippage protection is effectively absent on non-USDC redeems, letting sandwich/MEV attackers extract value."
121,9ddd6b83c27e,Medium,Slippage,Hardcoded Parameter,"Cause: WithdrawPeriphery.sol hardcodes MAX_BPS = 1000 instead of 10000, so the slippage threshold is checked against a basis-points denominator that is 10x too small. Impact: Withdrawals and redeems tolerate roughly 10x the intended slippage on the GLP swap, exposing users to large MEV/sandwich losses."
122,9ddd6b83c27e,Medium,ERC4626,Inflation Attack,"Cause: DnGmxSeniorVault derives share price as totalAssets/totalSupply with no minimum initial deposit, letting a first depositor mint 1 share then donate assets to inflate the exchange rate. Impact: Later depositors' shares round down to zero, so the attacker redeems and steals their deposited funds."
123,9ddd6b83c27e,Medium,Logic Error,Bad Condition,"Cause: DnGmxJuniorVaultManager#_totalAssets applies the `maximize` flag inconsistently, so for some components it minimizes a value that should be maximized (and vice versa). Impact: Reported NAV is inaccurate, mispricing junior vault shares so deposits/withdrawals settle at wrong rates and value can be extracted."
124,ee25ec7abd40,High,DoS,Out of Gas,"Cause: Migrated withdrawals set the inner CrossDomainMessenger gas limit to 0 on the wrong assumption that messages are replayable, letting a relayer supply too little gas for messages needing more than 135,175 gas. Impact: The relay reverts unrecoverably, permanently bricking the withdrawal and locking user funds."
125,804fe35b0164,Medium,Upgradeable,Missing Initialization,no constructor and no initializers
126,198fa93fabdd,Medium,Pause,State Update Inconsistency,System state can still be changed in the paused status.
127,ee25ec7abd40,High,Arithmetic,Unsafe Downcast,"Cause: The Bedrock migration wipes the L2CrossDomainMessenger successfulMessages storage, so the relayed-message check always passes and an already-relayed legacy message can be re-relayed via its v0 hash. Impact: A legacy withdrawal can be replayed twice to double-spend bridged assets, draining the bridge."
128,ee25ec7abd40,High,Input Validation,Invalid Validation,"Cause: SafeCall.callWithMinGas() computes forwarded gas with a formula that ignores EIP-150's 63/64 rule and EIP-2929 cold-access costs, so the sub-call can run with less than the required _minGas. Impact: Withdrawal transactions finalize with under their specified gas limit, causing the relay to fail and loss of user funds."
129,ee25ec7abd40,Medium,Access Control,Invalid Validation,"Cause: In OptimismPortal, SafeCall.callWithMinGas guarantees the inner call enough gas to start but leaves no buffer for continued execution, so the L1CrossDomainMessenger relay can run out of gas after the message is marked finalized. Impact: The withdrawal is permanently marked finalized yet never delivered, losing user funds."
130,ee25ec7abd40,Medium,Input Validation,Invalid Validation,"Cause: CrossDomainMessenger undercounts the gas consumed by cross-chain messages, so the intrinsic gas used to relay a message differs between L1 and L2. Impact: The L1/L2 gas discrepancy corrupts the intrinsic gas calculation, letting messages be under-provisioned and fail on relay."
131,ee25ec7abd40,Medium,DoS,Bad Condition,"Cause: The Bedrock migration's ReadWitnessData parser cannot handle a call to a non-existing function in OVM_L2ToL1MessagePasser, creating a mismatch between collected witness data and the parser. Impact: Any actor triggers this so ReadWitnessData returns an error and the migration halts until the bad data is cleaned."
132,ee25ec7abd40,Medium,DoS,Bad Condition,"Cause: L1CrossDomainMessenger uses revert on low gas; if forwarded gas passes the OptimismPortal check but runs out inside the messenger, the revert path leaves no replay. Impact: The user's bridged funds are permanently stranded with no way to retry the message."
133,27c6f2a68058,High,Access Control,Invalid Validation,"Cause: ChiikawaToken.mint is declared public with no onlyOwner or authorization check, even though the contract inherits Ownable. Impact: Any address can mint unlimited CHIIKAWA tokens, diluting holders and destroying token value."
134,348856fe60ac,Medium,DoS,payable / receive(),"Cause: BlackStar.receive() resets releaseTime to block.timestamp + 24 hours on any incoming ETH, with no access control. Impact: An attacker repeatedly sends dust before expiry to indefinitely delay the owner's withdraw() and lock the funds."
135,c2426a2ab283,High,Reentrancy,Violating CEI / Missing nonReentrant,"Cause: ChiikawaSticker.claim calls _safeMint before clearing canClaim[msg.sender], violating CEI. Impact: A malicious ERC721 receiver reenters claim via onERC721Received and mints multiple NFTs from a single purchase."
136,a8884f87db1a,High,Accounting Error,Invariant Violation,"Cause: IdentityStaking.release() updates stake bookkeeping inconsistently, breaking the userTotalStaked = selfStakes.amount + community stakes invariant. Impact: withdraw() underflows and reverts, causing users to lose access to their staked GTC."
137,b155c4de6012,Medium,Access Control,Cannot Revoke,Cause: DelegateToken.approve grants per-token approval but there is no function to revoke it; setApprovalForAll(false) does not clear it. Impact: A previously-approved operator can still call DelegateToken.transferFrom and move the delegate token after the holder intends to revoke.
138,b155c4de6012,Medium,DoS,Nonce,"Cause: CreateOfferer enforces that Seaport's contract nonce increment strictly sequentially, but Seaport contract orders can be skipped or fulfilled out of order. Impact: A user can skip an order to break the nonce invariant (InvalidContractNonce), permanently DoSing further order creation."
139,e99e64a8abf1,High,Input Validation,Invalid Validation,"Cause: EvolvingProteus external view paths _swap, _reserveTokenSpecified and _lpTokenSpecified return results without enforcing _checkBalances(), so the y/x ratio is never validated against [MIN_M, MAX_M). Impact: Swaps and quotes proceed with out-of-bound balances, producing invalid amounts and breaking the curve invariant."
140,98b7c1691811,High,DoS,Missing Upper/Lower Bound Check,"Cause: XDEFIDistribution.updateDistribution() is callable by anyone and computes _pointsPerUnit += (newXDEFI * _pointsMultiplier) / totalUnitsCached with no lower bound; an early user can lock() 1 wei so totalUnits is tiny. Impact: _pointsPerUnit is inflated enormously, malfunctioning the contract and freezing user funds in edge cases."
141,98b7c1691811,High,Reentrancy,Violating CEI / Missing nonReentrant,"Cause: XDEFIDistribution.lock() calls _safeMint before updating totalDepositedXDEFI, and updateDistribution() lacks the noReenter modifier, so the ERC721 onERC721Received callback lets an attacker re-enter updateDistribution. Impact: The attacker manipulates distribution accounting during mint and steals all rewards."
142,98b7c1691811,Medium,ERC721,Duplicate Value,"Cause: _generateNewTokenId packs the position score in the upper 128 bits and the supply index in the lower 128 bits, and an edge case yields a tokenId equal to an existing one. Impact: _safeMint reverts on the duplicate tokenId, blocking new lock positions (DoS)."
143,0315ba9d8121,High,Accounting Error,State Update Inconsistency,"Cause: In BendDAO yield Etherfi/Lido, the amount credited via the shares calculation does not match getAccountYieldBalance(), so multiple NFTs staked to the same YieldAccount get incorrect per-NFT yield. Impact: Some NFTs withdraw excess yield while others are pushed closer to liquidation."
144,0315ba9d8121,High,Input Validation,Invalid Validation,"Cause: validateIsolateRepayBasic() in isolateRepay() only enforces onBehalf != address(0) and never checks onBehalf == nftOwner. Impact: an attacker can repay against an arbitrary onBehalf, maliciously reducing the victim's userScaledIsolateBorrow and corrupting their loan accounting."
145,0315ba9d8121,High,ERC721,State Update Inconsistency,"Cause: erc721DecreaseIsolateSupplyOnLiquidate() transfers the NFT out on isolateLiquidate(supplyAsCollateral=false) but never clears tokenData.lockerAddr, leaving owner=0 while lockerAddr stays set. Impact: the stale lockerAddr makes the ERC721 token state inconsistent, blocking or corrupting future operations on that NFT."
146,0315ba9d8121,High,Access Control,Asset Theft,"Cause: the isolate liquidation flow in IsolateLogic.sol is missing a check on msg.sender, so it does not require the caller to be the winning bidder after the auction ends. Impact: anyone who never placed a bid can call liquidation and seize the auctioned NFT collateral, stealing it from the actual highest bidder."
147,0315ba9d8121,High,Liquidation,Missing Functionality,"Cause: BendDAO has no mechanism to handle bad debt, which arises when collateral prices crash or debt spikes so ERC721 positions are unprofitable to liquidate and ERC20 positions only partially liquidate. Impact: unrepaid debt accumulates and the protocol becomes insolvent, leaving depositors unable to fully withdraw."
148,0315ba9d8121,High,DoS,onERC721Received callback,"Cause: YieldAccount.sol lacks an onERC721Received callback, so it cannot receive the WithdrawRequestNFT that ether.fi's WithdrawRequestNFT::requestWithdraw mints during YieldEthStakingEtherfi unstake. Impact: the unstake transaction reverts, permanently locking users' staked ETH in ether.fi."
149,0315ba9d8121,High,DoS,Bad Condition,"Cause: IsolateLogic.executeIsolateAuction() performs a subtraction tied to auctionDuration that underflows and reverts when launching or joining an auction. Impact: the auction cannot proceed, locking the liquidated NFT and blocking liquidation of the isolate loan."
150,0315ba9d8121,High,DoS,Incorrect Parameter,"Cause: YieldStakingBase.sol passes the wrong account address when botAdmin unstakes/repays risky positions, using an incorrect yield account instead of the position owner's. Impact: the bot's unstake and repay transactions revert, so risky positions can't be cleared, exposing the protocol to bad debt."
151,8a20eb1e521f,Medium,Logic Error,Bad Condition,"Cause: In LeverageMacroBase, the `_doCheckValueType` post-operation check reverses the comparison logic for the `gte` and `lte` operators, enforcing the opposite of the intended bound. Impact: post-operation validation passes when it should revert, allowing operations that violate the expected value constraints."
152,8a20eb1e521f,Medium,call / delegatecall,Missing Return Check,"Cause: When `EbtcLeverageZapRouter::openCdpWithEth` and `adjustCdpWithEth` stake ETH with Lido, the helper uses a low-level `call` and wrongly assumes Lido exceptions bubble up, but `call` returns false instead of reverting. Impact: a failed stake goes undetected and execution continues with wrong balances, breaking the position."
153,485f7b9ccb0a,Medium,Logic Error,Bad Condition,"Cause: ThrusterTreasure's `enterTickets()` lacks a check stopping entries once the current round's winning tickets are being drawn, since the round's ticket range is not locked. Impact: users can enter tickets after prizes are partially distributed, expanding their ticket range and unfairly skewing winning odds."
154,485f7b9ccb0a,Medium,Accounting Error,Incorrect Formula,"Cause: ThrusterTreasure's `claimPrizesForRound()` transfers the full prize `amountWETH`/`amountUSDB` to each winner without dividing by `numWinners`. Impact: every winner receives the entire deposited prize, draining up to numWinners-times the intended funds from the contract."
155,485f7b9ccb0a,Medium,Logic Error,State Update Inconsistency,"Cause: ThrusterTreasure's `claimPrizesForRound()` loops up to the mutable `maxPrizeCount`, which the owner can change via `setMaxPrizeCount()` after a round's prizes were already set. Impact: changing maxPrizeCount retroactively alters past-round claims, leaving valid prizes unclaimable or causing inconsistent payouts."
156,485f7b9ccb0a,Medium,Logic Error,Implementation Error,"Cause: ThrusterPoolDeployer's `claimGas()` calls the Blast gas claim for `address(0)` instead of the pool/contract that actually accrued the gas. Impact: the deployer can never claim its induced gas, permanently locking the gas yield."
157,485f7b9ccb0a,Medium,Accounting Error,State Update Inconsistency,"Cause: `ThrusterFactory.setYieldCut` changes the yield cut without first minting accrued protocol fees for all pools, and since fees mint lazily only on LP actions, prior yield settles at the new cut. Impact: protocol fees for the previous period are mis-accounted under the wrong yield cut, over- or under-charging LPs."
158,54405135ebf3,High,Access Control,Centralization Risk,"Cause: asD's withdrawCarry function underestimates the accrued interest owed to the owner because of a miscalculation of the principal vs. exchange-rate difference. Impact: the rightful owner cannot withdraw the full carry/interest they are entitled to, leaving funds stuck in the contract."
159,54405135ebf3,Medium,Liquidation,No Incentive to Liquidate,"Cause: liquidateClean offers no meaningful reward once a position's remaining collateral is dust (e.g. after a prior partial liquidation or an exchange-rate change). Impact: liquidators have no incentive to call liquidateClean again, so the leftover bad debt is never written off and accumulates as systemic bad debt."
160,54405135ebf3,Medium,Logic error,Bad Condition,"Cause: in the 1155tech Market buy function, a user's already-owned shares are not credited the new trade's fees before their balance is increased, since rewards aren't claimed prior to updating holdings. Impact: existing token holders lose the fee rewards owed on their prior balance whenever they buy more tokens."
161,7bbe3d81960c,High,Logic Error,Does not match with Doc,"Cause: the coinswap module's pre-defined swap limit (params.go/swap.go) is hardcoded to a value other than the spec's documented 0.01 ETH. Impact: the risk-management threshold that fails swaps diverges from the specification, misleading users about when a swap will revert."
162,7bbe3d81960c,Medium,Logic error,Missing Return Check,"Cause: in onboarding's ibc_callbacks.go, the error returned by coinswapKeeper.TradeInputForExactOutput is swallowed and swappedAmount is consumed even when the swap failed. Impact: a failed swap yields an invalid swappedAmount used in the subsequent ERC20 conversion and IBC transfer, corrupting onboarding accounting."
163,fee749ecd513,High,DoS,Bad Condition,"Cause: in Witch.sol, when auctioneerReward defaults to 0 the liquidate path routes a Join transfer to address(0); collateral tokens that revert on transfers to address(0) then make every liquidate call revert. Impact: an attacker can create a permanently non-liquidatable auction, leaving the position's debt unpayable and causing systemic bad debt."
164,fee749ecd513,High,Liquidation,Incorrect Parameter,"Cause: in Witch.sol's auction, the proportional debt (art) and collateral (ink) computed from a small line.proportion fall below the series' minimum debt, forcing a full-liquidation fallback. Impact: the entire vault collateral is auctioned instead of only the intended proportion, over-liquidating the borrower."
165,4ef0b4d678ab,High,Reentrancy,Violating CEI / Missing nonReentrant,"Cause: In Pair.sol the add/remove/buy/sell functions transfer fractional tokens before settling base tokens, and with an ERC777 base token the tokensReceived hook hands the attacker control mid-call (CEI violation, no nonReentrant). Impact: An attacker reenters buy() to acquire fractional tokens at a stale, discounted price, draining pool value."
166,4ef0b4d678ab,High,Slippage,Missing minOut / maxAmount,"Cause: Pair.add() only checks minLpTokenAmount and enforces no slippage bound on the ratio of base-to-fractional tokens actually deposited, so a deposit at a shifted reserve ratio is not reverted. Impact: Liquidity providers lose a portion of one of their supplied tokens to existing LPs or front-runners when adding liquidity."
167,4ef0b4d678ab,High,Input Validation,Inflation Attack,"Cause: Pair.add() mints the first LP position as sqrt(baseAmount * fractionalAmount) with no minimum-liquidity lock, letting the first depositor donate tokens to inflate the share price. Impact: A malicious first depositor manipulates the share-to-asset ratio so later depositors receive zero (rounded-down) shares, stealing their deposits."
168,4ef0b4d678ab,Medium,Slippage,Missing deadline,"Cause: The Pair contract's add, remove, buy, and sell functions accept no deadline parameter, so a signed transaction can sit in the mempool indefinitely. Impact: A validator or attacker can hold and execute a pending transaction at a much later, unfavorable price, forcing the user to trade at a worse rate."
169,4ef0b4d678ab,Medium,Arithmetic,Token Decimal,"Cause: Pair.price() computes baseTokenReserves * 1e18 / fractionalTokenReserves without normalizing for the base token's decimals, so when the base token is not 18 decimals the result is not the documented 18-decimal price. Impact: Integrators reading price() get wrong-magnitude values, breaking valuation logic and enabling mispriced trades."
170,4ef0b4d678ab,Medium,Arithmetic,Rounding Error,"Cause: Pair.buyQuote() rounds the required input amount down instead of up, so for sufficiently small output amounts the computed base-token cost rounds to zero. Impact: An attacker buys fractional tokens for free and repeats the call to drain the pool's reserves."
171,4ef0b4d678ab,Medium,Logic Error,Bypass Mechanism,"Cause: Pair.wrap()/unwrap() mint or burn exactly 1e18 fractional tokens per whitelisted NFT with no fee and no check that the NFT is not already held by the pool. Impact: An attacker swaps NFT token ids for free and wraps/unwraps the Pair's own NFTs to claim airdrops tied to those token ids, stealing them from the protocol."
172,4ef0b4d678ab,Medium,Oracle,Price Manipulation / Arbitrage opportunity,"Cause: Pair.sol derives spot price from token reserves/balances, so an attacker can inflate or deflate it by transferring base or fractional tokens directly into the Pair before calling the exposed price function. Impact: the manipulated price corrupts third-party integrations using Pair as an oracle, letting an attacker steal funds."
173,099243e83259,High,Input Validation,Invalid Validation,"Cause: GiantSavETHVaultPool does not verify that the savETH vaults / LP tokens passed in are legitimate vaults deployed by the trusted LSDNFactory, accepting attacker-controlled fakes. Impact: an attacker supplies a malicious vault to drain ETH liquidity from the giant pool."
174,099243e83259,High,Accounting Error,Incorrect Formula,"Cause: SyndicateRewardsProcessor miscomputes per-LP-token ETH accounting (incorrect formula at L63), failing to scale rewards by each holder's share. Impact: any LP token holder can claim and steal other holders' ETH from the fees and MEV vault."
175,099243e83259,High,Reentrancy,Violating CEI / Missing nonReentrant,"Cause: _distributeETHRewardsToUserForToken performs the external ETH transfer to the user before updating reward/claim state, violating checks-effects-interactions with no nonReentrant guard. Impact: an attacker re-enters during the payout to repeatedly drain ETH rewards from the vault."
176,099243e83259,High,Accounting Error,Asset Theft,"Cause: Syndicate reward accounting uses assignment (=) instead of accumulation (+=) when updating accruedEarnings for free floating SLOT holders (Syndicate.sol L369/L668), overwriting prior balances. Impact: a malicious user can steal all claimable ETH belonging to free floating SLOT holders."
177,099243e83259,High,Accounting Error,Asset Theft,"Cause: StakingFundsVault accrues MEV/fee rewards against total LP supply without checkpointing the registration/mint moment, so early stakers' claimable amount grows against ETH deposited by later stakers. Impact: a staker who deposited only 4 ETH can drain all funds deposited by new stakers."
178,099243e83259,High,Reentrancy,Violating CEI / Missing nonReentrant,"Cause: LiquidStakingManager.withdrawETHForKnot (L435) sends ETH to msg.sender before invalidating the BLS public key, violating checks-effects-interactions. Impact: a node runner re-enters the function to withdraw repeatedly, draining ETH from the smart wallet."
179,099243e83259,High,DoS,State Update Inconsistency,"Cause: LiquidStakingManager's LifecycleStatus state machine can be driven into an inconsistent state that blocks valid lifecycle transitions. Impact: permanent freeze of funds — users who deposited ETH for staking cannot withdraw funds, claim rewards, or rotate, leaving the protocol insolvent."
180,099243e83259,High,DoS,No Recovery Mechanism,"Cause: GiantMevAndFeesPool inherits GiantLP's unprotected ERC20 transfer functions, letting a malicious user move LP tokens (e.g. to the pool itself) and corrupt the reward accounting. Impact: rewards in GiantMevAndFeesPool become permanently locked and inaccessible to all other users."
181,099243e83259,High,Accounting Error,Asset Theft,"Cause: SyndicateRewardsProcessor computes a claimer's share from the contract's full reward balance without tracking a per-user accrual baseline. Impact: the first user to claim from GiantMevAndFeesPool collects all previously generated rewards, even rewards they did not contribute to."
182,099243e83259,High,Accounting Error,Asset Theft,"Cause: GiantPoolBase.withdrawETH decrements idleETH before burning LP tokens, and GiantMevAndFeesPool.totalRewardsReceived = balance + totalClaimed - idleETH, so the lowered idleETH inflates the rewards computed in the burn hook. Impact: an attacker drains most of the pool's ETH as fake rewards."
183,099243e83259,High,DoS,Bad Condition,"Cause: on burn the GiantLP transfer hook fires with to == address(0), and GiantMevAndFeesPool.beforeTokenTransfer calls _distributeETHRewardsToUserForFor address(0), which reverts. Impact: GiantLP tokens can never be burned, so withdrawals fail and users' funds are permanently stuck in the Giant Pool."
184,e0d2d83ea351,High,Access Control,Asset Theft,"Cause: MultiRewardStaking.changeRewardSpeed, reachable via VaultController, lacks proper access control/validation on the new speed. Impact: an attacker can alter a reward token's rewardSpeed to drain roughly 99% of that token's balance from any Staking contract."
185,099243e83259,High,DoS,State Update Inconsistency,"Cause: GiantMevAndFeesPool.afterTokenTransfer does not decrease the sender's claimed[] when LP tokens are transferred away, so claimed[] still reflects their old, higher balance. Impact: the sender's later reward distributions underflow and revert, causing pool DoS and orphaning their future rewards."
186,e0d2d83ea351,High,Reentrancy,"Violating CEI / Missing nonReentrant, ERC777 Callback","Cause: MultiRewardStaking transfers reward tokens without a nonReentrant guard and violates CEI, so an ERC777 reward token's transfer hook can re-enter claimRewards/accrual. Impact: An attacker re-enters during the ERC777 callback to claim repeatedly, draining the entire reward token balance."
187,099243e83259,High,Input Validation,Asset Theft,"Cause: GiantMevAndFeesPool.bringUnusedETHBackIntoGiantPool never validates that the supplied _stakingFundsVaults are real registered vaults, accepting attacker-controlled fake vaults. Impact: An attacker passes fake vaults to rotate real LPTokens out of the pool, stealing other users' LP tokens."
188,e0d2d83ea351,High,Input Validation,Asset Theft,"Cause: BeefyAdapter accepts a user-supplied _beefyBooster on initialization without verifying it is legitimate, yet approves _beefyVault shares to it. Impact: A malicious vault owner sets a malicious _beefyBooster and uses the approval to pull and steal the adapter's tokens."
189,099243e83259,High,Accounting Error,Asset Theft,"Cause: GiantMevAndFeesPool's overridden totalRewardsReceived returns address(this).balance + totalClaimed - idleETH, wrongly subtracting idleETH and corrupting reward accounting. Impact: An attacker exploits the understated rewards baseline to over-claim and drain most of the ETH from the Giant Pool."
190,e0d2d83ea351,High,Access Control,Invalid Validation,"Cause: The pause path in VaultController/AdapterBase only checks adapter creator/ownership, so anyone deploying a vault that reuses an existing adapter is authorized to pause it. Impact: An attacker creates a vault with the same adapter and pauses it, freezing any victim vault sharing that adapter (DoS)."
191,a1ee58021528,High,Access Control,Invalid Validation,"Cause: In anchor_airdrop_registry, execute_fabricate_anchor_claim and execute_fabricate_mir_claim lack a caller check restricting them to the Hub contract. Impact: Anyone can submit FabricateMIRClaim/FabricateANCClaim messages and hijack airdrop claims that should be Hub-controlled."
192,099243e83259,High,DoS,State Update Inconsistency,"Cause: GiantMevAndFeesPool/GiantSavETHVaultPool's withdrawUnusedETHToGiantPool (via bringUnusedETHBackIntoGiantPool) returns ETH to the giant pool without updating the idleETH accounting variable. Impact: The stale idleETH undercounts available funds, leaving ETH unwithdrawable and permanently stuck in the Giant Pool."
193,099243e83259,High,Reentrancy,Violating CEI / Missing nonReentrant,"Cause: GiantMevAndFeesPool.withdrawETH burns lpTokenETH and then sends ETH to the user via _distributeETHRewardsToUserForToken before state is final; though withdrawETH is nonReentrant, claimRewards lacks the guard. Impact: a user reenters claimRewards from the ETH-send fallback to claim rewards twice and drain the pool."
194,099243e83259,High,Accounting Error,State Update Inconsistency,"Cause: GiantSavETHVaultPool.bringUnusedETHBackIntoGiantPool returns ETH to the giant pool but never increases the idleETH accounting variable. Impact: the recovered ETH is untracked and cannot be withdrawn or redeployed, so those funds are effectively lost/stuck."
195,e0d2d83ea351,High,Accounting Error,Incorrect Formula,"Cause: In MultiRewardStaking, when reward speed is changed the new rewardsEndTimestamp is derived from the contract's full reward-token balance rather than only the undistributed amount, ignoring rewards already owed to uncollected users. Impact: the reward duration is overstated, so the contract over-distributes and later claimers cannot be paid."
196,ba93b3b8d7cf,High,call / delegatecall,Missing Return Check,"Cause: In LidoVault._withdrawFromYieldPool the require(sent) success check on the ETH transfer is placed after the return statement, so it is never executed. Impact: a failed transfer does not revert, the call succeeds silently and users lose their funds."
197,099243e83259,High,Accounting Error,State Update Inconsistency,"Cause: Syndicate's unstake path does not update the sETHUserClaimForKnot mapping, leaving the stale claim baseline set at the original stake amount. Impact: after partially unstaking, a user is wrongly disqualified or under-credited when claiming ETH on their remaining staked sETH."
198,e0d2d83ea351,High,Arithmetic,Token Decimal,"Cause: In MultiRewardStaking, _accrueRewards scales deltaIndex by 10**decimals() while _accrueUser divides supplierDelta by rewards.ONE (10**rewardToken.decimals()); when the reward token's decimals differ, the index is mis-scaled. Impact: any user can compute hugely inflated rewards and drain the entire reward fund."
199,099243e83259,High,Accounting Error,State Update Inconsistency,Cause: GiantPoolBase.withdrawETH burns the user's giant LP token balance without calling _onWithdraw / _distributeETHRewardsToUserForToken to pay out pending ETH rewards first. Impact: a user who withdraws forfeits their accrued but unclaimed ETH rewards.
200,e0d2d83ea351,High,Accounting Error,State Update Inconsistency,"Cause: In Vault.sol, highWaterMark is updated on every deposit, withdraw and mint instead of only when performance fees are taken. Impact: Performance fees never accrue correctly, so the protocol permanently loses the fees it is owed."
201,dd17040a53bc,High,DoS,Bad Condition,"Cause: The basket exit function enforces a MIN_AMOUNT balance check that blocks burning the final MIN_AMOUNT of basket tokens once enough holders have exited. Impact: The last tokens can never be redeemed, permanently locking the underlying funds in the pool."
202,099243e83259,High,Accounting Error,State Update Inconsistency,"Cause: In GiantMevAndFeesPool, depositETH() calls _onDepositETH()/_setClaimedToMax() which sets claimed[user][token] to max before transferring the user's outstanding rewards. Impact: A user loses all accrued, unclaimed rewards whenever they make a new deposit."
203,dd17040a53bc,High,ERC20,No Recovery Mechanism,"Cause: In the single join flow (SingleNativeTokenExit/BasketFacet), leftover basket underlying tokens are not refunded to the user after minting. Impact: The unused tokens remain in the contract and can be stolen by any attacker."
204,ba93b3b8d7cf,High,Slippage,Hardcoded Parameter,"Cause: GeneralVault.sol and LidoVault.sol use a hardcoded 99% slippage control on withdrawals/swaps. Impact: When the underlying yield token price drops more than 1% during market turbulence, withdrawals revert and user funds are frozen."
205,b2a8c124d062,High,DoS,Does not match with Doc,"Cause: In Swivel.sol withdraw(), the Yearn branch calls IYearn(c).withdraw(a) treating `a` as shares to burn, while the Compound/Aave/Euler/ERC4626 branches treat it as an underlying-asset amount. Impact: Yearn markets withdraw the wrong amount, so users cannot redeem zcTokens and funds are permanently locked."
206,9befb133ee74,High,Access Control,Bad Condition,"Cause: In Controller.sol, distributeStrategyGainLoss() guards access using an incorrect operator on the vaultIndexes[msg.sender] check, so the validity check passes for non-vault callers. Impact: Any address can call it to report fake gains and trigger arbitrary minting of GVT tokens."
207,e6e43dfea59f,High,Access Control,Bad Condition,"Cause: StakedCitadel._withdraw calls vesting.setupVesting() on the StakedCitadelVester, but that contract names the function vest, so no matching selector exists and the external call fails. Impact: every withdrawal reverts, permanently locking users' staked CTDL in the vault."
208,a1ee58021528,High,Oracle,Stale Value,"Cause: In money-market-contracts/oracle feed_prices(), each record's last_updated_time is hardcoded to the current block time instead of the price's real timestamp. Impact: when the tx is delayed (network congestion), stale prices are stored as fresh, disrupting the feed and enabling mispriced liquidations."
209,e0d2d83ea351,High,Input Validation,Invalid Validation,"Cause: VaultController.deployVault accepts a caller-supplied staking address and never validates it against the TemplateRegistry's approved Staking templates. Impact: anyone can deploy a Vault wired to a malicious Staking contract, draining user deposits and rewards."
210,9befb133ee74,High,Arithmetic,Unsafe Downcast,"Cause: Under Solidity 0.6.x, expressions like int256(a-b) and int256(-x) with unsigned operands underflow to ~2**256-1 before the cast instead of reverting. Impact: silent underflow corrupts accounting values (e.g. in LifeGuard3Pool), producing wrong PnL and asset amounts."
211,e6e43dfea59f,High,Logic error,Bad Condition,"Cause: StakedCitadel uses the live token.balanceOf(address(this)) for internal accounting instead of a tracked internal balance variable. Impact: direct token donations into the contract corrupt share accounting, letting an attacker manipulate share price and mis-mint shares."
212,e0d2d83ea351,High,Accounting Error,State Update Inconsistency,"Cause: In MultiRewardStaking withdraw/redeem, accrueRewards is invoked on caller and receiver but never on owner, so a third-party withdrawal never accrues the owner's rewards. Impact: when Bob withdraws Alice's assets to another receiver, Alice's accrued staking rewards are permanently lost."
213,97843b77b287,High,DoS,Bad Condition,"Cause: SherXERC20.payOffDebtAll loops over all protocols and _payOffDebt reverts if any single protocol lacks funds to cover its premium. Impact: one under-funded protocol halts the whole settlement, reverting every core function that must pay off debt first (DoS)."
214,9befb133ee74,High,"Accounting Error, Cross-Chain",Bad Condition,"Cause: Buoy3Pool.safetyCheck only verifies the a/b and a/c price ratios are within BASIS_POINTS, so b/c (USDC/USDT) is merely bounded to 2*BASIS_POINTS by transitivity and never checked directly. Impact: The stablecoin price safety check is imprecise, letting one pair drift out of range while still passing, mispricing deposits and withdrawals."
215,e6e43dfea59f,High,Logic error,Bad Condition,"Cause: StakedCitadel._withdraw calls vesting.setupVesting(), but the function in StakedCitadelVester is actually named vest(), so it targets a non-existent selector. Impact: Every _withdraw reverts, permanently locking users' staked funds in the vault."
216,7b5e1803022e,High,ERC4626,Rounding Error,"Cause: wfCashERC4626's convert/preview functions round in the wrong direction, violating EIP-4626's requirement that opposing mutable and view methods round in the vault's favor. Impact: Rounding errors let users mint or redeem shares for slightly more than fair value, draining vault assets over repeated calls."
217,7100a75d6ebd,High,Chainlink,Stale Value,"Cause: The Chainlink price feed's latestRoundData return is consumed in payment logic without validating updatedAt/answeredInRound freshness, so a stale price is accepted. Impact: Outdated oracle prices drive payment calculations, letting users pay or redeem at incorrect, exploitable rates."
218,099243e83259,High,Reentrancy,Violating CEI / Missing nonReentrant,"Cause: GiantSavETHVaultPool.withdrawDETH() makes external calls to user-supplied savETH vault addresses with no whitelist check and no nonReentrant guard, sending the contract's increased dETH balance to the caller. Impact: An attacker supplies a malicious vault to reenter and drain dETH, stealing other users' funds."
219,9befb133ee74,High,Logic Error,Bad Condition,"Cause: Exposure.sortVaultsByDelta initializes minDelta to 0, so when all deltas are positive the condition delta < minDelta is never satisfied and both maxIndex and minIndex remain 0, yielding duplicate, unsorted vault indexes. Impact: Vaults are mis-ordered, so rebalancing and withdrawals operate on the wrong vaults."
220,e6e43dfea59f,Medium,Logic error,Bad Condition,"Cause: Funding.deposit() depends on a discount being configured and its price computation fails when no discount is set. Impact: Deposits revert entirely until a discount is configured, breaking core funding functionality."
221,7100a75d6ebd,High,DoS,Front Run,"Cause: JBTokenStore's token set/change functions (setFor/issueFor) can be front-run by an attacker who claims or issues tokens for the project first, making the legitimate change revert. Impact: attackers permanently block project owners from setting or changing their project's token."
222,a1ee58021528,High,Access Control,Bypass Mechanism,"Cause: in the distributor and community contracts, spend() validates the amount against config.spend_limit but never decrements spend_limit after a spend. Impact: the owner bypasses the cap by issuing multiple transactions each at spend_limit, draining far more than intended."
223,e0d2d83ea351,High,Access Control,Arbitrary Add/Remove/Set/Call,"Cause: AdapterBase invokes the Strategy via delegatecall, so a malicious Strategy executes in the adapter's context and can freely overwrite any of its storage slots. Impact: a malicious strategy can manipulate adapter state and drain user funds."
224,1d8f1f43cde9,High,Oracle,State Update Inconsistency,"Cause: ScalingPriceOracle._updateCPIData sets oraclePrice to the prior month's price plus interpolation, but startTime resets on every fulfill, so the monthly change rate never compounds. Impact: the reported price drifts below the true compounded value over time."
225,dd17040a53bc,Medium,ERC20,Missing Return Check,"Cause: SingleNativeTokenExitV2.exit and other functions call outputToken.transfer/transferFrom without checking the returned boolean. Impact: tokens that return false instead of reverting on failure let the call silently succeed, causing loss of funds and inconsistent accounting."
226,9befb133ee74,Medium,Chainlink,Deprecated Library,"Cause: Buoy3Pool uses the deprecated Chainlink latestAnswer function (L207, L214-216), which returns 0 instead of reverting when no round has completed. Impact: a stale or zero price is fed to Buoy3Pool, producing incorrect asset and LP pricing."
227,e6e43dfea59f,Medium,Oracle,Price Manipulation / Arbitrage opportunity,"Cause: KnightingRound.buy executes at whatever tokenOutPrice is currently set, which the owner can change via setTokenOutPrice, allowing a price change to be front-run against a user's pending buy. Impact: users buy at an unexpected, worse price, enabling front-running and value loss."
228,9befb133ee74,Medium,Chainlink,Deprecated Library,"Cause: The Buoy3Pool oracle wrapper reads Chainlink prices via the deprecated latestAnswer() API without checking latestTimestamp/latestRound for freshness. Impact: Stale Chainlink prices are accepted as valid, so the curve peg sanity check can pass on outdated data."
229,e6e43dfea59f,Medium,Oracle,Price Manipulation / Arbitrage opportunity,"Cause: When the policy team clears citadelPriceFlag, the oracle path falls back to a previously stored price that is never refreshed. Impact: Trades execute against a stale price, letting an attacker arbitrage the difference between the cached and true market price."
230,7100a75d6ebd,Medium,Access Control,Centralization Risk,"Cause: JBToken.mint lets its owner mint arbitrary amounts, and JBController.changeTokenOf can transfer that ownership to any address instead of keeping it in JBTokenStore. Impact: The new owner can mint unlimited tokens, inflating supply and stealing value from holders."
231,b2a8c124d062,Medium,Logic Error,Bad Condition,"Cause: In VaultTracker.removeNotional/transferNotionalFrom the amount is compared with `a > vlt.notional` instead of `a >= vlt.notional`. Impact: When amount equals the full notional, dust is always left behind in vlt.notional and can never be fully removed."
232,9befb133ee74,Medium,Arithmetic,Token Decimal,"Cause: BaseVaultAdaptor.calculateShare computes share = amount.mul(10**decimals).div(sharePrice), assuming sharePrice is always in the underlying token's decimals and that token decimals equal vault decimals. Impact: For non-Yearn vaults with differing decimals the share calculation is wrong, mispricing deposits/withdrawals."
233,e6e43dfea59f,Medium,Arithmetic,Token Decimal,"Cause: StakedCitadel records the requested deposit/withdraw amount for internal accounting instead of the actual token balance change. Impact: With fee-on-transfer or rebasing tokens the recorded balance diverges from real holdings, corrupting share accounting."
234,7100a75d6ebd,Medium,Input Validation,Invalid Validation,"Cause: JBSplitsStore's check that new splits include the currently locked splits ignores the JBSplit fields preferClaimed and preferAddToBalance. Impact: A locked split's properties can be altered before its lock expires, breaking the immutability guarantee for locked splits."
235,a4d91fb1550f,Medium,Accounting Error,Fee On Transfer Token,"Cause: DInterest.deposit records the depositAmount function parameter as principal instead of the actual balance received, so for fee-on-transfer/deflationary tokens the credited amount exceeds what was transferred in. Impact: Interest is calculated on an inflated principal, paying out more than the pool holds and draining funds from other depositors."
236,e0d2d83ea351,Medium,DoS,Missing Functionality,"Cause: AdapterBase/YearnAdapter's withdraw path calls the underlying Yearn Vault.withdraw without exposing a maxLoss parameter, so it uses Yearn's default maxLoss of 0.01% and reverts whenever realized loss exceeds it. Impact: Vault.withdraw and Vault.redeem revert, permanently blocking users from withdrawing their deposited assets."
237,e0d2d83ea351,Medium,Input Validation,Invalid Validation,"Cause: VaultController/MultiRewardStaking addRewardToken accepts escrow config (escrowDuration, escrowPercentage, offset) with no validity checks on the supplied values. Impact: A faulty or zero escrow configuration causes reward tokens sent to the Staking contract to be permanently locked with no way to claim them."
238,e0d2d83ea351,Medium,ERC4626,Not EIP Compliant,"Cause: Vault.withdraw uses convertToShares, which rounds down, to compute the shares to burn instead of rounding up as ERC4626 requires, so users burn fewer shares than the withdrawn assets are worth. Impact: A malicious user repeatedly withdraws to extract slightly more assets than their shares back, eventually draining the vault."
239,7b5e1803022e,Medium,Access Control,Asset Theft,"Cause: NotionalTradeModule._mintFCashPosition calls _approve to grant the fCash Wrapper an allowance of _maxSendAmount but never resets the residual allowance to zero after minting. Impact: The leftover approval lets the wrapper pull the remaining payment tokens from the SetToken, allowing the funds to be stolen."
240,7100a75d6ebd,Medium,ERC20,Missing Return Check,"Cause: JBETHERC20SplitsPayer and JBETHERC20ProjectPayer perform raw ERC20 transfer/transferFrom calls without checking the boolean return value or using a SafeERC20 helper. Impact: Tokens that return false instead of reverting on failure let payments and splits be treated as successful while no tokens actually move, causing fund loss."
241,dd17040a53bc,Medium,call / delegatecall,Missing Return Check,"Cause: CallFacet's call/singleCall functions execute low-level .call() to forward ETH to arbitrary targets without checking the returned success boolean. Impact: A failed transfer passes silently, locking the sent Ether in the contract while callers believe the operation succeeded."
242,7b5e1803022e,Medium,ERC777,ERC777 Callback,"Cause: the vault's redeem measures shares from a before/after IERC20(asset()).balanceOf(receiver) delta, but the ERC777 transfer hands control to the receiver mid-call, letting them move the token to another account. Impact: the receiver manipulates the before/after balance so redeem returns an incorrect, inflated amount."
243,a4d91fb1550f,Medium,DoS,Invalid Validation,"Cause: MPHMinter.distributeFundingRewards calls mph.ownerMint without checking that the contract is the owner of mph. Impact: if MPHMinter is not the mph owner, ownerMint reverts, DoSing DInterest functions like withdraw, rolloverDeposit, and payInterestToFunders."
244,af8e4af75dc2,Medium,ERC20,Missing Return Check,"Cause: Market.sol invokes IERC20 transfer/transferFrom and ignores the returned bool, assuming every failure reverts. Impact: tokens that return false instead of reverting let failed transfers pass silently, corrupting the protocol's balance accounting."
245,7100a75d6ebd,Medium,DoS,Out of Gas,"Cause: a Juicebox project owner sets a split whose beneficiary is a contract that reverts or burns gas, and JBController/JBSplitsStore loops over all splits when distributing payouts. Impact: the malicious split makes the whole distribution transaction revert or run out of gas, griefing every other recipient."
246,af8e4af75dc2,Medium,DoS,Front Run,"Cause: Market.repay enforces require(debt >= amount), so an attacker can front-run a user's full repayment by repaying 1 wei of that user's debt. Impact: the victim's exact-amount repay now exceeds the remaining debt and reverts with ""Insufficient debt"", DoSing repayment."
247,e169bbefc6e2,Medium,Chainlink,Deprecated Library,"Chainlink pricer is using a deprecated API. _Submitted by cccz, also found by 0xDjango, 0xkatana, berndartmueller, Cr4ckM3, defsec, horsefacts, hyh, JMukesh, joshie, Jujic, pedroais, peritoflores, rayn, reassor, Ruhum, and WatchPug_ According to Chainlink's documentation, the latestAnswer function is deprecated. This function might suddenly stop wo"
248,af8e4af75dc2,Medium,Liquidation,Unfair Liquidation,"Cause: Market liquidation never checks that the borrower's post-liquidation health factor (collateral/debt) improves, and the liquidation bonus removes collateral faster than debt. Impact: a liquidator can repeatedly liquidate to push the borrower further underwater instead of restoring solvency."
249,2c5e13b4e147,Medium,Accounting Error,Fee On Transfer Token,"Cause: Gravity.sol credits the full _tokenContract amount on transfer without measuring the actual balance received, so fee-on-transfer tokens deposit less than recorded. Impact: deposits are over-credited, letting users withdraw more than they supplied and draining other users' funds."
250,7100a75d6ebd,Medium,Chainlink,Missing Return Check,"Cause: In JBPrices, the Chainlink feed's latestRoundData() call is unwrapped and can revert, and feeds cannot be changed once configured. Impact: A single reverting feed permanently locks all price oracle queries protocol-wide with no recovery path."
251,af8e4af75dc2,Medium,Reentrancy,ERC777 Callback,Cause: Market.sol withdraw permits ERC777 collateral whose tokensToSend hook re-enters before collateral/debt accounting is finalized. Impact: An attacker drains his escrow contract completely while still holding an outstanding loan.
252,7100a75d6ebd,Medium,Input Validation,Invalid Validation,"Cause: JBFundingCycleStore does not validate mustStartAtOrAfter, so a huge value overflows when computing the cycle start, placing it in the past. Impact: The project owner bypasses the ballot waiting period and activates a reconfiguration immediately."
253,ba93b3b8d7cf,Medium,DoS,Bad Condition,"Cause: ConvexCurveLPVault._transferYield and _processTreasury transfer arbitrary reward tokens without checking for a non-zero amount. Impact: A reward token that reverts on zero-value transfers blocks processYield() entirely, freezing reward retrieval."
254,97843b77b287,Medium,Accounting Error,Fee On Transfer Token,"Cause: Sherlock's PoolBase uses internal bookkeeping that assumes the credited amount equals the transferred amount, ignoring fee-on-transfer/deflationary tokens. Impact: Internal balances are inflated, letting an attacker withdraw more tokens than deposited and drain the pool."
255,af8e4af75dc2,Medium,Logic Error,Bad Condition,"Cause: Market.forceReplenish checks only getCollateralValueInternal (raw collateral, not the debt-adjusted credit limit), so it succeeds on positions already in a liquidation state. Impact: DOLA/replenishment is paid out for underwater users who should instead be liquidated."
256,dd17040a53bc,Medium,Accounting Error,Incorrect Formula,"Cause: BasketFacet.chargeOutstandingAnnualizedFee compounds the annualized fee on each invocation, so the realized APY scales with call frequency rather than being fixed. Impact: Effective fees diverge from the configured annual rate, higher for frequently called baskets and lower for rarely used ones."
257,dd17040a53bc,Medium,Accounting Error,Incorrect Formula,"Cause: The fee logic mints the raw calcOutStandingAnnualizedFee amount to feeBeneficiary without accounting for the supply dilution that minting causes, so the post-mint share value is below the intended fee. Impact: feeBeneficiary receives fewer fees than it is owed."
258,dd17040a53bc,Medium,DoS,Bad Condition,"Cause: joinTokenSingle in SingleTokenJoin.sol and SingleTokenJoinV2.sol relies on a user-supplied minimum output amount in JoinTokenStruct that an attacker can invalidate by shifting pool state, so the swap reverts with FAILED_OUTPUT_AMOUNT. Impact: griefing attack makes any user's join transaction fail (DoS)."
259,ba93b3b8d7cf,Medium,DoS,Bad Condition,"Cause: GeneralVault.withdrawCollateral handles type(uint256).max by calling IERC20Detailed(_asset).decimals(), but for native ETH collateral _asset is the zero-address so the call reverts. Impact: users cannot withdraw their full ETH collateral via the max-amount sentinel; the transaction reverts (DoS)."
260,7100a75d6ebd,Medium,Accounting Error,Fee On Transfer Token,"Cause: JBPayoutRedemptionPaymentTerminal credits the stated _amount for ERC20 deposits instead of the balance actually received, ignoring fee-on-transfer tokens like USDT that deliver less. Impact: projects are over-credited and later payout/redemption transfers revert on insufficient balance, breaking accounting and locking funds."
261,7b5e1803022e,Medium,DoS,Out of Gas,"Cause: NotionalTradeModule._isWrappedFCash calls IWrappedfCash(_fCashPosition).getDecodedID() on arbitrary components; a non-conforming component that returns a malformed value (not reverting) makes the decode into (uint16,uint40) revert or burn unbounded gas. Impact: the check becomes a gas bomb, DoS-ing module operations that iterate components."
262,b2a8c124d062,Medium,DoS,Implementation Error,"Cause: Compounding.underlying() resolves a protocol's underlying token, but its Yearn branch is implemented incorrectly so it fails to return the Yearn vault's underlying. Impact: MarketPlace creation reverts for Yearn vaults, making it impossible to create any Yearn-based market (integration broken)."
263,a1ee58021528,Medium,Governance,Bad Condition,"Cause: The Anchor gov contract weights votes by current staked balance rather than the poll's creation snapshot, so users who stake after the snapshot is taken still vote with full weight. Impact: late stakers gain disproportionate influence over poll outcomes, undermining fair governance and enabling vote manipulation."
264,1d8f1f43cde9,Medium,Logic Error,State Update Inconsistency,"Cause: In CoreRef.sol the `_vcon` reference is `immutable`, set once in the constructor from Core, so when GOVERNOR updates vcon in Core.sol the change cannot propagate to CoreRef._vcon. Impact: All CoreRef-derived components keep referencing a stale vcon token with no way to fix it manually."
265,7100a75d6ebd,Medium,Accounting Error,Precision Loss,Cause: JBPayoutRedemptionPaymentTerminal._feeAmount computes the discounted fee with imprecise math (order of operations causing rounding down). Impact: The protocol collects fewer fees than intended on discounted payouts.
266,97843b77b287,Medium,Accounting Error,Bad Condition,"Cause: In SherX.sol yield distribution, a large payout lowers unallocatedSherX, and harvest/transfer pay yield first-come-first-served until unallocatedSherX is depleted. Impact: Early users receive full yield while later users get none, unfairly distributing yield after a payout."
267,dd17040a53bc,Medium,Access Control,Missing Initialization,"Cause: ERC20Facet.initialize only checks that name/symbol are empty, but setName/setSymbol can reset them to empty strings, re-enabling initialize(). Impact: The owner (or anyone after an accidental reset) can re-initialize the contract and mint arbitrary tokens."
268,af8e4af75dc2,Medium,Liquidation,Bad Condition,"Cause: In Market liquidation, when liquidationFeeBps is enabled the gov fee is only transferred if the user's escrow balance covers the full calculated liquidation fee. Impact: Users whose escrow balance is below the fee escape it entirely and gov receives nothing."
269,ba93b3b8d7cf,Medium,Logic Error,Implementation Error,"Cause: GeneralVault.depositCollateral (and LidoVault/ConvexCurveLPVault) accept msg.value even when the deposited asset is an ERC20 (!= address(0)), without using or refunding the ETH. Impact: ETH sent alongside an ERC20 collateral deposit is lost/stuck in the contract."
270,b2a8c124d062,Medium,Logic Error,Incorrect Parameter,"Cause: Swivel.setFee() takes an index parameter `i` for the fee denominator to update but never uses it in the assignment to feenominators. Impact: Fee denominators are not set at the intended index, so fee configuration updates fail to apply as expected."
271,8f18f7d5c396,Medium,Accounting Error,Incorrect Parameter,"Cause: In Slingshot.executeTrades, when toToken is the native token the initialBalance is read as the contract's balance, which already includes the msg.value ETH the user sent in, so the swap output (finalBalance - initialBalance) is computed wrong. Impact: The finalAmount returned to the user is mis-accounted, sending an incorrect amount on native-token trades."
272,dd17040a53bc,Medium,Accounting Error,Invariant Violation,"Cause: BasketFacet.joinPool checks totalSupply against LibBasketStorage.basketStorage().maxCap using only the base mint amount and excludes the entry fee tokens. Impact: With the entry fee enabled, minting can push totalSupply above maxCap, breaking the supply-cap invariant."
273,dd17040a53bc,Medium,Slippage,Missing deadline,"Cause: SingleTokenJoinV2._joinTokenSingle and SingleNativeTokenExitV2._exit pass block.timestamp as the swap deadline instead of the _deadline field already present in the input struct. Impact: Swaps carry no real deadline, so they can be withheld and executed later at a stale price, causing user losses."
274,1d8f1f43cde9,Medium,Oracle,Bad Condition,"Cause: OracleRef applies the same decimalsNormalizer to both oracle and backupOracle, but the backup may use a different scale and need not even be Chainlink. Impact: If the main oracle fails and the backup is used, its price is scaled by the wrong amount, returning a wrong price that mis-prices mints/redeems."
275,1d8f1f43cde9,Medium,Logic error,Front Run,"Cause: MultiRateLimited._updateAddress resets bufferStored to the full bufferCap instead of preserving the already-used buffer. Impact: An address can frontrun the update to drain its buffer, then have it fully replenished and spend it again, doubling its rate-limited amount."
276,8f18f7d5c396,Medium,Slippage,Fee On Transfer Token,"Cause: Slingshot.executeTrades validates the trade output against finalAmountMin before transferring toToken, but for fee-on-transfer tokens the transfer itself deducts a fee. Impact: The user can end up receiving less than finalAmountMin, defeating the slippage guarantee."
277,a1ee58021528,Medium,Slippage,Invalid Slippage Control / Missing slippage check,"Cause: The collector contract's permissionless sweep swaps the asset token to ANC on Astroport with belief_price unset and config.max_spread missing or misconfigured, so the swap has no effective slippage bound. Impact: An attacker can sandwich the sweep to extract value, leaving the protocol with far fewer ANC."
278,fa1836e0615e,Medium,Slippage,Missing minOut / maxAmount,No slippage protection for bonders. < < When a user calls bond or bondWithDelegate they specify the amount of DpxEth they want to bond for. As part of this call the cost of the bond (in WETH and rDPX) is calculated. The discount provided for a bond depends on the bond discount factor and the amount of rDPX in the reserve. The bond discount factor s
279,af8e4af75dc2,Medium,Oracle,Token Decimal,"Cause: The Oracle contract normalizes feed prices assuming both the token and the Chainlink feed use 18 decimals (Oracle.sol#L87/L121), with no handling for other decimal sizes. Impact: Tokens or feeds with non-18 decimals are normalized incorrectly, returning a wildly wrong collateral price."
280,a1ee58021528,Medium,Accounting Error,State Update Inconsistency,"Cause: Rewards and borrow limits are only recomputed inside execute_epoch_operations, but updating anc_purchase_factor via the owner config does not trigger it. Impact: bAsset reward and borrow-limit calculations keep using stale config, producing wrong reward/limit values."
281,af8e4af75dc2,Medium,Logic Error,Bypass Mechanism,"Cause: Market borrow logic never forces settlement of the DBR deficit as long as a user keeps debt just under the allowed maximum. Impact: A user can borrow DOLA indefinitely at 0% interest, evading DBR replenishment and the intended borrowing cost."
282,7b5e1803022e,Medium,ERC1155,Asset Theft,"Cause: The wrapper address is precomputable via create2, so fCash of a wrong maturity/asset can be ERC1155-transferred to it before deployment, when onERC1155Received cannot run to reject it. Impact: The pre-deployed wrapper is seeded with wrong fCash, permanently breaking minting and locking the deposited assets."
283,a1ee58021528,Medium,Input Validation,Invalid Validation,"Cause: In CrossAnchorBridge.depositStable() the require checking that the token is whitelisted is commented out, so non-whitelisted tokens are accepted. Impact: Such tokens cannot be processed on the Terra side, freezing user funds on the bridge contract."
284,af8e4af75dc2,Medium,Oracle,Price Manipulation / Arbitrage opportunity,"Cause: Oracle.sol#L124 derives the day as block.timestamp / 1 days, so manipulating the price in the last block of one day and the first block of the next sets the recorded daily low for both. Impact: The two-day low dampening is bypassed with only ~2 blocks of manipulation, enabling oracle price manipulation."
285,97843b77b287,Medium,Accounting Error,State Update Inconsistency,"Cause: SherX._doSherX skips paying off accrued premiums for most tokens, so amounts = LibSherX.calcUnderlying(totalSherX) optimistically assumes all outstanding premiums were already paid. Impact: Underlying amounts are overstated; if a protocol fails to pay its premiums the unpaid debt corrupts SherX accounting and payouts."
286,ba93b3b8d7cf,Medium,MEV,Front Run,"Cause: YieldManager splits processed yield proportionally to current stablecoin deposit balances with no snapshot, letting an attacker use MEV/Flashbots to just-in-time deposit a large stablecoin amount right before distribution. Impact: The attacker captures a disproportionate share of the yield, unfairly diluting honest depositors."
287,7100a75d6ebd,Medium,DoS,Out of Gas,"Cause: processFees() in JBPayoutRedemptionPaymentTerminal.sol loops over the unbounded _heldFeesOf[_projectId] array that _takeFeeFrom() keeps pushing entries onto. Impact: Once the array grows large enough, the loop exceeds the block gas limit and processFees() always reverts, permanently locking held-fee processing."
288,b2a8c124d062,Medium,DoS,Stale Value,"Cause: ZcToken.withdraw derives its payout via previewWithdraw from maturityRate; if called after the maturity deadline but before any tx sets the market mature, maturityRate is still 0 so the computed amount is 0. Impact: The withdrawal sends the user 0 tokens, causing loss of funds."
289,af8e4af75dc2,Medium,Chainlink,Invalid Validation,"Cause: When no fixedPrice is set, Oracle.sol's getPrice/viewPrice source the collateral price solely from feeds[token].feed.latestAnswer() with no staleness/validity check or fallback. Impact: If the Chainlink feed is blocked or down, pricing reverts, severely limiting protocol usability such as borrows and liquidations."
290,a1ee58021528,Medium,Access Control,State Update Inconsistency,"Cause: anchor_basset_hub lets an admin update the token_contract address in config.rs without reconciling in-flight undelegation accounting, so amounts are computed against a mismatched token contract. Impact: Undelegations process incorrect token amounts, so users receive wrong redemption amounts."
291,dd17040a53bc,Medium,Logic Error,Implementation Error,"Cause: SingleNativeTokenExitV2 sends the user the token from the last swap of the first exchange's trades, assuming that exchange holds the outputToken, but the ExitUnderlyingTrade struct never enforces which trade yields the final output. Impact: With multiple exchanges the wrong token or amount is returned, mishandling user funds."
292,2c5e13b4e147,Medium,Pause,Missing Functionality,"Cause: Gravity.sol exposes no pause/unpause mechanism (nor upgradeability) to halt operations during an incident. Impact: If a hack or exploit is in progress, validators cannot stop the bridge, letting the attack continue across blocks and drain funds."
293,fa1836e0615e,Medium,ERC4626,Inflation Attack,"A malicious early depositor can manipulate the `LP-Token` price per share to take an unfair share of future user deposits. *Submitted by 0xWagmi, also found by Matin, vangrim, catellatech, MohammedRizwan, Hama, 836541, okolicodes, Inspecktor, erebus, GangsOfBrahmin, Bauchibred, lsaudit, ravikiranweb3, zaevlad, tapir, niki, and [IceBear]("
294,dd17040a53bc,Medium,call / delegatecall,Missing Return Check,"Cause: In CallFacet.sol, the _call function executes a low-level `_target.call{value:_value}(_calldata)` whose return value handling can let a failed transfer be overlooked. Impact: A failed external call/ETH transfer may go undetected, with the contract treating an unsuccessful operation as if it succeeded."
295,af8e4af75dc2,Medium,DoS,Front Run,"Cause: Market.forceReplenish lets anyone replenish a borrower's DBR deficit, so the borrower or any attacker can front-run a full forceReplenish with a dust-amount replenish in the same block. Impact: The original replenisher's tx reverts, blocking deficit replenishment (DoS) and denying its incentive."
296,af8e4af75dc2,Medium,Logic Error,Bypass Mechanism,"Cause: Market.repay does not force-settle an outstanding DBR deficit, so a borrower who could have been forceReplenished can repay while the deficit is unaddressed. Impact: The borrower bypasses the replenishment fee mechanism, sending less DOLA to the Market than is actually owed."
297,af8e4af75dc2,Medium,Chainlink,Stale Value,"Cause: Oracle.sol reads Chainlink prices via `latestAnswer()` with no freshness validation (no updatedAt/roundId or min/max checks). Impact: A stale or zero price can be returned, mispricing collateral and enabling under-collateralized borrowing or unfair liquidations."
298,b2a8c124d062,Medium,Pause,State Update Inconsistency,"Cause: The authRedeem function (MarketPlace acting as redeemer) is missing the unpaused(p) modifier enforced on other market operations. Impact: Users can redeem zcTokens and withdraw the underlying even while the market is paused, bypassing the pause safeguard."
299,7b5e1803022e,Medium,DoS,Bad Condition,"Cause: In wfCashERC4626.sol, deposit(), mint() and _redeemInternal() always call _mintInternal() with useUnderlying==true, but for fcash whose asset token is the underlying (TokenType.NonMintable) Notional cannot mint from underlying. Impact: These operations always revert for such markets, making the wrapper unusable (DoS)."
300,7100a75d6ebd,Medium,Input Validation,Duplicate Value,"Cause: When updating a project's splits, the locked-split preservation check fails to handle identical (duplicate) locked splits, accepting a new set that includes the split only once. Impact: One of two duplicated locked splits can be discarded before its lock expires, breaking the lock guarantee and redirecting funds."
301,af8e4af75dc2,Medium,Oracle,Bad Condition,"Cause: Market.liquidate() values collateral using the oracle's two-day-low exchange rate. Impact: an attacker only needs to briefly manipulate the price feed to drag the 2-day low down, triggering and profiting from liquidations on otherwise healthy debt positions."
302,d9b35c0c87a4,High,Upgradeable,Missing Initialization,"`VaultProxy` implementation can be initialized by anyone and self-destructed. < <br>< When the VaultFactory contract is deployed and initialized, the initialise method on the newly created VaultProxy implementation contract is never called. As such, anyone can call that method and pass in whatever values they want as arguments. One important argume"
303,ba93b3b8d7cf,Medium,DoS,Out of Gas,"Cause: processYield()/distributeYield() loop over an unbounded list of extra reward tokens (e.g. in ConvexCurveLPVault) and transfer each one. Impact: with enough reward tokens the loop exceeds the block gas limit and reverts, permanently blocking yield distribution to lenders."
304,afa60bc8003d,Medium,ERC4626,Inflation Attack,"Cause: xERC4626 convertToShares computes assets*totalSupply/totalAssets, so the first depositor can mint 1 wei of shares then donate assets to inflate the share price. Impact: later depositors' shares round down to zero, letting the attacker steal their deposited assets."
305,a1ee58021528,Medium,Flashloan,Reward Manipulation,"Cause: anchor_basset_reward lets pending yield be harvested permissionlessly and split pro-rata among current stakers. Impact: an attacker stakes a flash-loaned amount right before triggering the harvest, captures a disproportionate share of the rewards, then unstakes and repays the loan."
306,1d8f1f43cde9,Medium,Arithmetic,Bad Condition,"Cause: Deviation.calculateDeviationThresholdBasisPoints computes (delta * BP_INT) / a without checking a != 0. Impact: when a is 0 the division reverts; since it is reached via public-facing functions, this causes unexpected reverts/DoS in price-deviation checks."
307,a1ee58021528,Medium,Bad Randomness,Bad Condition,"Cause: pick_validator seeds XorShiftRng with the publicly knowable block height to pick which validator to unbond from. Impact: an attacker can predict the selection and steer unbonding toward chosen validators, manipulating stake distribution and validator rewards."
308,af8e4af75dc2,Medium,DoS,Bad Condition,"Cause: Market collateral-withdrawal limit math divides by collateralFactorBps, which governance can set to 0. Impact: a zero factor makes the withdrawal calculation revert, locking all users' collateral in the market until governance restores a non-zero value."
309,ba93b3b8d7cf,Medium,Uniswap,Hardcoded Parameter,"Cause: In Sturdy's YieldManager the Uniswap pool fee UNISWAP_FEE is hardcoded, so swaps cannot select the optimal pool/route and every ETH-path swap is forced through the 1% ETH/USDC pool. Impact: Trades execute on suboptimal pools, causing significant value loss on each yield conversion."
310,afa60bc8003d,Medium,DoS,Stale Value,"Cause: In xERC4626.beforeWithdraw() the cached storedTotalAssets (which only adds unlockedRewards at cycle end) is decremented by the full withdrawal amount, which can exceed it when that amount includes still-locked rewards. Impact: storedTotalAssets -= amount underflows and reverts, blocking some users from withdrawing until rewardsCycleEnd."
311,7100a75d6ebd,Medium,Access Control,Centralization Risk,"Cause: JBController.changeTokenOf lets the project owner swap the project's token, after which only the new token is recognized for redemptions. Impact: Holders of the oldToken can no longer redeem their share of the overflowed treasury assets, losing their funds."
312,a1ee58021528,Medium,DoS,Bad Condition,"Cause: In the money-market market contract, claim_rewards calls the distributor contract's spend(), but the distributor enforces a spend_limit that can be smaller than the claim_amount. Impact: When accrued rewards exceed spend_limit, spend() reverts, so users are unable to claim their rewards (DoS)."
313,b2a8c124d062,Medium,Input Validation,"Asset Theft, Invalid Validation","Cause: ERC20.permit() mis-ports the Solmate check to `if (recoveredAddress != address(0) && recoveredAddress != owner) revert`, so an invalid signature yielding recoveredAddress == 0x0 passes. Impact: Anyone can grant themselves unlimited allowance over the zero address, enabling token theft."
314,7100a75d6ebd,Medium,DoS,Refund Failed,Cause: JBPayoutRedemptionPaymentTerminal distributes payouts to multiple split beneficiaries in one loop via _transferFrom; a malicious beneficiary that reverts on ETH/ERC777 receipt reverts the whole call. Impact: A single griefing beneficiary blocks all payout distribution for the project (DoS).
315,c20104cb90d7,Medium,Access Control,Centralization Risk,The owner can mint all of the NFTs.
316,c20104cb90d7,Medium,Access Control,Centralization Risk,changing the Start Price or the Lowest price in the middle of the auction could allow the owner to manipulate the price.
317,c20104cb90d7,Medium,DoS,Out of Gas,Use of .send() May Revert if The Recipient's Fallback Function Consumes More Than 2300 Gas
318,b2a8c124d062,Medium,Access Control,Bypass Mechanism,"Cause: ZcToken's allowance logic in redeem()/withdraw() checks and decrements the owner's spender approval incorrectly, failing to enforce it. Impact: A non-owner can redeem or withdraw another account's ZcTokens without sufficient allowance, stealing the owner's funds."
319,9befb133ee74,Medium,Flashloan,Bypass Mechanism,"Cause: Controller's switchEoaOnly() lets the owner disable the preventSmartContracts flag, removing the EOA-only restriction guarding the protocol. Impact: Any smart contract can then interact with the system and exploit the underlying flash-loan vulnerabilities the project flagged as critical."
320,d9b35c0c87a4,Medium,Access Control,Centralization Risk,OPERATOR holds too many privileges; single point of failure.
321,e0d2d83ea351,Medium,ERC4626,Not EIP Compliant,"Cause: Vault.maxWithdraw returns the owner's full converted asset balance without subtracting the withdrawal fee that Vault.withdraw charges, breaking ERC4626 compliance. Impact: maxWithdraw overstates the actually withdrawable amount, so integrators relying on it pass too-large values and get reverts or wrong accounting."
322,afa60bc8003d,Medium,Access Control,Invalid Validation,"Cause: FlywheelCore.setFlywheelRewards does not verify that the new FlywheelRewards contract's flywheel is this contract before switching to it. Impact: Setting an incompatible or malicious rewards contract permanently removes users' access to existing reward funds, since the new contract grants no fund approval."
323,2c5e13b4e147,Medium,Input Validation,Invalid Validation,"Cause: Gravity.updateValset does not check that the sum of the new validators' powers exceeds the power threshold. Impact: A valset with total power below threshold can be installed, after which no valid signature set can ever meet the threshold, freezing updates and bridge operations."
324,97843b77b287,Medium,Upgradeable,Centralization Risk,"Cause: GovDev.updateSolution lets the single contract owner perform arbitrary LibDiamond.diamondCut upgrades to any facet. Impact: The owner can replace any functionality and access or rug all protocol funds, an unmitigated centralization and reputation risk."
325,1d8f1f43cde9,Medium,Logic Error,Missing Upper/Lower Bound Check,"Cause: RateLimited.setBufferCap updates the stored buffer and then sets the new cap but never clamps the buffer down to the new cap. Impact: bufferStored can exceed bufferCap, letting actions consume more than the intended rate-limit cap."
326,1d8f1f43cde9,Medium,Accounting Error,Peg / Depeg,"Cause: NonCustodialPSM mints/redeems VOLT for a stablecoin at the oracle rate minus a fixed fee, assuming pcvDeposit covers the spread, but VOLT's rate compounds upward with the CPI index unlike a stable peg. Impact: As the CPI-driven rate rises, redemptions outgrow PCV backing and the PSM becomes insolvent."
327,7100a75d6ebd,Medium,Reentrancy,Violating CEI / Missing nonReentrant,"Cause: JBPayoutRedemptionPaymentTerminal.distributePayoutsOf calls _distributePayoutsOf and pays out splits/fees via external calls without a nonReentrant guard, violating CEI by transferring before state is finalized. Impact: a malicious split allocator can re-enter distributePayoutsOf to double-distribute and drain extra terminal funds."
328,9befb133ee74,Medium,Input Validation,Inflation Attack,"Cause: GToken.factor() derives the rebase-to-base rate as base supply / total assets, and the first depositor can mint to push factor to permanently return 0. Impact: minting and burning of PWRD revert or misbehave for all later users, breaking the token (inflation/DoS attack)."
329,d9b35c0c87a4,Medium,Oracle,Stale Value,"Corruption of oracle data. < <br>< ### Proof of Concept Block for lastReportedSDPriceData = 7200<br> Let's make the current block = 21601<br> Now StaderOracle will have data for 14400 and 21600, both blocks are being pushed by nodes and in the prices array.<br> It will be all mixed up. Also, As soon as the 14400 block is finalised, the data for blo"
330,afa60bc8003d,Medium,Accounting Error,Bad Condition,"Cause: ERC20Gauges._decrementWeightUntilFree only counts weight freed from non-deprecated gauges, but weight in deprecated gauges is also free; the non-deprecated condition is incorrect. Impact: free weight is undercounted, wrongly blocking legitimate token transfers/withdrawals."
331,a1ee58021528,Medium,Accounting Error,Incorrect Formula,Cause: compute_interest_raw in the money-market borrow.rs accrues debt with a simple-interest formula instead of compounding. Impact: the effective borrow rate and supplier interest depend on how often state is updated and diverge from the intended rate.
332,a1ee58021528,Medium,Arithmetic,Rounding Error,"Cause: In the gov staking.rs, withdrawals convert amount to shares via shares = amount / total_balance * total_share, which rounds down. Impact: an attacker exploits the rounding to redeem more than their share and steal other stakers' tokens."
333,a1ee58021528,Medium,DoS,Bad Condition,Cause: swap_to_stable_denom in the custody contracts dispatches one swap sub-message per native token but only handles the reply of the last sub-message. Impact: a failing or reverting swap leaves the swapped rewards undistributed and locked in the custody contract.
334,7b5e1803022e,Medium,ERC777,ERC777 Callback,"Cause: wfCash is an ERC777 token, so its transfer hooks hand control to the user during DebtIssuanceModule/NotionalTradeModule issuance and redemption. Impact: a malicious recipient can revert or re-enter in the ERC777 hook to DoS or manipulate SetToken issuance and redemption."
335,a1ee58021528,Medium,Flashloan,Reward Manipulation,"Cause: bEth rewards in update_global_index() are distributed pro-rata to a user's current balance vs total supply, accrued only on execute_increase/decrease_balance and execute_claim_rewards calls. Impact: a flashloan/whale can momentarily inflate their bEth balance to claim a disproportionate share, depleting pending rewards from honest holders."
336,7b5e1803022e,Medium,Logic Error,Does not match with Doc,"Cause: In wfCashLogic.sol, redeeming with opts.transferfCash=true after maturity hits the hasMatured() branch (L216), which cashes the fCash out to underlying instead of transferring fCash. Impact: the receiver gets underlying tokens rather than the expected fCash, while the sender receives no error and wrongly believes the fCash transfer succeeded."
337,afa60bc8003d,Medium,Access Control,Reward Manipulation,"Cause: FlywheelCore.setBooster() lets an authorized user swap the booster contract, which manipulates the boosted balances used for reward accounting. Impact: a malicious or compromised authorized user can steal all unclaimed rewards and break reward accounting, a rug vector for every downstream project."
338,afa60bc8003d,Medium,Input Validation,Invalid Validation,"Cause: ERC20Gauges._incrementGaugeWeight only checks that the gauge is not in _deprecatedGauges, but never that it is a live gauge in _gauges. Impact: a user passing a wrong/non-existent gauge has their weight added to an invalid gauge, causing them to lose their rewards."
339,0315ba9d8121,Medium,Chainlink,Stale Value,"Cause: PriceOracle.getAssetPriceFromChainlink validates staleness only with updatedAt != 0 instead of comparing updatedAt against the feed's heartbeat. Impact: stale Chainlink prices are accepted as valid, leading to mispriced collateral and incorrect borrow/liquidation valuations."
340,0315ba9d8121,Medium,Pause,State Update Inconsistency,"Cause: When validatePoolBasic()/validateAssetBasic() block borrow/repay during a pool or asset pause, borrow interest keeps compounding over the paused interval. Impact: on unpause, accrued interest spikes debts past health thresholds, exposing borrowers to mass liquidation for risk they could not repay while paused."
341,0315ba9d8121,Medium,DoS,Refund Failed,"Cause: Isolated liquidation/auction flows transfer the debt asset (e.g., USDC) to/from the borrower or bidder; if that party is blacklisted by the token, the transfer reverts. Impact: liquidation and auction of the corresponding loan are permanently DoSed, leaving the bad debt unresolvable."
342,0315ba9d8121,Medium,DoS,No Recovery Mechanism,"Cause: YieldEthStakingEtherfi::protocolClaimWithdraw() assumes Etherfi withdrawal requests stay valid, but the Etherfi owner can invalidate a request (and may manually claim it) with no recovery path in the contract. Impact: protocolClaimWithdraw() is permanently DoSed, leaving the user's debt stuck and unrepayable."
343,0315ba9d8121,Medium,DoS,EVM Compatibility,"Cause: VaultLogic.wrapNativeTokenInWallet() moves WETH via transferFrom(address(this), user, amount), which on Arbitrum's non-standard WETH requires an allowance even when src == msg.sender. Impact: every flow relying on wrapNativeTokenInWallet() always reverts on Arbitrum, breaking native-token deposits/withdrawals."
344,0315ba9d8121,Medium,DoS,Missing Upper/Lower Bound Check,"Cause: YieldEthStakingLido enforces no upper bound on the stake amount, so unstake() calls unstETH.requestWithdrawals(allShares) with a value exceeding Lido's MAX_STETH_WITHDRAWAL_AMOUNT. Impact: the withdrawal request reverts, the stETH cannot be unstaked or claimed, and the staked funds become stuck."
345,0315ba9d8121,Medium,Accounting Error,Incorrect Parameter,"Cause: In executeYieldBorrowERC20(), the yieldCap check computes totalSupply from totalScaledCrossSupply * groupData.borrowIndex instead of assetData.supplyIndex (wrong index). Impact: totalSupply is miscalculated so the yieldCap is enforced incorrectly, allowing borrows beyond the intended cap."
346,0315ba9d8121,Medium,Accounting Error,Fee On Transfer Token,"Cause: erc20TransferInLiquidity() measures received tokens via a before/after balance diff, but other paths still assume the full amount arrived, so fee-on-transfer tokens (in scope) break the trailing require checks and accounting. Impact: transfers revert or under-account funds, disrupting deposits and liquidity flows for fee-on-transfer tokens."
347,0315ba9d8121,Medium,Liquidation,Implementation Error,"Cause: In IsolateLending.sol a liquidated borrower whose NFT is in the auction state can repay and close the auction, but the flow forces them to borrow again to unlock and retrieve their NFT. Impact: users cannot reclaim their collateral NFT without taking on new debt, unfairly locking their assets."
348,0315ba9d8121,Medium,DoS,Bad Condition,"Cause: IsolateLiquidation.sol#isolateRedeem() performs a token transfer (the liquidator incentive/fine) that can be zero, so revert-on-zero-value-transfer tokens cause the transfer to revert. Impact: the borrower cannot redeem their loan during the auction, DoSing redemption and forcing liquidation."
349,0315ba9d8121,Medium,Access Control,Centralization Risk,"Cause: A privileged admin can update an asset's collateral parameters (collateral factor / liquidation threshold) at any time, instantly lowering existing borrowers' health factors. Impact: This pushes otherwise healthy positions below the liquidation threshold, letting liquidators repay debt and seize collateral at a discount, arbitrarily liquidating borrowers."
350,0315ba9d8121,Medium,Chainlink,Stale Value,"Cause: PriceOracle.sol reads Chainlink price feeds without consulting the L2 Sequencer Uptime Feed before trusting the data. Impact: If the Arbitrum/Optimism sequencer goes down, stale prices are used for borrows and liquidations, valuing collateral and debt incorrectly."
351,0315ba9d8121,Medium,Liquidation,No Incentive to Liquidate,"Cause: LiquidationLogic::executeCrossLiquidateERC721() sets no maximum liquidation price and supports no partial liquidation. Impact: When the NFT price drops sharply or the debt asset rises, liquidation becomes unprofitable so liquidators stop acting, leaving the protocol with bad debt and insolvency risk."
352,0315ba9d8121,Medium,Accounting Error,Incorrect Parameter,"Cause: In IsolateLogic::executeIsolateLiquidate, when the auction bid doesn't cover the full debt the liquidator's extra repayment (vars.totalExtraAmount) is omitted when updating the asset's interest state. Impact: Utilization and supply/borrow rates are computed from incorrect amounts, corrupting interest accounting for the asset."
353,0315ba9d8121,Medium,DoS,No Recovery Mechanism,Cause: YieldStakingBase collects fines from forced unstakes but exposes no function to withdraw them. Impact: Accumulated fines are permanently locked in the staking contract with no recovery mechanism.
354,0315ba9d8121,Medium,DoS,Missing Approval,"Cause: YieldStakingBase._repay relies on the borrower's ERC20 approval to pull the underlying asset, which the borrower can revoke at any time. Impact: The botAdmin's repay/close transaction reverts, so the position cannot be repaid or closed, leaving the debt outstanding and the protocol at a loss."
355,0315ba9d8121,Medium,Logic Error,State Update Inconsistency,"Cause: Auction duration is read from the live ConfigureLogic config at check time (IsolateLogic) instead of being snapshotted when the auction starts. Impact: Updating the duration retroactively shortens or extends already-running auctions, catching their participants off guard."
356,0315ba9d8121,Medium,Accounting Error,State Update Inconsistency,"Cause: In ConfigureLogic, changing the protocol feeFactor does not first accrue pending interest, so the new fee percentage is applied retroactively to interest collected under the old supply rate (InterestLogic). Impact: protocol fees and interest are mis-accounted across the fee change, producing inconsistent accounting and incorrect fee collection."
357,0315ba9d8121,Medium,Accounting Error,State Update Inconsistency,"Cause: ConfigureLogic lets the pool admin swap the interest rate model but never recalculates/updates the pool's stored interest rate afterward, leaving the rate stale. Impact: interest keeps accruing at the old model's rates until the next update, so borrowers and suppliers are charged or paid incorrectly during that window."
358,0315ba9d8121,Medium,Logic Error,Incorrect Parameter,"Cause: In BVault, CrossLending and IsolateLending, calls to unwrapNativeTokenInWallet pass msg.sender instead of the user-specified receiver when native ETH is the output asset. Impact: WETH is unwrapped from the wrong account and native ETH does not reach the intended receiver, misdirecting user funds."
359,099243e83259,Medium,DoS,Bad Condition,"Cause: GiantPoolBase/GiantLP enforces a lastInteractedTimestamp cooldown on GiantLP transfers; an attacker can send dust GiantLP to a victim to continually reset their timestamp. Impact: victims are perpetually blocked from withdrawing their ETH from the giant pools, freezing user funds."
360,099243e83259,Medium,Input Validation,Invalid Validation,"Cause: depositETHForStaking checks whether a BLS public key is banned, but the LPToken rotation path (rotateLPTokens in StakingFundsVault/SavETHVault) omits that banned-key check. Impact: users can rotate LPTokens onto a banned, possibly malicious BLS public key, which can drive the protocol into insolvency."
361,099243e83259,Medium,DoS,Bad Condition,"Cause: bringUnusedETHBackIntoGiantPool in GiantSavETHVaultPool and GiantMevAndFeesPool calls the vaults with mismatched parameters, so the underlying vault call always reverts. Impact: unused ETH can never be returned from the vaults to the giant pools, stranding user ETH (DoS)."
362,099243e83259,Medium,DoS,Bad Condition,"Cause: GiantPoolBase.withdrawETH requires the withdrawal amount to be at least MIN_STAKING_AMOUNT, an unnecessary check on withdrawals. Impact: a user whose remaining balance is below MIN_STAKING_AMOUNT cannot withdraw it, reverting legitimate withdrawals and locking the leftover funds."
363,099243e83259,Medium,Input Validation,Bypass Mechanism,"Cause: LiquidStakingManager checks that `_eoaRepresentative` is an EOA via `Address.isContract` only at node-runner registration, while the representative-rotation path lacks this check. Impact: the restriction is bypassed, letting a contract (non-EOA) become the smart wallet's representative."
364,099243e83259,Medium,Input Validation,Invalid Validation,Cause: GiantPoolBase.withdrawLPTokens burns an equal amount of GiantLP for caller-supplied LP tokens without validating that those LP tokens belong to a legitimate vault tracked by the giant pool. Impact: a user withdrawing an invalid/wrong LPToken permanently loses their GiantLP funds.
365,099243e83259,Medium,Access Control,Role Takeover,"Cause: OwnableSmartWallet.transferOwnership only revokes the caller's own transfer approval, not other previously granted approvals in `_isTransferApproved`, contradicting the revoke comment. Impact: a stale approved address can later claim ownership, causing an unwanted ownership transfer of the wallet."
366,099243e83259,Medium,Access Control,Arbitrary Add/Remove/Set/Call,"Cause: LiquidStakingManager lets the DAO admin trigger arbitrary execution through the registered node runner's OwnableSmartWallet. Impact: a malicious DAO admin can drain the node runner's smart wallet, stealing their staked ETH and funds."
367,099243e83259,Medium,Access Control,Centralization Risk,Cause: LiquidStakingManager's node-runner swap (rotateNodeRunnerOfSmartWallet) performs no check that the smart wallet still holds the original runner's funds before reassigning the runner. Impact: the DAO/LSD network owner can swap the runner to their own EOA and withdrawETH or claim the node runner's rewards.
368,099243e83259,Medium,DoS,Bad Condition,"Cause: ETHPoolLPFactory.rotateLPTokens is implemented incorrectly and fails to enforce maxStakingAmountPerValidator, letting a validator's StakingFundsVault balance exceed the cap. Impact: the over-staked validator makes the stake function in LiquidStakingManager revert, causing a denial of service."
369,099243e83259,Medium,Input Validation,Invalid Validation,"Cause: LiquidStakingManager.registerBLSPublicKeys only calls isBLSPublicKeyPartOfLSDNetwork and never isBLSPublicKeyBanned, despite the comment/error expecting a ban check. Impact: previously banned BLS public keys can still be re-registered into the LSD network."
370,099243e83259,Medium,DoS,Front Run,"Cause: LiquidStakingManager._autoStakeWithSyndicate always stakes a fixed 12 ETH, but Syndicate.stake reverts when _sETHAmount + totalStaked > 12 ether; an attacker can front-run by staking a small amount. Impact: the auto-stake reverts, griefing and blocking syndicate staking."
371,099243e83259,Medium,Input Validation,Hardcoded Parameter,"Cause: batchRotateLPTokens in GiantSavETHVaultPool and GiantMevAndFeesPool hardcodes the minimum sender GiantLP balance at 0.5 ether instead of deriving it dynamically. Impact: when the real required minimum differs, valid LP-token rotations revert, breaking key rotation."
372,d9b35c0c87a4,Medium,Access Control,State Update Inconsistency,"Owner in `VaultProxy.sol ` is `address(0)`. The owner variable in the VaultProxy.sol is going to be zero because of a bug in staderConfig. The intialize function in staderConfig grants the admin role to an admin passed in the native _grantRole(), but does not update the mapping that getAdmin reads from. solidity function initialise( bool _isValidat"
373,099243e83259,Medium,Accounting Error,Incorrect Formula,"Cause: GiantMevAndFeesPool.previewAccumulatedETH overwrites rather than accumulates the `accumulated` variable across for-loop iterations, so only the last entry is counted. Impact: the previewed accrued ETH is understated, under-reporting the rewards owed to users."
374,099243e83259,Medium,Accounting Error,Peg / Depeg,"Cause: SavETH Vault assumes protected no-loss staking and treats dETH/ETH/LPTokenETH as 1:1, ignoring ETH 2.0 validator slashing penalties. Impact: after a slash the backing ETH falls below the dETH supply, depegging the tokens and leaving redemptions undercollateralized."
375,099243e83259,Medium,Input Validation,Invalid Validation,"Cause: registerBLSPublicKeys enforces an EOA representative via require(!Address.isContract(_eoaRepresentative)), but isContract() returns false for a contract calling from its constructor. Impact: a contract can register as the eoaRepresentative, breaking the EOA assumption and causing unintended effects."
376,099243e83259,Medium,Access Control,Missing Upper/Lower Bound Check,"Cause: LiquidStakingManager._updateDAORevenueCommission only checks _commissionPercentage <= MODULO, allowing daoCommissionPercentage to be set to 100%. Impact: the DAO can take all node-runner staking rewards as commission, leaving node runners with nothing."
377,099243e83259,Medium,Accounting Error,State Update Inconsistency,"Cause: GiantMevAndFeesPool.beforeTokenTransfer distributes rewards on GiantLP transfer without first calling StakingFundsVault.claimRewards, so accumulatedETHPerLPShare is computed from stale, understated rewards. Impact: the transferring user is paid less than owed and loses part of their accrued rewards."
378,099243e83259,Medium,Input Validation,Invalid Validation,"Cause: SavETHVault.withdrawETHForStaking(_smartWallet, _amount) does not validate that _smartWallet is a correct, registered smart wallet, trusting the manager-supplied address. Impact: A wrong or typo address sends the withdrawn ETH to an unintended address where it is permanently lost."
379,099243e83259,Medium,Accounting Error,No Recovery Mechanism,"Cause: In Syndicate, _deRegisterKnot can drop numberOfRegisteredKnots to 0, and EIP1559 tips received while no knots are registered are accounted to no one and have no recovery mechanism. Impact: ETH rewards sent to the syndicate during the zero-knot window are permanently stuck and lost."
380,099243e83259,Medium,Logic Error,Implementation Error,Cause: LiquidStakingManager.executeAsSmartWallet is payable but does not forward msg.value to the OwnableSmartWallet.execute call. Impact: ETH sent along with the call is never delivered to the smart wallet and becomes locked/lost in the manager.
381,099243e83259,Medium,DoS,Bad Condition,"Cause: LiquidStakingManager.updateNodeRunnerWhitelistStatus contains an incorrect condition that makes the call always revert. Impact: The DAO can never toggle node runner whitelist status, leaving the function permanently unusable (DoS)."
382,099243e83259,Medium,Access Control,Missing Functionality,"Cause: rotateNodeRunnerOfSmartWallet is the only way to set bannedNodeRunners=true, but it requires an existing smart wallet, so a node runner cannot be banned before calling registerBLSPublicKeys to create one. Impact: A known-malicious node runner cannot be banned in advance and is free to register."
383,099243e83259,Medium,DoS,Bad Condition,"Cause: _assertUserHasEnoughGiantLPToClaimVaultLP checks LP balance incorrectly, so batch withdrawDETH() in GiantSavETHVaultPool and withdrawLPTokens() in GiantPoolBase revert whenever more than one lpToken is passed. Impact: Batch withdrawals are unusable; users can only withdraw a single LPToken at a time."
384,099243e83259,Medium,Access Control,Centralization Risk,"Cause: deployNewLiquidStakingDerivativeNetwork in LSDNFactory does not require _dao to be a governance contract, so the DAO can be an arbitrary EOA with broad authority over node runners. Impact: A compromised or malicious DAO can restrict or ban honest node runners and abuse privileged actions."
385,099243e83259,Medium,MEV,Front Run,"Cause: rotateNodeRunnerOfSmartWallet in LiquidStakingManager is callable by any current node runner with no ordering protection, so a malicious node runner can front-run a pending rotation. Impact: the attacker hijacks/blocks the node-runner change and retains control over the smart wallet and its validator."
386,099243e83259,Medium,Logic Error,Bad Condition,"Cause: StakingFundsVault.claimRewards gates the syndicate reward withdrawal on the first BLS key (i==0) being active, so supplying an inactive key first skips claiming for the remaining valid keys. Impact: the user receives fewer rewards than they are actually eligible for."
387,099243e83259,Medium,Replay Attack,Asset Theft,"Cause: deployLPToken omits chain.id from the deployment data, so an LP-token deployment performed on the wrong network can be replayed verbatim on the correct chain. Impact: an attacker replays it to deploy the same address the user intended and steals the deposited funds."
388,099243e83259,Medium,DoS,Invalid Validation,"Cause: batchRotateLPTokens in GiantMevAndFeesPool lets any user rotate other depositors' LP tokens across stakingFundsVaults without authorization. Impact: an attacker griefs giant-pool users by rotating their LP tokens, preventing their holdings from being staked."
389,099243e83259,Medium,Logic Error,Bad Condition,"Cause: StakingFundsVault.claimRewards guards the syndicate withdrawal with `i == 0 && !isNoLongerPartOfSyndicate(_blsPubKeys[0])`, tying the whole claim to the first key; if that first key is no longer part of the syndicate, the syndicate claim is skipped entirely. Impact: valid BLS keys never receive their accrued syndicate ETH rewards."
390,af8e4af75dc2,Medium,Logic Error,Bypass Mechanism,"Cause: In DolaBorrowingRights (DBR), accrued debt (dueTokensAccrued) is only updated on EOA-triggered calls and is computed by integer division over elapsed time, so a borrower who updates frequently makes each interval's fee round down to zero. Impact: the user evades DBR borrowing fees, borrowing DOLA effectively interest-free."
391,af8e4af75dc2,Medium,Input Validation,Invalid Validation,"Cause: Market does not validate that callOnDepositCallback is true when escrowImplementation is INVEscrow, and callOnDepositCallback is immutable, so a misconfigured market never calls onDeposit on the escrow. Impact: deposits into INVEscrow never mint xINV, so depositors silently lose the staking yield."
392,af8e4af75dc2,Medium,Oracle,Stale Value,"Cause: Oracle.viewPrice does not apply daily-low dampening because dailyLows is only written by the non-view getPrice; until getPrice runs for the day, viewPrice returns the raw undampened feed price. Impact: read-only consumers getCollateralValue, getCreditLimit, getLiquidatableDebt and getWithdrawalLimit report inflated collateral, misstating solvency."
393,b2a8c124d062,Medium,DoS,Bad Condition,"Cause: In VaultTracker.sol, the post-maturity state update lets most functions execute only once after maturity is reached; the second call reverts. Impact: users can call notional/interest functions only once after maturity, after which they are permanently DoS'd and locked out of their positions."
394,b2a8c124d062,Medium,Access Control,Incorrect Parameter,"Cause: Creator.create() deploys VaultTracker, which sets msg.sender as admin; since the deployer is the Creator contract (not MarketPlace), VaultTracker's admin is the wrong address. Impact: admin-only functions like matureVault are owned by an account that never calls them, so the vault cannot be matured/managed."
395,b2a8c124d062,Medium,Accounting Error,Incorrect Formula,"Cause: VaultTracker's compounding-interest math neglects previously accrued interest when computing new interest across addNotional, removeNotional and redeemInterest. Impact: interest is undercounted, so nToken holders receive less yield than they are actually owed."
396,b2a8c124d062,Medium,DoS,Implementation Error,"Cause: MarketPlace.authRedeem() calls ISwivel.authRedeem(), but the Swivel contract only implements authRedeemZcToken() — the interface signature does not exist on-chain. Impact: the external call targets a non-existent selector and reverts, so zcToken redemptions routed through authRedeem permanently fail."
397,7b5e1803022e,Medium,Logic Error,Bad Condition,"Cause: NotionalTradeModule._isUnderlying() misclassifies fCash whose asset token is itself the underlying (asset.tokenType == NonMintable), invoking Notional with useUnderlying==true where that path is unsupported. Impact: mintFCashPosition() and redeemFCashPosition() revert for those fCash tokens, breaking the module."
398,7b5e1803022e,Medium,DoS,Bad Condition,"Cause: NotionalTradeModule's moduleIssueHook and moduleRedeemHook call _redeemMaturedPositions on every issuance/redemption, and a revert while redeeming a matured fCash position bubbles up to abort the whole transaction. Impact: SetToken issuance and redemption can be blocked, DoSing user purchases and redemptions."
399,7100a75d6ebd,Medium,Oracle,Duplicate Value,"Cause: JBPrices.addFeedFor requires that no feed exists for the given _currency/_base pair but never checks whether the inverse (_base/_currency) feed is already registered. Impact: Two distinct oracles with divergent prices can be used for the same pair, producing inconsistent currency conversions."
400,7100a75d6ebd,Medium,Accounting Error,State Update Inconsistency,"Cause: JBController._distributeReservedTokensOf computes the distributable amount via _reservedTokenAmountFrom inconsistently, distributing more outstanding reserved tokens than intended. Impact: Excess reserved tokens are minted, diluting holders and reducing redeemable assets, causing loss of user funds."
