contest,repo_hash,Property,severity,our_confidence,our_tag,our_subtag,gold_tag (fill if wrong),gold_subtag (fill if wrong),description
(unmapped),e7921851ec01,100,Medium,high,Arithmetic,Precision Loss,,,"possible precision loss in D3VaultLiquidation.finishLiquidation() function when calculating realDebt because of division before multiplication. Source: ## Found by 0xdice91, BugBusters, BugHunter101, Kalyan-Singh, MohammedRizwan, Oxhunter526, PRAISE, amaechieth, kutugu ## Summary finishLiquidation() divides before multiplying when calculating realD"
(unmapped),1167ec3a176e,104,High,high,Access Control,Asset Theft,,,A malicious executor can delete the fees belonging to the owner of `ArrakisStandardManager`. Source: ## Found by juaan ## Summary The contest README states that the executor of ArrakisStandardManager is a RESTRICTED role during rebalance action on vaults. This report shows a way for the executor to call ArrakisStandardManager::rebalance() with a ma
(unmapped),1167ec3a176e,105,High,high,Logic error,Implementation Error,,,"Incorrect handling of first deposit for new modules leads to all liquidity sent to vault manager. Source: ## Found by cu5t0mPe0, juaan ## Summary See detail. ## Vulnerability Detail The following logic is implemented in ValantisHOTModulePublic.deposit() : solidity (uint256 _amt0, uint256 _amt1) = pool.getReserves(); if (!notFirstDeposit) { if (_amt"
(unmapped),1167ec3a176e,106,High,high,Access Control,Asset Theft,,,"Through rebalance(), an executor can drain 100% of vault reserves by minting cheap shares. Source: ## Found by juaan ## Summary The contest README states the following: > Executor of ArrakisStandardManager is RESTRICTED during rebalance action on vaults. This is a complex attack performed by a malicious executor to drain a vault during rebalance. I"
(unmapped),1167ec3a176e,107,High,high,Access Control,Asset Theft,,,"ArrakisMetaVault::setModule Malicious executor can drain the vault by calling withdraw after initializePosition. Source: ## Found by cergyk, cu5t0mPe0, iamandreiski, juaan ## Summary A malicious executor, after a new module is whitelisted by an admin, can drain the vault by calling ArrakisStandardManager.setModule() with a malicious payloads_. ## V"
(unmapped),1167ec3a176e,108,High,high,DoS,Implementation Error,,,"Adding liquidity can be `DoS`ed due to calculation mismatches. Source: ## Found by KupiaSec, cu5t0mPe0, juaan, whitehair0330 ## Summary When users add liquidity, they send tokens to the ArrakisPublicVaultRouter contract. The ValantisHOTModulePublic contract then takes the required tokens from the ArrakisPublicVaultRouter contract. However, due to a"
(unmapped),1167ec3a176e,109,High,high,Slippage,Invalid Slippage Control / Missing slippage check,,,"ArrakisMetaVaultPrivate::fund No slippage control on private vault deposit can cause unlimited loss to owner. Source: The protocol has acknowledged this issue. ## Found by cergyk, juaan ## Summary An attacker can front-run a deposit transaction for an ArrakisMetaVaultPrivate, forcing the depositor to deposit in an unbalanced way. This increases liq"
(unmapped),1167ec3a176e,110,Medium,high,ERC20,safeApprove,,,"USDT is not supported. Source: ## Found by cu5t0mPe0 ## Summary When approving USDT, the allowance value needs to be set to 0 first before it can be used correctly. However, the 4.9.5 version of OpenZeppelin does not internally call forceApprove. ## Vulnerability Detail Users can perform swap operations using RouterSwapExecutor, but the actual amou"
(unmapped),592eed5791df,111,Medium,high,DoS,Precision Loss,,,"Attacker will prevent distribution of USDC to stakers through frequent reward updates. Source: ## Found by aslanbek, eeyore, g, tedox ### Summary USDC's lower precision of 6 decimals and frequent reward updates will cause stakers to receive 0 of the allotted 10K USDC weekly rewards. > distributions should be done at the pace of 10k per week until f"
(unmapped),103f39b0f29b,112,Medium,high,DoS,Precision Loss,,,"Pairs with ""MAX_FEE"" can revert due to rounding inconsistencies. Source: ## Found by KingNFT, Kow, cawfree, mstpr-brainbot ## Summary If the pair has set the max fee by the fee controller admin which is ""1_000"" then depending on the amount to be swapped, the tx can revert due to rounding error. ## Vulnerability Detail When the fee amount is calcula"
(unmapped),73f6a793d916,113,High,high,DoS,No Recovery Mechanism,,,"Vaults can be bricked by `selfdestruct()`ing implementations, using forged immutable args. Source: ## Found by 0xLogos, IllIllI, fugazzi, zzykxx ## Summary The clone-with-immutable-args pattern is unsafe to use when one of the immutable arguments controls an address being delegated to. ## Vulnerability Detail As was seen in the Astaria beacon proxy"
(unmapped),9470d2cf198f,114,Medium,high,Arithmetic,Token Decimal,,,"`maxTokenAmountPerUser` limit can be bypassed when currency token has less decimals than the launch token.. Source: ## Found by 056Security, 0x15, 0xAlipede, 0xAsen, 0xDemon, 0xMosh, 0xShahilHussain, 0xYjs, 0xbakeng, 0xeix, 0xiehnnkta, 0xlookman, 0xmujahid002, 0xnegan, 0xnolo, 0xpetern, 0xpranav, 10ap17, 1nc0gn170, Aamirusmani1552, Adotsam, Albort,"
(unmapped),9470d2cf198f,115,Medium,high,Accounting Error,State Update Inconsistency,,,"`userTokens` accounting in `Launch.sol::updateParticipation` is updated incorrectly and can lead to loss of user funds, DOS and a broken invariant. Source: ## Found by 0rpse, 0xbakeng, 0xc0ffEE, 10ap17, Boy2000, IvanFitro, John44, KlosMitSoss, Limbooo, X0sauce, ZdravkoHr., farismaulana, rokinot, zzykxx ### Summary When a user reduces their particip"
(unmapped),9ddd6b83c27e,116,High,high,Access Control,Asset Theft,,,"If a user approves junior vault tokens to WithdrawPeriphery, anyone can withdraw/redeem his/her token. Source: ## Found by Nyx, simon135, GimelSec, cccz, clems4ever ## Summary If users want to withdraw/redeem tokens by WithdrawPeriphery, they should approve token approval to WithdrawPeriphery, then call withdrawToken() or redeemToken(). But if user"
(unmapped),9ddd6b83c27e,117,High,high,Logic error,Implementation Error,,,"DnGmxJuniorVaultManager#_rebalanceBorrow logic is flawed and could result in vault liquidation. Source: ## Found by clems4ever, 0x52 ## Summary DnGmxJuniorVaultManager#_rebalanceBorrow fails to rebalance correctly if only one of the two assets needs a rebalance. In the case where one assets increases rapidly in price while the other stays constant,"
(unmapped),9ddd6b83c27e,118,Medium,high,DoS,Bad Condition,,,"DnGmxJuniorVaultManager#harvestFees can push junior vault borrowedUSDC above borrow cap and DOS vault. Source: ## Found by 0x52, ctf\_sec ## Summary DnGmxJuniorVaultManager#harvestFees grants fees to the senior vault by converting the WETH to USDC and staking it directly. The result is that the senior vault gains value indirectly by increasing the"
(unmapped),9ddd6b83c27e,119,Medium,high,Oracle,Incorrect Formula,,,Wrong price calculation in DnGmxJuniorVaultManager.sol. Source: ## Found by clems4ever ## Summary in DnGmxJuniorVaultManager.sol at line:647: usdcPrice should be on denominator and MAX_PRECISION on numerator (cf pricing in Vault: uint256 redemptionAmount = _usdgAmount.mul(PRICE_PRECISION).div(price);) ## Vulnerability Detail ## Impact In the case u
(unmapped),9ddd6b83c27e,120,Medium,high,Slippage,Invalid Slippage Control / Missing slippage check,,,"WithdrawPeriphery#_convertToToken slippage control is broken for any token other than USDC. Source: ## Found by clems4ever, 0x52 ## Summary WithdrawPeriphery allows the user to redeem junior share vaults to any token available on GMX, applying a fixed slippage threshold to all redeems. The slippage calculation always returns the number of tokens to"
(unmapped),9ddd6b83c27e,121,Medium,high,Slippage,Hardcoded Parameter,,,"WithdrawPeriphery uses incorrect value for MAX_BPS which will allow much higher slippage than intended. Source: ## Found by 0x52 ## Summary WithdrawPeriphery accidentally uses an incorrect value for MAX_BPS which will allow for much higher slippage than intended. ## Vulnerability Detail uint256 internal constant MAX_BPS = 1000; BPS is typically 10,"
(unmapped),9ddd6b83c27e,122,Medium,high,ERC4626,Inflation Attack,,,"Early depositors to DnGmxSeniorVault can manipulate exchange rates to steal funds from later depositors. Source: ## Found by tives, \_\_141345\_\_, GimelSec, cccz, clems4ever, ctf\_sec, peanuts, joestakey, rvierdiiev, 0x52 ## Summary To calculate the exchange rate for shares in DnGmxSeniorVault it divides the total supply of shares by the totalAsse"
(unmapped),9ddd6b83c27e,123,Medium,high,Logic error,Implementation Error,,,"DnGmxJuniorVaultManager#_totalAssets current implementation doesn't properly maximize or minimize. Source: ## Found by 0x52 ## Summary The maximize input to DnGmxJuniorVaultManager#_totalAssets indicates whether to either maximize or minimize the NAV. Internal logic of the function doesn't accurately reflect that because under some circumstances, m"
(unmapped),27c6f2a68058,133,High,high,Access Control,Asset Theft,,,"ChiikawaToken.mint is public and lacks onlyOwner or any authorization check, allowing any address to mint unlimited CHIIKAWA tokens and dilute or steal token value."
(unmapped),348856fe60ac,134,Medium,high,DoS,payable / receive(),,,"BlackStar.receive lets anyone reset releaseTime by sending ETH directly to the contract, so an attacker can repeatedly send dust before expiry and indefinitely delay the owner withdrawal."
(unmapped),c2426a2ab283,135,High,high,Reentrancy,Violating CEI / Missing nonReentrant,,,ChiikawaSticker.claim calls _safeMint before clearing canClaim[msg.sender]; a malicious ERC721 receiver can reenter claim from onERC721Received and mint multiple NFTs from one purchase.
(unmapped),a4d91fb1550f,235,Medium,high,Accounting Error,Fee On Transfer Token,,,The DInterest.deposit function takes a depositAmount parameter but this parameter is not the actual transferred amount for fee-on-transfer / deflationary (or other rebasing) tokens. The actual deposited amount might be lower than the specified depositAmount of the function parameter. This would lead to wrong interest rate calculations on the
(unmapped),a4d91fb1550f,243,Medium,no-vote,"Accounting Error, Cross-Chain",Rebase Token,,,"Unchecking the ownership of `mph` in function `distributeFundingRewards` could cause several critical functions to revert. In contract MPHMinter, the function distributeFundingRewards does not check whether the contract itself is the owner of mph. If the contract is not the owner of mph, mph.ownerMint could revert, causing functions such as withdra"
2021-06-gro,9befb133ee74,206,High,high,Access Control,Unauthorized Upgrade,,,"Incorrect use of operator leads to arbitrary minting of GVT tokens. _Submitted by 0xRajeev, also found by pauliax and gpersoon_ The distributeStrategyGainLoss() function distributes any gains or losses generated from a harvest and is expected to be called only by valid protocol vault adaptors. It is an externally visible function and the access con"
2021-06-gro,e6e43dfea59f,207,High,high,Access Control,Unauthorized Upgrade,,,"Incorrect use of operator leads to arbitrary minting of GVT tokens. _Submitted by 0xRajeev, also found by pauliax and gpersoon_ The distributeStrategyGainLoss() function distributes any gains or losses generated from a harvest and is expected to be called only by valid protocol vault adaptors. It is an externally visible function and the access con"
2021-06-gro,9befb133ee74,210,High,high,Arithmetic,Unsafe Downcast,,,"implicit underflows. _Submitted by gpersoon, also found by cmichel_ There are a few underflows that are converted via a typecast afterwards to the expected value. If solidity 0.8.x would be used, then the code would revert. * int256(a-b) where a and b are uint: For example, if a=1 and b=2, then the intermediate result would be uint(-1) == 2**256-1"
2021-06-gro,e6e43dfea59f,211,High,high,Arithmetic,Unsafe Downcast,,,"implicit underflows. _Submitted by gpersoon, also found by cmichel_ There are a few underflows that are converted via a typecast afterwards to the expected value. If solidity 0.8.x would be used, then the code would revert. * int256(a-b) where a and b are uint: For example, if a=1 and b=2, then the intermediate result would be uint(-1) == 2**256-1"
2021-06-gro,9befb133ee74,214,High,high,Oracle,Invalid Validation,,,"`Buoy3Pool.safetyCheck` is not precise and has some assumptions. _Submitted by cmichel, also found by shw_ The safetyCheck function has several issues that impact how precise the checks are: 1. Only checks if the a/b and a/c ratios are within BASIS_POINTS. By transitivity, b/c is only within 2 * BASIS_POINTS if a/b and a/c are in range. For a more"
2021-06-gro,e6e43dfea59f,215,High,high,Oracle,Invalid Validation,,,"`Buoy3Pool.safetyCheck` is not precise and has some assumptions. _Submitted by cmichel, also found by shw_ The safetyCheck function has several issues that impact how precise the checks are: 1. Only checks if the a/b and a/c ratios are within BASIS_POINTS. By transitivity, b/c is only within 2 * BASIS_POINTS if a/b and a/c are in range. For a more"
2021-06-gro,9befb133ee74,219,High,high,Logic error,Bad Condition,,,"The function sortVaultsByDelta doesn't always work as expected. Suppose all the delta's are positive, and delta1 >= delta2 >= delta3 > 0. Then maxIndex = 0. And (delta < minDelta (==0) ) is never true, so minIndex = 0. Then (assuming bigFirst==true): This is clearly not what is wanted, all vault"
2021-06-gro,e6e43dfea59f,220,High,high,Logic error,Bad Condition,,,"The function sortVaultsByDelta doesn't always work as expected. Suppose all the delta's are positive, and delta1 >= delta2 >= delta3 > 0. Then maxIndex = 0. And (delta < minDelta (==0) ) is never true, so minIndex = 0. Then (assuming bigFirst==true): This is clearly not what is wanted, all vault"
2021-06-gro,9befb133ee74,226,Medium,high,Chainlink,Deprecated Library,,,"Use of deprecated Chainlink function `latestAnswer`. _Submitted by shw_ According to Chainlink's documentation (Deprecated API Reference, Migration Instructions, and API Reference), the latestAnswer function is deprecated. This function does not throw an error if no answer has been reached, but instead returns 0, causing an incorrect price to be fe"
2021-06-gro,e6e43dfea59f,227,Medium,high,Chainlink,Deprecated Library,,,"Use of deprecated Chainlink function `latestAnswer`. _Submitted by shw_ According to Chainlink's documentation (Deprecated API Reference, Migration Instructions, and API Reference), the latestAnswer function is deprecated. This function does not throw an error if no answer has been reached, but instead returns 0, causing an incorrect price to be fe"
2021-06-gro,9befb133ee74,228,Medium,high,Chainlink,Deprecated Library,,,"Usage of deprecated ChainLink API in `Buoy3Pool`. _Submitted by cmichel, also found by 0xRajeev and a_delamo_ The Chainlink API (latestAnswer) used in the Buoy3Pool oracle wrappers is deprecated: > This API is deprecated. Please see API Reference for the latest Price Feed API. Chainlink Docs It seems like the old API can return stale data. Checks s"
2021-06-gro,e6e43dfea59f,229,Medium,high,Chainlink,Deprecated Library,,,"Usage of deprecated ChainLink API in `Buoy3Pool`. _Submitted by cmichel, also found by 0xRajeev and a_delamo_ The Chainlink API (latestAnswer) used in the Buoy3Pool oracle wrappers is deprecated: > This API is deprecated. Please see API Reference for the latest Price Feed API. Chainlink Docs It seems like the old API can return stale data. Checks s"
2021-06-gro,9befb133ee74,232,Medium,high,Arithmetic,Token Decimal,,,"The two BaseVaultAdaptor.calculateShare functions compute share = amount.mul(uint256(10)decimals).div(sharePrice) This assumes that the sharePrice is always in _token_ decimals and that _token_ decimals is the same as _vault_ decimals. Both these assumptions happen to be correct for Yearn vaults, but that will not nec"
2021-06-gro,e6e43dfea59f,233,Medium,high,Arithmetic,Token Decimal,,,"The two BaseVaultAdaptor.calculateShare functions compute share = amount.mul(uint256(10)decimals).div(sharePrice) This assumes that the sharePrice is always in _token_ decimals and that _token_ decimals is the same as _vault_ decimals. Both these assumptions happen to be correct for Yearn vaults, but that will not nec"
2021-06-gro,9befb133ee74,319,Medium,high,Flashloan,Bypass Mechanism,,,The switchEoaOnly() allows the owner to disable preventSmartContracts (the project's plan apparently is to do so after the beta-period) which will allow any smart contract to interact with the protocol and potentially exploit any underlying flash loan vulnerabilities which are specified as an area of critical concern. Th
2021-06-gro,9befb133ee74,328,Medium,high,ERC4626,Inflation Attack,,,"The protocol computes a factor when minting (and burning) tokens, which is the exchange rate of rebase to base tokens (base supply / total assets value), see GToken.factor(). The first user can manipulate this factor such that it always returns 0. Example: - Attacker deposits 100.0 DAI and mints 100 * 1e18 PWRD: De"
2021-07-sherlock,97843b77b287,254,Medium,low,Logic error,Fee On Transfer Token,,,"The sherlock smart contract system uses internal bookkeeping of arbitrary ERC20 token balances. It doesn't assert that the ERC20 doesn't implement some non-standard behavior. For example, deflationary tokens, or tokens with a transfer fee, will result in incorrect internal balances. In summary, a"
2021-07-sherlock,97843b77b287,213,High,high,DoS,Implementation Error,,,"Single under-funded protocol can break paying off debt. _Submitted by cmichel, also found by walker and gpersoon_ The SherXERC20.payOffDebtAll function iterates over all protocols of the token. If _a single project_ does not have enough funds to cover the premium payments, the transactions come to a halt, see _payOffDebt: solidity debt = _accruedDe"
2021-07-sherlock,97843b77b287,266,Medium,high,Accounting Error,State Update Inconsistency,,,"When a large payout occurs, it will lower unallocatedSherX. This could mean some parties might not be able to get their Yield. The first couple of users (for which harvest is called or which transfer tokens) will be able to get their full Yield, until the moment unallocatedSherX is depleted. The next users don't get any"
2021-07-sherlock,97843b77b287,285,Medium,no-vote,Logic error,"Incorrect Parameter, Missing Upper/Lower Bound Check",,,"The _doSherX function does not attempt to pay off the accrued premiums (""pay off debt"") for most tokens, only for the ones that would otherwise revert the tx: The amounts = LibSherX.calcUnderlying(totalSherX) array is an optimistic view assuming all outstanding, accrued premiums would indeed be paid until now. However, it"
2021-07-sherlock,97843b77b287,324,Medium,high,Upgradeable,Diamond,,,"GovDev.sol has a function updateSolution to upgrade parts of the contract via the Diamond construction. Via updateSolution, any functionality can be changed and all the funds can be accessed/rugged. Even if this is well intended the project could still be called out resulting in a reputation risk, see for [example(http"
2021-10-slingshot,8f18f7d5c396,271,Medium,low,DoS,payable / receive(),,,"`initialBalance` for native token is wrong. _Submitted by WatchPug, also found by daejunpark, gpersoon, hickuphh3, kenzo, and pmerkleplant_. < solidity function executeTrades( address fromToken, address toToken, uint256 fromAmount, TradeFormat[] calldata trades, uint256 finalAmountMin, address depricated ) external nonReentrant payable { depricated"
2021-10-slingshot,8f18f7d5c396,276,Medium,low,Input Validation,"Invalid Validation, No Recovery Mechanism",,,"Trades where toToken is feeOnTransferToken might send user less tokens than finalAmountMin. _Submitted by kenzo_. Slingshot's executeTrades checks that the trade result amount (to be sent to the user) is bigger than finalAmountMin, and *after that* sends the user the amount. But if the token charges fee on transfer, the final transfer to the user w"
2021-12-amun,dd17040a53bc,272,Medium,low,DoS,Incorrect Parameter,,,"`totalSupply` may exceed `LibBasketStorage.basketStorage().maxCap`. _Submitted by Czar102, also found by gpersoon, gzeon, kenzo, and WatchPug_ #### Impact Total supply of the token may exceed the maxCap introduced. This can happen when a user wants to join the pool. The check in BasketFacet::joinPool(...) includes only the base amount, without fee."
2021-12-amun,dd17040a53bc,273,Medium,low,Input Validation,"Hardcoded Parameter, Invalid Validation",,,"block.timestamp or deadline. _Submitted by gpersoon, also found by kenzo and robee_ #### Impact Some functions, like rebalance() in RebalanceManagerV3 use \_deadline as a time limit for swapExactTokensForTokens() Other functions, like \_joinTokenSingle() of SingleTokenJoinV2.sol and \_exit() of SingleNativeTokenExitV2() use block.timestamp, althoug"
2021-12-amun,dd17040a53bc,201,High,high,DoS,Bad Condition,,,"It might not be possible to withdraw tokens from the basket. _Submitted by Czar102, also found by csanuragjain_ #### Impact When enough basket token owners exit, it will be impossible to exit pool with the last MIN_AMOUNT tokens because of this check. This will result in locking some tokens forever. #### Recommended Mitigation Steps Consider resign"
2021-12-amun,dd17040a53bc,203,High,high,Accounting Error,Refund Failed,,,"Unused ERC20 tokens are not refunded, and can be stolen by attacker. _Submitted by WatchPug_ Under certain circumstances, e.g. annualizedFee being minted to feeBeneficiary between the time user sent the transaction and the transaction being packed into the block and causing amounts of underlying tokens for each basketToken to decrease. It's possibl"
2021-12-amun,dd17040a53bc,225,Medium,high,ERC20,Missing Return Check,,,"ERC20 return values not checked. _Submitted by cmichel, also found by defsec, JMukesh, p4st13r4, and WatchPug_ The ERC20.transfer() and ERC20.transferFrom() functions return a boolean value indicating success. This parameter needs to be checked for success. Some tokens do **not** revert if the transfer failed but return false instead. See: - Single"
2021-12-amun,dd17040a53bc,241,Medium,no-vote,call / delegatecall,Missing Return Check,,,"Unchecked return value from low-level call(). _Submitted by JMukesh, also found by certora_ #### Impact The return value of the low-level call is not checked, so if the call fails, the Ether will be locked in the contract. If the low level is used to prevent blocking operations, consider logging failed calls. #### Proof of Concept < #### Recommende"
2021-12-amun,dd17040a53bc,256,Medium,high,Accounting Error,Incorrect Formula,,,"Annualized fee APY dependence on the frequency of executing a function. _Submitted by Czar102_ #### Impact The APY of the annualized fee is dependent on the frequency of the execution of the BasketFacet::chargeOutstandingAnnualizedFee(). If it is called more frequently, the compounding is more frequent and the APY is higher. For less used baskets,"
2021-12-amun,dd17040a53bc,257,Medium,high,Accounting Error,Incorrect Formula,,,"fees calculations are not accurate. _Submitted by certora_ after that fee is calculated, it is minted to the feeBeneficiary. simply minting the exact amount results lower fee than it should be. #### Impact feeBeneficiary will get less fees than it should. #### Proof of Concept let's assume that the basket assets are worth 1M dollars, and totalSuppl"
2021-12-amun,dd17040a53bc,258,Medium,high,DoS,Front Run,,,"Function `joinTokenSingle` in `SingleTokenJoin.sol` and `SingleTokenJoinV2.sol` can be made to fail. _Submitted by pmerkleplant, also found by certora, hyh, p4st13r4, pauliax, robee, and WatchPug_ #### Impact There's a griefing attack vulnerability in the function joinTokenSingle in SingleTokenJoin.sol as well as SingleTokenJoinV2.sol which makes a"
2021-12-amun,dd17040a53bc,267,Medium,high,Upgradeable,Missing Initialization,,,"It is possible to ""uninitialize"" `ERC20Facet` contract. _Submitted by Czar102_ #### Impact The initialization status is defined by the name and symbol. It is possible it set them back to an empty string, uninitializing the contract and letting the initialize(..) function be called again. This way, the owner may, for example, hide minting additional"
2021-12-amun,dd17040a53bc,291,Medium,no-vote,Uniswap,Implementation Error,,,"SingleNativeTokenExitV2 allows the user to exit and execute trades via multiple exchanges. When finishing the trades and sending a single output token back to the user, the contract takes that token from the last swap in the first exchange's trades. There is nothing in the struct that signifies th"
2021-12-amun,dd17040a53bc,294,Medium,no-vote,call / delegatecall,Missing Return Check,,,"Failed transfer with low level call could be overlooked. _Submitted by harleythedog_ #### Impact The CallFacet.sol contract has the function _call : function _call( address _target, bytes memory _calldata, uint256 _value ) internal { require(address(this).balance >= _value, ""ETH_BALANCE_TOO_LOW""); (bool success, ) = _target.call{value: _value}(_cal"
2022-01-xdefi,98b7c1691811,140,High,high,Accounting Error,Reward Manipulation,,,"Malicious early user/attacker can malfunction the contract and even freeze users' funds in edge cases. _Submitted by WatchPug_ < solidity _pointsPerUnit += ((newXDEFI * _pointsMultiplier) / totalUnitsCached); In the current implementation, _pointsPerUnit can be changed in updateDistribution() which can be called by anyone. A malicious early user ca"
2022-01-xdefi,98b7c1691811,141,High,high,Reentrancy,Violating CEI / Missing nonReentrant,,,"The reentrancy vulnerability in _safeMint can allow an attacker to steal all rewards. _Submitted by cccz, also found by cmichel, Fitraldys, kenzo, onewayfunction, and tqts_ There is a reentrancy vulnerability in the \_safeMint function solidity function _safeMint( address to, uint256 tokenId, bytes memory _data ) internal virtual { _mint(to, tokenI"
2022-01-xdefi,98b7c1691811,142,Medium,high,ERC721,Duplicate Value,,,"`_safeMint` Will Fail Due To An Edge Case In Calculating `tokenId` Using The `_generateNewTokenId` Function. _Submitted by leastwood, also found by cmichel, cmichel, egjlmn1, kenzo, MaCree, onewayfunction, sirhashalot, and WatchPug_ #### Impact NFTs are used to represent unique positions referenced by the generated tokenId. The tokenId value contai"
2022-02-anchor,a1ee58021528,277,Medium,low,"Chainlink, Oracle",Stale Value,,,"Sandwich attack on astroport sweep. < The collector contract allows anyone to sweep, swapping an asset token to ANC through astro port.<br> Note that belief_price is not set and config.max_spread might not be set as well or misconfigured. This allows an attacker to create a contract to perform a sandwich attack to make a profit on this trade. > A c"
2022-02-anchor,a1ee58021528,280,Medium,low,Access Control,"Does not match with Doc, Implementation Error",,,"Possible Wrong bAsset Rewards/Borrow limits Calculation. During the code review, It has been observed that reward calculation has been done with execute\_epoch\_operations function. However, the config are stored in the storage. When the anc\_purchase\_factor is updated by the owner, the execute\_epoch\_operations is not called. ### Proof of Concep"
2022-02-anchor,a1ee58021528,283,Medium,low,"DoS, Input Validation",Invalid Validation,,,"When transferring tokens not in `whitelist` on Ethereum to Terra with `CrossAnchorBridge.depositStable()`, the funds may get frozen. In the current implementation of CrossAnchorBridge, all require that ""Check that token is a whitelisted token"" is commented out. As a result, users may send transcations with the non-whitelisted tokens and as they can"
2022-02-anchor,a1ee58021528,305,Medium,low,Cross-Chain,No Recovery Mechanism,,,"`anchor_basset_reward` pending yields can be stolen. For yield farming aggregators, if the pending yield on an underlying strategy can be harvested and cause a surge of rewards to all existing investors, especially if the harvest can be triggered permissionlessly. Then the attacker can amplify the attack using a flash loan. This is a well-known att"
2022-02-anchor,a1ee58021528,307,Medium,low,Accounting Error,State Update Inconsistency,,,"Unbonding validator random selection can be predicted. When unbonding, the pick_validator function is supposed to choose a random validator to unstake from.<br> However, this randomness can be predicted knowing the block height which is very easy to predict. rust let mut iteration_index = 0; while claimed.u128() > 0 { let mut rng = XorShiftRng::see"
2022-02-anchor,a1ee58021528,312,Medium,low,DoS,Invalid Validation,,,"`money-market-contracts/contracts/market` `claim_rewards` may revert due to `spend_limit` set on `distributor`. While claim_rewards from the money-market, it calls the distributor_contract#spend() to send the rewards. < rust let messages: Vec<CosmosMsg> = if !claim_amount.is_zero() { vec![CosmosMsg::Wasm(WasmMsg::Execute { contract_addr: deps .api"
2022-02-anchor,a1ee58021528,191,High,high,Access Control,Invalid Validation,,,"FabricateMIRClaim and FabricateANCClaim should only be issued by the Hub contract (the central hub for all minted bLuna managed by Lido). However, execute_fabricate_anchor_claim and execute_fabricate_mir_claim do not restrict the caller, allowing anyone to submit these msgs."
2022-02-anchor,a1ee58021528,208,High,high,Oracle,Stale Value,,,"`money-market-contracts/oracle#feed_prices()` delayed transaction may disrupt price feeds. < The implementation only takes two attributes: asset and price. And the last_updated_time of the record will always be set to the current block.time. This makes it possible for the price feeds to be disrupted when the network is congested, or the endpoint is"
2022-02-anchor,a1ee58021528,222,High,high,Access Control,Bypass Mechanism,,,It seems that the owner is only allowed to spend amount uptil config.spend_limit. However it was observed that this config.spend_limit is never decreased even if owner has spend an amount. This makes config.spend_limit useless as owner can simply send 2-multiple transactions each of config.spend_limit which will all pass and hence bypassing
2022-02-anchor,a1ee58021528,263,Medium,high,Governance,State Update Inconsistency,,,"Governance Voting Dis-proportionally Favours Users Who Stake And Vote After A Poll Has Been Created And Had Its Snapshot Taken. < < < < Polls are created by targeting the receive_cw20 function which is queried whenever the contract receives tokens. By setting the hook message to Cw20HookMsg::CreatePoll, the sender is able to create a poll, assuming"
2022-02-anchor,a1ee58021528,290,Medium,no-vote,Cross-Chain,No Recovery Mechanism,,,"Updating the hub’s token contract address may lead to incorrect undelegation amount. < The hub contract allows config updates to the token_contract config values in anchor-bAsset-contracts/contracts/anchor_basset_hub/src/config.rs.<br> Such updates can cause wrong amounts of tokens to be calculated during processing of undelegations, since the amou"
2022-02-anchor,a1ee58021528,331,Medium,high,Arithmetic,Incorrect Formula,,,"Simple interest calculation is not exact. < The borrow rate uses a simple interest formula to compute the accrued debt, instead of a compounding formula. rust pub fn compute_interest_raw( state: &mut State, block_height: u64, balance: Uint256, aterra_supply: Uint256, borrow_rate: Decimal256, target_deposit_rate: Decimal256, ) { // @audit simple int"
2022-02-anchor,a1ee58021528,332,Medium,high,Arithmetic,Rounding Error,,,The staking contract keeps track of *shares* of each user. When withdrawing from the staking contract the amount parameter is converted to shares and this value is decreased (shares = amount / total_balance * total_share). This shares calculation rounds down which allows stealing tokens. The current code seems to try to protect ag
2022-02-anchor,a1ee58021528,333,Medium,high,DoS,Implementation Error,,,"Potential lock of rewards in the custody contracts. The swap_to_stable_denom function in the custody contracts swaps all other native tokens into a specific one. The function creates swap messages for all the other native tokens and adds them as sub-messages, and handles the reply only when the last sub-message succeeds. Upon receiving the reply, t"
2022-02-anchor,a1ee58021528,335,Medium,high,Flashloan,Reward Manipulation,,,"`bEth` Rewards May Be Depleted By Flashloans or Whales. < Rewards are dispersed to users as a percentage of the user's balance vs total balance (of bEth). Rewards are accumulated each time a user calls execute_decrease_balance(), execute_increase_balance() or execute_claim_rewards() as these functions will in term call update_global_index() before"
2022-03-volt,1d8f1f43cde9,274,Medium,low,"Arithmetic, Oracle",Implementation Error,,,"`OracleRef` assumes backup oracle uses the same normalizer as main oracle. _Submitted by cmichel_ OracleRef.sol#L104<br> The OracleRef assumes that the backup oracle uses the same normalizer as the main oracle.<br> This generally isn't the case as it could be a completely different oracle, not even operated by Chainlink.<br> If the main oracle fail"
2022-03-volt,1d8f1f43cde9,275,Medium,low,DoS,Duplicate Value,,,"Updating rate limit for addresses restores their entire buffer amount. _Submitted by cmichel_ MultiRateLimited.sol#L280<br> When the bufferCap is updated for an address in _updateAddress, the address's allowed buffer (bufferStored) is replenished to the entire bufferCap. The address could frontrun the updateAddress call and spend their entire buffe"
2022-03-volt,1d8f1f43cde9,306,Medium,low,Arithmetic,"Does not match with Doc, Incorrect Parameter",,,"Div by 0. _Submitted by robee, also found by georgypetrov, cmichel, and IllIllI_ Deviation.sol#L23<br> Division by 0 can lead to accidentally revert,<br> (An example of a similar issue - < a might be 0 It's internal function but since it is used in another internal functions that are used in public and neither of them has this protection I thought"
2022-03-volt,1d8f1f43cde9,224,High,high,Oracle,Incorrect Formula,,,Oracle price does not compound. _Submitted by cmichel_ ScalingPriceOracle.sol#L136<br> ScalingPriceOracle.sol#L113<br> The oracle does not correctly compound the monthly APRs - it resets on fulfill.<br> Note that the oraclePrice storage variable is only set in _updateCPIData as part of the oracle fulfill callback.<br> It's set to the old price (pri
2022-03-volt,1d8f1f43cde9,264,Medium,high,Logic error,State Update Inconsistency,,,"`vcon` address change not persistent across protocol components. _Submitted by rayn_ Core.sol#L27<br> CoreRef.sol#L22<br> CoreRef.sol#L199<br> vcon address is allowed to be updated by GOVERNOR in Core, however, this change will not be reflected in CoreRef._vcon. Moreover, since CoreRef._vcon cannot be updated due to contract design, it is also impo"
2022-03-volt,1d8f1f43cde9,325,Medium,high,Logic error,State Update Inconsistency,,,"Setting new buffer does not reduce current buffer to cap. _Submitted by cmichel, also found by rayn and catchup_ RateLimited.sol#L142<br> The RateLimited.setBufferCap function first updates the buffer and then sets the new cap, but does not apply the new cap to the updated buffer.<br> Meaning, the updated buffer value can be larger than the new buf"
2022-03-volt,1d8f1f43cde9,326,Medium,high,Accounting Error,Peg / Depeg,,,"`NonCustodialPSM` can become insolvent as CPI index rises. _Submitted by hyh_ NonCustodialPSM.sol#L236-L248<br> NonCustodialPSM mints and redeems VOLT to a chosen stablecoin at the current market rate minus a fixed fee. It is assumed that the difference to be covered with pcvDeposit funds. That assumption is similar to one used in FEI protocol, but"
2022-04-xtribe,afa60bc8003d,304,Medium,low,ERC4626,Inflation Attack,,,"First xERC4626 deposit exploit can break share calculation. _Submitted by VAD37_ Solmate convertToShares function follow the formula: assetDepositAmount * totalShareSupply / assetBalanceBeforeDeposit. The share price always return 1:1 with asset token. If everything work normally, share price will slowly increase with time to 1:2 or 1:10 as more re"
2022-04-xtribe,afa60bc8003d,310,Medium,low,"Access Control, DoS",State Update Inconsistency,,,"`xERC4626.sol` Some users may not be able to withdraw until `rewardsCycleEnd` the due to underflow in `beforeWithdraw()`. _Submitted by WatchPug_ xERC4626.sol#L65-L68<br> solidity function beforeWithdraw(uint256 amount, uint256 shares) internal virtual override { super.beforeWithdraw(amount, shares); storedTotalAssets -= amount; } xERC4626.sol#L78-"
2022-04-xtribe,afa60bc8003d,322,Medium,high,Input Validation,Invalid Validation,,,"FlywheelCore.setFlywheelRewards can remove current reward funds from the current users' reach as it doesn't check that newFlywheelRewards' FlywheelCore is this contract. If it's not, by mistake or with a malicious intent, the users will lose the access to reward funds as this FlywheelCore will not be approved"
2022-04-xtribe,afa60bc8003d,330,Medium,high,Accounting Error,Bad Condition,,,"In _decrementWeightUntilFree, the free weight is calculated by balanceOf[user] - getUserWeight[user] plus weight freed from non-deprecated gauges. The non-deprecated criteria is unnecessary and lead to incorrect accounting of free weight."
2022-04-xtribe,afa60bc8003d,337,Medium,high,Access Control,payable / receive(),,,`FlywheelCore.setBooster()` can be used to steal unclaimed rewards. _Submitted by IllIllI_ A malicious authorized user can steal all unclaimed rewards and break the reward accounting Even if the authorized user is benevolent the fact that there is a rug vector available may negatively impact the protocol's reputation. Furthermore since this contrac
2022-04-xtribe,afa60bc8003d,338,Medium,high,Input Validation,Invalid Validation,,,"`ERC20Gauges`: The `_incrementGaugeWeight` function does not check the gauge parameter enough, so the user may lose rewards. _Submitted by cccz, also found by 0x52_ The \_incrementGaugeWeight function is used to increase the user's weight on the gauge. However, in the \_incrementGaugeWeight function, it is only checked that the gauge parameter is n"
2022-05-cudos,2c5e13b4e147,249,Medium,no-vote,Input Validation,Invalid Validation,,,"Protocol doesn't handle fee on transfer tokens. _Submitted by wuwe1, also found by cccz, defsec, dipp, Dravee, GermanKuber, GimelSec, jah, reassor, and WatchPug_ Gravity.sol#L600<br> Since the _tokenContract can be any token, it is possible that loans will be created with tokens that support fee on transfer. If a fee on transfer asset token is chos"
2022-05-cudos,2c5e13b4e147,292,Medium,no-vote,Pause,Does not match with Doc,,,"The `Gravity.sol` should have pause/unpause functionality. _Submitted by defsec_ In case a hack is occuring or an exploit is discovered, the team (or validators in this case) should be able to pause functionality until the necessary changes are made to the system. Additionally, the gravity.sol contract should be manged by proxy so that upgrades can"
2022-05-cudos,2c5e13b4e147,323,Medium,high,Cross-Chain,Invalid Validation,,,"Missing check in the `updateValset` function. Gravity.sol#L276-L358<br> The updateValset function don't check that the sum of the powers of the new validators in the new valset is greater than the threshold, which can lead to unwanted behavior. There are 2 main problems that can occur in that situation: 1. The sum of the new validators' powers will"
2022-05-sturdy,ba93b3b8d7cf,269,Medium,low,Input Validation,payable / receive(),,,"Possible lost msg.value. _Submitted by rotcivegaf, also found by AuditsAreUS, berndartmueller, cccz, MaratCerby, dipp, and StErMi_ GeneralVault.sol#L75-L89<br> LidoVault.sol#L79-L104<br> ConvexCurveLPVault.sol#L131-L149<br> Possible lost value in depositCollateral function call ### Proof of Concept In call depositCollateral can will send value and"
2022-05-sturdy,ba93b3b8d7cf,303,Medium,low,Access Control,Bypass Mechanism,,,"`processYield()` and `distributeYield()` may run out of gas and revert due to long list of extra rewards/yields. _Submitted by IllIllI, also found by leastwood and StErMi_ Yields will not be able to be distributed to lenders because attempts to do so will revert. ### Proof of Concept The processYield() function loops overall of the extra rewards an"
2022-05-sturdy,ba93b3b8d7cf,309,Medium,low,Input Validation,"Hardcoded Parameter, Invalid Validation",,,"`UNISWAP_FEE` is hardcoded which will lead to significant losses compared to optimal routing. _Submitted by Picodes, also found by hickuphh3_ In YieldManager, UNISWAP_FEE is hardcoded, which reduce significantly the possibilities and will lead to non optimal routes. In particular, all swaps using ETH path will use the wrong pool as it will use the"
2022-05-sturdy,ba93b3b8d7cf,196,High,high,call / delegatecall,Missing Return Check,,,"The check for value transfer success is made after the return statement in `_withdrawFromYieldPool` of `LidoVault`. Users can lose their funds ### Proof of Concept LidoVault.sol#L142<br> The code checks transaction success after returning the transfer value and finishing execution. If the call fails the transaction won't revert since require(sent,"
2022-05-sturdy,ba93b3b8d7cf,204,High,high,Slippage,Hardcoded Parameter,,,"Hard-coded slippage may freeze user funds during market turbulence. _Submitted by jonah1005, also found by berndartmueller, Picodes, IllIllI, sorrynotsorry, and WatchPug_ GeneralVault.sol#L125<br> GeneralVault set a hardcoded slippage control of 99%. However, the underlying yield tokens price may go down.<br> If Luna/UST things happen again, users'"
2022-05-sturdy,ba93b3b8d7cf,253,Medium,high,DoS,Bad Condition,,,"ConvexCurveLPVault's `_transferYield` can become stuck with zero reward transfer. _Submitted by hyh_ Now there are no checks for the amounts to be transferred via \_transferYield and \_processTreasury. As reward token list is external and an arbitrary token can end up there, in the case when such token doesn't allow for zero amount transfers, the r"
2022-05-sturdy,ba93b3b8d7cf,259,Medium,high,DoS,Implementation Error,,,"Withdrawing ETH collateral with max uint256 amount value reverts transaction. _Submitted by berndartmueller, also found by WatchPug_ Withdrawing ETH collateral via the withdrawCollateral function using type(uint256).max for the _amount parameter reverts the transaction due to _asset being the zero-address and IERC20Detailed(_asset).decimals() not w"
2022-05-sturdy,ba93b3b8d7cf,286,Medium,no-vote,TWAP,"Front Run, Reward Manipulation",,,"Yield can be unfairly divided because of MEV/Just-in-time stablecoin deposits. _Submitted by mtz, also found by 0x52, hyh, jonah1005, leastwood, and sorrynotsorry_ YieldManager.sol#L129-L134<br> YieldManager.sol#L160-L161<br> An attacker can use MEV (via gas auction or Flashbots or control of miners) to cause an unfair division of yield. By providi"
2022-06-notional-coop,7b5e1803022e,239,Medium,low,"ERC721, Reentrancy",Violating CEI / Missing nonReentrant,,,"Residual Allowance Might Allow Tokens In SetToken To Be Stolen. _Submitted by xiaoming90_ < < ### Proof of Concept Whenever _mintFCashPosition function is called to mint new fCash position, the contract will call the _approve function to set the allowance to _maxSendAmount so that the fCash Wrapper contact can pull the payment tokens from the SetTo"
2022-06-notional-coop,7b5e1803022e,282,Medium,low,DoS,"Implementation Error, Incorrect Parameter",,,"fCash of the wrong maturity and asset can be sent to wrapper address before wrapper is deployed. _Submitted by 0x52, also found by jonah1005 and unforgiven_ Minting becomes impossible ### Proof of Concept onERC1155Received is only called when the size of the code deployed at the address contains code. Since create2 is used to deploy the contract, t"
2022-06-notional-coop,7b5e1803022e,216,High,high,ERC4626,Rounding Error,,,"Rounding Issues In Certain Functions. _Submitted by xiaoming90, also found by berndartmueller, GreyArt, jonah1005, kenzo, and minhquanym_ < < ### Background Per EIP 4626's Security Considerations (< > Finally, ERC-4626 Vault implementers should be aware of the need for specific, opposing rounding directions across the different mutable and view met"
2022-06-notional-coop,7b5e1803022e,242,Medium,no-vote,Logic error,Implementation Error,,,"User can alter amount returned by redeem function due to control transfer. _Submitted by 0xDjango_ Control is transferred to the receiver when receiving the ERC777. They are able to transfer the ERC777 to another account, at which time the before and after balance calculation will be incorrect. uint256 balanceBefore = IERC20(asset()).balanceOf(rece"
2022-06-notional-coop,7b5e1803022e,261,Medium,high,DoS,Out of Gas,,,"`IsWrappedFcash` check is a gas bomb. _Submitted by jonah1005_ In the _isWrappedFCash check, the notionalTradeModule check whether the component is a wrappedCash with the following logic. solidity try IWrappedfCash(_fCashPosition).getDecodedID() returns(uint16 _currencyId, uint40 _maturity){ try wrappedfCashFactory.computeAddress(_currencyId, _matu"
2022-06-notional-coop,7b5e1803022e,299,Medium,no-vote,"Chainlink, Oracle",Stale Value,,,deposit() and mint() and _redeemInternal() in wfCashERC4626() will revert for all fcash that asset token is underlying token because they always call _mintInternal() with useUnderlying==True. _Submitted by unforgiven_ < < < ### Impact For some fcash the asset token is underlying token (asset.tokenType == TokenType.NonMintable) and NotionalV2 will n
2022-06-notional-coop,7b5e1803022e,334,Medium,high,ERC777,ERC777 Callback,,,DOS set token through erc777 hook. _Submitted by jonah1005_ < < ### Impact The wfCash is an erc777 token. ERC777.sol#L376-L380 Users can get the control flow before sending token and after receiving tokens. This creates attack vectors that require extra caution in designing modules. Any combination of modules may lead to a possible exploit. To elab
2022-06-notional-coop,7b5e1803022e,336,Medium,high,Logic error,"Implementation Error, Incorrect Parameter",,,"If maturity is reached and user has asked for redeem with opts.transferfCash as true, then if (hasMatured()) turns true at wfCashLogic.solL216 causing fcash to be cashed out in underlying token and then sent to receiver. So receiver obtains underlying when fcash was expected. The sender wont get an error thinking fcash"
2022-06-notional-coop,7b5e1803022e,397,Medium,high,DoS,Bad Condition,,,The logic of _isUnderlying() in NotionalTradeModule is wrong which will cause mintFCashPosition() and redeemFCashPosition() revert on `fcash` tokens which asset token is underlying token (asset.tokenType == TokenType.NonMintable). _Submitted by unforgiven_ For some fcash the asset token is underlying token (asset.tokenType == TokenType.NonMintable)
2022-06-notional-coop,7b5e1803022e,398,Medium,high,DoS,Bad Condition,,,"Users Might Not Be Able To Purchase Or Redeem SetToken. _Submitted by xiaoming90, also found by berndartmueller_ < < ### Proof of Concept Whenever a setToken is issued or redeemed, the moduleIssueHook and moduleRedeemHook will be triggered. These two hooks will in turn call the _redeemMaturedPositions function to ensure that no matured fCash positi"
2022-07-juicebox,7100a75d6ebd,300,Medium,low,DoS,Invalid Validation,,,"Duplicated locked splits can be discarded. _Submitted by zzzitron_ The function of the protocol could be impacted. This proof of concept demonstrates the discarding of one of the duplicated locked splits. In the beginning it launches a project with two identical locked splits. As the owner of the project, it updates splits to only one of the two sp"
2022-07-juicebox,7100a75d6ebd,311,Medium,low,DoS,Invalid Validation,,,"When the owner calls the changeTokenOf function of the JBController contract, the token corresponding to the current project will be changed, which will make the oldToken holder unable to redeem the overflowing assets."
2022-07-juicebox,7100a75d6ebd,314,Medium,low,DoS,Invalid Validation,,,"Grieffer beneficiary can cause DOS. _Submitted by hake, also found by cccz_ Payouts won't be able to be distributed if one of multiple beneficiaries decides to revert the transaction on receival. ### Proof of Concept < solidity // If there's a beneficiary, send the funds directly to the beneficiary. Otherwise, send to the msg.sender. _transferFrom("
2022-07-juicebox,7100a75d6ebd,217,High,high,Oracle,Stale Value,,,"Oracle data feed can be outdated yet used anyways which will impact payment logic. _Submitted by 0xNineDec, also found by 0x1f8b, 0x29A, 0x52, 0xdanial, 0xDjango, 0xf15ers, bardamu, cccz, Cheeezzyyyy, Chom, codexploder, defsec, Franfran, Alex the Entreprenerd, Green, hake, hansfriese, horsefacts, hubble, hyh, IllIllI, jonatascm, kebabsec, Meera, oy"
2022-07-juicebox,7100a75d6ebd,221,High,high,DoS,Front Run,,,"Token Change Can Be Frontrun, Blocking Token. _Submitted by philogy, also found by berndartmueller and Lambda_ < < < ### Impact This vulnerability allows malicious actors to block other users from changing tokens of their projects. Furthermore if ownership over the token contract is transferred to the JBTokenStore contract prior to the change, as s"
2022-07-juicebox,7100a75d6ebd,230,Medium,high,Access Control,Arbitrary Add/Remove/Set/Call,,,"JBToken: mint function could mint arbitrary amount of tokens. _Submitted by cccz_ The owner of the JBToken contract can mint arbitrary amount of tokens. In general, the owner of the JBToken contract is the JBTokenStore contract, and the minting of the tokens is controlled by the JBController contract, but when the changeTokenOf function of the JBCo"
2022-07-juicebox,7100a75d6ebd,234,Medium,high,Input Validation,Invalid Validation,,,"The check if the newly provided project splits contain the currently locked splits does not check the JBSplit struct properties preferClaimed and preferAddToBalance. According to the docs in JBSplit.sol, *"".if the split should be unchangeable until the specified time, with the exception of extending the lock"
2022-07-juicebox,7100a75d6ebd,240,Medium,no-vote,ERC20,Not EIP Compliant,,,"Use a safe transfer helper library for ERC20 transfers. _Submitted by horsefacts, also found by 0x1f8b, 0x29A, 0x52, 0xf15ers, AlleyCat, apostle0x01, berndartmueller, cccz, Ch&#95;301, Chom, cloudjunky, codexploder, cryptphi, delfin454000, durianSausage, fatherOfBlocks, Franfran, hake, hansfriese, hyh, IllIllI, jonatascm, Kaiziron, Limbooo, m&#95;R"
2022-07-juicebox,7100a75d6ebd,245,Medium,no-vote,DoS,Out of Gas,,,"Juicebox project owner can create a honeypot to cause grief. _Submitted by dirk&#95;y, also found by IllIllI, and ylv_ < < ### Impact In a Juicebox project the project owner (or anyone that they approve) can set splits. These splits are details of the token distributions to other addresses in response to contributions to the project. At the moment"
2022-07-juicebox,7100a75d6ebd,250,Medium,no-vote,"Chainlink, Oracle","Invalid Validation, Price Manipulation / Arbitrage opportunity",,,"Unhandled chainlink revert would lock all price oracle access. _Submitted by bardamu, also found by berndartmueller, codexploder, Alex the Entreprenerd, and horsefacts_ Call to latestRoundData could potentially revert and make it impossible to query any prices. Feeds cannot be changed after they are configured (< so this would result in a permanent"
2022-07-juicebox,7100a75d6ebd,252,Medium,no-vote,"Chainlink, DoS, Liquidation",Price Manipulation / Arbitrage opportunity,,,"Lack of check on `mustStartAtOrAfter`. _Submitted by zzzitron, also found by IllIllI_ < < ### Impact By setting huge mustStartAtOrAfter, the owner can set start time in the past. It might open up possibility to bypass the ballot waiting time depending on the ballot's implementation. ### Proof of Concept The proof of concept is almost the same as Te"
2022-07-juicebox,7100a75d6ebd,260,Medium,high,Accounting Error,Fee On Transfer Token,,,"Code credits fee-on-transfer tokens for amount stated, not amount transferred. _Submitted by IllIllI, also found by cccz, hake, Meera, rbserver, and robee_ Some ERC20 tokens, such as USDT, allow for charging a fee any time transfer() or transferFrom() is called. If a contract does not allow for amounts to change after transfers, subsequent transfer"
2022-07-juicebox,7100a75d6ebd,265,Medium,high,Accounting Error,Incorrect Formula,,,"Discounted fee calculation is imprecise and calculates less fees than anticipated. _Submitted by berndartmueller, also found by 0x52, hyh, and Ruhum_ The JBPayoutRedemptionPaymentTerminal._feeAmount function is used to calculate the fee based on a given _amount, a fee rate _fee and an optional discount _feeDiscount. However, the current implementat"
2022-07-juicebox,7100a75d6ebd,287,Medium,no-vote,DoS,Out of Gas,,,"processFees() may fail due to exceed gas limit. _Submitted by oyc&#95;109, also found by 0x52, IllIllI, and pashov_ < ### Impact The function processFees() in JBPayoutRedemptionPaymentTerminal.sol may fail due to unbounded loop over _heldFeesOf[_projectId] _heldFeesOf[_projectId] can get very large due to the function _takeFeeFrom() where it pushes"
2022-07-juicebox,7100a75d6ebd,327,Medium,high,Reentrancy,Violating CEI / Missing nonReentrant,,,"Reentrancy issues on function `distributePayoutsOf`. _Submitted by 0x29A, also found by AlleyCat and hubble_ < < < < < ### Impact In the contract JBPayoutRedemptionPaymentTerminal, the function distributePayoutsOf calls the internal function _distributePayoutsOf and t"
2022-07-juicebox,7100a75d6ebd,399,Medium,high,Oracle,Duplicate Value,,,"addFeedFor should check if inverse feed already exists. _Submitted by 0x52, also found by DimitarDimitrov_ Potentially inconsistent currency conversions. ### Proof of Concept addFeedFor requires that a price feed for the \_currency \_base doesn't exist when adding a new price feed but doesn't check if the inverse already exists. This means that two"
2022-07-juicebox,7100a75d6ebd,400,Medium,high,Accounting Error,Implementation Error,,,"More outstanding reserved tokens are distributed than anticipated leading to less redeemable assets and therefore loss of user funds. _Submitted by berndartmueller_ The JBController.distributeReservedTokensOf function is used to distribute all outstanding reserved tokens for a project. Internally, the JBController._distributeReservedTokensOf functi"
2022-07-swivel,b2a8c124d062,270,Medium,low,DoS,Invalid Validation,,,"Swivel.setFee() is implemented wrongly.. _Submitted by hansfriese, also found by jonatascm_ Swivel.setFee() is implemented wrongly. Swivel.feenominators won't be set as expected. ### Proof of Concept This function has a parameter ""i"" for the index of the new fee denomination but it isn't used during the update. ### Tools Used Solidity Visual Develo"
2022-07-swivel,b2a8c124d062,313,Medium,low,ERC20,Missing Return Check,,,"ERC20 Incorrect check on returnedAddress in permit() results in unlimited approval of zero address. _Submitted by devtooligan_ When creating ERC20.sol from Solmate, a require() in permit() was converted to a custom error incorrectly. It now reads: solidity if (recoveredAddress != address(0) && recoveredAddress != owner) { revert Invalid(msg.sender,"
2022-07-swivel,b2a8c124d062,318,Medium,low,ERC20,Missing Return Check,,,"Error in allowance logic. _Submitted by 0xDjango, also found by 0x1f8b, 8olidity, arcoun, Bahurum, caventa, csanuragjain, hansfriese, joestakey, jonatascm, Lambda, oyc&#95;109, and ronnyx2017_ < < ### Impact There is an error in the allowance functionality to allow a non-owner to withdraw or redeem ZcTokens for the owner. Taking ZcToken.redeem() as"
2022-07-swivel,b2a8c124d062,205,High,high,DoS,Does not match with Doc,,,"Mismatch in `withdraw()` between Yearn and other protocols can prevent Users from redeeming zcTokens and permanently lock funds. _Submitted by scaraven, also found by Franfran_ As defined in the docs for Euler, ERC4626, Compound and Aave, when withdrawing and depositing funds the amount specified corresponds excactly to how many of the underlying a"
2022-07-swivel,b2a8c124d062,231,Medium,high,Logic error,Bad Condition,,,"Should use >= instead of >. _Submitted by oyc&#95;109_ < < The comparison should be 'a >= vlt.notional' instead of a > vlt.notional. Otherwise dust amounts will always be left in vlt.notional when calling removeNotional() or transferNotionalFrom(). **JTraversa (Swivel) confirmed, but disagreed with severity and commented:** > While the leakage is p"
2022-07-swivel,b2a8c124d062,262,Medium,high,DoS,Implementation Error,,,"Yearn vault integration is broken. _Submitted by bardamu_ < < ### Impact Yearn integration is broken, making it impossible to create a MarketPlace associated with a Yearn vault. ### Proof of Concept Compounding.sol attempts to resolve the underlying token implemented by supported protocols: < function underlying(uint8 p, address c) internal view re"
2022-07-swivel,b2a8c124d062,288,Medium,no-vote,Cross-Chain,"Does not match with Doc, No Recovery Mechanism",,,"ZcToken.withdraw will send user 0 tokens if called after maturity deadline but before market is set mature. _Submitted by panprog_ < < ### Impact If maturityRate is still 0 after maturity deadline (because no transactions setting maturityRate have been executed yet), then previewWithdraw calculated amount (used by ZcToken.withdraw function) is 0 an"
2022-07-swivel,b2a8c124d062,298,Medium,no-vote,DoS,Invalid Validation,,,"unpaused(p) modifier missing in authRedeem function. _Submitted by csanuragjain, also found by cccz_ Due to missing modifier, User will be able to redeem zcTokens and withdraw underlying even in paused Market. This happens due to missing unpaused(p) modifier ### Proof of Concept 1. Lets see function definition for authRedeem function <!----> functi"
2022-07-swivel,b2a8c124d062,393,Medium,high,DoS,Bad Condition,,,"With most functions in VaultTracker.sol, users can call them only once after maturity has been reached.. _Submitted by hansfriese, also found by panprog_ < < ### Impact With most functions in VaultTracker.sol, users can call them only once after maturity has been reached. So from the second call of any functions after maturity, it will revert and u"
2022-07-swivel,b2a8c124d062,394,Medium,high,Access Control,Incorrect Parameter,,,"VaultTracker has the wrong admin. _Submitted by itsmeSTYJ, also found by GimelSec_ < < < ### Description MarketPlace.createMarket() calls Creator.create() which creates an instance of ZcToken and a VaultTracker. VaultTracker takes msg.sender as the admin. We know that if contract A calls contract B which calls contract C, msg.sender in contract C i"
2022-07-swivel,b2a8c124d062,395,Medium,high,Accounting Error,Incorrect Formula,,,"VaultTracker miscalculates compounding interest. _Submitted by GimelSec_ < < < < < < ### Impact VaultTracker neglect previously accrued interest while attempting to calculate new interest. This causes nToken holders to receive less yield than they should. All functions within VaultTracker that calculate interest are affected, including addNotional,"
2022-07-swivel,b2a8c124d062,396,Medium,high,DoS,Implementation Error,,,"Interface definition error. _Submitted by bin2chen, also found by 0x52, 0xDjango, 0xSky, auditor0517, Picodes, rokinot, ronnyx2017, and scaraven_ < < < < ### Impact MarketPlace.authRedeem() call interface ISwivel.authRedeem() but Swivel contract does not have this method only method ""authRedeemZcToken()"". The result will cause MarketPlace.authRedee"
2022-07-yield,fee749ecd513,163,High,high,Liquidation,Invalid Validation,,,"Someone can create non-liquidatable auction if the collateral asset fails on transferring to `address(0)`. _Submitted by antonttc, also found by 0x52_ Witch.sol#L176<br> Witch.sol#L399<br> Might lead to systematic debt. Cause errors for liquidators to run normally. ### Proof of Concept In the function auction, there is an input validation around wh"
2022-07-yield,fee749ecd513,164,High,high,Liquidation,Incorrect Parameter,,,"Incorrect amount of Collateral moves for Auction. _Submitted by csanuragjain_ It was observed that the debt and collateral which moves for Auction is calculated incorrectly. In case where line.proportion is set to small value, chances are art will become lower than min debt. This causes whole collateral to go for auction, which was not expected. ##"
2022-08-frax,54405135ebf3,158,High,high,Liquidation,State Update Inconsistency,,,"Any borrower with bad debt can be liquidated multiple times to lock funds in the lending pair. _Submitted by panprog, also found by 0xA5DF and Lambda_ Leftover shares in liquidateClean are only subtracted from pair totals, but not from user's borrowed shares. This means that after liquidateClean, borrower's shares will be greater than 0 (leftover s"
2022-08-frax,54405135ebf3,159,Medium,high,Liquidation,No Incentive to Liquidate,,,"No incentives to write off bad debt when remaining collateral is very small. _Submitted by Lambda_ < < ### Impact When a position only has a bit of collateral left (e.g., because a previous liquidateClean call provided just too little shares or the exchange rate just changed), there is no incentive anymore to call liquidateClean again. The maximum"
2022-08-frax,54405135ebf3,160,Medium,high,Accounting Error,Incorrect Formula,,,"Penalty rate is used for pre-maturity date as well. _Submitted by 0xA5DF, also found by 0x52 and rbserver_ When _addInterest() is called post maturity, the penalty rate is applied since the last time _addInterest() was called, including the period before maturity. ### Impact Borrowers will be charged with higher interest rates, when maturity date p"
2022-10-inverse,af8e4af75dc2,279,Medium,low,Arithmetic,Token Decimal,,,Oracle assumes token and feed decimals will be limited to 18 decimals. < < The Oracle contract
2022-10-inverse,af8e4af75dc2,281,Medium,low,"Arithmetic, DoS",Front Run,,,User can borrow DOLA indefinitely without settling DBR deficit by keeping their debt close to the allowed maximum. A user can borrow DOLA interest-free. This requires the user to precisely manage their collateral. This issue might become especially troublesome if a Market is opened with some stablecoin as the collateral (because price fluctuations
2022-10-inverse,af8e4af75dc2,301,Medium,low,Oracle,"Price Manipulation / Arbitrage opportunity, Stale Value",,,"Two day low oracle used in `Market.liquidate()` makes the system highly at risk in an oracle attack. < < < Usage of the 2 day low exchange rate when trying to liquidate is highly risky as it incentives even more malicious agents to control the price feed for a short period of time. By controlling shortly the feed, it puts at risk any debt opened fo"
2022-10-inverse,af8e4af75dc2,308,Medium,low,Zksync,EVM Compatibility,,,Protocol withdrawals of collateral can be unexpectedly locked if governance sets the `collateralFactorBps` to 0. <
2022-10-inverse,af8e4af75dc2,244,Medium,no-vote,ERC20,Not EIP Compliant,,,ERC20 implementations are not always consistent. Some implementations of transfer and transferFrom could return 'false' on failure instead of reverting. It is safer to wrap such calls into require() statements to these failures.
2022-10-inverse,af8e4af75dc2,246,Medium,no-vote,"Arithmetic, DoS",Front Run,,,"In repay() users can repay their debt. function repay(address user, uint amount) public { uint debt = debts[user]; require(debt >= amount, ""Insufficient debt""); debts[user] -= amount; totalDebt -= amount; dbr.onRepay(user, amount); dola.transferFrom(msg.sender, address(this), amount); emit Repay(user, msg.sender, amount); } There is a require c"
2022-10-inverse,af8e4af75dc2,248,Medium,no-vote,Liquidation,Unfair Liquidation,,,"Liquidation should make a borrower *healthier*. < < For a lending pool, borrower's debt healthness can be decided by the health factor, i.e. the collateral value divided by debt. ($C/D$) The less the health factor is, the borrower's collateral is more risky of being liquidated. Liquidation is supposed to make the borrower healthier (by paying debts"
2022-10-inverse,af8e4af75dc2,251,Medium,no-vote,Reentrancy,Violating CEI / Missing nonReentrant,,,"ERC777 reentrancy when withdrawing can be used to withdraw all collateral. Market.sol#L464<br> Markets can be deployed with arbitrary tokens for the collateral, including ERC777 tokens (that are downwards-compatible with ERC20). However, when the system is used with those tokens, an attacker can drain his escrow contract completely while still havi"
2022-10-inverse,af8e4af75dc2,255,Medium,high,Liquidation,Invalid Validation,,,Users could get some `DOLA` even if they are on liquidation position. Market.sol#L566<br> Users able to invoke forceReplenish() when they are on liquidation position. ### Proof of Concept On Market.sol ==> forceReplenish()<br> On this line uint collateralValue = getCollateralValueInternal(user); getCollateralValueInternal(user) only return the valu
2022-10-inverse,af8e4af75dc2,268,Medium,high,Liquidation,Bad Condition,,,"User can free from liquidation fee if its escrow balance is less than the calculated liquidation fee. User can free from liquidation fee if its escrow balance less than the calculated liquidation fee. ### Proof of Concept If the liquidationFeeBps is enabled, the gov should receive the liquidation fee. But if user's escrow balance is less than the c"
2022-10-inverse,af8e4af75dc2,284,Medium,no-vote,Zksync,EVM Compatibility,,,"Oracle's two-day feature can be gamed. Oracle.sol#L124<br> The two-day feature of the oracle can be gamed where you only have to manipulate the oracle for \~2 blocks. ### Proof of Concept The oracle computes the day using: sol uint day = block.timestamp / 1 days; Since we're working with uint values here, the following is true:<br> 1728799 / 86400"
2022-10-inverse,af8e4af75dc2,289,Medium,no-vote,"Chainlink, DoS, Liquidation",Price Manipulation / Arbitrage opportunity,,,"Protocol's usability becomes very limited when access to Chainlink oracle data feed is blocked. Based on the current implementation, when the protocol wants to use Chainlink oracle data feed for getting a collateral token's price, the fixed price for the token should not be set. When the fixed price is not set for the token, calling the Oracle cont"
2022-10-inverse,af8e4af75dc2,295,Medium,no-vote,ERC20,Missing Return Check,,,"`Market::forceReplenish` can be DoSed. Market.sol#L562<br> If a user wants to completely forceReplenish a borrower with deficit, the borrower or any other malicious party can front run this with a dust amount to prevent the replenish. ### Proof of Concept javascript function testForceReplenishFrontRun() public { gibWeth(user, wethTestAmount); gibDB"
2022-10-inverse,af8e4af75dc2,296,Medium,no-vote,"Arithmetic, DoS",Front Run,,,"Calling `repay` function sends less DOLA to `Market` contract when `forceReplenish` function is not called while it could be called. When a user incurs a DBR deficit, a replenisher can call the forceReplenish function to force the user to replenish DBR. However, there is no guarantee that the forceReplenish function will always be called. When the"
2022-10-inverse,af8e4af75dc2,297,Medium,no-vote,Chainlink,Deprecated Library,,,"Chainlink oracle data feed is not sufficiently validated and can return stale `price`. *Submitted by rbserver, also found by d3e4, TomJ, pashov, sorrynotsorry, Aymen0909, c7e7eff, horsefacts, pedroais, minhtrng, dipp, 0xc0ffEE, Chom, immeas, imare, Olivierdem, Jeiwan, [cccz]("
2022-10-inverse,af8e4af75dc2,390,Medium,high,Accounting Error,State Update Inconsistency,,,"Users can avoid paying fees if they manage to update their accrued fees periodically. DBR.sol#L287<br> While a user borrows DOLA, his debt position in the DBR contract accrues more debt over time. However, Solidity contracts cannot update their storage automatically over time; state updates must always be triggered by externally owned accounts. For"
2022-10-inverse,af8e4af75dc2,391,Medium,high,Input Validation,Invalid Validation,,,"Avoidable misconfiguration could lead to `INVEscrow` contract not minting `xINV` tokens. Market.sol#L281-L283<br> If a user creates a market with the **INVEscrow** implementation as **escrowImplementation** and false as **callOnDepositCallback**, the deposits made by users in the escrow (through the market) would not mint **xINV** tokens for them."
2022-10-inverse,af8e4af75dc2,392,Medium,high,Oracle,Stale Value,,,`viewPrice` doesn't always report dampened price. Oracle.sol#L91<br> Oracle's viewPrice function doesn't report a dampened price until getPrice is called and today's price is updated. This will impact the public read-only functions that call it: * getCollateralValue; * getCreditLimit (calls getCollateralValue); * getLiquidatableDebt (calls getCredi
2022-11-stakehouse,099243e83259,376,Medium,low,"Access Control, DAO",Missing Upper/Lower Bound Check,,,"Node runners can lose all their stake rewards due to how the DAO commissions can be set to a 100%. Node runners can have all their stake rewards taken by the DAO as commissions can be set to a 100%. ### Proof of Concept There is no limits on _updateDAORevenueCommission() except not exceeding MODULO, which means it can be set to a 100%. LiquidStakin"
2022-11-stakehouse,099243e83259,173,High,high,Input Validation,Invalid Validation,,,"Giant pools can be drained due to weak vault authenticity check. *Submitted by Jeiwan, also found by Trust, datapunk, immeas, JTJabba, arcoun, bin2chen, imare, wait, unforgiven, satoshipotato, ronnyx2017, Lambda, hihen, bitbopper, fs0c, [banky]("
2022-11-stakehouse,099243e83259,174,High,high,Accounting Error,Inflation Attack,,,Incorrect accounting in `SyndicateRewardsProcessor` results in any LP token holder being able to steal other LP tokens holder's ETH from the fees and MEV vault. < <
2022-11-stakehouse,099243e83259,175,High,high,Reentrancy,Violating CEI / Missing nonReentrant,,,Possibly reentrancy attacks in `_distributeETHRewardsToUserForToken` function. < < < < < < The root of the problem is in the _distributeETHRewardsToUserForToken which makes a call to
2022-11-stakehouse,099243e83259,176,High,high,Accounting Error,Asset Theft,,,Theft of ETH of free floating SLOT holders. < < < A malicious user can steal all claimable ETH belonging to free floating SLOT holders... ### Proof of Concept < Run it in the test suite with forge ### Tools Used Manual review / forge ### Recommended Mitigation Steps += operator instead of = in < ? The logic for keeping the rewards up-to-date is als
2022-11-stakehouse,099243e83259,177,High,high,Accounting Error,Asset Theft,,,Old stakers can steal deposits of new stakers in `StakingFundsVault`. < < < Stakers to the MEV+fees vault can steal funds from the new stakers who staked after a validator was registered and the derivatives were minted. A single staker who staked 4 ETH can steal all funds deposited by new stakers. ### Proof of Concept StakingFundsVault is designed
2022-11-stakehouse,099243e83259,178,High,high,Reentrancy,Violating CEI / Missing nonReentrant,,,"Reentrancy in `LiquidStakingManager.sol#withdrawETHForKnow` leads to loss of fund from smart wallet. < < < < The code below violates the check effect pattern, the code banned the public key to mark the public key invalid to not let the msg.sender withdraw again after sending the ETH. solidity /// @notice Allow node runners to withdraw ETH from thei"
2022-11-stakehouse,099243e83259,179,High,high,DoS,State Update Inconsistency,,,"Protocol insolvent - Permanent freeze of funds. < < < * Permanent freeze of funds - users who deposited ETH for staking will not be able to receive their funds, rewards or rotate to another token. The protocol becomes insolvent, it cannot pay anything to the users. * Protocol's LifecycleStatus state machine is broken Other impacts: * Users deposit"
2022-11-stakehouse,099243e83259,180,High,high,DoS,State Update Inconsistency,,,Rewards of `GiantMevAndFeesPool` can be locked for all users. < < Any malicious user could make the rewards in GiantMevAndFeesPool inaccessible to all other users... ### Proof of Concept < Copy the file in the test suite and run the test. ### Tools Used forge test ### Recommended Mitigation Steps Protect the inherited functions of the ERC20 tokens
2022-11-stakehouse,099243e83259,181,High,high,Accounting Error,Inflation Attack,,,"Any user being the first to claim rewards from `GiantMevAndFeesPool` can unexepectedly collect them all. < < < Any user being the first to claim rewards from GiantMevAndFeesPool, can get all the previously generated rewards whatever the amount and even if he did not participate to generate those rewards... ### Proof of Concept < Copy paste it in th"
2022-11-stakehouse,099243e83259,182,High,high,Accounting Error,State Update Inconsistency,,,function `withdrawETH` from `GiantMevAndFeesPool` can steal most of eth because of idleETH is reduced before burning token. < < < The contract GiantMevAndFeesPool override the function totalRewardsReceived: return address(this).balance + totalClaimed - idleETH; The function totalRewardsReceived is used as the current rewards balance to caculate the
2022-11-stakehouse,099243e83259,183,High,high,Accounting Error,State Update Inconsistency,,,"The GiantLP with a transferHookProcessor will call transferHookProcessor.beforeTokenTransfer(_from, _to, _amount) when it's transferred / minted / burned. But the to address is address(0x00) in the erc20 _burn function. The GiantMevAndFeesPool.beforeTokenTransfer will call the function SyndicateRewardsProcessor._distributeETHRewardsToUserFor"
2022-11-stakehouse,099243e83259,185,High,high,Accounting Error,State Update Inconsistency,,,"Sender transferring `GiantMevAndFeesPool` tokens can afterward experience pool DOS and orphaning of future rewards. When a user transfers away GiantMevAndFeesPool tokens, the pool's claimed\[] computed is left unchanged and still corresponds to what they had claimed with their old (higher) number of tokens. (See GiantMevAndFeesPool afterTokenTransf"
2022-11-stakehouse,099243e83259,187,High,high,Input Validation,Asset Theft,,,"`bringUnusedETHBackIntoGiantPool` in `GiantMevAndFeesPool` can be used to steal `LPTokens`. real LPTokens can be transferred out of GiantMevAndFeesPool through fake _stakingFundsVaults provided by an attacker. < ### Proof of Concept bringUnusedETHBackIntoGiantPool takes in _stakingFundsVaults, _oldLPTokens, _newLPTokens and rotate _amounts from old"
2022-11-stakehouse,099243e83259,189,High,high,Accounting Error,State Update Inconsistency,,,`GiantMevAndFeesPool.bringUnusedETHBackIntoGiantPool` function loses the addition of the idleETH which allows attackers to steal most of eth from the Giant Pool. < < The contract GiantMevAndFeesPool override the function totalRewardsReceived: return address(this).balance + totalClaimed - idleETH; The function totalRewardsReceived is used as the cur
2022-11-stakehouse,099243e83259,192,High,high,Accounting Error,State Update Inconsistency,,,"`BringUnusedETHBackIntoGiantPool` can cause stuck ether funds in Giant Pool. < < withdrawUnusedETHToGiantPool will withdraw any eth from the vault if staking has not commenced(knot status is INITIALS_REGISTERED), the eth will be drawn successful to the giant pool. However, idleETH variable is not updated. idleETH is the available ETH for withdrawin"
2022-11-stakehouse,099243e83259,193,High,high,Reentrancy,Violating CEI / Missing nonReentrant,,,"Reentrancy vulnerability in GiantMevAndFeesPool.withdrawETH. GiantMevAndFeesPool.withdrawETH calls lpTokenETH.burn, then GiantMevAndFeesPool.beforeTokenTransfer, followed by a call to \_distributeETHRewardsToUserForToken sends ETH to the user, which allows the user to call any function in the fallback. While GiantMevAndFeesPool.withdrawETH has the"
2022-11-stakehouse,099243e83259,194,High,high,Accounting Error,State Update Inconsistency,,,Fund lose in function `bringUnusedETHBackIntoGiantPool()` of `GiantSavETHVaultPool` ETH gets back to giant pool but the value of idleETH don't increase. < < Variable idleETH in giant pools is storing total amount of ETH sat idle ready for either withdrawal or depositing into a liquid staking network and whenever a deposit or withdraw happens contra
2022-11-stakehouse,099243e83259,197,High,high,Accounting Error,State Update Inconsistency,,,"Unstaking does not update the mapping `sETHUserClaimForKnot`. If a user stakes some sETH, and after some time decides to unstake some amount of sETH, later s/he will not be qualified or be less qualified to claim ETH on the remaining staked sETH. ### Proof of Concept Suppose Alice stakes 5 sETH by calling stake(...).<br> < So, we will have: * sETHU"
2022-11-stakehouse,099243e83259,199,High,high,Accounting Error,State Update Inconsistency,,,Function _distributeETHRewardsToUserForToken() is used to distribute remaining reward of user and it's called in _onWithdraw() of GiantMevAndFeesPool. but function withdrawETH() in GiantPoolBase don't call either of them and burn user giant LP token balance so if user withdraw his funds and has some remaining ETH rewards he would lose tho
2022-11-stakehouse,099243e83259,202,High,high,Accounting Error,State Update Inconsistency,,,When depositETH() is called in giant pool it calls _onDepositETH() which calls _setClaimedToMax() to make sure new ETH stakers are not entitled to ETH earned by but this can cause users to lose their remaining rewards when they deposits. code should first transfer user remaining rewards when deposit happens.
2022-11-stakehouse,099243e83259,218,High,high,Reentrancy,Violating CEI / Missing nonReentrant,,,Possible reentrancy and fund theft in `withdrawDETH()` of `GiantSavETHVaultPool` because there is no whitelist check for user provided Vaults and there is no reentrancy defense. Function withdrawDETH() in GiantSavETHVaultPool allows a user to burn their giant LP in exchange for dETH that is ready to withdraw from a set of savETH vaults. This functi
2022-11-stakehouse,099243e83259,359,Medium,high,DoS,Implementation Error,,,Freezing of funds - Hacker can prevent users withdraws in giant pools. < < <
2022-11-stakehouse,099243e83259,360,Medium,high,Input Validation,Invalid Validation,,,"Rotating `LPTokens` to banned BLS public key. It is possible to rotate LPTokens to a banned BLS public key. This is not a safe action, because it can result in insolvency of the project (specially if the banned BLS public key was malicious). ### Proof of Concept When a user deposits ETH for staking by calling depositETHForStaking, the manager check"
2022-11-stakehouse,099243e83259,361,Medium,high,DoS,Implementation Error,,,"Giant pools cannot receive ETH from vaults. < < Both giant pools are affected: 1. GiantSavETHVaultPool 2. bringUnusedETHBackIntoGiantPool The giant pools have a bringUnusedETHBackIntoGiantPool function that calls the vaults to send back any unused ETH. Currently, any call to this function will revert.<br> Unused ETH will not be sent to the giant po"
2022-11-stakehouse,099243e83259,362,Medium,high,DoS,Bad Condition,,,GiantPool should not check ETH amount on withdrawal. The GiantPoolBase.withdrawETH function requires that the amount to withdraw is at least as big as the MIN_STAKING_AMOUNT (< This check does not serve any purpose and can actually cause the user problems when withdrawing his ETH. ### Proof of Concept 1. Bob deposits ETH into the GiantPool with the
2022-11-stakehouse,099243e83259,363,Medium,high,Input Validation,Bypass Mechanism,,,"Adding non EOA representative. < < It is not allowed to add non-EOA representative to the smart wallet.<br> But, this limitation can be bypassed by rotating representatives. ### Proof of Concept During registering a node runner to LSD by creating a new smart wallet, it is checked that the _eoaRepresentative is an EOA or not. require(!Address.isCont"
2022-11-stakehouse,099243e83259,364,Medium,high,Input Validation,Invalid Validation,,,Withdrawing wrong LPToken from GiantPool leads to loss of funds. The GiantPoolBase.withdrawLPTokens function (< allows to withdraw LP tokens from a GiantPool by burning an equal amount of GiantLP. This allows a user to handle the LP tokens directly without the need for a GiantPool as intermediary. It is not checked however whether the LP tokens to
2022-11-stakehouse,099243e83259,365,Medium,high,Access Control,Cannot Revoke,,,"OwnableSmartWallet: Multiple approvals can lead to unwanted ownership transfers. < < The OwnableSmartWallet contract employs a mechanism for the owner to approve addresses that can then claim ownership (< of the contract. The source code has a comment included which states that ""Approval is revoked, in order to avoid unintended transfer allowance i"
2022-11-stakehouse,099243e83259,366,Medium,high,Access Control,Arbitrary Add/Remove/Set/Call,,,DAO admin in `LiquidStakingManager.sol` can rug the registered node operator by stealing their fund in the smart wallet via arbitrary execution.. < < < < < DAO admin in LiquidStakingManager.sol can rug the registered node operator by stealing their fund via arbitrary execution. ### Proof of Concept After the Liquid Staking Manager.so is deployed vi
2022-11-stakehouse,099243e83259,367,Medium,high,Access Control,Centralization Risk,,,"DAO or lsdn owner can steal funds from node runner. < DAO or LSD network owner can swap node runner of the smart contract to their own eoa, allowing them to withdrawETH or claim rewards from node runner. ### Proof of Concept There are no checks done when swapping the node runner whether there are funds in the smart contract that belongs to the node"
2022-11-stakehouse,099243e83259,368,Medium,high,DoS,Missing Upper/Lower Bound Check,,,"Incorrect implementation of the `ETHPoolLPFactory.sol#rotateLPTokens` let user stakes ETH more than `maxStakingAmountPerValidator` in `StakingFundsVault`, and DOS the stake function in `LiquidStakingManager`. < < < < < <"
2022-11-stakehouse,099243e83259,369,Medium,high,Input Validation,Invalid Validation,,,"Banned BLS public keys can still be registered. In registerBLSPublicKeys, it should be checked (according to the comment and error) if a BLS public key is part of the LSD network and not banned: solidity // check if the BLS public key is part of LSD network and is not banned require(isBLSPublicKeyPartOfLSDNetwork(_blsPublicKey) == false, ""BLS publi"
2022-11-stakehouse,099243e83259,370,Medium,high,DoS,Bypass Mechanism,,,"Attacker can grift syndicate staking by staking a small amount. < < LiquidStakingManager._autoStakeWithSyndicate always stakes a fixed amount of 12 ETH. However, Syndicate.stake only allows a total staking amount of 12 ETH and reverts otherwise: solidity if (_sETHAmount + totalStaked > 12 ether) revert InvalidStakeAmount(); An attacker can abuse th"
2022-11-stakehouse,099243e83259,371,Medium,high,DoS,Hardcoded Parameter,,,GiantPool `batchRotateLPTokens` function: Minimum balance for rotating LP Tokens should by dynamically calculated. < < < The GiantSavETHVaultPool and GiantMevAndFeesPool both have a batchRotateLPTokens function that allows to move staked ETH to another key. Both functions require that the GiantLP balance of the sender is >=0.5 ether. < < The reason
2022-11-stakehouse,099243e83259,373,Medium,high,Accounting Error,Incorrect Formula,,,"`GiantMevAndFeesPool.previewAccumulatedETH` function: ""accumulated"" variable is not updated correctly in for loop leading to result that is too low. < < The GiantMevAndFeesPool.previewAccumulatedETH function (< allows to view the ETH that is accumulated by an address. However the formula is not correct. In each iteration of the foor loop, accumulat"
2022-11-stakehouse,099243e83259,374,Medium,high,Accounting Error,Peg / Depeg,,,"dETH / ETH / LPTokenETH can become depegged due to ETH 2.0 reward slashing. I want to quote the info from the doc: > SavETH Vault - users can pool up to 24 ETH where protected staking ensures no-loss. dETH can be redeemed after staking and > Allocate savETH <> dETH to savETH Vault (24 dETH) However, the main risk in ETH 2.0 POS staking is the slash"
2022-11-stakehouse,099243e83259,375,Medium,high,Input Validation,Invalid Validation,,,`Address.isContract()` is not a reliable way of checking if the input is an EOA. The underlying assumption of eoaRepresentative being an EOA can be untrue. This can cause many unintended effects as the contract comments strongly suggests that this must be an EOA account. ### Proof of Concept When BLS public key is registered in registerBLSPublicKey
2022-11-stakehouse,099243e83259,377,Medium,high,Accounting Error,State Update Inconsistency,,,"When users transfer GiantLP, some rewards may be lost. GiantMevAndFeesPool.beforeTokenTransfer will try to distribute the user's current rewards to the user when transferring GaintLP, but since beforeTokenTransfer will not call StakingFundsVault.claimRewards to claim the latest rewards, thus making the calculated accumulatedETHPerLPShare smaller an"
2022-11-stakehouse,099243e83259,378,Medium,high,Input Validation,Invalid Validation,,,"smartWallet address is not guaranteed correct. ETH may be lost. < < Liquid staking manager call function withdrawETHForStaking(address _smartWallet, uint256 _amount) to withdraw ETH for staking. It's manager's responsibility to set the correct _smartWallet address. However, there is no way to guarantee this. If a typo (or any other reasons) leads t"
2022-11-stakehouse,099243e83259,379,Medium,high,Accounting Error,State Update Inconsistency,,,"EIP1559 rewards received by syndicate during the period when it has no registered knots can be lost. < < < < < When the deRegisterKnotFromSyndicate function is called by the DAO, the _deRegisterKnot function is eventually called to execute numberOfRegisteredKnots -= 1. It is possible that numberOfRegisteredKnots is reduced to 0. During the period w"
2022-11-stakehouse,099243e83259,380,Medium,high,DoS,payable / receive(),,,"ETH sent when calling `executeAsSmartWallet` function can be lost. < < Calling the executeAsSmartWallet function by the DAO further calls the OwnableSmartWallet.execute function. Since the executeAsSmartWallet function is payable, an ETH amount can be sent when calling it. However, since the sent ETH amount is not forwarded to the smart wallet cont"
2022-11-stakehouse,099243e83259,381,Medium,high,DoS,Bad Condition,,,"Calling `updateNodeRunnerWhitelistStatus` function always reverts. *Submitted by rbserver, also found by 0xPanda, ReyAdmirado, Trust, Josiah, Franfran, pashov, Aymen0909, btk, zgo, Jeiwan, SmartSek, Awesome, shark, RaymondFam, trustindistrust, [HE1M]("
2022-11-stakehouse,099243e83259,382,Medium,high,Access Control,Missing Functionality,,,"Node runner who is already known to be malicious cannot be banned before corresponding smart wallet is created. < < < Currently, the rotateNodeRunnerOfSmartWallet function provides the only way to set bannedNodeRunners to true for a malicious node runner. However, before the node runner calls the registerBLSPublicKeys function to create a smart wal"
2022-11-stakehouse,099243e83259,383,Medium,high,Logic error,Bad Condition,,,Incorrect checking in `_assertUserHasEnoughGiantLPToClaimVaultLP`. The batch operations of withdrawDETH() in GiantSavETHVaultPool.sol and withdrawLPTokens() in GiantPoolBase.sol are meaningless because they will fail whenever more than one lpToken is passed.<br> Each user can perform withdrawDETH() or withdrawLPTokens() with one LPToken only once a
2022-11-stakehouse,099243e83259,384,Medium,high,Access Control,Centralization Risk,,,"Compromised or malicious DAO can restrict actions of node runners who are not malicious. < < < < < ### Impact When calling the deployNewLiquidStakingDerivativeNetwork function, _dao is not required to be an address that corresponds to a governance contract. This is also confirmed by the code walkthrough at < which mentions that _dao can correspond"
2022-11-stakehouse,099243e83259,385,Medium,high,DoS,Front Run,,,"`rotateNodeRunnerOfSmartWallet` is vulnerable to a frontrun attack. < < As the rotateNodeRunnerOfSmartWallet function can be called by anyone who is a node runner in the LSD network, this function is vulnerable to a frontrun attack in the case of this node runner being malicious. #### Proof of Concept If that is the current node runner is malicious"
2022-11-stakehouse,099243e83259,386,Medium,high,Accounting Error,Bad Condition,,,"User receives less rewards than they are eligible for if first passed BLS key is inactive. < StakingFundsVault has the claimRewards() function to allow users to withdraw profits. function claimRewards( address _recipient, bytes[] calldata _blsPubKeys ) external nonReentrant { for (uint256 i; i < _blsPubKeys.length; ++i) { require( liquidStakingNetw"
2022-11-stakehouse,099243e83259,387,Medium,high,Replay Attack,Invalid Validation,,,"Cross-chain replay attacks are possible with `deployLPToken`. Mistakes made on one chain can be re-applied to a new chain. There is no chain.id in the data. If a user does deployLPToken using the wrong network, an attacker can replay the action on the correct chain, and steal the funds a-la the wintermute gnosis safe attack, where the attacker can"
2022-11-stakehouse,099243e83259,388,Medium,high,DoS,Arbitrary Add/Remove/Set/Call,,,"Giant pools are prone to user griefing, preventing their holdings from being staked. < batchRotateLPTokens in GiantMevAndFeesPool allows any user to rotate LP tokens of stakingFundsVaults around. function batchRotateLPTokens( address[] calldata _stakingFundsVaults, LPToken[][] calldata _oldLPTokens, LPToken[][] calldata _newLPTokens, uint256[][] ca"
2022-11-stakehouse,099243e83259,389,Medium,high,Logic error,Bad Condition,,,Funds are not claimed from syndicate for valid BLS keys of first key is invalid (no longer part of syndicate).. < claimRewards in StakingFundsVault.sol has this code: if (i == 0 && !Syndicate(payable(liquidStakingNetworkManager.syndicate())).isNoLongerPartOfSyndicate(_blsPubKeys[i])) { // Withdraw any ETH accrued on free floating SLOT from syndicat
2022-12-caviar,4ef0b4d678ab,165,High,high,Reentrancy,ERC777 Callback,,,"Reentrancy in buy function for ERC777 tokens allows buying funds with considerable discount. < < < < Current implementation of functions add, remove, buy and sell first transfer fractional tokens, and then base tokens. If this base to"
2022-12-caviar,4ef0b4d678ab,166,High,high,Logic error,Incorrect Parameter,,,"Liquidity providers may lose funds when adding liquidity. *Submitted by Jeiwan, also found by minhtrng, minhquanym, HE1M, wait, hansfriese, BAHOZ, unforgiven, 0xxm, Junnon, bytehat, UNCHAIN, carlitox477, RaymondFam, Chom, CRYP70, 9svR6w, [mauricio1802]("
2022-12-caviar,4ef0b4d678ab,167,High,high,ERC4626,Inflation Attack,,,"First depositor can break minting of shares. *Submitted by minhquanym, also found by Apocalypto, 0xDecorativePineapple, Franfran, dipp, rjs, ak1, Tricko, Jeiwan, unforgiven, hansfriese, BAHOZ, unforgiven, bytehat, UNCHAIN, immeas, SamGMK, [fs0c]("
2022-12-caviar,4ef0b4d678ab,168,Medium,high,Slippage,Missing deadline,,,Missing deadline checks allow pending transactions to be maliciously executed. < <br>< <br>< <br>< <br>< <br>< <br>< <br>< The Pair contract does not allow users to submit a deadline for their action. This missing feature enables pending transactions to be maliciously executed at a later point. ### Detailed description AMMs should provide their use
2022-12-caviar,4ef0b4d678ab,169,Medium,high,Arithmetic,Token Decimal,,,"Price will not always be 18 decimals, as expected and outlined in the comments. The price() function is expected to return the price of one fractional tokens, represented in base tokens, to 18 decimals of precision. This is laid out clearly in the comments: /// @notice The current price of one fractional token in base tokens with 18 decimals of pre"
2022-12-caviar,4ef0b4d678ab,170,Medium,high,Arithmetic,Rounding Error,,,"Rounding error in `buyQuote` might result in free tokens. *Submitted by Zarf, also found by minhtrng, Franfran, Apocalypto, adriro, 0xDave, wait, unforgiven, Jeiwan, hansfriese, bytehat, UNCHAIN, rajatbeladiya, CRYP70, hihen, koxuan, kiki\_dev, [yixxas]("
2022-12-caviar,4ef0b4d678ab,171,Medium,high,Logic error,Bypass Mechanism,,,It's possible to swap NFT token ids without fee and also attacker can wrap unwrap all the NFT token balance of the Pair contract and steal their air drops for those token ids. < <br>< Users can wrap() their NFT tokens (which id is whitelisted) and receive 1e18 fractional token or they can pay 1e18 fractional token and unwrap NFT token. there is two
2022-12-caviar,4ef0b4d678ab,172,Medium,high,Oracle,Price Manipulation / Arbitrage opportunity,,,"Pair price may be manipulated by direct transfers. < <br>< <br>< An attacker may manipulate the price of a pair by transferring tokens directly to the pair. Since the Pair contract exposes the price function, it maybe be used as a price oracle in third-party integrations. Manipulating the price of a pair may allow an attacker to steal funds from su"
2023-01-popcorn,e0d2d83ea351,237,Medium,low,"Accounting Error, ERC20","Does not match with Doc, Fee On Transfer Token",,,"Faulty Escrow config will lock up reward tokens in Staking contract. < < < < < ### Impact When a Vault owner creates/adds a reward token to the Staking contract with faulty escrow config parameters, the reward tokens sent to the Staking contract will forever be locked up. This can happen since there are no validity checks on the values of the Escro"
2023-01-popcorn,e0d2d83ea351,238,Medium,low,ERC4626,Rounding Error,,,Malicious Users Can Drain The Assets Of Vault. (Due to not being ERC4626 Complaint). Malicious users can drain the assets of the vault. ### Proof of Concept The withdraw function users convertToShares to convert the assets to the amount of shares. These shares are burned from the users account and the assets are returned to the user. The function w
2023-01-popcorn,e0d2d83ea351,184,High,high,Access Control,Asset Theft,,,"Attacker can steal 99% of total balance from any reward token in any Staking contract. < < < < < < ### Impact Attacker can steal 99% of the balance of a reward token of any Staking contract in the blockchain. An attacker can do this by modifying the reward speed of the target reward token. So an attacker gets access to changeRewardSpeed, he will ne"
2023-01-popcorn,e0d2d83ea351,186,High,high,Accounting Error,"Does not match with Doc, Fee On Transfer Token",,,"Staking rewards can be drained. *Submitted by 0xdeadbeef0x, also found by apvlki, ulqiorra, immeas, fs0c, gjaldon, Aymen0909, SadBase, hansfriese, KIntern\_NA, Krace, aashar, 0xNazgul, mrpathfindr, btk, mert\_eren, Kumpa, [waldenyan20]("
2023-01-popcorn,e0d2d83ea351,188,High,high,Input Validation,Asset Theft,,,"`BeefyAdapter()` malicious vault owner can use malicious `\_beefyBooster` to steal the adapter's token. Malicious vault owner can use Malicious \_beefyBooster to steal the adapter's token. ### Proof of Concept When creating a BeefyAdapter, the vault owner can specify the \_beefyBooster. The current implementation does not check if the \_beefyBooste"
2023-01-popcorn,e0d2d83ea351,190,High,high,Pause,Invalid Validation,,,"Anyone who uses same adapter has the ability to pause it. < < ### Impact Anyone who uses same adapter has the ability to pause it. As result you have the ability to pause any vault by creating your vault with the same adapter. When a user creates vault, he has the ability to deploy new adapter or reuse already created adapter. VaultController gives"
2023-01-popcorn,e0d2d83ea351,195,High,high,Accounting Error,Bad Condition,,,"When the reward speed is changed in MultiRewardStaking, the new end time is calculated based off of the balance of the reward token owned by the contract. This, however, is not the same as the number of reward tokens that are left to be distributed since some of those tokens may be owed to users who have not collected their rewards yet. As a resu"
2023-01-popcorn,e0d2d83ea351,198,High,high,Arithmetic,Scaling,,,Any user can drain the entire reward fund in MultiRewardStaking due to incorrect calculation of `supplierDelta`. < < < ### Impact Reward deltaIndex in _accrueRewards() is multiplied by 10**decimals() but eventually divided by rewards.ONE (which is equal to 10**IERC20Metadata(address(rewardToken)).decimals()) in _accrueUser(). If the number of decim
2023-01-popcorn,e0d2d83ea351,200,High,high,Accounting Error,State Update Inconsistency,,,"Protocol loses fees because highWaterMark is updated every time someone deposit, withdraw, mint. < < < < ### Impact Protocol loses fees because highWaterMark is updated every time someone deposit, withdraw, mint. ### Proof of Concept This bug is related to the fees accruing design. It was discussed with the sponsor in order to understand how it sho"
2023-01-popcorn,e0d2d83ea351,209,High,high,Input Validation,Invalid Validation,,,"Attacker can deploy vaults with a malicious Staking contract. < < ### Impact Anyone can deploy a Vault with a malicious Staking contract attached. If the Staking contract already exists, we can just pass its address to deployVault and no checks will be applied to see whether the Staking contract matches valid Staking templates in the Template Regis"
2023-01-popcorn,e0d2d83ea351,212,High,high,Accounting Error,State Update Inconsistency,,,"Affected contract: MultiRewardStaking When assets are withdrawn for user Alice by an approved user Bob to a receiver that is not Alice, the rewards are never accrued and the resulting staking rewards are lost forever. This is because accrueRewards is called on caller and receiver but never owner. Third-party withdrawals are allo"
2023-01-popcorn,e0d2d83ea351,223,High,high,Access Control,Arbitrary Add/Remove/Set/Call,,,"Malicious strategy can lead to loss of funds. A malicious strategy has access to the adapter's storage and can therefore freely change any values. ### Proof of Concept Because AdapterBase calls the Strategy using delegatecall, the Strategy has access to the calling contract's storage and can be manipulated directly. In the following proof of concep"
2023-01-popcorn,e0d2d83ea351,236,Medium,high,DoS,Missing Functionality,,,"Users can fail to withdraw deposited assets from a vault that uses `YearnAdapter` contract as its adapter because `maxLoss` input for calling corresponding Yearn vault's `withdraw` function cannot be specified. < < < ### Impact For a vault that uses the YearnAdapter contract as its adapter, calling the Vault.withdraw or Vault.redeem function will e"
2023-01-popcorn,e0d2d83ea351,321,Medium,high,ERC4626,Not EIP Compliant,,,"Vault.maxWithdraw returns asset amount that is too big for Vault.withdraw. < < < ### Impact ERC4626 standard requires maxWithdraw to return the maximum amount of underlying assets that can be withdrawn from the owner balance with a single withdraw call. withdraw in Vault implements a fee which is not calculated in maxWithdraw in Vault. Therefore, u"
2023-06-canto,7bbe3d81960c,162,Medium,low,Logic error,Missing Return Check,,,"Potential risk of using `swappedAmount` in case of swap error. < <br>< ### Impact In case the swap operation failed, the module should continue as is with the erc20 conversion and finish the IBC transfer. This is the relevant part of the code that swallows the error: swappedAmount, err = k.coinswapKeeper.TradeInputForExactOutput(ctx, coinswaptypes."
2023-06-canto,7bbe3d81960c,161,High,high,Logic error,Does not match with Doc,,,"Pre-defined limit is different from the spec. < < ### Impact In the spec, the pre-defined limit of ETH is 0.01 ETHs. But the actual limit in the code is not 0.01 ETH which could result in misleading. ### Proof of Concept In the spec, it said that the pre-defined limit of ETH is 0.01 ETHs.<br> < > For risk management purposes, a swap will fail if th"
2023-08-shell,e99e64a8abf1,139,High,high,Input Validation,Invalid Validation,,,"Lack of Balance Validation. ### Description The pool's ratio of y to x must be within the interval [MIN_M, MAX_M), which will be checked by the _checkBalances() function. External view functions will call the _swap(), _reserveTokenSpecified() or _lpTokenSpecified() functions to get the specified result. However, _checkBala"
2023-09-delegate,b155c4de6012,137,Medium,high,Access Control,Cannot Revoke,,,"No way to revoke Approval in `DelegateToken.approve` leads to unauthorized calling of `DelegateToken.transferFrom`. < < < There is no way to revoke the approval which given via DelegateToken.approve(address,delegateTokenId). They can able call the DelegateToken.transferFrom even the tokenHolder revoke the permission using the DelegateToken.setAppro"
2023-09-delegate,b155c4de6012,138,Medium,high,DoS,Nonce,,,"`CreateOfferer.sol` should not enforce the nonce incremented sequentially, otherwise user can DOS the contract by skipping order. According to > ""Seaport v1.2 introduced support for a new type of order: the contract order. In brief, a smart contract that implements the ContractOffererInterface (referred to as an “Seaport app contract” or 'Seaport a"
2024-02-thruster,485f7b9ccb0a,153,Medium,high,Logic error,State Update Inconsistency,,,"Tickets can be entered after prizes for current round have partially been distributed. The ThrusterTreasure contract is designed to facilitate a lottery game where users can enter tickets to win prizes based on entropy. The contract includes mechanisms for entering tickets into rounds (enterTickets()), setting prizes for rounds (setPrize()), and cl"
2024-02-thruster,485f7b9ccb0a,154,Medium,high,Accounting Error,Implementation Error,,,"`claimPrizesForRound` transfers the entire amount deposited for a prize regardless of the number of winners. claimPrizesForRound() transfers the entire amount of a prize to a winner without considering the total number of winners for that prize. The prize for a given round and prize index can be set by calling the setPrize() function, which pulls t"
2024-02-thruster,485f7b9ccb0a,155,Medium,high,Logic error,State Update Inconsistency,,,"Dynamic modification of `maxPrizeCount` affects prize claims. The ThrusterTreasure contract is designed to manage rounds of a lottery game, where participants can enter tickets and claim prizes based on random draws. The contract includes a variable maxPrizeCount which dictates the maximum number of prizes that can be set for any given round. This"
2024-02-thruster,485f7b9ccb0a,156,Medium,high,Logic error,Implementation Error,,,"Incorrect gas claiming logic in `ThrusterPoolDeployer`. From the audit documentation: > All contracts that use gas should comply with the Blast gas claim logic. However, the ThrusterPoolDeployer contains a flaw in the implementation of claimGas() which will prevent it from ever claiming the gas it induces. The function attempts to claim gas for the"
2024-02-thruster,485f7b9ccb0a,157,Medium,high,Accounting Error,State Update Inconsistency,,,"`ThrusterFactory.setYieldCut` should claim fees for all pools before. Thruster have introduced ability to change yield cut for their uniswap v2 like pools. The yield is charged only, when some LP manages their position. This means that in case if yield cut will be changed for a pool, then protocol fee should be minted for previous period using old"
2024-03-gitcoin,a8884f87db1a,136,High,high,Accounting Error,Invariant Violation,,,"`userTotalStaked` invariant will be broken due to vulnerable implementations in `release()`. userTotalStaked invariant will be broken due to vulnerable implementations in release(). Users might lose funds due to underflow errors in withdraw methods. ### Proof of Concept According to the readme, userTotalStaked invariant should always hold true: use"
2024-06-badger,8a20eb1e521f,151,Medium,high,Logic error,Bad Condition,,,"Incorrect comparison logic in post-operation checks. The _doCheckValueType function, which is crucial for post-operation validation, contains reversed comparison logic for the gte (greater than or equal to) and lte (less than or equal to) operators. This reversal causes the function to perform the opposite checks than intended, potentially allowing"
2024-06-badger,8a20eb1e521f,152,Medium,high,call / delegatecall,Missing Return Check,,,"Staking ETH incorrectly assumes revert bubbling. When EbtcLeverageZapRouter::openCdpWithEth and EbtcLeverageZapRouter::adjustCdpWithEth stake ETH with Lido, the underlying function performing the call assumes that any exceptions (from Lido) will be bubbled up, but with call being a low level rather than a Solidity function, it is not the case. Lido"
2024-07-benddao,0315ba9d8121,145,High,low,"ERC721, DoS",State Update Inconsistency,,,"`erc721DecreaseIsolateSupplyOnLiquidate()` missing clear `lockerAddr`. When isolateLiquidate(supplyAsCollateral=false) is executed, finally erc721DecreaseIsolateSupplyOnLiquidate() will be executed and the NFT will be transferred to the user. solidity function erc721DecreaseIsolateSupplyOnLiquidate( DataTypes.AssetData storage assetData, uint256[]"
2024-07-benddao,0315ba9d8121,346,Medium,low,"Accounting Error, ERC20",Fee On Transfer Token,,,"Fee-on-Transfer tokens cause problems in multiple places. The protocol is designed to ensure it is compatible with fee-on-transfer tokens (Fee-on-transfer is in scope). For example, the erc20TransferInLiquidity() function checks the balance before and after, and calculates the difference between these values to measure the tokens received solidity"
2024-07-benddao,0315ba9d8121,347,Medium,low,"ERC721, DoS",Missing Functionality,,,"User are forced to borrow again in order to unlock their NFTs from `IsolateLending.sol`. Isolated Margin Lending the BendDAO protocol will calculate the health factor based on a single collateral (one NFT), the liquidation of collateral will be achieved by selling the NFT through an auction mechanism. However, the borrower who gets liquidated (his"
2024-07-benddao,0315ba9d8121,143,High,high,Accounting Error,State Update Inconsistency,,,"Mismatch between yield amount deposited in shares calculation and `getAccountYieldBalance()`. Mismatch between the return amount in all yield Etherfi and Lido assets and the getAccountYieldBalance() call causes the yield amount of each staked nft to the same YieldAccount to be incorrect, leading to the possibility of withdrawing the excess for some"
2024-07-benddao,0315ba9d8121,144,High,high,Input Validation,Invalid Validation,,,"`isolateRepay()` lack of check `onBehalf == nftOwner`. When calling isolateRepay() we can specify nftTokenIds and onBehalf. The current implementation just restricts onBehalf!=address(0) and does not restrict onBehalf == nftOwner. solidity function validateIsolateRepayBasic( InputTypes.ExecuteIsolateRepayParams memory inputParams, DataTypes.PoolDat"
2024-07-benddao,0315ba9d8121,146,High,high,Liquidation,Invalid Validation,,,"Anyone can get the NFT collateral token after an Auction without bidding due to missing check on `msg.sender`. < In IsolateLogic.sol, liquidation of an isolate loan can only be placed after the auction period is passed with bidding. The problem is that there is a missing check on msg.sender in isolate liquidation flow, which allows anyone to take t"
2024-07-benddao,0315ba9d8121,147,High,high,Liquidation,Cannot partial liquidations,,,"Bad debt is never handled which places insolvency risks on BendDAO. Bad debt is never handled, which may happen whenever the collateral asset price crashes or the debt value spikes. Whenever this happens ERC20 positions will be partially liquidated and ERC721 positions will not be profitable for liquidation, which means the debt will not be repaid."
2024-07-benddao,0315ba9d8121,148,High,high,DoS,Implementation Error,,,"Users cannot unstake from YiedlETHStakingEtherfi.sol, because YieldAccount.sol is incompatible with ether.fi's WithdrawRequestNFT.sol. In YiedlETHStakingEtherfi::stake, users yieldBorrow WETH, convert it to ETH, and stake in Ether.fi's LiquidityPool. Ether.fi's LiquidityPool will mint eETH (protocol token) to the user's yieldAccount. Users will uns"
2024-07-benddao,0315ba9d8121,149,High,high,DoS,Implementation Error,,,"Revert due to underflow error, leading to lock of the liquidated NFT. < ### Description The IsolateLogic.sol#executeIsolateAuction() is triggered by liquidators to launch a new auction or just participate in an existing one for isolated lending. Each NFT token has a predefined auction duration nftAssetData.auctionDuration, the MAX duration is 7 day"
2024-07-benddao,0315ba9d8121,150,High,high,DoS,Incorrect Parameter,,,"The bot won't be able to unstake or repay risky positions in the yield contract. < ### Impact When botAdmin attempts to unstake and repay risky positions, wrong account address will be used, causing the transaction to fail. ### Proof of Concept In the YieldStakingBase.sol contract, unstake and repay transaction can only be initiated by either the N"
2024-07-benddao,0315ba9d8121,339,Medium,high,Chainlink,Stale Value,,,"PriceOracle has invalid checks on price staleness. There are two checks on price staleness in PriceOracle::getAssetPriceFromChainlink, but both checks are invalid. 1. updatedAt != 0 - In chainlink aggregator, the price is updated at a set heartbeat and a threshold of deviation. updatedAt should be used to check if the answer is within the heartbeat"
2024-07-benddao,0315ba9d8121,340,Medium,high,Pause,State Update Inconsistency,,,"Risk of mass liquidation after pool/asset pause and unpause, due to borrow interest compounding implementation. Current pausing features allow a pool to be globally paused (all assets borrow, repay, liquidation pausing) and asset pausing (specific asset borrow, repay, liquidation pausing). See validatePoolBasic() and validateAssetBasic() which are"
2024-07-benddao,0315ba9d8121,341,Medium,high,DoS,Implementation Error,,,"If an isolated borrower/bidder is blacklisted by the debt token, risk of DOS liquidation/auction of the corresponding loan. If a debt asset has a blacklisting feature (e.g., USDC), and an isolated borrower/bidder is blacklisted by the asset token, isolated liquidation/auction of the corresponding loan can be DOSsed. When a user is blacklisted by an"
2024-07-benddao,0315ba9d8121,342,Medium,high,DoS,No Recovery Mechanism,,,"Unhandled request invalidation by the owner of Etherfi will lead to stuck debt. The owner of Etherfi has the ability to invalidate withdrawal requests, which will DoS YieldEthStakingEtherfi::protocolClaimWithdraw() without ever repaying the debt. Additionally, Etherfi has a mechanism to manually claim the invalidated withdrawal, which will leave th"
2024-07-benddao,0315ba9d8121,343,Medium,high,DoS,EVM Compatibility,,,"`wrapNativeTokenInWallet()` always reverts on Arbitrum. VaultLogic.wrapNativeTokenInWallet() is used in a number of places It's mainly used to store msg.value into WETH and then transfer it to msg.sender. solidity function wrapNativeTokenInWallet(address wrappedNativeToken, address user, uint256 amount) internal { require(amount > 0, Errors.INVALID"
2024-07-benddao,0315ba9d8121,344,Medium,high,DoS,Missing Upper/Lower Bound Check,,,"`YieldEthStakingLido` lacks a limit on the max stake amount, which may result in the unstake exceeding `MAX_STETH_WITHDRAWAL_AMOUNT`, resulting in the token not being retrieved. In YieldEthStakingLido, the main processes are as follows: 1. stake() -> stEth balance increase 2. unstake () -> unstETH.requestWithdrawals(allShares) 3. repay() -> unstETH"
2024-07-benddao,0315ba9d8121,345,Medium,high,Logic error,Bad Condition,,,"`executeYieldBorrowERC20()` checking `yieldCap` is wrong. In executeYieldBorrowERC20(), we will check whether stakerAddr exceeds yieldCap. solidity function executeYieldBorrowERC20(InputTypes.ExecuteYieldBorrowERC20Params memory params) internal { ... ValidateLogic.validateYieldBorrowERC20(params, poolData, assetData, groupData); @> vars.totalSuppl"
2024-07-benddao,0315ba9d8121,348,Medium,high,DoS,Bad Condition,,,"`isolateRedeem()` revert in case Revert-on-zero-value-transfers tokens. One of the features of this protocol is that the borrower can redeem his loan (under the **Isolate Lending**) after his loan goes into auction state (before the end of the auction) by simply invoking IsolateLiquidation.sol#isolateRedeem(). However, in order to keep the liquidat"
2024-07-benddao,0315ba9d8121,349,Medium,high,Liquidation,Unfair Liquidation,,,"Updating asset collateral params can lead to liquidate borrowers arbitrarily. One of the key concepts in this protocol is **Cross Lending** when the contract will calculate the health-factor of the account. If it is unhealthy, the liquidator can repay the debt on behalf of the borrower and take their collateral assets at a certain discount price. T"
2024-07-benddao,0315ba9d8121,350,Medium,high,Chainlink,Invalid Validation,,,"No check if Arbitrum/Optimism L2 sequencer is down in Chainlink feeds `PriceOracle.sol`. Chainlink recommends that all Optimistic L2 oracles consult the Sequencer Uptime Feed to ensure that the sequencer is live before trusting the data returned by the oracle. If the Arbitrum Sequencer goes down, oracle data will not be kept up to date, and thus co"
2024-07-benddao,0315ba9d8121,351,Medium,high,Liquidation,No Incentive to Liquidate,,,"Major insolvency risk in `LiquidationLogic::executeCrossLiquidateERC721()` due to not setting a maximum liquidation price. Whenever the price of a nft suffers a significant drop or the debt asset increases in price, there is a threshold after which liquidations are not profitable at all for the liquidator. Moreover, it does not offer the possibilit"
2024-07-benddao,0315ba9d8121,352,Medium,high,Accounting Error,State Update Inconsistency,,,"Incorrect accounting of utilization, supply/borrow rates due to vulnerable implementation in `IsolateLogic::executeIsolateLiquidate`. When an isolate loan (borrow against a single nft token) is auctioned and liquidated, the liquidator (caller of IsolateLogic::executeIsolateLiquidate) may need to repay extra amount of debt (vars.totalExtraAmount) if"
2024-07-benddao,0315ba9d8121,353,Medium,high,DoS,Missing Functionality,,,"It's impossible to retrieve collected fines from the yield staking contract. < ### Impact No means to retrieve collected fines from the staking contract. ### Proof of Concept If botAdmin forcefully unstakes a position, a staker will have to pay an additional fine when the stake is repayed: solidity function _repay(uint32 poolId, address nft, uint25"
2024-07-benddao,0315ba9d8121,354,Medium,high,DoS,Missing Approval,,,"Borrower can prevent yield position repayment and closure by the bot. User may revoke the underlying asset approval from the yield contract and prevent the botAdmin from repaying and closing his position. As a result, the debt will not be repaid, leaving the protocol at a loss. ### Proof of Concept Let's take a closer look at the _repay function: s"
2024-07-benddao,0315ba9d8121,355,Medium,high,Logic error,State Update Inconsistency,,,"Changing auction duration will have effect on ongoing auctions. < ### Impact Auctions created before the auction duration was changed will have their duration shortened/extended, which may catch their participants off guard. ### Proof of Concept When an isolated position reaches it's liquidation threshold, users can put it up for auction to pay off"
2024-07-benddao,0315ba9d8121,356,Medium,high,Accounting Error,State Update Inconsistency,,,Updating fee factor may create issues for the protocol. < ### Impact When the protocol fee is modified in the Configurator module: - The new fee percentage will be applied to the interest collected before the fee change. - The protocol will use the supply rate that was calculated using the old fee factor. ### Proof of Concept The feeFactor paramete
2024-07-benddao,0315ba9d8121,357,Medium,high,Logic error,Stale Value,,,"Protocol should update interest rate after changing rate model in the configurator module. < ### Impact After updating the interest model, the protocol does not update the interest rate, resulting in interest being calculated at the old model rates for some time. ### Proof of Concept The pool admin can change rate model in the Configurator.sol modu"
2024-07-benddao,0315ba9d8121,358,Medium,high,Logic error,Incorrect Parameter,,,"Incorrect `unwrapNativeTokenInWallet` receiver address. < ### Impact If the user specifies native tokens as output assets, the protocol will mistakenly try to unwrap wrapped tokens from the msg.sender instead of the receiver address that was specified in the function call. ### Proof of Concept This issue occurs in the following modules: - BVault -"
2024-07-optimism,ee25ec7abd40,124,High,high,Logic error,Incorrect Parameter,,,"Invalid `DISPUTED_L2_BLOCK_NUMBER` is passed to VM. The span of the game tree at split depth is far larger than the length between the starting block and the claimed block. When starting block + trace index + 1 > claimed block, honest party should continue to commit to the root of the claimed block. However, the DISPUTED_L2_BLOCK_NUMBER passed to t"
2024-07-optimism,ee25ec7abd40,127,Medium,high,Arithmetic,Unsafe Downcast,,,"Multiplication overflow leading to memory corruption and incorrect register write-back. < ### Impact The unchecked multiplication of int32 values (rs and rt) and type conversion within the execute function in MIPS contract can result in an overflow, leading to the assignment of an incorrect value to the val variable in the step(...) function. This"
2024-07-optimism,ee25ec7abd40,128,Medium,high,Input Validation,Invalid Validation,,,"Missing address check for instructions LH and LHU. < ### Impact Instruction processing cannot detect problems in time. ### Details According to this, page 99, Section Restrictions, the address must be naturally aligned. If the least-significant bit of the address is non-zero, an Address Error exception occurs. However, in the contract, the address"
2024-07-optimism,ee25ec7abd40,129,Medium,high,Input Validation,Invalid Validation,,,"Addresses can be pre-populated with bad data. Inside PreimageOracle.sol, anyone can call the loadPrecompilePreimagePart() to load data into the contract. The problem is that anyone is able to specify the address _precompile parameter. This opens up the door for malicious users to pre-populate data and use it to validate wrong data. ### Proof of Con"
2024-07-optimism,ee25ec7abd40,130,Medium,high,Input Validation,Invalid Validation,,,"Unvalidated memory access in `readMem` and `writeMem` functions. The readMem() and writeMem() functions do not properly validate the memory address being accessed. This could lead to unauthorized access to memory outside the intended ranges, which could then allow a black hat to read or modify sensitive data, in creative ways. As the contract is us"
2024-07-optimism,ee25ec7abd40,131,Medium,high,Logic error,Incorrect Parameter,,,"Panic in MIPS VM could lead to unchallengeable L2 output root claim. < ### Impact Suppose we have a situation where the MIPS geth goes wrong and always panics. The vmStatus can only be either UNFINISHED or PANIC. In the current execution bisection game system, the UNFINISHED state can not be used as the root claim; the PANIC state can always be att"
2024-07-optimism,ee25ec7abd40,132,Medium,high,DoS,Bad Condition,,,"In some cases, proper `CLOCK_EXTENTSION` time cannot be ensured to generate the initial instruction trace. In some cases, a team will not be granted enough CLOCK_EXTENSION time to generate the initial instruction trace and perform a counter claim. ### Proof of Concept In FaultDisputeGame::move, game clocks will grant extensions to ensure a team has"
2025-04-virtuals-protocol,51c6dc5fd57f,101,Medium,high,Access Control,State Update Inconsistency,,,"An earner can still continue earning even after being removed from the approved list.. Source: ## Found by 00001111x0, 0xpiken, araj, pkqs90 ## Summary An earner can still continue earning even after being removed from the approved list. ## Vulnerability Detail A M holder is eligible to earn the Earner Rate when they are approved by TTG. The approv"
2025-04-virtuals-protocol,51c6dc5fd57f,102,Medium,high,DoS,Implementation Error,,,"Malicious minters can repeatedly penalize their undercollateralized accounts in a short peroid of time, which can result in disfunctioning of critical protocol functions, such as `mintM`.. Source: ## Found by pkqs90 ## Summary Malicious minters can exploit the updateCollateral() function to repeatedly penalize their undercollateralized accounts in"
2025-04-virtuals-protocol,51c6dc5fd57f,103,Medium,high,Access Control,Bypass Mechanism,,,"Validator threshold can be bypassed: a single compromised validator can update minter's state to historical state. Source: ## Found by 00001111x0, pkqs90, xiaoming90 ## Summary The updateCollateralValidatorThreshold specifies the minimum number of validators needed to confirm the validity of updateCollateral data. However, just **one** compromised"
